page,drupal_nid,title,usage,field,source,status,resolved_path
teachinghistory-website/content/best-practices/examples-of-historical-thinking/1775-colonial-newspaper-article.md,25207,1775 Colonial Newspaper Article,card,splash_image,/files/splash.papers.jpg,ok,teachinghistory-website/static/files/splash.papers.jpg
teachinghistory-website/content/best-practices/examples-of-historical-thinking/1775-colonial-newspaper-article.md,25207,1775 Colonial Newspaper Article,author,author_image,/files/author_image/barbara_1_0.jpg,ok,teachinghistory-website/static/files/author_image/barbara_1_0.jpg
teachinghistory-website/content/best-practices/examples-of-historical-thinking/1804-inventory.md,25206,1804 Inventory,card,splash_image,/files/splash.inventory.jpg,ok,teachinghistory-website/static/files/splash.inventory.jpg
teachinghistory-website/content/best-practices/examples-of-historical-thinking/1804-inventory.md,25206,1804 Inventory,author,author_image,/files/author_image/barbara_1.jpg,ok,teachinghistory-website/static/files/author_image/barbara_1.jpg
teachinghistory-website/content/best-practices/examples-of-historical-thinking/1853-daguerreotype.md,25204,1853 Daguerreotype,card,splash_image,/files/splash_0.jpg,ok,teachinghistory-website/static/files/splash_0.jpg
teachinghistory-website/content/best-practices/examples-of-historical-thinking/1853-daguerreotype.md,25204,1853 Daguerreotype,author,author_image,/files/author_image/author_goodyear_0.jpg,ok,teachinghistory-website/static/files/author_image/author_goodyear_0.jpg
teachinghistory-website/content/best-practices/examples-of-historical-thinking/a-close-look-at-the-fdr-memorial.md,25846,A Close Look at the FDR Memorial,card,splash_image,/files/fdrsplash_0.jpg,ok,teachinghistory-website/static/files/fdrsplash_0.jpg
teachinghistory-website/content/best-practices/examples-of-historical-thinking/a-close-look-at-the-ulysses-s-grant-memorial.md,25860,A Close Look at the Ulysses S. Grant Memorial,card,splash_image,/files/grantsplash_0.jpg,ok,teachinghistory-website/static/files/grantsplash_0.jpg
teachinghistory-website/content/best-practices/examples-of-historical-thinking/a-close-look-at-the-world-war-ii-memorial.md,25847,A Close Look at the World War II Memorial,card,splash_image,/files/ww2splash_1_0.jpg,ok,teachinghistory-website/static/files/ww2splash_1_0.jpg
teachinghistory-website/content/best-practices/examples-of-historical-thinking/abolitionist-speeches-by-african-american-women.md,25354,Abolitionist Speeches by African American Women,card,splash_image,/files/replacesplash2.jpg,ok,teachinghistory-website/static/files/replacesplash2.jpg
teachinghistory-website/content/best-practices/examples-of-historical-thinking/abolitionist-speeches-by-african-american-women.md,25354,Abolitionist Speeches by African American Women,author,author_image,/files/author_image/author_peterson.jpg,ok,teachinghistory-website/static/files/author_image/author_peterson.jpg
teachinghistory-website/content/best-practices/examples-of-historical-thinking/an-introduction-to-historical-thinking-and-reading.md,14946,An Introduction to Historical Thinking and Reading,card,splash_image,/files/Reading-and-Thinking.jpg,ok,teachinghistory-website/static/files/Reading-and-Thinking.jpg
teachinghistory-website/content/best-practices/examples-of-historical-thinking/bill-of-rights.md,24424,Bill of Rights,card,splash_image,/files/billrights.jpeg,ok,teachinghistory-website/static/files/billrights.jpeg
teachinghistory-website/content/best-practices/examples-of-historical-thinking/bill-of-rights.md,24424,Bill of Rights,author,author_image,/files/author_image/ridgway.jpg,ok,teachinghistory-website/static/files/author_image/ridgway.jpg
teachinghistory-website/content/best-practices/examples-of-historical-thinking/cherokee-law-of-blood.md,23417,Cherokee Law of Blood,card,splash_image,/files/CherokeeLawSplash.jpg,ok,teachinghistory-website/static/files/CherokeeLawSplash.jpg
teachinghistory-website/content/best-practices/examples-of-historical-thinking/cherokee-law-of-blood.md,23417,Cherokee Law of Blood,author,author_image,/files/author_image/Malinda_author.jpg,ok,teachinghistory-website/static/files/author_image/Malinda_author.jpg
teachinghistory-website/content/best-practices/examples-of-historical-thinking/civil-war-letters.md,25048,Civil War Letters,card,splash_image,/files/cwlettersplash.jpg,ok,teachinghistory-website/static/files/cwlettersplash.jpg
teachinghistory-website/content/best-practices/examples-of-historical-thinking/civil-war-letters.md,25048,Civil War Letters,author,author_image,/files/author_image/chandra.jpg,ok,teachinghistory-website/static/files/author_image/chandra.jpg
teachinghistory-website/content/best-practices/examples-of-historical-thinking/close-reading-for-vocabulary-context-and-tone.md,24028,"Close Reading for Vocabulary, Context, and Tone",card,splash_image,/files/splah-eoht-cr.jpg,ok,teachinghistory-website/static/files/splah-eoht-cr.jpg
teachinghistory-website/content/best-practices/examples-of-historical-thinking/close-reading-of-a-primary-document.md,19528,Close Reading of a Primary Document,card,splash_image,/files/Close_Reading_of_Primary_Document_-_432x240.jpg,ok,teachinghistory-website/static/files/Close_Reading_of_Primary_Document_-_432x240.jpg
teachinghistory-website/content/best-practices/examples-of-historical-thinking/creative-memo-on-lays-products.md,22890,Creative Memo on Lay's Products,card,splash_image,/files/CreativeMemoSplash.jpg,ok,teachinghistory-website/static/files/CreativeMemoSplash.jpg
teachinghistory-website/content/best-practices/examples-of-historical-thinking/creative-memo-on-lays-products.md,22890,Creative Memo on Lay's Products,author,author_image,/files/author_image/RogerHorowitz.jpg,ok,teachinghistory-website/static/files/author_image/RogerHorowitz.jpg
teachinghistory-website/content/best-practices/examples-of-historical-thinking/cross-checking-sources-and-testing-hypotheses.md,24030,Cross-checking Sources and Testing Hypotheses,card,splash_image,/files/splash-eoht-source-checking.jpg,ok,teachinghistory-website/static/files/splash-eoht-source-checking.jpg
teachinghistory-website/content/best-practices/examples-of-historical-thinking/daily-objects-19th-century-america.md,23423,"Daily Objects, 19th-century America",card,splash_image,/files/DailyObjects432x240.jpg,ok,teachinghistory-website/static/files/DailyObjects432x240.jpg
teachinghistory-website/content/best-practices/examples-of-historical-thinking/daily-objects-19th-century-america.md,23423,"Daily Objects, 19th-century America",author,author_image,/files/author_image/David_author2_0.jpg,ok,teachinghistory-website/static/files/author_image/David_author2_0.jpg
teachinghistory-website/content/best-practices/examples-of-historical-thinking/declaration-of-independence.md,25049,Declaration of Independence,card,splash_image,/files/decsplash.jpg,ok,teachinghistory-website/static/files/decsplash.jpg
teachinghistory-website/content/best-practices/examples-of-historical-thinking/declaration-of-independence.md,25049,Declaration of Independence,author,author_image,/files/author_image/zagarri.jpg,ok,teachinghistory-website/static/files/author_image/zagarri.jpg
teachinghistory-website/content/best-practices/examples-of-historical-thinking/fdrs-fireside-chats.md,24175,FDR's Fireside Chats,card,splash_image,/files/Allida.jpg,ok,teachinghistory-website/static/files/Allida.jpg
teachinghistory-website/content/best-practices/examples-of-historical-thinking/fdrs-fireside-chats.md,24175,FDR's Fireside Chats,author,author_image,/files/author_image/allidaauthor.jpg,ok,teachinghistory-website/static/files/author_image/allidaauthor.jpg
teachinghistory-website/content/best-practices/examples-of-historical-thinking/fdrs-second-inaugural-address.md,25174,FDR's Second Inaugural Address,card,splash_image,/files/kennedysplash.jpeg,ok,teachinghistory-website/static/files/kennedysplash.jpeg
teachinghistory-website/content/best-practices/examples-of-historical-thinking/fdrs-second-inaugural-address.md,25174,FDR's Second Inaugural Address,author,author_image,/files/author_image/dkennedy.jpg,ok,teachinghistory-website/static/files/author_image/dkennedy.jpg
teachinghistory-website/content/best-practices/examples-of-historical-thinking/fords-theatre-lincolns-second-inaugural-address.md,25855,Ford's Theatre: Lincoln's Second Inaugural Address,card,splash_image,/files/Fords_1_0.jpg,ok,teachinghistory-website/static/files/Fords_1_0.jpg
teachinghistory-website/content/best-practices/examples-of-historical-thinking/frederick-douglasss-autobiographies.md,23495,Frederick Douglass's Autobiographies,card,splash_image,/files/FrederickDouglass.jpg,ok,teachinghistory-website/static/files/FrederickDouglass.jpg
teachinghistory-website/content/best-practices/examples-of-historical-thinking/frederick-douglasss-autobiographies.md,23495,Frederick Douglass's Autobiographies,author,author_image,/files/author_image/Jerome_author.jpg,ok,teachinghistory-website/static/files/author_image/Jerome_author.jpg
teachinghistory-website/content/best-practices/examples-of-historical-thinking/herman-melvilles-bartleby-the-scrivener.md,25205,"Herman Melville's ""Bartleby, the Scrivener""",card,splash_image,/files/splash.putmansmonthly.jpg,ok,teachinghistory-website/static/files/splash.putmansmonthly.jpg
teachinghistory-website/content/best-practices/examples-of-historical-thinking/herman-melvilles-bartleby-the-scrivener.md,25205,"Herman Melville's ""Bartleby, the Scrivener""",author,author_image,/files/author_image/author_hans.jpg,ok,teachinghistory-website/static/files/author_image/author_hans.jpg
teachinghistory-website/content/best-practices/examples-of-historical-thinking/intertextual-reading-of-two-primary-documents.md,19529,Intertextual Reading of Two Primary Documents,card,splash_image,/files/IntertextualReadingSplash.jpg,ok,teachinghistory-website/static/files/IntertextualReadingSplash.jpg
teachinghistory-website/content/best-practices/examples-of-historical-thinking/jackie-robinson-and-martin-luther-king-jr.md,25524,Jackie Robinson and Martin Luther King Jr.,card,splash_image,/files/pellom_splash.jpg,ok,teachinghistory-website/static/files/pellom_splash.jpg
teachinghistory-website/content/best-practices/examples-of-historical-thinking/jackie-robinson-and-martin-luther-king-jr.md,25524,Jackie Robinson and Martin Luther King Jr.,author,author_image,/files/author_image/author_mcdaniels.jpg,ok,teachinghistory-website/static/files/author_image/author_mcdaniels.jpg
teachinghistory-website/content/best-practices/examples-of-historical-thinking/japanese-american-internment-ansel-adams-photos.md,25291,Japanese American Internment: Ansel Adams Photos,card,splash_image,/files/splash-eoht-manzanar.jpg,ok,teachinghistory-website/static/files/splash-eoht-manzanar.jpg
teachinghistory-website/content/best-practices/examples-of-historical-thinking/japanese-american-internment-ansel-adams-photos.md,25291,Japanese American Internment: Ansel Adams Photos,author,author_image,/files/author_image/author_wu_0.jpg,ok,teachinghistory-website/static/files/author_image/author_wu_0.jpg
teachinghistory-website/content/best-practices/examples-of-historical-thinking/japanese-american-internment-executive-order-9066.md,25292,Japanese American Internment: Executive Order 9066,card,splash_image,/files/wusplash.jpg,ok,teachinghistory-website/static/files/wusplash.jpg
teachinghistory-website/content/best-practices/examples-of-historical-thinking/japanese-american-internment-executive-order-9066.md,25292,Japanese American Internment: Executive Order 9066,author,author_image,/files/author_image/author_wu.jpg,ok,teachinghistory-website/static/files/author_image/author_wu.jpg
teachinghistory-website/content/best-practices/examples-of-historical-thinking/jeffersons-confidential-letter-to-congress.md,23420,Jefferson's Confidential Letter to Congress,card,splash_image,/files/Jeffersons_Confidential_Letter_-_432x240.jpg,ok,teachinghistory-website/static/files/Jeffersons_Confidential_Letter_-_432x240.jpg
teachinghistory-website/content/best-practices/examples-of-historical-thinking/jeffersons-confidential-letter-to-congress.md,23420,Jefferson's Confidential Letter to Congress,author,author_image,/files/author_image/Leah_author2.jpg,ok,teachinghistory-website/static/files/author_image/Leah_author2.jpg
teachinghistory-website/content/best-practices/examples-of-historical-thinking/john-browns-body.md,25095,John Brown's Body,card,splash_image,/files/screen-shot-2012-02-22-at-2.18.20-pm.jpg,ok,teachinghistory-website/static/files/screen-shot-2012-02-22-at-2.18.20-pm.jpg
teachinghistory-website/content/best-practices/examples-of-historical-thinking/john-browns-body.md,25095,John Brown's Body,author,author_image,/files/author_image/chandra_0.jpg,ok,teachinghistory-website/static/files/author_image/chandra_0.jpg
teachinghistory-website/content/best-practices/examples-of-historical-thinking/john-smith-map.md,25096,John Smith Map,card,splash_image,/files/johnsmithsplash.jpg,ok,teachinghistory-website/static/files/johnsmithsplash.jpg
teachinghistory-website/content/best-practices/examples-of-historical-thinking/john-smith-map.md,25096,John Smith Map,author,author_image,/files/author_image/barbara.jpg,ok,teachinghistory-website/static/files/author_image/barbara.jpg
teachinghistory-website/content/best-practices/examples-of-historical-thinking/letters-from-the-philippines.md,25471,Letters from the Philippines,card,splash_image,/files/kramersplash.jpg,ok,teachinghistory-website/static/files/kramersplash.jpg
teachinghistory-website/content/best-practices/examples-of-historical-thinking/letters-from-the-philippines.md,25471,Letters from the Philippines,author,author_image,/files/author_image/author_kramer.jpg,ok,teachinghistory-website/static/files/author_image/author_kramer.jpg
teachinghistory-website/content/best-practices/examples-of-historical-thinking/lincolns-second-inaugural-address.md,24440,Lincoln's Second Inaugural Address,card,splash_image,/files/Fords.jpg,ok,teachinghistory-website/static/files/Fords.jpg
teachinghistory-website/content/best-practices/examples-of-historical-thinking/lincolns-second-inaugural-address.md,24440,Lincoln's Second Inaugural Address,author,author_image,/files/author_image/jencks_author_0.jpg,ok,teachinghistory-website/static/files/author_image/jencks_author_0.jpg
teachinghistory-website/content/best-practices/examples-of-historical-thinking/massive-resistance-political-cartoons.md,25097,Massive Resistance Political Cartoons,card,splash_image,/files/massressplash.jpg,ok,teachinghistory-website/static/files/massressplash.jpg
teachinghistory-website/content/best-practices/examples-of-historical-thinking/massive-resistance-political-cartoons.md,25097,Massive Resistance Political Cartoons,author,author_image,/files/author_image/dougsmith.jpg,ok,teachinghistory-website/static/files/author_image/dougsmith.jpg
teachinghistory-website/content/best-practices/examples-of-historical-thinking/monticello-jeffersons-experiment.md,25859,Monticello: Jefferson's Experiment,card,splash_image,/files/experimentsplash_0.jpg,ok,teachinghistory-website/static/files/experimentsplash_0.jpg
teachinghistory-website/content/best-practices/examples-of-historical-thinking/my-lai-massacre-political-cartoon.md,24171,My Lai Massacre Political Cartoon,card,splash_image,/files/mylai.jpg,ok,teachinghistory-website/static/files/mylai.jpg
teachinghistory-website/content/best-practices/examples-of-historical-thinking/my-lai-massacre-political-cartoon.md,24171,My Lai Massacre Political Cartoon,author,author_image,/files/author_image/author_lair.jpg,ok,teachinghistory-website/static/files/author_image/author_lair.jpg
teachinghistory-website/content/best-practices/examples-of-historical-thinking/narratives-of-slavery.md,23459,Narratives of Slavery,card,splash_image,/files/Narratives.jpg,ok,teachinghistory-website/static/files/Narratives.jpg
teachinghistory-website/content/best-practices/examples-of-historical-thinking/narratives-of-slavery.md,23459,Narratives of Slavery,author,author_image,/files/author_image/Follett_author.jpg,ok,teachinghistory-website/static/files/author_image/Follett_author.jpg
teachinghistory-website/content/best-practices/examples-of-historical-thinking/national-portrait-gallery-teaching-with-19th-century-portraits.md,25850,National Portrait Gallery: Teaching with 19th-Century Portraits,card,splash_image,/files/portraitsplash_0.jpg,ok,teachinghistory-website/static/files/portraitsplash_0.jpg
teachinghistory-website/content/best-practices/examples-of-historical-thinking/paintings-about-segregation.md,25843,Paintings About Segregation,card,splash_image,/files/splash1_0.jpg,ok,teachinghistory-website/static/files/splash1_0.jpg
teachinghistory-website/content/best-practices/examples-of-historical-thinking/piscataway-park-and-tobacco-farming.md,25862,Piscataway Park and Tobacco Farming,card,splash_image,/files/piscatawaysplash_0.jpg,ok,teachinghistory-website/static/files/piscatawaysplash_0.jpg
teachinghistory-website/content/best-practices/examples-of-historical-thinking/pockets-from-the-past-daily-life-at-monticello.md,25858,Pockets from the Past: Daily Life at Monticello,card,splash_image,/files/mysterypocketsplash_0.jpg,ok,teachinghistory-website/static/files/mysterypocketsplash_0.jpg
teachinghistory-website/content/best-practices/examples-of-historical-thinking/primary-sources-as-windows-into-the-past.md,24027,Primary Sources as Windows into the Past,card,splash_image,/files/splash-eoht-window.jpg,ok,teachinghistory-website/static/files/splash-eoht-window.jpg
teachinghistory-website/content/best-practices/examples-of-historical-thinking/reading-for-context.md,24029,Reading for Context,card,splash_image,/files/splash-eoht-br.jpg,ok,teachinghistory-website/static/files/splash-eoht-br.jpg
teachinghistory-website/content/best-practices/examples-of-historical-thinking/reading-place-with-the-national-building-museum.md,25853,Reading Place with the National Building Museum,card,splash_image,/files/buildingmuseumsplash_0.jpg,ok,teachinghistory-website/static/files/buildingmuseumsplash_0.jpg
teachinghistory-website/content/best-practices/examples-of-historical-thinking/scenes-in-the-life-of-harriet-tubman.md,25379,Scenes in the Life of Harriet Tubman,card,splash_image,/files/tiyasplash.jpg,ok,teachinghistory-website/static/files/tiyasplash.jpg
teachinghistory-website/content/best-practices/examples-of-historical-thinking/scenes-in-the-life-of-harriet-tubman.md,25379,Scenes in the Life of Harriet Tubman,author,author_image,/files/author_image/author_miles.jpg,ok,teachinghistory-website/static/files/author_image/author_miles.jpg
teachinghistory-website/content/best-practices/examples-of-historical-thinking/seeing-and-engaging-in-historical-thinking-a-tutorial.md,19444,Seeing (and Engaging in) Historical Thinking: A Tutorial,card,splash_image,/files/Seeing_and_Engaging_-_432x240.jpg,ok,teachinghistory-website/static/files/Seeing_and_Engaging_-_432x240.jpg
teachinghistory-website/content/best-practices/examples-of-historical-thinking/slave-life-at-mount-vernon.md,25849,Slave Life at Mount Vernon,card,splash_image,/files/vernonsplash_0.jpg,ok,teachinghistory-website/static/files/vernonsplash_0.jpg
teachinghistory-website/content/best-practices/examples-of-historical-thinking/slave-receipts.md,23641,Slave Receipts,card,splash_image,/files/SlaveReceiptsSplash.jpg,ok,teachinghistory-website/static/files/SlaveReceiptsSplash.jpg
teachinghistory-website/content/best-practices/examples-of-historical-thinking/slave-receipts.md,23641,Slave Receipts,author,author_image,/files/author_image/thurston_1.jpg,ok,teachinghistory-website/static/files/author_image/thurston_1.jpg
teachinghistory-website/content/best-practices/examples-of-historical-thinking/slavery-at-jeffersons-monticello-paradox-of-liberty.md,25848,Slavery at Jefferson's Monticello: Paradox of Liberty,card,splash_image,/files/paradoxsplash_0.jpg,ok,teachinghistory-website/static/files/paradoxsplash_0.jpg
teachinghistory-website/content/best-practices/examples-of-historical-thinking/smithsonian-american-art-museum-acehlous-and-hercules.md,25857,"Smithsonian American Art Museum: ""Acehlous and Hercules""",card,splash_image,/files/splash2_0_0.jpg,ok,teachinghistory-website/static/files/splash2_0_0.jpg
teachinghistory-website/content/best-practices/examples-of-historical-thinking/smithsonian-american-art-museum-close-observation.md,25844,Smithsonian American Art Museum: Close Observation,card,splash_image,/files/amartsplash_0.jpg,ok,teachinghistory-website/static/files/amartsplash_0.jpg
teachinghistory-website/content/best-practices/examples-of-historical-thinking/smithsonian-american-art-museum-inventing-a-better-mousetrap.md,25854,"Smithsonian American Art Museum: ""Inventing a Better Mousetrap""",card,splash_image,/files/patentsplash_0.jpg,ok,teachinghistory-website/static/files/patentsplash_0.jpg
teachinghistory-website/content/best-practices/examples-of-historical-thinking/smithsonian-american-art-museum-teaching-with-19th-century-art.md,25856,Smithsonian American Art Museum: Teaching with 19th-Century Art,card,splash_image,/files/amart1splash_0.jpg,ok,teachinghistory-website/static/files/amart1splash_0.jpg
teachinghistory-website/content/best-practices/examples-of-historical-thinking/smithsonian-american-art-museum-westward-the-course-of-empire.md,25851,"Smithsonian American Art Museum: ""Westward the Course of Empire""",card,splash_image,/files/replacesplash_0.jpg,ok,teachinghistory-website/static/files/replacesplash_0.jpg
teachinghistory-website/content/best-practices/examples-of-historical-thinking/sourcing-a-primary-document.md,15765,Sourcing a Primary Document,card,splash_image,/files/Sourcing_a_Primary_Document_-_432x240.jpg,ok,teachinghistory-website/static/files/Sourcing_a_Primary_Document_-_432x240.jpg
teachinghistory-website/content/best-practices/examples-of-historical-thinking/the-barbary-pirates-letter-from-tripoli.md,24298,The Barbary Pirates: Letter from Tripoli,card,splash_image,/files/Christine-Sears.jpg,ok,teachinghistory-website/static/files/Christine-Sears.jpg
teachinghistory-website/content/best-practices/examples-of-historical-thinking/the-barbary-pirates-letter-from-tripoli.md,24298,The Barbary Pirates: Letter from Tripoli,author,author_image,/files/author_image/image-eoht-sears.jpg,ok,teachinghistory-website/static/files/author_image/image-eoht-sears.jpg
teachinghistory-website/content/best-practices/examples-of-historical-thinking/the-election-of-1932-clifford-berryman-cartoon.md,25169,The Election of 1932: Clifford Berryman Cartoon,card,splash_image,/files/maine.jpeg,ok,teachinghistory-website/static/files/maine.jpeg
teachinghistory-website/content/best-practices/examples-of-historical-thinking/the-election-of-1932-clifford-berryman-cartoon.md,25169,The Election of 1932: Clifford Berryman Cartoon,author,author_image,/files/author_image/2010_-_oah_-_author_image_-_don_ritchie_0.jpg,ok,teachinghistory-website/static/files/author_image/2010_-_oah_-_author_image_-_don_ritchie_0.jpg
teachinghistory-website/content/best-practices/examples-of-historical-thinking/the-election-of-1932-photographs-of-fdr.md,25170,The Election of 1932: Photographs of FDR,card,splash_image,/files/fdr_inauguration_photo.jpg,ok,teachinghistory-website/static/files/fdr_inauguration_photo.jpg
teachinghistory-website/content/best-practices/examples-of-historical-thinking/the-election-of-1932-photographs-of-fdr.md,25170,The Election of 1932: Photographs of FDR,author,author_image,/files/author_image/2010_-_oah_-_author_image_-_don_ritchie_1.jpg,ok,teachinghistory-website/static/files/author_image/2010_-_oah_-_author_image_-_don_ritchie_1.jpg
teachinghistory-website/content/best-practices/examples-of-historical-thinking/the-iran-hostage-crisis-diary-of-robert-ode.md,25318,The Iran Hostage Crisis: Diary of Robert Ode,card,splash_image,/files/hahnsplash.jpg,ok,teachinghistory-website/static/files/hahnsplash.jpg
teachinghistory-website/content/best-practices/examples-of-historical-thinking/the-iran-hostage-crisis-diary-of-robert-ode.md,25318,The Iran Hostage Crisis: Diary of Robert Ode,author,author_image,/files/author_image/2010_-_oah_-_author_image_-_peter_hahn.jpg,ok,teachinghistory-website/static/files/author_image/2010_-_oah_-_author_image_-_peter_hahn.jpg
teachinghistory-website/content/best-practices/examples-of-historical-thinking/the-salem-witch-trials.md,24551,The Salem Witch Trials,card,splash_image,/files/salemreissplash.jpg,ok,teachinghistory-website/static/files/salemreissplash.jpg
teachinghistory-website/content/best-practices/examples-of-historical-thinking/the-salem-witch-trials.md,24551,The Salem Witch Trials,author,author_image,/files/author_image/reis-photo.jpg,ok,teachinghistory-website/static/files/author_image/reis-photo.jpg
teachinghistory-website/content/best-practices/examples-of-historical-thinking/the-us-holocaust-memorial-museum-personalizing-history.md,25845,The U.S. Holocaust Memorial Museum: Personalizing History,card,splash_image,/files/holosplash_0_0.jpg,ok,teachinghistory-website/static/files/holosplash_0_0.jpg
teachinghistory-website/content/best-practices/examples-of-historical-thinking/thomas-nast-cartoon.md,25201,Thomas Nast Cartoon,card,splash_image,/files/splah.cartoon.jpg,ok,teachinghistory-website/static/files/splah.cartoon.jpg
teachinghistory-website/content/best-practices/examples-of-historical-thinking/thomas-nast-cartoon.md,25201,Thomas Nast Cartoon,author,author_image,/files/author_image/author_o_malley.jpg,ok,teachinghistory-website/static/files/author_image/author_o_malley.jpg
teachinghistory-website/content/best-practices/examples-of-historical-thinking/touring-monticello.md,25861,Touring Monticello,card,splash_image,/files/housetoursplash_0.jpg,ok,teachinghistory-website/static/files/housetoursplash_0.jpg
teachinghistory-website/content/best-practices/examples-of-historical-thinking/two-blues-songs.md,25203,Two Blues Songs,card,splash_image,/files/splash.blues_.jpg,ok,teachinghistory-website/static/files/splash.blues_.jpg
teachinghistory-website/content/best-practices/examples-of-historical-thinking/two-blues-songs.md,25203,Two Blues Songs,author,author_image,/files/author_image/levine.jpg,ok,teachinghistory-website/static/files/author_image/levine.jpg
teachinghistory-website/content/best-practices/examples-of-historical-thinking/ulysses-s-grant-memorial.md,25614,Ulysses S. Grant Memorial,card,splash_image,/files/warmemorial1.jpg,ok,teachinghistory-website/static/files/warmemorial1.jpg
teachinghistory-website/content/best-practices/examples-of-historical-thinking/visiting-the-george-mason-memorial.md,25852,Visiting the George Mason Memorial,card,splash_image,/files/georgemasonmem_0.jpg,ok,teachinghistory-website/static/files/georgemasonmem_0.jpg
teachinghistory-website/content/best-practices/examples-of-historical-thinking/womens-rights-sarah-bagley-letters.md,25692,Women's Rights: Sarah Bagley Letters,card,splash_image,/files/murphysplash.jpg,ok,teachinghistory-website/static/files/murphysplash.jpg
teachinghistory-website/content/best-practices/examples-of-historical-thinking/womens-rights-sarah-bagley-letters.md,25692,Women's Rights: Sarah Bagley Letters,author,author_image,/files/author_image/author_murphy.png,ok,teachinghistory-website/static/files/author_image/author_murphy.png
teachinghistory-website/content/best-practices/examples-of-historical-thinking/womens-suffrage-burroughss-article.md,25636,Women's Suffrage: Burroughs's Article,card,splash_image,/files/boisseausplash4.jpg,ok,teachinghistory-website/static/files/boisseausplash4.jpg
teachinghistory-website/content/best-practices/examples-of-historical-thinking/womens-suffrage-burroughss-article.md,25636,Women's Suffrage: Burroughs's Article,author,author_image,/files/author_image/tj_headshot_with_brown_blurred_background_5.jpg,ok,teachinghistory-website/static/files/author_image/tj_headshot_with_brown_blurred_background_5.jpg
teachinghistory-website/content/best-practices/examples-of-historical-thinking/womens-suffrage-cartoon.md,25634,Women's Suffrage Cartoon,card,splash_image,/files/boisseausplash1.jpg,ok,teachinghistory-website/static/files/boisseausplash1.jpg
teachinghistory-website/content/best-practices/examples-of-historical-thinking/womens-suffrage-cartoon.md,25634,Women's Suffrage Cartoon,author,author_image,/files/author_image/tj_headshot_with_brown_blurred_background_7.jpg,ok,teachinghistory-website/static/files/author_image/tj_headshot_with_brown_blurred_background_7.jpg
teachinghistory-website/content/best-practices/examples-of-historical-thinking/womens-suffrage-jane-addamss-article.md,25637,Women's Suffrage: Jane Addams's Article,card,splash_image,/files/replacementspalsh.jpg,ok,teachinghistory-website/static/files/replacementspalsh.jpg
teachinghistory-website/content/best-practices/examples-of-historical-thinking/womens-suffrage-jane-addamss-article.md,25637,Women's Suffrage: Jane Addams's Article,author,author_image,/files/author_image/tj_headshot_with_brown_blurred_background_4.jpg,ok,teachinghistory-website/static/files/author_image/tj_headshot_with_brown_blurred_background_4.jpg
teachinghistory-website/content/best-practices/examples-of-historical-thinking/womens-suffrage-photographs.md,25635,Women's Suffrage Photographs,card,splash_image,/files/boisseausplash2.jpg,ok,teachinghistory-website/static/files/boisseausplash2.jpg
teachinghistory-website/content/best-practices/examples-of-historical-thinking/womens-suffrage-photographs.md,25635,Women's Suffrage Photographs,author,author_image,/files/author_image/tj_headshot_with_brown_blurred_background_6.jpg,ok,teachinghistory-website/static/files/author_image/tj_headshot_with_brown_blurred_background_6.jpg
teachinghistory-website/content/best-practices/examples-of-historical-thinking/world-war-ii-memorial.md,25615,World War II Memorial,card,splash_image,/files/warmemorial2.jpg,ok,teachinghistory-website/static/files/warmemorial2.jpg
teachinghistory-website/content/best-practices/teaching-in-action/causal-reasoning.md,19567,Causal Reasoning,card,splash_image,/files/Causal_Reasoning_-_432x240.jpg,ok,teachinghistory-website/static/files/Causal_Reasoning_-_432x240.jpg
teachinghistory-website/content/best-practices/teaching-in-action/causal-reasoning.md,19567,Causal Reasoning,author,author_image,/files/author_image/woodcock.jpg,ok,teachinghistory-website/static/files/author_image/woodcock.jpg
teachinghistory-website/content/best-practices/teaching-in-action/causes-of-world-war-i.md,19569,Causes of World War I,card,splash_image,/files/Causes_of_World_War_-_432x240.jpg,ok,teachinghistory-website/static/files/Causes_of_World_War_-_432x240.jpg
teachinghistory-website/content/best-practices/teaching-in-action/causes-of-world-war-i.md,19569,Causes of World War I,author,author_image,/files/author_image/JamesWoodcock75x75.jpg,ok,teachinghistory-website/static/files/author_image/JamesWoodcock75x75.jpg
teachinghistory-website/content/best-practices/teaching-in-action/exploring-historical-texts-in-a-discussion-based-class.md,20374,Exploring Historical Texts in a Discussion-Based Class,card,splash_image,/files/Exploring_Historical_Texts_-_432x240.jpg,ok,teachinghistory-website/static/files/Exploring_Historical_Texts_-_432x240.jpg
teachinghistory-website/content/best-practices/teaching-in-action/exploring-historical-texts-in-a-discussion-based-class.md,20374,Exploring Historical Texts in a Discussion-Based Class,author,author_image,/files/author_image/avram.jpg,ok,teachinghistory-website/static/files/author_image/avram.jpg
teachinghistory-website/content/best-practices/teaching-in-action/fdrs-fireside-chats.md,24176,FDR's Fireside Chats,card,splash_image,/files/tiafdr.jpeg,ok,teachinghistory-website/static/files/tiafdr.jpeg
teachinghistory-website/content/best-practices/teaching-in-action/fdrs-fireside-chats.md,24176,FDR's Fireside Chats,author,author_image,/files/author_image/Author-Photo-Joseph-Jelen-75x75.png,ok,teachinghistory-website/static/files/author_image/Author-Photo-Joseph-Jelen-75x75.png
teachinghistory-website/content/best-practices/teaching-in-action/foundations-of-american-history-john-brown-song.md,22158,Foundations of American History: John Brown Song,card,splash_image,/files/JohnBrownSong432x240.jpg,ok,teachinghistory-website/static/files/JohnBrownSong432x240.jpg
teachinghistory-website/content/best-practices/teaching-in-action/foundations-of-american-history-john-brown-song.md,22158,Foundations of American History: John Brown Song,author,author_image,/files/author_image/HeatherCoffey75x75.jpg,ok,teachinghistory-website/static/files/author_image/HeatherCoffey75x75.jpg
teachinghistory-website/content/best-practices/teaching-in-action/geo-literacy-project-students-explore-their-world.md,23798,Geo-Literacy Project: Students Explore Their World,card,splash_image,/files/GeoLiteracy-Splash.jpg,ok,teachinghistory-website/static/files/GeoLiteracy-Splash.jpg
teachinghistory-website/content/best-practices/teaching-in-action/historical-context-and-roleplaying.md,14947,Historical Context and Roleplaying,card,splash_image,/files/Historical_Context_and_Roleplaying_-_432x240.jpg,ok,teachinghistory-website/static/files/Historical_Context_and_Roleplaying_-_432x240.jpg
teachinghistory-website/content/best-practices/teaching-in-action/historical-context-and-roleplaying.md,14947,Historical Context and Roleplaying,author,author_image,/files/author_image/MarthaAndrews75x75.jpg,ok,teachinghistory-website/static/files/author_image/MarthaAndrews75x75.jpg
teachinghistory-website/content/best-practices/teaching-in-action/how-to-introduce-students-to-primary-sources.md,24549,How to Introduce Students to Primary Sources,card,splash_image,/files/splash-tia-mm.jpeg,ok,teachinghistory-website/static/files/splash-tia-mm.jpeg
teachinghistory-website/content/best-practices/teaching-in-action/integrating-language-arts-and-history.md,25705,Integrating Language Arts and History,card,splash_image,/files/eanessplash.jpeg,ok,teachinghistory-website/static/files/eanessplash.jpeg
teachinghistory-website/content/best-practices/teaching-in-action/massive-resistance-through-political-cartoons.md,23894,Massive Resistance through Political Cartoons,card,splash_image,/files/splash-segregration.jpg,ok,teachinghistory-website/static/files/splash-segregration.jpg
teachinghistory-website/content/best-practices/teaching-in-action/massive-resistance-through-political-cartoons.md,23894,Massive Resistance through Political Cartoons,author,author_image,/files/author_image/author_hoeflich.jpg,ok,teachinghistory-website/static/files/author_image/author_hoeflich.jpg
teachinghistory-website/content/best-practices/teaching-in-action/of-the-student-for-the-student-by-the-student.md,24614,"Of the Student, For the Student, By the Student",card,splash_image,/files/manassassplash.jpeg,ok,teachinghistory-website/static/files/manassassplash.jpeg
teachinghistory-website/content/best-practices/teaching-in-action/opening-up-the-textbook-voices-from-my-lai.md,23893,Opening up the Textbook: Voices from My Lai,card,splash_image,/files/splash-my-lai.jpg,ok,teachinghistory-website/static/files/splash-my-lai.jpg
teachinghistory-website/content/best-practices/teaching-in-action/opening-up-the-textbook-voices-from-my-lai.md,23893,Opening up the Textbook: Voices from My Lai,author,author_image,/files/author_image/author-jeplen.jpg,ok,teachinghistory-website/static/files/author_image/author-jeplen.jpg
teachinghistory-website/content/best-practices/teaching-in-action/organize-your-thinking-to-critically-analyze-text.md,25461,Organize Your Thinking to Critically Analyze Text,card,splash_image,/files/thinkingsplash.jpeg,ok,teachinghistory-website/static/files/thinkingsplash.jpeg
teachinghistory-website/content/best-practices/teaching-in-action/prologue-to-studying-the-emancipation-proclamation.md,21706,Prologue to Studying the Emancipation Proclamation,card,splash_image,/files/LettersAsPrimarySplash.jpg,ok,teachinghistory-website/static/files/LettersAsPrimarySplash.jpg
teachinghistory-website/content/best-practices/teaching-in-action/prologue-to-studying-the-emancipation-proclamation.md,21706,Prologue to Studying the Emancipation Proclamation,author,author_image,/files/author_image/JasonFitzgerald75x75.jpg,ok,teachinghistory-website/static/files/author_image/JasonFitzgerald75x75.jpg
teachinghistory-website/content/best-practices/teaching-in-action/reading-and-thinking-aloud-to-understand.md,20795,Reading and Thinking Aloud to Understand,card,splash_image,/files/ReadingThinkingSplash.jpg,ok,teachinghistory-website/static/files/ReadingThinkingSplash.jpg
teachinghistory-website/content/best-practices/teaching-in-action/reading-and-thinking-aloud-to-understand.md,20795,Reading and Thinking Aloud to Understand,author,author_image,/files/author_image/GayleCribb75x75.jpg,ok,teachinghistory-website/static/files/author_image/GayleCribb75x75.jpg
teachinghistory-website/content/best-practices/teaching-in-action/recreating-the-cuban-missile-crisis.md,25706,Recreating the Cuban Missile Crisis,card,splash_image,/files/jamiesplash_0.jpeg,ok,teachinghistory-website/static/files/jamiesplash_0.jpeg
teachinghistory-website/content/best-practices/teaching-in-action/students-in-the-community.md,24080,Students in the Community,card,splash_image,/files/studentcommunity.jpg,ok,teachinghistory-website/static/files/studentcommunity.jpg
teachinghistory-website/content/best-practices/teaching-in-action/students-in-the-community.md,24080,Students in the Community,author,author_image,/files/author_image/Liou_author.jpg,ok,teachinghistory-website/static/files/author_image/Liou_author.jpg
teachinghistory-website/content/best-practices/teaching-in-action/teaching-historical-interpretation-through-planning-documentary-films.md,20341,Teaching Historical Interpretation through Planning Documentary Films,card,splash_image,/files/Teaching_Historical_Interpretation_through_Planning_-_432x240.jpg,ok,teachinghistory-website/static/files/Teaching_Historical_Interpretation_through_Planning_-_432x240.jpg
teachinghistory-website/content/best-practices/teaching-in-action/teaching-historical-interpretation-through-planning-documentary-films.md,20341,Teaching Historical Interpretation through Planning Documentary Films,author,author_image,/files/author_image/DaleBanham75x75.jpg,ok,teachinghistory-website/static/files/author_image/DaleBanham75x75.jpg
teachinghistory-website/content/best-practices/teaching-in-action/teaching-strategies-for-museums-graphic-organizers.md,24216,Teaching Strategies for Museums: Graphic Organizers,card,splash_image,/files/splash-tia-graphicorgan.jpeg,ok,teachinghistory-website/static/files/splash-tia-graphicorgan.jpeg
teachinghistory-website/content/best-practices/teaching-in-action/teaching-the-bill-of-rights.md,24423,Teaching the Bill of Rights,card,splash_image,/files/billclass.jpeg,ok,teachinghistory-website/static/files/billclass.jpeg
teachinghistory-website/content/best-practices/teaching-in-action/teaching-the-bill-of-rights.md,24423,Teaching the Bill of Rights,author,author_image,/files/author_image/valenti.png,ok,teachinghistory-website/static/files/author_image/valenti.png
teachinghistory-website/content/best-practices/teaching-in-action/the-assassination-of-abraham-lincoln.md,25032,The Assassination of Abraham Lincoln,card,splash_image,/files/lincolnassassin.jpeg,ok,teachinghistory-website/static/files/lincolnassassin.jpeg
teachinghistory-website/content/best-practices/teaching-in-action/third-graders-analyzing-historical-sources.md,23724,Third Graders Analyzing Historical Sources,card,splash_image,/files/Third_Graders_Anaylzing_Historical_Sources_-_432x240.jpg,ok,teachinghistory-website/static/files/Third_Graders_Anaylzing_Historical_Sources_-_432x240.jpg
teachinghistory-website/content/best-practices/teaching-in-action/using-maps-as-primary-sources.md,15772,Using Maps as Primary Sources,card,splash_image,/files/Using_Maps_as_Primary_Sources_-_432x240.jpg,ok,teachinghistory-website/static/files/Using_Maps_as_Primary_Sources_-_432x240.jpg
teachinghistory-website/content/best-practices/teaching-in-action/using-maps-as-primary-sources.md,15772,Using Maps as Primary Sources,author,author_image,/files/author_image/StacyHoeflich75x75.jpg,ok,teachinghistory-website/static/files/author_image/StacyHoeflich75x75.jpg
teachinghistory-website/content/best-practices/teaching-in-action/what-does-it-mean-to-be-an-american.md,22440,What Does It Mean to Be an American?,card,splash_image,/files/What_Does_It_Mean_to_Be_American_-_432x240.jpg,ok,teachinghistory-website/static/files/What_Does_It_Mean_to_Be_American_-_432x240.jpg
teachinghistory-website/content/best-practices/teaching-in-action/what-does-it-mean-to-be-an-american.md,22440,What Does It Mean to Be an American?,author,author_image,/files/author_image/cruz_author.jpg,ok,teachinghistory-website/static/files/author_image/cruz_author.jpg
teachinghistory-website/content/best-practices/teaching-with-textbooks/building-a-conversation-between-textbooks-students-and-teachers.md,24278,"Building a Conversation between Textbooks, Students, and Teachers",card,splash_image,/files/reading_splash.jpg,ok,teachinghistory-website/static/files/reading_splash.jpg
teachinghistory-website/content/best-practices/teaching-with-textbooks/building-a-conversation-between-textbooks-students-and-teachers.md,24278,"Building a Conversation between Textbooks, Students, and Teachers",author,author_image,/files/author_image/Pesick_headshot.jpg,ok,teachinghistory-website/static/files/author_image/Pesick_headshot.jpg
teachinghistory-website/content/best-practices/teaching-with-textbooks/childrens-voices-from-the-civil-war.md,22467,Children’s Voices from the Civil War,card,splash_image,/files/ChildrensVoicesCWSplash.jpg,ok,teachinghistory-website/static/files/ChildrensVoicesCWSplash.jpg
teachinghistory-website/content/best-practices/teaching-with-textbooks/childrens-voices-from-the-civil-war.md,22467,Children’s Voices from the Civil War,author,author_image,/files/author_image/Maria.jpg,ok,teachinghistory-website/static/files/author_image/Maria.jpg
teachinghistory-website/content/best-practices/teaching-with-textbooks/learning-menus-textbooks-a-la-carte.md,25584,Learning Menus: Textbooks a la Carte,card,splash_image,/files/menussplash.jpg,ok,teachinghistory-website/static/files/menussplash.jpg
teachinghistory-website/content/best-practices/teaching-with-textbooks/opening-up-the-textbook.md,19438,Opening Up the Textbook,card,splash_image,/files/OpeningUpSplash.jpg,ok,teachinghistory-website/static/files/OpeningUpSplash.jpg
teachinghistory-website/content/best-practices/teaching-with-textbooks/questioning-textbook-authority.md,20571,Questioning Textbook Authority,card,splash_image,/files/QuestioningTextbook432x240_0.jpg,ok,teachinghistory-website/static/files/QuestioningTextbook432x240_0.jpg
teachinghistory-website/content/best-practices/teaching-with-textbooks/the-grammar-of-history-textbooks-part-i-language-analysis.md,19439,"The Grammar of History Textbooks, Part I: Language Analysis",card,splash_image,/files/TextbookGrammarISplash.jpg,ok,teachinghistory-website/static/files/TextbookGrammarISplash.jpg
teachinghistory-website/content/best-practices/teaching-with-textbooks/the-grammar-of-history-textbooks-part-ii-questioning-the-text.md,20574,The Grammar of History Textbooks Part II: Questioning the Text,card,splash_image,/files/GrammarHistIISplash3.jpg,ok,teachinghistory-website/static/files/GrammarHistIISplash3.jpg
teachinghistory-website/content/best-practices/teaching-with-textbooks/the-grammar-of-history-textbooks-part-ii-questioning-the-text.md,20574,The Grammar of History Textbooks Part II: Questioning the Text,author,author_image,/files/author_image/StaceyGreer.jpg,ok,teachinghistory-website/static/files/author_image/StaceyGreer.jpg
teachinghistory-website/content/best-practices/teaching-with-textbooks/using-historiography-to-analyze-the-mexican-american-war.md,20424,Using Historiography to Analyze the Mexican-American War,card,splash_image,/files/ph_16splash.jpg,ok,teachinghistory-website/static/files/ph_16splash.jpg
teachinghistory-website/content/best-practices/teaching-with-textbooks/using-historiography-to-analyze-the-mexican-american-war.md,20424,Using Historiography to Analyze the Mexican-American War,author,author_image,/files/author_image/kyle3_0_0.jpg,ok,teachinghistory-website/static/files/author_image/kyle3_0_0.jpg
teachinghistory-website/content/best-practices/using-primary-sources/analyzing-composition-in-paintings.md,24327,Analyzing Composition in Paintings,card,splash_image,/files/compositionsplash.jpg,ok,teachinghistory-website/static/files/compositionsplash.jpg
teachinghistory-website/content/best-practices/using-primary-sources/bringing-history-homes-socc-analysis-technique.md,25148,Bringing History Home’s SOCC Analysis Technique,card,splash_image,/files/splash.jpg,ok,teachinghistory-website/static/files/splash.jpg
teachinghistory-website/content/best-practices/using-primary-sources/critically-analyzing-information-sources.md,24463,Critically Analyzing Information Sources,card,splash_image,/files/criticallyanaly-edit.jpg,ok,teachinghistory-website/static/files/criticallyanaly-edit.jpg
teachinghistory-website/content/best-practices/using-primary-sources/document-analysis-worksheets.md,14578,Document Analysis Worksheets,card,splash_image,/files/DocumentAnalysis432x240.jpg,ok,teachinghistory-website/static/files/DocumentAnalysis432x240.jpg
teachinghistory-website/content/best-practices/using-primary-sources/evoking-the-past.md,24135,Evoking the Past,card,splash_image,/files/splash-ups-evoking.jpg,ok,teachinghistory-website/static/files/splash-ups-evoking.jpg
teachinghistory-website/content/best-practices/using-primary-sources/evoking-the-past.md,24135,Evoking the Past,inline,body,/files/media/video/thumbs/UPS_Priya.jpg,ok,teachinghistory-website/static/files/media/video/thumbs/UPS_Priya.jpg
teachinghistory-website/content/best-practices/using-primary-sources/focus-on-film.md,25232,Focus on Film,card,splash_image,/files/filmssplash.jpg,ok,teachinghistory-website/static/files/filmssplash.jpg
teachinghistory-website/content/best-practices/using-primary-sources/george-washington-a-national-treasure.md,24464,"George Washington, A National Treasure",card,splash_image,/files/washingtonsplash.jpg,ok,teachinghistory-website/static/files/washingtonsplash.jpg
teachinghistory-website/content/best-practices/using-primary-sources/how-to-read-a-landscape.md,25233,How to Read a Landscape,card,splash_image,/files/landscapesplash.jpg,ok,teachinghistory-website/static/files/landscapesplash.jpg
teachinghistory-website/content/best-practices/using-primary-sources/integrating-material-culture-into-the-classroom.md,19699,Integrating Material Culture into the Classroom,card,splash_image,/files/UPS-splash-AR.jpg,ok,teachinghistory-website/static/files/UPS-splash-AR.jpg
teachinghistory-website/content/best-practices/using-primary-sources/interactive-exercisesanalyzing-artifacts.md,25684,Interactive Exercises—Analyzing Artifacts,card,splash_image,/files/maskssplash.jpg,ok,teachinghistory-website/static/files/maskssplash.jpg
teachinghistory-website/content/best-practices/using-primary-sources/interactivity.md,24462,Interactivity,card,splash_image,/files/interactivesplash-edit.jpg,ok,teachinghistory-website/static/files/interactivesplash-edit.jpg
teachinghistory-website/content/best-practices/using-primary-sources/key-concepts-in-historical-thinking.md,25443,Key Concepts in Historical Thinking,card,splash_image,/files/keyconceptsin432x240.jpg,ok,teachinghistory-website/static/files/keyconceptsin432x240.jpg
teachinghistory-website/content/best-practices/using-primary-sources/local-history-and-student-historians.md,24541,Local History and Student Historians,card,splash_image,/files/localhistory_0.jpg,ok,teachinghistory-website/static/files/localhistory_0.jpg
teachinghistory-website/content/best-practices/using-primary-sources/local-history-and-student-historians.md,24541,Local History and Student Historians,author,author_image,/files/author_image/Percoco_author_1.jpg,ok,teachinghistory-website/static/files/author_image/Percoco_author_1.jpg
teachinghistory-website/content/best-practices/using-primary-sources/local-history-and-student-historians.md,24541,Local History and Student Historians,inline,body,/files/media/video/thumbs/UPS_James5.jpg,ok,teachinghistory-website/static/files/media/video/thumbs/UPS_James5.jpg
teachinghistory-website/content/best-practices/using-primary-sources/local-history-and-student-historians.md,24541,Local History and Student Historians,inline,body,/files/media/video/thumbs/UPS_James6.jpg,ok,teachinghistory-website/static/files/media/video/thumbs/UPS_James6.jpg
teachinghistory-website/content/best-practices/using-primary-sources/making-sense-of-advertisements.md,14566,Making Sense of Advertisements,card,splash_image,/files/splash-ups-ads.jpg,ok,teachinghistory-website/static/files/splash-ups-ads.jpg
teachinghistory-website/content/best-practices/using-primary-sources/making-sense-of-american-popular-songs.md,14567,Making Sense of American Popular Songs,card,splash_image,/files/splash-ziegfeld-follies.jpg,ok,teachinghistory-website/static/files/splash-ziegfeld-follies.jpg
teachinghistory-website/content/best-practices/using-primary-sources/making-sense-of-documentary-photography.md,14568,Making Sense of Documentary Photography,card,splash_image,/files/DocumentaryPhotography432x240.jpg,ok,teachinghistory-website/static/files/DocumentaryPhotography432x240.jpg
teachinghistory-website/content/best-practices/using-primary-sources/making-sense-of-films.md,14562,Making Sense of Films,card,splash_image,/files/MakingSenseSplash.jpg,ok,teachinghistory-website/static/files/MakingSenseSplash.jpg
teachinghistory-website/content/best-practices/using-primary-sources/making-sense-of-letters-and-diaries.md,14565,Making Sense of Letters and Diaries,card,splash_image,/files/splash-ups-letters.jpg,ok,teachinghistory-website/static/files/splash-ups-letters.jpg
teachinghistory-website/content/best-practices/using-primary-sources/making-sense-of-maps.md,14563,Making Sense of Maps,card,splash_image,/files/MakingSenseMapsSplash.jpg,ok,teachinghistory-website/static/files/MakingSenseMapsSplash.jpg
teachinghistory-website/content/best-practices/using-primary-sources/making-sense-of-numbers.md,14564,Making Sense of Numbers,card,splash_image,/files/splash-ups-numbers.jpg,ok,teachinghistory-website/static/files/splash-ups-numbers.jpg
teachinghistory-website/content/best-practices/using-primary-sources/making-sense-of-oral-history.md,14561,Making Sense of Oral History,card,splash_image,/files/OralHistorySplash.jpg,ok,teachinghistory-website/static/files/OralHistorySplash.jpg
teachinghistory-website/content/best-practices/using-primary-sources/media-analysis-tools.md,14576,Media Analysis Tools,card,splash_image,/files/splash-usp-mat.jpg,ok,teachinghistory-website/static/files/splash-usp-mat.jpg
teachinghistory-website/content/best-practices/using-primary-sources/online-primary-source-collections.md,24491,Online Primary Source Collections,card,splash_image,/files/PS-CollectionsSplash.jpg,ok,teachinghistory-website/static/files/PS-CollectionsSplash.jpg
teachinghistory-website/content/best-practices/using-primary-sources/people-as-primary-sources-conducting-interviews.md,24067,People as Primary Sources: Conducting Interviews,card,splash_image,/files/PeopleasPrimary432x240.jpg,ok,teachinghistory-website/static/files/PeopleasPrimary432x240.jpg
teachinghistory-website/content/best-practices/using-primary-sources/picturing-america.md,24325,Picturing America,card,splash_image,/files/artsplash.jpg,ok,teachinghistory-website/static/files/artsplash.jpg
teachinghistory-website/content/best-practices/using-primary-sources/primary-source-sets-on-the-web.md,24490,Primary Source Sets on the Web,card,splash_image,/files/PS-SetsSplash.jpg,ok,teachinghistory-website/static/files/PS-SetsSplash.jpg
teachinghistory-website/content/best-practices/using-primary-sources/primary-sources-what-are-they.md,19079,Primary Sources: What Are They?,card,splash_image,/files/splash-usp-ps.jpg,ok,teachinghistory-website/static/files/splash-usp-ps.jpg
teachinghistory-website/content/best-practices/using-primary-sources/reading-like-a-historian.md,24001,Reading Like a Historian,card,splash_image,/files/splash-ups-rlikehistorian.jpg,ok,teachinghistory-website/static/files/splash-ups-rlikehistorian.jpg
teachinghistory-website/content/best-practices/using-primary-sources/reading-like-a-historian.md,24001,Reading Like a Historian,author,author_image,/files/author_image/Logo_SHEG.jpg,ok,teachinghistory-website/static/files/author_image/Logo_SHEG.jpg
teachinghistory-website/content/best-practices/using-primary-sources/scholars-in-action-analyzing-19th-century-letters.md,14572,Scholars in Action: Analyzing 19th-Century Letters,card,splash_image,/files/Letters.jpg,ok,teachinghistory-website/static/files/Letters.jpg
teachinghistory-website/content/best-practices/using-primary-sources/scim-c-historical-source-analysis.md,23513,SCIM-C: Historical Source Analysis,card,splash_image,/files/SCIM-CSplash.jpg,ok,teachinghistory-website/static/files/SCIM-CSplash.jpg
teachinghistory-website/content/best-practices/using-primary-sources/secondary-sources-what-are-they.md,19080,Secondary Sources: What Are They?,card,splash_image,/files/Splash-UPS-Secondary.jpg,ok,teachinghistory-website/static/files/Splash-UPS-Secondary.jpg
teachinghistory-website/content/best-practices/using-primary-sources/teaching-with-historic-places.md,22432,Teaching with Historic Places,card,splash_image,/files/HistPlaces2Splash2.jpg,ok,teachinghistory-website/static/files/HistPlaces2Splash2.jpg
teachinghistory-website/content/best-practices/using-primary-sources/teaching-with-historic-places.md,22432,Teaching with Historic Places,author,author_image,/files/author_image/NPS.jpg,ok,teachinghistory-website/static/files/author_image/NPS.jpg
teachinghistory-website/content/best-practices/using-primary-sources/teaching-with-historic-places.md,22432,Teaching with Historic Places,inline,body,/files/media/video/thumbs/twhp-1.jpg,ok,teachinghistory-website/static/files/media/video/thumbs/twhp-1.jpg
teachinghistory-website/content/best-practices/using-primary-sources/teaching-with-historic-places.md,22432,Teaching with Historic Places,inline,body,/files/media/video/thumbs/twhp-2.jpg,ok,teachinghistory-website/static/files/media/video/thumbs/twhp-2.jpg
teachinghistory-website/content/best-practices/using-primary-sources/teaching-with-historic-places.md,22432,Teaching with Historic Places,inline,body,/files/media/video/thumbs/twhp-3.jpg,ok,teachinghistory-website/static/files/media/video/thumbs/twhp-3.jpg
teachinghistory-website/content/best-practices/using-primary-sources/teaching-with-historic-places.md,22432,Teaching with Historic Places,inline,body,/files/media/video/thumbs/twhp-4.jpg,ok,teachinghistory-website/static/files/media/video/thumbs/twhp-4.jpg
teachinghistory-website/content/best-practices/using-primary-sources/teaching-with-monuments-and-memorials.md,24079,Teaching with Monuments and Memorials,card,splash_image,/files/monuments.jpg,ok,teachinghistory-website/static/files/monuments.jpg
teachinghistory-website/content/best-practices/using-primary-sources/teaching-with-monuments-and-memorials.md,24079,Teaching with Monuments and Memorials,author,author_image,/files/author_image/Percoco_author_0.jpg,ok,teachinghistory-website/static/files/author_image/Percoco_author_0.jpg
teachinghistory-website/content/best-practices/using-primary-sources/teaching-with-monuments-and-memorials.md,24079,Teaching with Monuments and Memorials,inline,body,/files/media/video/thumbs/UPS_Jim1.jpg,ok,teachinghistory-website/static/files/media/video/thumbs/UPS_Jim1.jpg
teachinghistory-website/content/best-practices/using-primary-sources/teaching-with-monuments-and-memorials.md,24079,Teaching with Monuments and Memorials,inline,body,/files/media/video/thumbs/UPS_Jim2.jpg,ok,teachinghistory-website/static/files/media/video/thumbs/UPS_Jim2.jpg
teachinghistory-website/content/best-practices/using-primary-sources/teaching-with-monuments-and-memorials.md,24079,Teaching with Monuments and Memorials,inline,body,/files/media/video/thumbs/UPS_Jim3.jpg,ok,teachinghistory-website/static/files/media/video/thumbs/UPS_Jim3.jpg
teachinghistory-website/content/best-practices/using-primary-sources/teaching-with-monuments-and-memorials.md,24079,Teaching with Monuments and Memorials,inline,body,/files/media/video/thumbs/UPS_Jim4.jpg,ok,teachinghistory-website/static/files/media/video/thumbs/UPS_Jim4.jpg
teachinghistory-website/content/best-practices/using-primary-sources/teaching-with-museum-collections.md,19435,Teaching with Museum Collections,card,splash_image,/files/TwMC-Splash.jpg,ok,teachinghistory-website/static/files/TwMC-Splash.jpg
teachinghistory-website/content/best-practices/using-primary-sources/the-civil-war-in-art-teaching-and-learning-through-chicago-collections.md,25742,The Civil War in Art: Teaching and Learning Through Chicago Collections,card,splash_image,/files/bannersplash.jpg,ok,teachinghistory-website/static/files/bannersplash.jpg
teachinghistory-website/content/best-practices/using-primary-sources/the-thomas-jefferson-building-secret-messages.md,25774,The Thomas Jefferson Building: Secret Messages,card,splash_image,/files/screen-shot-2012-12-10-at-12.55.55-pm.jpg,ok,teachinghistory-website/static/files/screen-shot-2012-12-10-at-12.55.55-pm.jpg
teachinghistory-website/content/best-practices/using-primary-sources/thinking-like-a-historian.md,25226,Thinking Like a Historian,card,splash_image,/files/thinkinglikehistoriansplash.jpg,ok,teachinghistory-website/static/files/thinkinglikehistoriansplash.jpg
teachinghistory-website/content/best-practices/using-primary-sources/why-historical-thinking-matters.md,24529,Why Historical Thinking Matters,card,splash_image,/files/upssplash.jpg,ok,teachinghistory-website/static/files/upssplash.jpg
teachinghistory-website/content/blog/150-years-ago-today.md,24465,150 Years Ago Today...,card,splash_image,/files/splash-blog-sesqui11.jpg,ok,teachinghistory-website/static/files/splash-blog-sesqui11.jpg
teachinghistory-website/content/blog/2009-horizon-report-emerging-technologies-in-higher-education.md,20712,2009 Horizon Report: Emerging Technologies in Higher Education,card,,,fallback_no_image,
teachinghistory-website/content/blog/236-years-since-the-boston-tea-party.md,23603,236 Years Since the Boston Tea Party,card,image,/files/Tea_Party.jpg,ok,teachinghistory-website/static/files/Tea_Party.jpg
teachinghistory-website/content/blog/a-day-on-not-a-day-off.md,24456,"A Day On, Not a Day Off",card,splash_image,/files/splash-mlk-dosblog.jpg,ok,teachinghistory-website/static/files/splash-mlk-dosblog.jpg
teachinghistory-website/content/blog/a-history-institute-for-teachers.md,19270,A History Institute for Teachers,card,,,fallback_no_image,
teachinghistory-website/content/blog/a-national-plan-for-educational-technology.md,23672,A National Plan for Educational Technology,card,image,/files/KarenCator.jpg,ok,teachinghistory-website/static/files/KarenCator.jpg
teachinghistory-website/content/blog/a-new-look-at-abraham-lincoln.md,20291,A New Look at Abraham Lincoln,card,image,/files/02-18_full.jpg,ok,teachinghistory-website/static/files/02-18_full.jpg
teachinghistory-website/content/blog/a-push-in-the-right-direction.md,25686,“A Push” in the Right Direction,card,splash_image,/files/tweetsplash.jpg,ok,teachinghistory-website/static/files/tweetsplash.jpg
teachinghistory-website/content/blog/a-push-in-the-right-direction.md,25686,“A Push” in the Right Direction,author,author_image,/files/author_image/author_campbell.png,ok,teachinghistory-website/static/files/author_image/author_campbell.png
teachinghistory-website/content/blog/a-roundup-of-resources.md,23602,A Roundup of Resources,card,image,/files/teachers.jpg,ok,teachinghistory-website/static/files/teachers.jpg
teachinghistory-website/content/blog/abraham-lincoln-vampire-hunter.md,25664,"Abraham Lincoln, Vampire Hunter?",card,splash_image,/files/splash-blog-alvh.jpg,ok,teachinghistory-website/static/files/splash-blog-alvh.jpg
teachinghistory-website/content/blog/adams-family-papers-letters-behind-an-hbo-miniseries.md,19126,Adams Family Papers: Letters Behind an HBO Miniseries,card,,,fallback_no_image,
teachinghistory-website/content/blog/african-american-history-month-2011.md,24502,African American History Month 2011,card,splash_image,/files/splash-blog-aa2011.jpg,ok,teachinghistory-website/static/files/splash-blog-aa2011.jpg
teachinghistory-website/content/blog/african-american-history-month-2011.md,24502,African American History Month 2011,inline,body,/files/image-blog-afamer11-2.jpg,ok,teachinghistory-website/static/files/image-blog-afamer11-2.jpg
teachinghistory-website/content/blog/american-civil-war-center-at-historic-tredegar-launches-education-web-companion.md,19122,American Civil War Center at Historic Tredegar Launches Education Web Companion,card,,,fallback_no_image,
teachinghistory-website/content/blog/american-experience-we-shall-remain.md,21827,American Experience: We Shall Remain,card,image,/files/006.jpg,ok,teachinghistory-website/static/files/006.jpg
teachinghistory-website/content/blog/amy-burvalls-life-as-a-technotroubadour.md,25182,Amy Burvall's Life as a TechnoTroubadour,card,splash_image,/files/historymusicsplash.jpg,ok,teachinghistory-website/static/files/historymusicsplash.jpg
teachinghistory-website/content/blog/amy-burvalls-life-as-a-technotroubadour.md,25182,Amy Burvall's Life as a TechnoTroubadour,author,author_image,/files/author_image/mail.jpeg,ok,teachinghistory-website/static/files/author_image/mail.jpeg
teachinghistory-website/content/blog/amy-burvalls-life-as-a-technotroubadour.md,25182,Amy Burvall's Life as a TechnoTroubadour,inline,body,/files/untitled4.jpg,ok,teachinghistory-website/static/files/untitled4.jpg
teachinghistory-website/content/blog/amy-burvalls-life-as-a-technotroubadour.md,25182,Amy Burvall's Life as a TechnoTroubadour,inline,body,/files/untitled3.jpg,ok,teachinghistory-website/static/files/untitled3.jpg
teachinghistory-website/content/blog/amy-trenkle-on-experiencing-the-first-amendment.md,24273,Amy Trenkle on Experiencing the First Amendment,card,splash_image,/files/splash-blog-atcd.jpg,ok,teachinghistory-website/static/files/splash-blog-atcd.jpg
teachinghistory-website/content/blog/amy-trenkle-on-experiencing-the-first-amendment.md,24273,Amy Trenkle on Experiencing the First Amendment,author,author_image,/files/author_image/13eb508.jpg,ok,teachinghistory-website/static/files/author_image/13eb508.jpg
teachinghistory-website/content/blog/amy-trenkle-on-experiencing-the-first-amendment.md,24273,Amy Trenkle on Experiencing the First Amendment,inline,body,/files/image-blog-1stACD-group.jpg,ok,teachinghistory-website/static/files/image-blog-1stACD-group.jpg
teachinghistory-website/content/blog/amy-trenkle-on-experiencing-the-first-amendment.md,24273,Amy Trenkle on Experiencing the First Amendment,inline,body,/files/image-blog-1stACD-taylor.jpg,ok,teachinghistory-website/static/files/image-blog-1stACD-taylor.jpg
teachinghistory-website/content/blog/amy-trenkle-on-experiencing-the-first-amendment.md,24273,Amy Trenkle on Experiencing the First Amendment,inline,body,/files/image-blog-1stACD-virgil.jpg,ok,teachinghistory-website/static/files/image-blog-1stACD-virgil.jpg
teachinghistory-website/content/blog/amy-trenkle-on-experiencing-the-first-amendment.md,24273,Amy Trenkle on Experiencing the First Amendment,inline,body,/files/image-blog-1stACD-ashley_0.jpg,ok,teachinghistory-website/static/files/image-blog-1stACD-ashley_0.jpg
teachinghistory-website/content/blog/amy-trenkle-on-glogging-class-greats.md,24841,Amy Trenkle on Glogging Class Greats,card,splash_image,/files/splash-blog-glogs.jpg,ok,teachinghistory-website/static/files/splash-blog-glogs.jpg
teachinghistory-website/content/blog/amy-trenkle-on-glogging-class-greats.md,24841,Amy Trenkle on Glogging Class Greats,author,author_image,/files/author_image/Amy_Trenkle.jpg,ok,teachinghistory-website/static/files/author_image/Amy_Trenkle.jpg
teachinghistory-website/content/blog/amy-trenkle-on-glogging-class-greats.md,24841,Amy Trenkle on Glogging Class Greats,inline,body,/files/image-blog-daisy4_0.jpg,ok,teachinghistory-website/static/files/image-blog-daisy4_0.jpg
teachinghistory-website/content/blog/amy-trenkle-on-glogging-class-greats.md,24841,Amy Trenkle on Glogging Class Greats,inline,body,/files/image-blog-daisy3_0.jpg,ok,teachinghistory-website/static/files/image-blog-daisy3_0.jpg
teachinghistory-website/content/blog/amy-trenkle-on-glogging-class-greats.md,24841,Amy Trenkle on Glogging Class Greats,inline,body,/files/image-blog-dorie2_0.jpg,ok,teachinghistory-website/static/files/image-blog-dorie2_0.jpg
teachinghistory-website/content/blog/amy-trenkle-on-glogging-class-greats.md,24841,Amy Trenkle on Glogging Class Greats,inline,body,/files/image-blog-daisy2.jpg,ok,teachinghistory-website/static/files/image-blog-daisy2.jpg
teachinghistory-website/content/blog/amy-trenkle-on-glogging-class-greats.md,24841,Amy Trenkle on Glogging Class Greats,inline,body,/files/image-blog-dorie3_0.jpg,ok,teachinghistory-website/static/files/image-blog-dorie3_0.jpg
teachinghistory-website/content/blog/amy-trenkle-on-interactive-whiteboards.md,24588,Amy Trenkle on Interactive Whiteboards,card,splash_image,/files/whiteboardsplash.jpg,ok,teachinghistory-website/static/files/whiteboardsplash.jpg
teachinghistory-website/content/blog/amy-trenkle-on-interactive-whiteboards.md,24588,Amy Trenkle on Interactive Whiteboards,author,author_image,/files/author_image/Amy_Trenkle.jpg,ok,teachinghistory-website/static/files/author_image/Amy_Trenkle.jpg
teachinghistory-website/content/blog/amy-trenkle-on-national-history-dayits-more-than-just-a-dayand-its-more-than-just-history.md,24695,Amy Trenkle on National History Day—It's More than Just a Day…and It's More than Just History,card,splash_image,/files/splash-blog-nhd2011.jpg,ok,teachinghistory-website/static/files/splash-blog-nhd2011.jpg
teachinghistory-website/content/blog/amy-trenkle-on-national-history-dayits-more-than-just-a-dayand-its-more-than-just-history.md,24695,Amy Trenkle on National History Day—It's More than Just a Day…and It's More than Just History,author,author_image,/files/author_image/Amy_Trenkle_0.jpg,ok,teachinghistory-website/static/files/author_image/Amy_Trenkle_0.jpg
teachinghistory-website/content/blog/amy-trenkles-be-the-blogger.md,24435,Amy Trenkle's Be the Blogger!,card,splash_image,/files/splash-blog-atblogging.jpg,ok,teachinghistory-website/static/files/splash-blog-atblogging.jpg
teachinghistory-website/content/blog/amy-trenkles-be-the-blogger.md,24435,Amy Trenkle's Be the Blogger!,author,author_image,/files/author_image/13eb508_0_0.jpg,ok,teachinghistory-website/static/files/author_image/13eb508_0_0.jpg
teachinghistory-website/content/blog/amy-trenkles-be-the-blogger.md,24435,Amy Trenkle's Be the Blogger!,inline,body,/files/image-blog-atblogging1_0.jpg,ok,teachinghistory-website/static/files/image-blog-atblogging1_0.jpg
teachinghistory-website/content/blog/amy-trenkles-columbus-in-the-capital.md,24296,Amy Trenkle's Columbus in the Capital,card,splash_image,/files/splash-blog-at-columbus.jpg,ok,teachinghistory-website/static/files/splash-blog-at-columbus.jpg
teachinghistory-website/content/blog/amy-trenkles-columbus-in-the-capital.md,24296,Amy Trenkle's Columbus in the Capital,author,author_image,/files/author_image/13eb508_0.jpg,ok,teachinghistory-website/static/files/author_image/13eb508_0.jpg
teachinghistory-website/content/blog/amy-trenkles-columbus-in-the-capital.md,24296,Amy Trenkle's Columbus in the Capital,inline,body,/files/blog-at-columbus2.jpg,ok,teachinghistory-website/static/files/blog-at-columbus2.jpg
teachinghistory-website/content/blog/amy-trenkles-columbus-in-the-capital.md,24296,Amy Trenkle's Columbus in the Capital,inline,body,/files/blog-at-columbus3.jpg,ok,teachinghistory-website/static/files/blog-at-columbus3.jpg
teachinghistory-website/content/blog/amy-trenkles-columbus-in-the-capital.md,24296,Amy Trenkle's Columbus in the Capital,inline,body,/files/blog-at-columbus6.jpg,ok,teachinghistory-website/static/files/blog-at-columbus6.jpg
teachinghistory-website/content/blog/amy-trenkles-columbus-in-the-capital.md,24296,Amy Trenkle's Columbus in the Capital,inline,body,/files/blog-at-columbus5.jpg,ok,teachinghistory-website/static/files/blog-at-columbus5.jpg
teachinghistory-website/content/blog/an-ear-for-the-past-the-national-jukebox.md,24817,An Ear for the Past: The National Jukebox,card,splash_image,/files/splash-blog-nationaljukebox.jpg,ok,teachinghistory-website/static/files/splash-blog-nationaljukebox.jpg
teachinghistory-website/content/blog/another-kind-of-american-idol.md,21739,Another Kind of American Idol,card,splash_image,/files/flagsplash.jpg,ok,teachinghistory-website/static/files/flagsplash.jpg
teachinghistory-website/content/blog/anthony-pellegrino-let-the-music-playin-our-classrooms.md,24344,Anthony Pellegrino: Let the Music Play!...in Our Classrooms,card,splash_image,/files/splash-blog-ap-music1.jpg,ok,teachinghistory-website/static/files/splash-blog-ap-music1.jpg
teachinghistory-website/content/blog/anthony-pellegrino-let-the-music-playin-our-classrooms.md,24344,Anthony Pellegrino: Let the Music Play!...in Our Classrooms,author,author_image,/files/author_image/Pellegrino_Image.jpg,ok,teachinghistory-website/static/files/author_image/Pellegrino_Image.jpg
teachinghistory-website/content/blog/anthony-pellegrino-let-the-music-playin-our-classrooms.md,24344,Anthony Pellegrino: Let the Music Play!...in Our Classrooms,inline,body,/files/image-blog-ap-music1-2.jpg,ok,teachinghistory-website/static/files/image-blog-ap-music1-2.jpg
teachinghistory-website/content/blog/anthony-pellegrino-on-teaching-segregated-history.md,24714,Anthony Pellegrino on Teaching Segregated History,card,splash_image,/files/splash-blog-segschools.jpg,ok,teachinghistory-website/static/files/splash-blog-segschools.jpg
teachinghistory-website/content/blog/anthony-pellegrino-on-teaching-segregated-history.md,24714,Anthony Pellegrino on Teaching Segregated History,author,author_image,/files/author_image/Pellegrino_Image_4.jpg,ok,teachinghistory-website/static/files/author_image/Pellegrino_Image_4.jpg
teachinghistory-website/content/blog/anthony-pellegrino-reexamining-pre-service-field-experience.md,24447,Anthony Pellegrino: Reexamining Pre-service Field Experience,card,splash_image,/files/splash-blog-aptechexp1.jpg,ok,teachinghistory-website/static/files/splash-blog-aptechexp1.jpg
teachinghistory-website/content/blog/anthony-pellegrino-reexamining-pre-service-field-experience.md,24447,Anthony Pellegrino: Reexamining Pre-service Field Experience,author,author_image,/files/author_image/Pellegrino_Image_0.jpg,ok,teachinghistory-website/static/files/author_image/Pellegrino_Image_0.jpg
teachinghistory-website/content/blog/anthony-pellegrinos-classroom-simulations-begin-with-paris.md,24596,Anthony Pellegrino's Classroom Simulations: Begin with Paris,card,splash_image,/files/parissplash.jpg,ok,teachinghistory-website/static/files/parissplash.jpg
teachinghistory-website/content/blog/anthony-pellegrinos-classroom-simulations-begin-with-paris.md,24596,Anthony Pellegrino's Classroom Simulations: Begin with Paris,author,author_image,/files/author_image/Pellegrino_Image_2.jpg,ok,teachinghistory-website/static/files/author_image/Pellegrino_Image_2.jpg
teachinghistory-website/content/blog/anthony-pellegrinos-into-the-weeds-harnessing-the-power-of-music-to-teach-social-studies.md,24532,Anthony Pellegrino's Into the Weeds: Harnessing the Power of Music to Teach Social Studies,card,splash_image,/files/splash-blog-apmusic23.jpg,ok,teachinghistory-website/static/files/splash-blog-apmusic23.jpg
teachinghistory-website/content/blog/anthony-pellegrinos-into-the-weeds-harnessing-the-power-of-music-to-teach-social-studies.md,24532,Anthony Pellegrino's Into the Weeds: Harnessing the Power of Music to Teach Social Studies,author,author_image,/files/author_image/Pellegrino_Image_1.jpg,ok,teachinghistory-website/static/files/author_image/Pellegrino_Image_1.jpg
teachinghistory-website/content/blog/anthony-pellegrinos-into-the-weeds-harnessing-the-power-of-music-to-teach-social-studies.md,24532,Anthony Pellegrino's Into the Weeds: Harnessing the Power of Music to Teach Social Studies,inline,body,/files/image-blog-apmusic22.jpg,ok,teachinghistory-website/static/files/image-blog-apmusic22.jpg
teachinghistory-website/content/blog/anthony-pellegrinos-into-the-weeds-harnessing-the-power-of-music-to-teach-social-studies.md,24532,Anthony Pellegrino's Into the Weeds: Harnessing the Power of Music to Teach Social Studies,inline,body,/files/image-blog-apmusic23.jpg,ok,teachinghistory-website/static/files/image-blog-apmusic23.jpg
teachinghistory-website/content/blog/anthony-pellegrinos-teaching-with-class-in-mind.md,24677,Anthony Pellegrino's Teaching with Class in Mind,card,splash_image,/files/classsongssplash.jpg,ok,teachinghistory-website/static/files/classsongssplash.jpg
teachinghistory-website/content/blog/anthony-pellegrinos-teaching-with-class-in-mind.md,24677,Anthony Pellegrino's Teaching with Class in Mind,author,author_image,/files/author_image/Pellegrino_Image_3.jpg,ok,teachinghistory-website/static/files/author_image/Pellegrino_Image_3.jpg
teachinghistory-website/content/blog/architecture-as-a-primary-source-in-the-classroom.md,19085,Architecture as a Primary Source in the Classroom,card,,,fallback_no_image,
teachinghistory-website/content/blog/asian-pacific-american-heritage-month-2011.md,24692,Asian Pacific American Heritage Month 2011,card,splash_image,/files/splash-blog-apa2011.jpg,ok,teachinghistory-website/static/files/splash-blog-apa2011.jpg
teachinghistory-website/content/blog/asian-pacific-american-heritage-month-2011.md,24692,Asian Pacific American Heritage Month 2011,inline,body,/files/image-blog-apa2011-2.jpg,ok,teachinghistory-website/static/files/image-blog-apa2011-2.jpg
teachinghistory-website/content/blog/asian-pacific-american-heritage-month-2011.md,24692,Asian Pacific American Heritage Month 2011,inline,body,/files/image-blog-apa2011-3.jpg,ok,teachinghistory-website/static/files/image-blog-apa2011-3.jpg
teachinghistory-website/content/blog/august-1945-hiroshima-and-nagasaki.md,22461,August 1945: Hiroshima and Nagasaki,card,image,/files/hirosh.jpg,ok,teachinghistory-website/static/files/hirosh.jpg
teachinghistory-website/content/blog/black-americans-in-congress.md,19983,Black Americans in Congress,card,image,/files/intro-first-vote-lb.jpg,ok,teachinghistory-website/static/files/intro-first-vote-lb.jpg
teachinghistory-website/content/blog/bookmark-this-america-the-story-of-us-on-history-channel.md,23967,"Bookmark This! America, the Story of Us on History Channel",card,image,/files/storyofus.jpg,ok,teachinghistory-website/static/files/storyofus.jpg
teachinghistory-website/content/blog/bookmark-this-beneath-the-surface-of-wikipedia.md,22028,Bookmark This! Beneath the Surface of Wikipedia,card,image,/files/wikip.jpg,ok,teachinghistory-website/static/files/wikip.jpg
teachinghistory-website/content/blog/bookmark-this-blogs-for-history-teachers-worth-a-visit.md,22442,Bookmark This! Blogs for History Teachers Worth a Visit,card,image,/files/cigar.jpg,ok,teachinghistory-website/static/files/cigar.jpg
teachinghistory-website/content/blog/bookmark-this-contests-for-students-and-teachers.md,23710,Bookmark This! Contests for Students and Teachers,card,image,/files/teachofyr.jpg,ok,teachinghistory-website/static/files/teachofyr.jpg
teachinghistory-website/content/blog/bookmark-this-free-maps.md,22929,Bookmark This! Free Maps!,card,image,/files/map4.jpg,ok,teachinghistory-website/static/files/map4.jpg
teachinghistory-website/content/blog/bookmark-this-gilder-lehrmans-history-now.md,22907,Bookmark This! Gilder Lehrman's History Now,card,image,/files/home_pic2.jpg,ok,teachinghistory-website/static/files/home_pic2.jpg
teachinghistory-website/content/blog/bookmark-this-google-scholar-finding-the-laws-that-govern-us.md,23571,Bookmark This! Google Scholar: Finding the Laws that Govern Us,card,image,/files/googlelegal.jpg,ok,teachinghistory-website/static/files/googlelegal.jpg
teachinghistory-website/content/blog/bookmark-this-history-and-headlines.md,23530,Bookmark This! History and Headlines,card,image,/files/3-3-cover.jpg,ok,teachinghistory-website/static/files/3-3-cover.jpg
teachinghistory-website/content/blog/bookmark-this-history-sites-on-youtube.md,21953,Bookmark This! History Sites on YouTube,card,image,/files/news.jpg,ok,teachinghistory-website/static/files/news.jpg
teachinghistory-website/content/blog/bookmark-this-new-and-improved-websites-and-lesson-plans.md,22466,Bookmark This! New and Improved Websites and Lesson Plans,card,image,/files/lesliemag.jpg,ok,teachinghistory-website/static/files/lesliemag.jpg
teachinghistory-website/content/blog/bookmark-this-our-courts-especially-for-middle-school-students.md,22482,Bookmark This! Our Courts Especially for Middle School Students,card,image,/files/civics.jpg,ok,teachinghistory-website/static/files/civics.jpg
teachinghistory-website/content/blog/bookmark-this-resources-for-movie-friday.md,21892,Bookmark This! Resources for Movie Friday,card,,,fallback_no_image,
teachinghistory-website/content/blog/bookmark-this-teacher-resources-at-the-library-of-congress.md,22366,Bookmark This! Teacher Resources at the Library of Congress,card,image,/files/loc1.jpg,ok,teachinghistory-website/static/files/loc1.jpg
teachinghistory-website/content/blog/bookmark-this-teachers-teens-and-technology.md,24065,"Bookmark This! Teachers, Teens, and Technology",card,image,/files/et.jpg,ok,teachinghistory-website/static/files/et.jpg
teachinghistory-website/content/blog/bookmark-this-teaching-mexican-american-history-with-the-bracero-program.md,22879,Bookmark This! Teaching Mexican American History with the Bracero Program,card,image,/files/bracero.jpg,ok,teachinghistory-website/static/files/bracero.jpg
teachinghistory-website/content/blog/bookmark-this-virtual-fieldtrips.md,22950,Bookmark This! Virtual Fieldtrips,card,image,/files/annf_0.jpg,ok,teachinghistory-website/static/files/annf_0.jpg
teachinghistory-website/content/blog/bookmark-this-world-war-ii-interactive-collection-free-from-footnote-december-only.md,23632,Bookmark This! World War II Interactive Collection: Free From Footnote (December only),card,image,/files/footnote.jpg,ok,teachinghistory-website/static/files/footnote.jpg
teachinghistory-website/content/blog/bring-the-national-parks-americas-best-idea-into-the-classroom.md,23431,"Bring ""The National Parks: America's Best Idea"" into the Classroom",card,image,/files/natlpark.jpg,ok,teachinghistory-website/static/files/natlpark.jpg
teachinghistory-website/content/blog/bringing-national-parks-into-the-classroom.md,19549,Bringing National Parks into the Classroom,card,,,fallback_no_image,
teachinghistory-website/content/blog/bringing-primary-sources-into-the-classroom.md,23898,Bringing Primary Sources into the Classroom,card,image,/files/CaseFileDrawer_0.jpg,ok,teachinghistory-website/static/files/CaseFileDrawer_0.jpg
teachinghistory-website/content/blog/chronicling-america-newspaper-site-adds-more-pages-features.md,19123,"Chronicling America Newspaper Site Adds More Pages, Features",card,,,fallback_no_image,
teachinghistory-website/content/blog/cintia-cabibs-interdisciplinary-gardening.md,24668,Cintia Cabib's Interdisciplinary Gardening,card,splash_image,/files/gardeningsplash.jpg,ok,teachinghistory-website/static/files/gardeningsplash.jpg
teachinghistory-website/content/blog/cintia-cabibs-interdisciplinary-gardening.md,24668,Cintia Cabib's Interdisciplinary Gardening,author,author_image,/files/author_image/cintiacabibheadshot.jpg,ok,teachinghistory-website/static/files/author_image/cintiacabibheadshot.jpg
teachinghistory-website/content/blog/civil-rights-history-project-a-new-initiative.md,19825,Civil Rights History Project: A New Initiative,card,,,fallback_no_image,
teachinghistory-website/content/blog/civil-war-poster.md,25105,Civil War Poster!,card,splash_image,/files/cw-poster-large.jpg,ok,teachinghistory-website/static/files/cw-poster-large.jpg
teachinghistory-website/content/blog/classroom-resources-presidential-inaugurals.md,20576,Classroom Resources: Presidential Inaugurals,card,image,/files/President1.jpg,ok,teachinghistory-website/static/files/President1.jpg
teachinghistory-website/content/blog/comic-books-in-the-history-classroom.md,24707,Comic Books in the History Classroom,card,splash_image,/files/FourFavoritesSplash.jpg,ok,teachinghistory-website/static/files/FourFavoritesSplash.jpg
teachinghistory-website/content/blog/comic-books-in-the-history-classroom.md,24707,Comic Books in the History Classroom,author,author_image,/files/author_image/ThO_1.jpg,ok,teachinghistory-website/static/files/author_image/ThO_1.jpg
teachinghistory-website/content/blog/comic-books-in-the-history-classroom.md,24707,Comic Books in the History Classroom,inline,body,/files/speedy-does-drugsImage.jpg,ok,teachinghistory-website/static/files/speedy-does-drugsImage.jpg
teachinghistory-website/content/blog/comic-books-in-the-history-classroom.md,24707,Comic Books in the History Classroom,inline,body,/files/comiccodeImage.jpg,ok,teachinghistory-website/static/files/comiccodeImage.jpg
teachinghistory-website/content/blog/comic-books-in-the-history-classroom.md,24707,Comic Books in the History Classroom,inline,body,/files/SheenaImage.jpg,ok,teachinghistory-website/static/files/SheenaImage.jpg
teachinghistory-website/content/blog/comic-books-in-the-history-classroom.md,24707,Comic Books in the History Classroom,inline,body,/files/FreddyMarvelImage.jpg,ok,teachinghistory-website/static/files/FreddyMarvelImage.jpg
teachinghistory-website/content/blog/comic-books-in-the-history-classroom.md,24707,Comic Books in the History Classroom,inline,body,/files/CapHitlerImage.jpg,ok,teachinghistory-website/static/files/CapHitlerImage.jpg
teachinghistory-website/content/blog/comment-period-begins-on-changes-to-selection-criteria-for-teaching-american-history-grants.md,20296,Comment Period Begins on Changes to Selection Criteria for Teaching American History Grants,card,,,fallback_no_image,
teachinghistory-website/content/blog/conference-going-for-the-educational-professional.md,24469,Conference-going for the Educational Professional,card,splash_image,/files/splash-blog-conferences11.jpg,ok,teachinghistory-website/static/files/splash-blog-conferences11.jpg
teachinghistory-website/content/blog/constitution-day-2010.md,24230,Constitution Day 2010,card,splash_image,/files/splash-blog-cd10.jpg,ok,teachinghistory-website/static/files/splash-blog-cd10.jpg
teachinghistory-website/content/blog/constitution-day-2012-founding-documents.md,25715,Constitution Day 2012: Founding Documents,card,splash_image,/files/splash-cd12.jpg,ok,teachinghistory-website/static/files/splash-cd12.jpg
teachinghistory-website/content/blog/constitution-day-2012-founding-documents.md,25715,Constitution Day 2012: Founding Documents,inline,body,/files/cdspotlight.jpg,ok,teachinghistory-website/static/files/cdspotlight.jpg
teachinghistory-website/content/blog/copyright-finding-images-to-tell-the-story-of-history.md,24592,Copyright: Finding Images to Tell the Story of History,card,splash_image,/files/splash-blog-copy.jpg,ok,teachinghistory-website/static/files/splash-blog-copy.jpg
teachinghistory-website/content/blog/copyright-finding-images-to-tell-the-story-of-history.md,24592,Copyright: Finding Images to Tell the Story of History,inline,body,/files/image-blog-copy2.jpg,ok,teachinghistory-website/static/files/image-blog-copy2.jpg
teachinghistory-website/content/blog/copyright-finding-images-to-tell-the-story-of-history.md,24592,Copyright: Finding Images to Tell the Story of History,inline,body,/files/image-blog-copy3.jpg,ok,teachinghistory-website/static/files/image-blog-copy3.jpg
teachinghistory-website/content/blog/copyright-finding-images-to-tell-the-story-of-history.md,24592,Copyright: Finding Images to Tell the Story of History,inline,body,/files/image-blog-copy5.jpg,ok,teachinghistory-website/static/files/image-blog-copy5.jpg
teachinghistory-website/content/blog/department-of-education-announces-tah-grant-awards.md,22431,Department of Education Announces TAH Grant Awards,card,,,fallback_no_image,
teachinghistory-website/content/blog/department-of-education-publishes-2009-teaching-american-history-grant-notice.md,20536,Department of Education Publishes 2009 Teaching American History Grant Notice,card,,,fallback_no_image,
teachinghistory-website/content/blog/diana-laufenberg-on-teaching-history-thematically.md,24585,Diana Laufenberg on Teaching History Thematically,card,splash_image,/files/thematicsplash_0.jpg,ok,teachinghistory-website/static/files/thematicsplash_0.jpg
teachinghistory-website/content/blog/diana-laufenberg-on-teaching-history-thematically.md,24585,Diana Laufenberg on Teaching History Thematically,author,author_image,/files/author_image/dlaufenberg1_0.jpg,ok,teachinghistory-website/static/files/author_image/dlaufenberg1_0.jpg
teachinghistory-website/content/blog/diana-laufenberg-on-the-power-of-visuals.md,24716,Diana Laufenberg on the Power of Visuals,card,splash_image,/files/splash-blog-dlvisual.jpg,ok,teachinghistory-website/static/files/splash-blog-dlvisual.jpg
teachinghistory-website/content/blog/diana-laufenberg-on-the-power-of-visuals.md,24716,Diana Laufenberg on the Power of Visuals,author,author_image,/files/author_image/dlaufenberg1_1.jpg,ok,teachinghistory-website/static/files/author_image/dlaufenberg1_1.jpg
teachinghistory-website/content/blog/dozens-of-distinctive-destinations.md,19433,Dozens of Distinctive Destinations,card,,,fallback_no_image,
teachinghistory-website/content/blog/elizabeth-glynn-on-personal-tablet-computers.md,25152,Elizabeth Glynn on Personal Tablet Computers,card,splash_image,/files/tabletsplash.jpg,ok,teachinghistory-website/static/files/tabletsplash.jpg
teachinghistory-website/content/blog/elizabeth-glynn-on-personal-tablet-computers.md,25152,Elizabeth Glynn on Personal Tablet Computers,author,author_image,/files/author_image/author-glynn_0.jpg,ok,teachinghistory-website/static/files/author_image/author-glynn_0.jpg
teachinghistory-website/content/blog/elizabeth-glynn-on-using-art-to-create-interdisciplinary-classrooms.md,24980,Elizabeth Glynn on Using Art to Create Interdisciplinary Classrooms,card,splash_image,/files/elizabethglynnon432x240.jpg,ok,teachinghistory-website/static/files/elizabethglynnon432x240.jpg
teachinghistory-website/content/blog/elizabeth-glynn-on-using-art-to-create-interdisciplinary-classrooms.md,24980,Elizabeth Glynn on Using Art to Create Interdisciplinary Classrooms,author,author_image,/files/author_image/author-glynn_1.jpg,ok,teachinghistory-website/static/files/author_image/author-glynn_1.jpg
teachinghistory-website/content/blog/elizabeth-glynn-on-using-art-to-create-interdisciplinary-classrooms.md,24980,Elizabeth Glynn on Using Art to Create Interdisciplinary Classrooms,inline,body,/files/usingartto150x113b.jpg,ok,teachinghistory-website/static/files/usingartto150x113b.jpg
teachinghistory-website/content/blog/elizabeth-glynn-on-using-art-to-create-interdisciplinary-classrooms.md,24980,Elizabeth Glynn on Using Art to Create Interdisciplinary Classrooms,inline,body,/files/usingarttovocab.jpg,ok,teachinghistory-website/static/files/usingarttovocab.jpg
teachinghistory-website/content/blog/elizabeth-glynn-on-using-art-to-create-interdisciplinary-classrooms.md,24980,Elizabeth Glynn on Using Art to Create Interdisciplinary Classrooms,inline,body,/files/usingarttoworksheet1_1.jpg,ok,teachinghistory-website/static/files/usingarttoworksheet1_1.jpg
teachinghistory-website/content/blog/elizabeth-glynn-on-using-art-to-create-interdisciplinary-classrooms.md,24980,Elizabeth Glynn on Using Art to Create Interdisciplinary Classrooms,inline,body,/files/usingarttomoodword.jpg,ok,teachinghistory-website/static/files/usingarttomoodword.jpg
teachinghistory-website/content/blog/elizabeth-glynn-on-using-art-to-create-interdisciplinary-classrooms.md,24980,Elizabeth Glynn on Using Art to Create Interdisciplinary Classrooms,inline,body,/files/usingarttochoice.jpg,ok,teachinghistory-website/static/files/usingarttochoice.jpg
teachinghistory-website/content/blog/elizabeth-glynn-on-using-art-to-create-interdisciplinary-classrooms.md,24980,Elizabeth Glynn on Using Art to Create Interdisciplinary Classrooms,inline,body,/files/usingarttoelements.jpg,ok,teachinghistory-website/static/files/usingarttoelements.jpg
teachinghistory-website/content/blog/elizabeth-glynn-on-using-art-to-create-interdisciplinary-classrooms.md,24980,Elizabeth Glynn on Using Art to Create Interdisciplinary Classrooms,inline,body,/files/usingarttosynthesis.jpg,ok,teachinghistory-website/static/files/usingarttosynthesis.jpg
teachinghistory-website/content/blog/elizabeth-glynn-on-using-art-to-create-interdisciplinary-classrooms.md,24980,Elizabeth Glynn on Using Art to Create Interdisciplinary Classrooms,inline,body,/files/usingarttoconnection.jpg,ok,teachinghistory-website/static/files/usingarttoconnection.jpg
teachinghistory-website/content/blog/elizabeth-glynns-student-led-monuments-and-memorials-tour.md,24979,Elizabeth Glynn's Student-Led Monuments and Memorials Tour,card,splash_image,/files/elizabethglynnsstudent432x240.jpg,ok,teachinghistory-website/static/files/elizabethglynnsstudent432x240.jpg
teachinghistory-website/content/blog/elizabeth-glynns-student-led-monuments-and-memorials-tour.md,24979,Elizabeth Glynn's Student-Led Monuments and Memorials Tour,author,author_image,/files/author_image/author-glynn.jpg,ok,teachinghistory-website/static/files/author_image/author-glynn.jpg
teachinghistory-website/content/blog/elizabeth-schaefer-on-a-new-approach-to-president-lincoln.md,25047,Elizabeth Schaefer on a New Approach to President Lincoln,card,splash_image,/files/splash-blog-lslc.jpg,ok,teachinghistory-website/static/files/splash-blog-lslc.jpg
teachinghistory-website/content/blog/elizabeth-schaefer-on-a-new-approach-to-president-lincoln.md,25047,Elizabeth Schaefer on a New Approach to President Lincoln,author,author_image,/files/author_image/Author_Photo_Elizabeth_Schaefer_75x75_0.jpg,ok,teachinghistory-website/static/files/author_image/Author_Photo_Elizabeth_Schaefer_75x75_0.jpg
teachinghistory-website/content/blog/elizabeth-schaefer-on-facebook-in-the-classroom.md,24715,Elizabeth Schaefer on Facebook in the Classroom,card,splash_image,/files/splash-blog-facebook.jpg,ok,teachinghistory-website/static/files/splash-blog-facebook.jpg
teachinghistory-website/content/blog/elizabeth-schaefer-on-facebook-in-the-classroom.md,24715,Elizabeth Schaefer on Facebook in the Classroom,author,author_image,/files/author_image/Author_Photo_Elizabeth_Schaefer_75x75_0_1.jpg,ok,teachinghistory-website/static/files/author_image/Author_Photo_Elizabeth_Schaefer_75x75_0_1.jpg
teachinghistory-website/content/blog/elizabeth-schaefer-on-mental-maps-in-american-history.md,24436,Elizabeth Schaefer on Mental Maps in American History,card,splash_image,/files/splash-blog-mentmap.jpg,ok,teachinghistory-website/static/files/splash-blog-mentmap.jpg
teachinghistory-website/content/blog/elizabeth-schaefer-on-mental-maps-in-american-history.md,24436,Elizabeth Schaefer on Mental Maps in American History,author,author_image,/files/author_image/Author_Photo_Elizabeth_Schaefer_75x75_0.jpg,ok,teachinghistory-website/static/files/author_image/Author_Photo_Elizabeth_Schaefer_75x75_0.jpg
teachinghistory-website/content/blog/elizabeth-schaefer-on-mental-maps-in-american-history.md,24436,Elizabeth Schaefer on Mental Maps in American History,inline,body,/files/image-blog-mentalmap1.jpg,ok,teachinghistory-website/static/files/image-blog-mentalmap1.jpg
teachinghistory-website/content/blog/elizabeth-schaefer-on-mental-maps-in-american-history.md,24436,Elizabeth Schaefer on Mental Maps in American History,inline,body,/files/image-blog-mentalmap3.jpg,ok,teachinghistory-website/static/files/image-blog-mentalmap3.jpg
teachinghistory-website/content/blog/elizabeth-schaefer-on-mental-maps-in-american-history.md,24436,Elizabeth Schaefer on Mental Maps in American History,inline,body,/files/image-blog-mentalmap2.jpg,ok,teachinghistory-website/static/files/image-blog-mentalmap2.jpg
teachinghistory-website/content/blog/elizabeth-schaefer-on-mental-maps-in-american-history.md,24436,Elizabeth Schaefer on Mental Maps in American History,inline,body,/files/image-blog-mentalmap4.jpg,ok,teachinghistory-website/static/files/image-blog-mentalmap4.jpg
teachinghistory-website/content/blog/elizabeth-schaefer-on-mental-maps-in-american-history.md,24436,Elizabeth Schaefer on Mental Maps in American History,inline,body,/files/image-blog-mentalmap5.jpg,ok,teachinghistory-website/static/files/image-blog-mentalmap5.jpg
teachinghistory-website/content/blog/elizabeth-schaefer-on-mental-maps-in-american-history.md,24436,Elizabeth Schaefer on Mental Maps in American History,inline,body,/files/image-blog-mentalmap6.jpg,ok,teachinghistory-website/static/files/image-blog-mentalmap6.jpg
teachinghistory-website/content/blog/elizabeth-schaefer-on-mental-maps-in-american-history.md,24436,Elizabeth Schaefer on Mental Maps in American History,inline,body,/files/image-blog-mentalmap7.jpg,ok,teachinghistory-website/static/files/image-blog-mentalmap7.jpg
teachinghistory-website/content/blog/elizabeth-schaefer-on-the-impact-of-911-in-the-classroom.md,24274,Elizabeth Schaefer on the Impact of 9/11 in the Classroom,card,splash_image,/files/24274-original.jpg,ok,teachinghistory-website/static/files/24274-original.jpg
teachinghistory-website/content/blog/elizabeth-schaefer-on-the-impact-of-911-in-the-classroom.md,24274,Elizabeth Schaefer on the Impact of 9/11 in the Classroom,author,author_image,/files/author_image/image-author-lizschaefer.jpg,ok,teachinghistory-website/static/files/author_image/image-author-lizschaefer.jpg
teachinghistory-website/content/blog/elizabeth-schaefer-on-the-interactive-declaration-of-independence.md,24320,Elizabeth Schaefer on the Interactive Declaration of Independence,card,splash_image,/files/splash-schaefer-blog-doiinter.jpg,ok,teachinghistory-website/static/files/splash-schaefer-blog-doiinter.jpg
teachinghistory-website/content/blog/elizabeth-schaefer-on-the-interactive-declaration-of-independence.md,24320,Elizabeth Schaefer on the Interactive Declaration of Independence,author,author_image,/files/author_image/Author_Photo_Elizabeth_Schaefer_75x75.jpg,ok,teachinghistory-website/static/files/author_image/Author_Photo_Elizabeth_Schaefer_75x75.jpg
teachinghistory-website/content/blog/elizabeth-schaefer-on-the-interactive-declaration-of-independence.md,24320,Elizabeth Schaefer on the Interactive Declaration of Independence,inline,body,/files/schaefer-blog-doiinter.jpg,ok,teachinghistory-website/static/files/schaefer-blog-doiinter.jpg
teachinghistory-website/content/blog/elizabeth-schaefer-on-the-interactive-declaration-of-independence.md,24320,Elizabeth Schaefer on the Interactive Declaration of Independence,inline,body,/files/schaefer-blog-doiinter2.jpg,ok,teachinghistory-website/static/files/schaefer-blog-doiinter2.jpg
teachinghistory-website/content/blog/elizabeth-schaefers-vocabulary-in-motion.md,24514,Elizabeth Schaefer's Vocabulary in Motion!,card,splash_image,/files/splash-blog-lsdestiny.jpg,ok,teachinghistory-website/static/files/splash-blog-lsdestiny.jpg
teachinghistory-website/content/blog/elizabeth-schaefers-vocabulary-in-motion.md,24514,Elizabeth Schaefer's Vocabulary in Motion!,author,author_image,/files/author_image/Author_Photo_Elizabeth_Schaefer_75x75_0_0.jpg,ok,teachinghistory-website/static/files/author_image/Author_Photo_Elizabeth_Schaefer_75x75_0_0.jpg
teachinghistory-website/content/blog/especially-for-new-teachers.md,19268,Especially for New Teachers,card,,,fallback_no_image,
teachinghistory-website/content/blog/especially-for-secondary-school-teachers-american-history-on-facebook.md,22928,Especially for Secondary School Teachers: American History on Facebook,card,image,/files/smith.jpg,ok,teachinghistory-website/static/files/smith.jpg
teachinghistory-website/content/blog/especially-for-teachers-annenberg-medias-online-us-history-textbook.md,22562,Especially for Teachers: Annenberg Media's Online U.S. History Textbook,card,splash_image,/files/OnlineText.jpg,ok,teachinghistory-website/static/files/OnlineText.jpg
teachinghistory-website/content/blog/family-history-and-the-1940-census.md,25641,Family History and the 1940 Census,card,splash_image,/files/m-t0627-04286-00005_0.jpg,ok,teachinghistory-website/static/files/m-t0627-04286-00005_0.jpg
teachinghistory-website/content/blog/family-history-and-the-1940-census.md,25641,Family History and the 1940 Census,author,author_image,/files/author_image/alex_author_0.jpg,ok,teachinghistory-website/static/files/author_image/alex_author_0.jpg
teachinghistory-website/content/blog/fee-free-days-for-national-parks.md,25696,Fee Free Days for National Parks,card,splash_image,/files/1845432687_41e382b02c_b.png,ok,teachinghistory-website/static/files/1845432687_41e382b02c_b.png
teachinghistory-website/content/blog/film-review-amelia.md,25653,Film Review: Amelia,card,splash_image,/files/ameliasplash.jpg,ok,teachinghistory-website/static/files/ameliasplash.jpg
teachinghistory-website/content/blog/film-review-amelia.md,25653,Film Review: Amelia,author,author_image,/files/author_image/smith_cla_americanstudies_mar11_hb_bio.jpg,ok,teachinghistory-website/static/files/author_image/smith_cla_americanstudies_mar11_hb_bio.jpg
teachinghistory-website/content/blog/film-review-gods-and-generals.md,25077,Film Review: Gods and Generals,card,splash_image,/files/splash-blog-jahgag.jpg,ok,teachinghistory-website/static/files/splash-blog-jahgag.jpg
teachinghistory-website/content/blog/film-review-gods-and-generals.md,25077,Film Review: Gods and Generals,author,author_image,/files/author_image/author-woodworth.jpg,ok,teachinghistory-website/static/files/author_image/author-woodworth.jpg
teachinghistory-website/content/blog/film-review-iron-jawed-angels.md,25483,Film Review: Iron Jawed Angels,card,splash_image,/files/anglessplash.jpg,ok,teachinghistory-website/static/files/anglessplash.jpg
teachinghistory-website/content/blog/film-review-iron-jawed-angels.md,25483,Film Review: Iron Jawed Angels,author,author_image,/files/author_image/author_bittel_0.jpg,ok,teachinghistory-website/static/files/author_image/author_bittel_0.jpg
teachinghistory-website/content/blog/film-review-john-adams.md,25075,Film Review: John Adams,card,splash_image,/files/johnadamssplash.jpg,ok,teachinghistory-website/static/files/johnadamssplash.jpg
teachinghistory-website/content/blog/film-review-john-adams.md,25075,Film Review: John Adams,author,author_image,/files/author_image/author_photo_kloppenberg.jpg,ok,teachinghistory-website/static/files/author_image/author_photo_kloppenberg.jpg
teachinghistory-website/content/blog/film-review-ken-burnss-jazz.md,24840,Film Review: Ken Burns's Jazz,card,splash_image,/files/splash-blog-jahjazz.jpg,ok,teachinghistory-website/static/files/splash-blog-jahjazz.jpg
teachinghistory-website/content/blog/film-review-ken-burnss-jazz.md,24840,Film Review: Ken Burns's Jazz,author,author_image,/files/author_image/tirro1.jpg,ok,teachinghistory-website/static/files/author_image/tirro1.jpg
teachinghistory-website/content/blog/film-review-pearl-harbor-and-u-571.md,25317,Film Review: Pearl Harbor and U-571,card,splash_image,/files/pearlharborsplash.jpg,ok,teachinghistory-website/static/files/pearlharborsplash.jpg
teachinghistory-website/content/blog/film-review-pearl-harbor-and-u-571.md,25317,Film Review: Pearl Harbor and U-571,author,author_image,/files/author_image/mail_5.jpeg,ok,teachinghistory-website/static/files/author_image/mail_5.jpeg
teachinghistory-website/content/blog/film-review-prohibition.md,25654,Film Review: Prohibition,card,splash_image,/files/prohibitionsplash.jpg,ok,teachinghistory-website/static/files/prohibitionsplash.jpg
teachinghistory-website/content/blog/film-review-prohibition.md,25654,Film Review: Prohibition,author,author_image,/files/author_image/author_hangen_0.jpg,ok,teachinghistory-website/static/files/author_image/author_hangen_0.jpg
teachinghistory-website/content/blog/film-review-the-alamo.md,25160,Film Review: The Alamo,card,splash_image,/files/alamosplash.jpg,ok,teachinghistory-website/static/files/alamosplash.jpg
teachinghistory-website/content/blog/film-review-the-alamo.md,25160,Film Review: The Alamo,author,author_image,/files/author_image/author_photo_corkin.jpg,ok,teachinghistory-website/static/files/author_image/author_photo_corkin.jpg
teachinghistory-website/content/blog/film-review-the-aviator.md,25061,Film Review: The Aviator,card,splash_image,/files/splash-jah-aviator.jpg,ok,teachinghistory-website/static/files/splash-jah-aviator.jpg
teachinghistory-website/content/blog/film-review-the-aviator.md,25061,Film Review: The Aviator,author,author_image,/files/author_image/pic---david-courtwright.jpg,ok,teachinghistory-website/static/files/author_image/pic---david-courtwright.jpg
teachinghistory-website/content/blog/film-review-the-tenth-inning.md,25076,Film Review: The Tenth Inning,card,splash_image,/files/baseballsplash.jpg,ok,teachinghistory-website/static/files/baseballsplash.jpg
teachinghistory-website/content/blog/film-review-the-tenth-inning.md,25076,Film Review: The Tenth Inning,author,author_image,/files/author_image/author_photo_nathan.jpg,ok,teachinghistory-website/static/files/author_image/author_photo_nathan.jpg
teachinghistory-website/content/blog/film-review-titanic.md,24557,Film Review: Titanic,card,splash_image,/files/splash-titanic-jup.jpg,ok,teachinghistory-website/static/files/splash-titanic-jup.jpg
teachinghistory-website/content/blog/finding-professional-development.md,24336,Finding Professional Development,card,splash_image,/files/splash-blog-pd.jpg,ok,teachinghistory-website/static/files/splash-blog-pd.jpg
teachinghistory-website/content/blog/finding-professional-development.md,24336,Finding Professional Development,inline,body,/files/image-blog-pd2.jpg,ok,teachinghistory-website/static/files/image-blog-pd2.jpg
teachinghistory-website/content/blog/flickr-update-the-commons.md,19981,Flickr Update: The Commons,card,image,/files/2486020665_b4b9291ed3.jpg,ok,teachinghistory-website/static/files/2486020665_b4b9291ed3.jpg
teachinghistory-website/content/blog/forty-years-ago-one-giant-leap-for-mankind.md,22394,Forty Years Ago: One Giant Leap for Mankind,card,image,/files/moon.jpg,ok,teachinghistory-website/static/files/moon.jpg
teachinghistory-website/content/blog/from-medieval-europe-to-colonial-america.md,19494,From Medieval Europe to Colonial America,card,,,fallback_no_image,
teachinghistory-website/content/blog/from-the-atlantic-monthly-what-makes-a-great-teacher.md,23820,From the Atlantic Monthly: What Makes a Great Teacher?,card,image,/files/teachforamerica.jpg,ok,teachinghistory-website/static/files/teachforamerica.jpg
teachinghistory-website/content/blog/happy-presidents-day.md,21725,Happy Presidents Day,card,image,/files/gw1772.jpg,ok,teachinghistory-website/static/files/gw1772.jpg
teachinghistory-website/content/blog/highlights-from-the-american-historical-association.md,19267,Highlights from the American Historical Association,card,,,fallback_no_image,
teachinghistory-website/content/blog/hispanic-heritage-month.md,22561,Hispanic Heritage Month,card,image,/files/carillo.jpg,ok,teachinghistory-website/static/files/carillo.jpg
teachinghistory-website/content/blog/historical-thinking-interactive-poster.md,25688,Historical Thinking Interactive Poster!,card,splash_image,/files/screen-shot-2012-08-06-at-1.28.53-pm.png,ok,teachinghistory-website/static/files/screen-shot-2012-08-06-at-1.28.53-pm.png
teachinghistory-website/content/blog/historical-thinking-interactive-poster.md,25688,Historical Thinking Interactive Poster!,author,author_image,/files/author_image/jennifer1_1.jpg,ok,teachinghistory-website/static/files/author_image/jennifer1_1.jpg
teachinghistory-website/content/blog/historical-thinking-poster.md,24174,Historical Thinking Poster!,card,splash_image,/files/ht_splash.jpg,ok,teachinghistory-website/static/files/ht_splash.jpg
teachinghistory-website/content/blog/historical-thinking-poster.md,24174,Historical Thinking Poster!,inline,body,/files/themes/carlisle/images/ht_poster.jpg,missing,teachinghistory-website/static/files/themes/carlisle/images/ht_poster.jpg
teachinghistory-website/content/blog/history-and-art-george-washington-goes-back-to-school.md,14896,History and Art: George Washington Goes Back to School,card,,,fallback_no_image,
teachinghistory-website/content/blog/history-education-news-06-analyzing-images.md,24199,History Education News 06: Analyzing Images,card,image,/files/HEN06.jpg,ok,teachinghistory-website/static/files/HEN06.jpg
teachinghistory-website/content/blog/history-hitting-home-childrens-history-local-history-and-digital-storytelling.md,25790,"History Hitting Home: Children's History, Local History, and Digital Storytelling",card,splash_image,/files/jthg-splash.jpg,ok,teachinghistory-website/static/files/jthg-splash.jpg
teachinghistory-website/content/blog/howard-zinn-the-peoples-historian-dies-at-87.md,23816,"Howard Zinn, the People's Historian, Dies at 87",card,image,/files/Howard_Zinn.jpg,ok,teachinghistory-website/static/files/Howard_Zinn.jpg
teachinghistory-website/content/blog/if-the-omnibus-spending-bill.md,21760,IF . . . the Omnibus Spending Bill,card,,,fallback_no_image,
teachinghistory-website/content/blog/in-remembrance-september-11-2001.md,25078,"In Remembrance: September 11, 2001",card,splash_image,/files/splash-blog-201110.jpg,ok,teachinghistory-website/static/files/splash-blog-201110.jpg
teachinghistory-website/content/blog/in-remembrance-september-11-2001.md,25078,"In Remembrance: September 11, 2001",inline,body,/files/spotlight-blog-9112011.jpg,ok,teachinghistory-website/static/files/spotlight-blog-9112011.jpg
teachinghistory-website/content/blog/interactive-exhibit-from-the-american-art-museum.md,21991,Interactive Exhibit from the American Art Museum,card,image,/files/1934.jpg,ok,teachinghistory-website/static/files/1934.jpg
teachinghistory-website/content/blog/international-aid-how-and-when-the-us-helps.md,24581,International Aid: How and When the U.S. Helps,card,splash_image,/files/splash-blog-intaid.jpg,ok,teachinghistory-website/static/files/splash-blog-intaid.jpg
teachinghistory-website/content/blog/introducing-teachinghistoryorg-mobile.md,25643,Introducing Teachinghistory.org Mobile,card,splash_image,/files/splash-mobile.jpg,ok,teachinghistory-website/static/files/splash-mobile.jpg
teachinghistory-website/content/blog/jennifer-orr-on-data-retrieval-charts.md,25361,Jennifer Orr on Data Retrieval Charts,card,image,/files/detail_data_retrieval_chart.jpg,ok,teachinghistory-website/static/files/detail_data_retrieval_chart.jpg
teachinghistory-website/content/blog/jennifer-orr-on-data-retrieval-charts.md,25361,Jennifer Orr on Data Retrieval Charts,author,author_image,/files/author_image/jennifer-orr_0_0_0_1.png,ok,teachinghistory-website/static/files/author_image/jennifer-orr_0_0_0_1.png
teachinghistory-website/content/blog/jennifer-orr-on-data-retrieval-charts.md,25361,Jennifer Orr on Data Retrieval Charts,inline,body,/files/completed_data_retrieval_chart.jpg,ok,teachinghistory-website/static/files/completed_data_retrieval_chart.jpg
teachinghistory-website/content/blog/jennifer-orr-on-experiencing-history-a-visit-to-the-parson-weems-house.md,25576,Jennifer Orr on Experiencing History: A Visit to the Parson Weems House,card,splash_image,/files/housesplash.jpg,ok,teachinghistory-website/static/files/housesplash.jpg
teachinghistory-website/content/blog/jennifer-orr-on-experiencing-history-a-visit-to-the-parson-weems-house.md,25576,Jennifer Orr on Experiencing History: A Visit to the Parson Weems House,author,author_image,/files/author_image/jennifer-orr_0_3_0.jpg,ok,teachinghistory-website/static/files/author_image/jennifer-orr_0_3_0.jpg
teachinghistory-website/content/blog/jennifer-orr-on-experiencing-history-a-visit-to-the-parson-weems-house.md,25576,Jennifer Orr on Experiencing History: A Visit to the Parson Weems House,inline,body,/files/fireplace.jpg,ok,teachinghistory-website/static/files/fireplace.jpg
teachinghistory-website/content/blog/jennifer-orr-on-integrating-history-into-1st-grade-instruction.md,24652,Jennifer Orr on Integrating History into 1st-grade Instruction,card,splash_image,/files/Integrationsplash.jpg,ok,teachinghistory-website/static/files/Integrationsplash.jpg
teachinghistory-website/content/blog/jennifer-orr-on-integrating-history-into-1st-grade-instruction.md,24652,Jennifer Orr on Integrating History into 1st-grade Instruction,author,author_image,/files/author_image/jennifer-orr_0_3.jpg,ok,teachinghistory-website/static/files/author_image/jennifer-orr_0_3.jpg
teachinghistory-website/content/blog/jennifer-orr-on-making-history-books.md,25426,Jennifer Orr on Making History Books,card,splash_image,/files/makingbokssplash.jpg,ok,teachinghistory-website/static/files/makingbokssplash.jpg
teachinghistory-website/content/blog/jennifer-orr-on-making-history-books.md,25426,Jennifer Orr on Making History Books,author,author_image,/files/author_image/jennifer-orr_0_1.png,ok,teachinghistory-website/static/files/author_image/jennifer-orr_0_1.png
teachinghistory-website/content/blog/jennifer-orr-on-making-technology-work-for-primary-students-part-one.md,24452,Jennifer Orr on Making Technology Work for Primary Students: Part One,card,splash_image,/files/splash-blog-jointtech.jpg,ok,teachinghistory-website/static/files/splash-blog-jointtech.jpg
teachinghistory-website/content/blog/jennifer-orr-on-making-technology-work-for-primary-students-part-one.md,24452,Jennifer Orr on Making Technology Work for Primary Students: Part One,author,author_image,/files/author_image/jennifer-orr_0_0.jpg,ok,teachinghistory-website/static/files/author_image/jennifer-orr_0_0.jpg
teachinghistory-website/content/blog/jennifer-orr-on-making-technology-work-for-primary-students-part-two.md,24523,Jennifer Orr on Making Technology Work for Primary Students: Part Two,card,splash_image,/files/splash-blog-jotechteach.jpg,ok,teachinghistory-website/static/files/splash-blog-jotechteach.jpg
teachinghistory-website/content/blog/jennifer-orr-on-making-technology-work-for-primary-students-part-two.md,24523,Jennifer Orr on Making Technology Work for Primary Students: Part Two,author,author_image,/files/author_image/jennifer-orr_0_1.jpg,ok,teachinghistory-website/static/files/author_image/jennifer-orr_0_1.jpg
teachinghistory-website/content/blog/jennifer-orr-on-primary-sources-in-primary-classrooms.md,24748,Jennifer Orr on Primary Sources in Primary Classrooms,card,splash_image,/files/splash-blog-joart.jpg,ok,teachinghistory-website/static/files/splash-blog-joart.jpg
teachinghistory-website/content/blog/jennifer-orr-on-primary-sources-in-primary-classrooms.md,24748,Jennifer Orr on Primary Sources in Primary Classrooms,author,author_image,/files/author_image/jennifer-orr_0_5.jpg,ok,teachinghistory-website/static/files/author_image/jennifer-orr_0_5.jpg
teachinghistory-website/content/blog/jennifer-orr-on-primary-sources-in-primary-classrooms.md,24748,Jennifer Orr on Primary Sources in Primary Classrooms,inline,body,/files/image-blog-joart.jpg,ok,teachinghistory-website/static/files/image-blog-joart.jpg
teachinghistory-website/content/blog/jennifer-orr-on-questioning-columbus.md,24279,Jennifer Orr on Questioning Columbus,card,splash_image,/files/splash-blog-cdjo.jpg,ok,teachinghistory-website/static/files/splash-blog-cdjo.jpg
teachinghistory-website/content/blog/jennifer-orr-on-questioning-columbus.md,24279,Jennifer Orr on Questioning Columbus,author,author_image,/files/author_image/jennifer-orr.jpg,ok,teachinghistory-website/static/files/author_image/jennifer-orr.jpg
teachinghistory-website/content/blog/jennifer-orr-on-teaching-failure.md,25521,Jennifer Orr on Teaching Failure,card,splash_image,/files/failuresplash.jpg,ok,teachinghistory-website/static/files/failuresplash.jpg
teachinghistory-website/content/blog/jennifer-orr-on-teaching-failure.md,25521,Jennifer Orr on Teaching Failure,author,author_image,/files/author_image/jennifer-orr_0_2.png,ok,teachinghistory-website/static/files/author_image/jennifer-orr_0_2.png
teachinghistory-website/content/blog/jennifer-orr-on-teaching-heroes.md,25243,Jennifer Orr on Teaching Heroes,card,splash_image,/files/heroessplash.jpg,ok,teachinghistory-website/static/files/heroessplash.jpg
teachinghistory-website/content/blog/jennifer-orr-on-teaching-heroes.md,25243,Jennifer Orr on Teaching Heroes,author,author_image,/files/author_image/jennifer-orr_0_0_0.png,ok,teachinghistory-website/static/files/author_image/jennifer-orr_0_0_0.png
teachinghistory-website/content/blog/jennifer-orr-on-teaching-thanksgiving.md,24377,Jennifer Orr on Teaching Thanksgiving,card,splash_image,/files/splash-blog-jotk.jpg,ok,teachinghistory-website/static/files/splash-blog-jotk.jpg
teachinghistory-website/content/blog/jennifer-orr-on-teaching-thanksgiving.md,24377,Jennifer Orr on Teaching Thanksgiving,author,author_image,/files/author_image/jennifer-orr_0.jpg,ok,teachinghistory-website/static/files/author_image/jennifer-orr_0.jpg
teachinghistory-website/content/blog/jennifer-orr-on-voicethread.md,24649,Jennifer Orr on VoiceThread,card,splash_image,/files/VoiceThreadSplash.jpg,ok,teachinghistory-website/static/files/VoiceThreadSplash.jpg
teachinghistory-website/content/blog/jennifer-orr-on-voicethread.md,24649,Jennifer Orr on VoiceThread,author,author_image,/files/author_image/jennifer-orr_0_2.jpg,ok,teachinghistory-website/static/files/author_image/jennifer-orr_0_2.jpg
teachinghistory-website/content/blog/jennifer-orr-starts-the-year.md,25150,Jennifer Orr Starts the Year,card,splash_image,/files/startsplash.jpg,ok,teachinghistory-website/static/files/startsplash.jpg
teachinghistory-website/content/blog/jennifer-orr-starts-the-year.md,25150,Jennifer Orr Starts the Year,author,author_image,/files/author_image/jennifer-orr_0_0.png,ok,teachinghistory-website/static/files/author_image/jennifer-orr_0_0.png
teachinghistory-website/content/blog/jennifer-orr-wins-iste-kay-l-bitter-vision-award.md,25642,Jennifer Orr Wins ISTE Kay L. Bitter Vision Award,card,splash_image,/files/josplash.jpg,ok,teachinghistory-website/static/files/josplash.jpg
teachinghistory-website/content/blog/jeremiah-mccall-on-activities-and-assessments-for-simulation-games.md,25451,Jeremiah McCall on Activities and Assessments for Simulation Games,card,splash_image,/files/gameblogsplash.jpg,ok,teachinghistory-website/static/files/gameblogsplash.jpg
teachinghistory-website/content/blog/jeremiah-mccall-on-activities-and-assessments-for-simulation-games.md,25451,Jeremiah McCall on Activities and Assessments for Simulation Games,author,author_image,/files/author_image/authorphotojeremiahmccall75x75_2_1_0.jpg,ok,teachinghistory-website/static/files/author_image/authorphotojeremiahmccall75x75_2_1_0.jpg
teachinghistory-website/content/blog/jeremiah-mccall-on-evaluating-simulation-games-for-classroom-use.md,25225,Jeremiah McCall on Evaluating Simulation Games for Classroom Use,card,splash_image,/files/simulation2splash.jpg,ok,teachinghistory-website/static/files/simulation2splash.jpg
teachinghistory-website/content/blog/jeremiah-mccall-on-evaluating-simulation-games-for-classroom-use.md,25225,Jeremiah McCall on Evaluating Simulation Games for Classroom Use,author,author_image,/files/author_image/authorphotojeremiahmccall75x75_2_0.jpg,ok,teachinghistory-website/static/files/author_image/authorphotojeremiahmccall75x75_2_0.jpg
teachinghistory-website/content/blog/jeremiah-mccall-on-evaluative-activities-and-assessments-for-simulation-games.md,25523,Jeremiah McCall on Evaluative Activities and Assessments for Simulation Games,card,splash_image,/files/part5splash.jpg,ok,teachinghistory-website/static/files/part5splash.jpg
teachinghistory-website/content/blog/jeremiah-mccall-on-evaluative-activities-and-assessments-for-simulation-games.md,25523,Jeremiah McCall on Evaluative Activities and Assessments for Simulation Games,author,author_image,/files/author_image/authorphotojeremiahmccall75x75_2_1_0.jpeg,ok,teachinghistory-website/static/files/author_image/authorphotojeremiahmccall75x75_2_1_0.jpeg
teachinghistory-website/content/blog/jeremiah-mccall-on-group-discussions.md,25669,Jeremiah McCall on Group Discussions,card,splash_image,/files/discussionsplash_0.jpg,ok,teachinghistory-website/static/files/discussionsplash_0.jpg
teachinghistory-website/content/blog/jeremiah-mccall-on-group-discussions.md,25669,Jeremiah McCall on Group Discussions,author,author_image,/files/author_image/authorphotojeremiahmccall75x75_2_1_0_1.jpg,ok,teachinghistory-website/static/files/author_image/authorphotojeremiahmccall75x75_2_1_0_1.jpg
teachinghistory-website/content/blog/jeremiah-mccall-on-group-discussions.md,25669,Jeremiah McCall on Group Discussions,inline,body,/files/graphic.jpg,ok,teachinghistory-website/static/files/graphic.jpg
teachinghistory-website/content/blog/jeremiah-mccall-on-historical-problem-spaces.md,25624,Jeremiah McCall on Historical Problem Spaces,card,splash_image,/files/simgamessplash.jpg,ok,teachinghistory-website/static/files/simgamessplash.jpg
teachinghistory-website/content/blog/jeremiah-mccall-on-historical-problem-spaces.md,25624,Jeremiah McCall on Historical Problem Spaces,author,author_image,/files/author_image/authorphotojeremiahmccall75x75_2_1_0_0.jpg,ok,teachinghistory-website/static/files/author_image/authorphotojeremiahmccall75x75_2_1_0_0.jpg
teachinghistory-website/content/blog/jeremiah-mccall-on-structuring-lesson-plans-using-simulation-games.md,25338,Jeremiah McCall on Structuring Lesson Plans Using Simulation Games,card,splash_image,/files/games3splash.jpg,ok,teachinghistory-website/static/files/games3splash.jpg
teachinghistory-website/content/blog/jeremiah-mccall-on-structuring-lesson-plans-using-simulation-games.md,25338,Jeremiah McCall on Structuring Lesson Plans Using Simulation Games,author,author_image,/files/author_image/authorphotojeremiahmccall75x75_2_1.jpg,ok,teachinghistory-website/static/files/author_image/authorphotojeremiahmccall75x75_2_1.jpg
teachinghistory-website/content/blog/jeremiah-mccall-on-structuring-lesson-plans-using-simulation-games.md,25338,Jeremiah McCall on Structuring Lesson Plans Using Simulation Games,inline,body,/files/games3.jpg,ok,teachinghistory-website/static/files/games3.jpg
teachinghistory-website/content/blog/jeremiah-mccall-on-structuring-lesson-plans-using-simulation-games.md,25338,Jeremiah McCall on Structuring Lesson Plans Using Simulation Games,inline,body,/files/blog-image-jmenergy.jpg,ok,teachinghistory-website/static/files/blog-image-jmenergy.jpg
teachinghistory-website/content/blog/jeremiah-mccall-on-using-simulation-games-in-the-history-classroom.md,25117,Jeremiah McCall on Using Simulation Games in the History Classroom,card,splash_image,/files/gamingsplash.jpg,ok,teachinghistory-website/static/files/gamingsplash.jpg
teachinghistory-website/content/blog/jeremiah-mccall-on-using-simulation-games-in-the-history-classroom.md,25117,Jeremiah McCall on Using Simulation Games in the History Classroom,author,author_image,/files/author_image/authorphotojeremiahmccall75x75_2.jpg,ok,teachinghistory-website/static/files/author_image/authorphotojeremiahmccall75x75_2.jpg
teachinghistory-website/content/blog/joe-jelen-makes-students-thinking-visible-with-backchannel-discussion.md,25200,Joe Jelen Makes Students' Thinking Visible with Backchannel Discussion,card,splash_image,/files/textingsplash.jpg,ok,teachinghistory-website/static/files/textingsplash.jpg
teachinghistory-website/content/blog/joe-jelen-makes-students-thinking-visible-with-backchannel-discussion.md,25200,Joe Jelen Makes Students' Thinking Visible with Backchannel Discussion,author,author_image,/files/author_image/author_image_joe_jelen_75x75_3_0.jpg,ok,teachinghistory-website/static/files/author_image/author_image_joe_jelen_75x75_3_0.jpg
teachinghistory-website/content/blog/joe-jelen-old-newspapers-find-a-home-in-new-technology.md,25157,Joe Jelen: Old Newspapers Find a Home in New Technology,card,splash_image,/files/newspaperssplash.jpg,ok,teachinghistory-website/static/files/newspaperssplash.jpg
teachinghistory-website/content/blog/joe-jelen-old-newspapers-find-a-home-in-new-technology.md,25157,Joe Jelen: Old Newspapers Find a Home in New Technology,author,author_image,/files/author_image/Author_Image_Joe_Jelen_75x75_3.jpg,ok,teachinghistory-website/static/files/author_image/Author_Image_Joe_Jelen_75x75_3.jpg
teachinghistory-website/content/blog/joe-jelen-on-creating-e-books.md,25494,Joe Jelen on Creating E-books,card,splash_image,/files/ebookssplash.jpg,ok,teachinghistory-website/static/files/ebookssplash.jpg
teachinghistory-website/content/blog/joe-jelen-on-creating-e-books.md,25494,Joe Jelen on Creating E-books,author,author_image,/files/author_image/author_jelen_0_0.png,ok,teachinghistory-website/static/files/author_image/author_jelen_0_0.png
teachinghistory-website/content/blog/joe-jelen-on-digital-timelines.md,24425,Joe Jelen on Digital Timelines,card,splash_image,/files/splash-blog-timeline.jpg,ok,teachinghistory-website/static/files/splash-blog-timeline.jpg
teachinghistory-website/content/blog/joe-jelen-on-digital-timelines.md,24425,Joe Jelen on Digital Timelines,author,author_image,/files/author_image/Author_Photo_Joseph_Jelen_75x75.jpg,ok,teachinghistory-website/static/files/author_image/Author_Photo_Joseph_Jelen_75x75.jpg
teachinghistory-website/content/blog/joe-jelen-on-discovering-history-through-student-genealogy-research.md,25372,Joe Jelen on Discovering History Through Student Genealogy Research,card,splash_image,/files/familytreesplash.jpg,ok,teachinghistory-website/static/files/familytreesplash.jpg
teachinghistory-website/content/blog/joe-jelen-on-discovering-history-through-student-genealogy-research.md,25372,Joe Jelen on Discovering History Through Student Genealogy Research,author,author_image,/files/author_image/author_image_joe_jelen_75x75_3_1.jpg,ok,teachinghistory-website/static/files/author_image/author_image_joe_jelen_75x75_3_1.jpg
teachinghistory-website/content/blog/joe-jelen-on-document-cameras.md,24326,Joe Jelen on Document Cameras,card,splash_image,/files/splash-blog-jjdoccam1.jpg,ok,teachinghistory-website/static/files/splash-blog-jjdoccam1.jpg
teachinghistory-website/content/blog/joe-jelen-on-document-cameras.md,24326,Joe Jelen on Document Cameras,author,author_image,/files/author_image/Author_Image_Joe_Jelen_75x75.jpg,ok,teachinghistory-website/static/files/author_image/Author_Image_Joe_Jelen_75x75.jpg
teachinghistory-website/content/blog/joe-jelen-on-document-cameras.md,24326,Joe Jelen on Document Cameras,inline,body,/files/image-blog-jjdoccam1.jpg,ok,teachinghistory-website/static/files/image-blog-jjdoccam1.jpg
teachinghistory-website/content/blog/joe-jelen-on-googles-art-project.md,24540,Joe Jelen on Google's Art Project,card,splash_image,/files/artsprojectsplash.jpg,ok,teachinghistory-website/static/files/artsprojectsplash.jpg
teachinghistory-website/content/blog/joe-jelen-on-googles-art-project.md,24540,Joe Jelen on Google's Art Project,author,author_image,/files/author_image/Author_Image_Joe_Jelen_75x75_1.jpg,ok,teachinghistory-website/static/files/author_image/Author_Image_Joe_Jelen_75x75_1.jpg
teachinghistory-website/content/blog/joe-jelen-on-googles-art-project.md,24540,Joe Jelen on Google's Art Project,inline,body,/files/image-blog-googleart.jpg,ok,teachinghistory-website/static/files/image-blog-googleart.jpg
teachinghistory-website/content/blog/joe-jelen-on-googles-art-project.md,24540,Joe Jelen on Google's Art Project,inline,body,/files/image-blog-googleart2.jpg,ok,teachinghistory-website/static/files/image-blog-googleart2.jpg
teachinghistory-website/content/blog/joe-jelen-on-pocket-camcorders.md,24670,Joe Jelen on Pocket Camcorders,card,splash_image,/files/camcordersplash.jpg,ok,teachinghistory-website/static/files/camcordersplash.jpg
teachinghistory-website/content/blog/joe-jelen-on-pocket-camcorders.md,24670,Joe Jelen on Pocket Camcorders,author,author_image,/files/author_image/Author_Image_Joe_Jelen_75x75_2.jpg,ok,teachinghistory-website/static/files/author_image/Author_Image_Joe_Jelen_75x75_2.jpg
teachinghistory-website/content/blog/joe-jelen-on-political-cartoons-20.md,25415,Joe Jelen on Political Cartoons 2.0,card,splash_image,/files/cartoonssplash.jpg,ok,teachinghistory-website/static/files/cartoonssplash.jpg
teachinghistory-website/content/blog/joe-jelen-on-political-cartoons-20.md,25415,Joe Jelen on Political Cartoons 2.0,author,author_image,/files/author_image/author_jelen_1.png,ok,teachinghistory-website/static/files/author_image/author_jelen_1.png
teachinghistory-website/content/blog/joe-jelen-on-the-new-york-public-library-digital-gallery.md,24595,Joe Jelen on the New York Public Library Digital Gallery,card,splash_image,/files/NYPLsplash_0.jpg,ok,teachinghistory-website/static/files/NYPLsplash_0.jpg
teachinghistory-website/content/blog/joe-jelen-on-the-new-york-public-library-digital-gallery.md,24595,Joe Jelen on the New York Public Library Digital Gallery,author,author_image,/files/author_image/author_jelen_0.png,ok,teachinghistory-website/static/files/author_image/author_jelen_0.png
teachinghistory-website/content/blog/joe-jelens-ads-as-primary-sources-the-ad-councils-historic-campaigns.md,24697,Joe Jelen's Ads as Primary Sources: The Ad Council's Historic Campaigns,card,splash_image,/files/splash-blog-jjnc.jpg,ok,teachinghistory-website/static/files/splash-blog-jjnc.jpg
teachinghistory-website/content/blog/joe-jelens-ads-as-primary-sources-the-ad-councils-historic-campaigns.md,24697,Joe Jelen's Ads as Primary Sources: The Ad Council's Historic Campaigns,author,author_image,/files/author_image/Author_Image_Joe_Jelen_75x75_3.jpg,ok,teachinghistory-website/static/files/author_image/Author_Image_Joe_Jelen_75x75_3.jpg
teachinghistory-website/content/blog/john-brown-harpers-ferry-students-history-and-technology.md,22339,"John Brown, Harpers Ferry, Students, History and Technology",card,image,/files/harfer.jpg,ok,teachinghistory-website/static/files/harfer.jpg
teachinghistory-website/content/blog/john-hope-franklin-1915-2009.md,21879,"John Hope Franklin, 1915-2009",card,splash_image,/files/splash-him-mlk7.jpg,ok,teachinghistory-website/static/files/splash-him-mlk7.jpg
teachinghistory-website/content/blog/join-the-clearinghouse-on-facebook-and-twitter.md,21849,Join the Clearinghouse on Facebook and Twitter!,card,image,/files/twitter_0.jpg,ok,teachinghistory-website/static/files/twitter_0.jpg
teachinghistory-website/content/blog/journal-of-the-association-for-history-and-computing.md,19348,Journal of the Association for History and Computing,card,,,fallback_no_image,
teachinghistory-website/content/blog/laura-bush-presents-2008-preserve-america-history-teacher-of-the-year-award.md,20293,Laura Bush Presents 2008 Preserve America History Teacher of the Year Award,card,image,/files/Picture-1.jpg,ok,teachinghistory-website/static/files/Picture-1.jpg
teachinghistory-website/content/blog/learn-about-mexican-american-history.md,19592,Learn About Mexican American History,card,,,fallback_no_image,
teachinghistory-website/content/blog/learn-outloud-podcasts-for-teachers-and-students.md,14898,Learn Outloud: Podcasts for Teachers and Students,card,,,fallback_no_image,
teachinghistory-website/content/blog/left-right-and-center-teaching-about-conservatism.md,23938,"Left, Right, and Center: Teaching about Conservatism",card,,,fallback_no_image,
teachinghistory-website/content/blog/lessons-online-ted-ed.md,25506,Lessons Online: TED-Ed,card,splash_image,/files/splash-blog-ted.jpg,ok,teachinghistory-website/static/files/splash-blog-ted.jpg
teachinghistory-website/content/blog/lincoln-bicentennial-a-teachable-moment-updated-february-24.md,20737,Lincoln Bicentennial: A Teachable Moment (updated February 24),card,image,/files/lincposter.jpg,ok,teachinghistory-website/static/files/lincposter.jpg
teachinghistory-website/content/blog/lincoln-bicentennial.md,19950,Lincoln Bicentennial,card,image,/files/O17x.jpg,ok,teachinghistory-website/static/files/O17x.jpg
teachinghistory-website/content/blog/lincoln-on-the-big-screen.md,25767,Lincoln on the Big Screen,card,splash_image,/files/3f05217v.jpg,ok,teachinghistory-website/static/files/3f05217v.jpg
teachinghistory-website/content/blog/looking-forward-in-2010.md,23744,Looking Forward in 2010,card,image,/files/nhecredesign.jpg,ok,teachinghistory-website/static/files/nhecredesign.jpg
teachinghistory-website/content/blog/maps-theyre-not-just-for-geography-any-more-part-2.md,23897,Maps: They're Not Just for Geography Any More,card,image,/files/earth_0.jpg,ok,teachinghistory-website/static/files/earth_0.jpg
teachinghistory-website/content/blog/maps-theyre-not-just-for-geography-any-more.md,23617,Maps: They're Not Just for Geography Any More,card,,,fallback_no_image,
teachinghistory-website/content/blog/march-is-womens-history-month.md,14912,March is Women's History Month,card,splash_image,/files/marchiswomens432x240.jpg,ok,teachinghistory-website/static/files/marchiswomens432x240.jpg
teachinghistory-website/content/blog/mark-smith-on-nonverbal-williamsburg.md,25264,Mark Smith on Nonverbal Williamsburg,card,splash_image,/files/non-vervalwilliamssplash.jpg,ok,teachinghistory-website/static/files/non-vervalwilliamssplash.jpg
teachinghistory-website/content/blog/mark-smith-on-nonverbal-williamsburg.md,25264,Mark Smith on Nonverbal Williamsburg,author,author_image,/files/author_image/author_msmith_0.jpg,ok,teachinghistory-website/static/files/author_image/author_msmith_0.jpg
teachinghistory-website/content/blog/mark-smith-on-nonverbal-williamsburg.md,25264,Mark Smith on Nonverbal Williamsburg,inline,body,/files/non-verbalwilliamsimage.jpg,ok,teachinghistory-website/static/files/non-verbalwilliamsimage.jpg
teachinghistory-website/content/blog/mark-smith-on-using-constructivist-video-production.md,25183,Mark Smith on Using Constructivist Video Production,card,splash_image,/files/videosplash.jpg,ok,teachinghistory-website/static/files/videosplash.jpg
teachinghistory-website/content/blog/mark-smith-on-using-constructivist-video-production.md,25183,Mark Smith on Using Constructivist Video Production,author,author_image,/files/author_image/author_msmith.jpg,ok,teachinghistory-website/static/files/author_image/author_msmith.jpg
teachinghistory-website/content/blog/meg-griffin-on-google-docs.md,25300,Meg Griffin on Google Docs,card,splash_image,/files/GoogleDocsSplash.jpg,ok,teachinghistory-website/static/files/GoogleDocsSplash.jpg
teachinghistory-website/content/blog/meg-griffin-on-google-docs.md,25300,Meg Griffin on Google Docs,author,author_image,/files/author_image/author-griffin_0.jpg,ok,teachinghistory-website/static/files/author_image/author-griffin_0.jpg
teachinghistory-website/content/blog/memorializing-veterans-teaching-with-place.md,24307,Memorializing Veterans: Teaching with Place,card,splash_image,/files/splash-blog-vd2010.jpg,ok,teachinghistory-website/static/files/splash-blog-vd2010.jpg
teachinghistory-website/content/blog/memorializing-veterans-teaching-with-place.md,24307,Memorializing Veterans: Teaching with Place,inline,body,/files/image-blog-vd20101.jpg,ok,teachinghistory-website/static/files/image-blog-vd20101.jpg
teachinghistory-website/content/blog/memorializing-veterans-teaching-with-place.md,24307,Memorializing Veterans: Teaching with Place,inline,body,/files/image-blog-vd20102.jpg,ok,teachinghistory-website/static/files/image-blog-vd20102.jpg
teachinghistory-website/content/blog/michael-yell-motivates-students-with-the-mystery-strategy.md,24485,Michael Yell Motivates Students with the Mystery Strategy,card,splash_image,/files/24295_432x240.jpg,ok,teachinghistory-website/static/files/24295_432x240.jpg
teachinghistory-website/content/blog/michael-yell-motivates-students-with-the-mystery-strategy.md,24485,Michael Yell Motivates Students with the Mystery Strategy,author,author_image,/files/author_image/mYell_0.jpg,ok,teachinghistory-website/static/files/author_image/mYell_0.jpg
teachinghistory-website/content/blog/michael-yell-on-a-strategy-for-the-use-of-textbooks-in-the-history-classroom.md,24678,Michael Yell on a Strategy for the Use of Textbooks in the History Classroom,card,splash_image,/files/textbookssplash.jpg,ok,teachinghistory-website/static/files/textbookssplash.jpg
teachinghistory-website/content/blog/michael-yell-on-a-strategy-for-the-use-of-textbooks-in-the-history-classroom.md,24678,Michael Yell on a Strategy for the Use of Textbooks in the History Classroom,author,author_image,/files/author_image/mYell_2.jpg,ok,teachinghistory-website/static/files/author_image/mYell_2.jpg
teachinghistory-website/content/blog/michael-yell-on-critical-thinking-and-teaching-history.md,24977,Michael Yell on Critical Thinking and Teaching History,card,splash_image,/files/mikeyellon432x240.jpg,ok,teachinghistory-website/static/files/mikeyellon432x240.jpg
teachinghistory-website/content/blog/michael-yell-on-critical-thinking-and-teaching-history.md,24977,Michael Yell on Critical Thinking and Teaching History,author,author_image,/files/author_image/mYell_1.jpg,ok,teachinghistory-website/static/files/author_image/mYell_1.jpg
teachinghistory-website/content/blog/michael-yell-on-critical-thinking-and-teaching-history.md,24977,Michael Yell on Critical Thinking and Teaching History,inline,body,/files/mikeyelloncriticalthinking113x115.jpg,ok,teachinghistory-website/static/files/mikeyelloncriticalthinking113x115.jpg
teachinghistory-website/content/blog/michael-yell-on-critical-thinking-and-teaching-history.md,24977,Michael Yell on Critical Thinking and Teaching History,inline,body,/files/mikeyelloncritical113x150.jpg,ok,teachinghistory-website/static/files/mikeyelloncritical113x150.jpg
teachinghistory-website/content/blog/michael-yell-on-developing-a-climate-of-engagement.md,24402,Michael Yell on Developing a Climate of Engagement,card,splash_image,/files/splash-blog-welcomemy.jpg,ok,teachinghistory-website/static/files/splash-blog-welcomemy.jpg
teachinghistory-website/content/blog/michael-yell-on-developing-a-climate-of-engagement.md,24402,Michael Yell on Developing a Climate of Engagement,author,author_image,/files/author_image/mYell.jpg,ok,teachinghistory-website/static/files/author_image/mYell.jpg
teachinghistory-website/content/blog/michael-yell-on-developing-a-climate-of-engagement.md,24402,Michael Yell on Developing a Climate of Engagement,inline,body,/files/image-blog-myintro.jpg,ok,teachinghistory-website/static/files/image-blog-myintro.jpg
teachinghistory-website/content/blog/michael-yell-on-developing-a-climate-of-engagement.md,24402,Michael Yell on Developing a Climate of Engagement,inline,body,/files/Word-Puzzle-7.jpg,ok,teachinghistory-website/static/files/Word-Puzzle-7.jpg
teachinghistory-website/content/blog/michael-yell-on-developing-a-climate-of-engagement.md,24402,Michael Yell on Developing a Climate of Engagement,inline,body,/files/image-blog-myintro3.jpg,ok,teachinghistory-website/static/files/image-blog-myintro3.jpg
teachinghistory-website/content/blog/michael-yell-on-making-every-history-lecture-engaging.md,25266,Michael Yell on Making Every History Lecture Engaging,card,splash_image,/files/lecturesplash.jpg,ok,teachinghistory-website/static/files/lecturesplash.jpg
teachinghistory-website/content/blog/michael-yell-on-making-every-history-lecture-engaging.md,25266,Michael Yell on Making Every History Lecture Engaging,author,author_image,/files/author_image/author_yell.jpg,ok,teachinghistory-website/static/files/author_image/author_yell.jpg
teachinghistory-website/content/blog/michael-yell-on-using-dvdsvideo-segments-in-the-history-classroom.md,25039,Michael Yell on Using DVDs/Video Segments in the History Classroom,card,splash_image,/files/michaelyellon432x240.jpg,ok,teachinghistory-website/static/files/michaelyellon432x240.jpg
teachinghistory-website/content/blog/michael-yell-on-using-dvdsvideo-segments-in-the-history-classroom.md,25039,Michael Yell on Using DVDs/Video Segments in the History Classroom,author,author_image,/files/author_image/myell_1_0.jpg,ok,teachinghistory-website/static/files/author_image/myell_1_0.jpg
teachinghistory-website/content/blog/michael-yell-on-using-dvdsvideo-segments-in-the-history-classroom.md,25039,Michael Yell on Using DVDs/Video Segments in the History Classroom,inline,body,/files/interactiveviewingguide.png,ok,teachinghistory-website/static/files/interactiveviewingguide.png
teachinghistory-website/content/blog/michael-yell-on-writing-as-thinking.md,25424,Michael Yell on Writing as Thinking,card,splash_image,/files/writingsplash.jpg,ok,teachinghistory-website/static/files/writingsplash.jpg
teachinghistory-website/content/blog/michael-yell-on-writing-as-thinking.md,25424,Michael Yell on Writing as Thinking,author,author_image,/files/author_image/mYell_0.jpg,ok,teachinghistory-website/static/files/author_image/mYell_0.jpg
teachinghistory-website/content/blog/michael-yell-on-writing-as-thinking.md,25424,Michael Yell on Writing as Thinking,inline,body,/files/image-blog-magnet.jpg,ok,teachinghistory-website/static/files/image-blog-magnet.jpg
teachinghistory-website/content/blog/michael-yell-uses-national-history-day-for-classroom-differentiation.md,25325,Michael Yell Uses National History Day for Classroom Differentiation,card,splash_image,/files/nhdsplash.jpg,ok,teachinghistory-website/static/files/nhdsplash.jpg
teachinghistory-website/content/blog/michael-yell-uses-national-history-day-for-classroom-differentiation.md,25325,Michael Yell Uses National History Day for Classroom Differentiation,author,author_image,/files/author_image/mYell.jpg,ok,teachinghistory-website/static/files/author_image/mYell.jpg
teachinghistory-website/content/blog/michael-yells-strategies-for-using-primary-sources-in-your-classroom.md,24651,Michael Yell's Strategies for Using Primary Sources in Your Classroom,card,splash_image,/files/Strategiessplash.jpg,ok,teachinghistory-website/static/files/Strategiessplash.jpg
teachinghistory-website/content/blog/michael-yells-strategies-for-using-primary-sources-in-your-classroom.md,24651,Michael Yell's Strategies for Using Primary Sources in Your Classroom,author,author_image,/files/author_image/mYell_1.jpg,ok,teachinghistory-website/static/files/author_image/mYell_1.jpg
teachinghistory-website/content/blog/molly-myers-on-tweeting-towards-success.md,25518,Molly Myers on Tweeting Towards Success,card,splash_image,/files/TwitterSplash.jpg,ok,teachinghistory-website/static/files/TwitterSplash.jpg
teachinghistory-website/content/blog/molly-myers-on-tweeting-towards-success.md,25518,Molly Myers on Tweeting Towards Success,author,author_image,/files/author_image/author_myers.jpg,ok,teachinghistory-website/static/files/author_image/author_myers.jpg
teachinghistory-website/content/blog/more-resources-for-teaching-about-elections.md,19506,More Resources for Teaching about Elections,card,,,fallback_no_image,
teachinghistory-website/content/blog/my-friend-flickr-a-match-made-in-photo-heaven.md,14877,My Friend Flickr: A Match Made in Photo Heaven,card,,,fallback_no_image,
teachinghistory-website/content/blog/national-archives-launches-docsteach.md,24276,National Archives Launches DocsTeach,card,image,/files/blog-docsteach_0.jpg,ok,teachinghistory-website/static/files/blog-docsteach_0.jpg
teachinghistory-website/content/blog/national-council-for-history-education-nche-presents-award-to-senator-robert-byrd.md,20138,National Council for History Education (NCHE) Presents Award to Senator Robert Byrd,card,image,/files/byrd.jpg,ok,teachinghistory-website/static/files/byrd.jpg
teachinghistory-website/content/blog/national-council-for-social-studies-building-community-with-ning.md,22390,National Council for Social Studies: Building Community with Ning,card,image,/files/ncss.jpg,ok,teachinghistory-website/static/files/ncss.jpg
teachinghistory-website/content/blog/national-history-club-having-fun-and-doing-history.md,22406,National History Club: Having Fun AND Doing History,card,image,/files/nathisclub.jpg,ok,teachinghistory-website/static/files/nathisclub.jpg
teachinghistory-website/content/blog/national-history-day-2010.md,23731,National History Day 2010,card,image,/files/nhdinnovation.jpg,ok,teachinghistory-website/static/files/nhdinnovation.jpg
teachinghistory-website/content/blog/national-history-day-exhibiting-excellence.md,14914,National History Day:  Exhibiting Excellence,card,,,fallback_no_image,
teachinghistory-website/content/blog/national-history-day-wins-2011-national-humanities-medal.md,25449,National History Day Wins 2011 National Humanities Medal,card,splash_image,/files/splash-blog-nhdaward.jpg,ok,teachinghistory-website/static/files/splash-blog-nhdaward.jpg
teachinghistory-website/content/blog/national-museum-of-american-history.md,19586,National Museum of American History,card,,,fallback_no_image,
teachinghistory-website/content/blog/new-visitors-center-opens-at-monticello.md,21984,New Visitor's Center Opens at Monticello,card,image,/files/1openingb.jpg,ok,teachinghistory-website/static/files/1openingb.jpg
teachinghistory-website/content/blog/news-from-the-bill-of-rights-institute-for-educators-and-high-school-students.md,20430,News from the Bill of Rights Institute: For Educators and High School Students,card,,,fallback_no_image,
teachinghistory-website/content/blog/nominations-open-for-gilder-lehrman-teacher-of-the-year-award.md,24437,Nominations Open for Gilder Lehrman Teacher of the Year Award!,card,splash_image,/files/splash-blog-gltaha.jpg,ok,teachinghistory-website/static/files/splash-blog-gltaha.jpg
teachinghistory-website/content/blog/objects-and-memory-making-sense-of-catastrophe.md,19576,Objects and Memory: Making Sense of Catastrophe,card,,,fallback_no_image,
teachinghistory-website/content/blog/olympic-spirit-teaching-with-the-olympics.md,25632,Olympic Spirit: Teaching with the Olympics,card,splash_image,/files/splash-blog-olympics.jpg,ok,teachinghistory-website/static/files/splash-blog-olympics.jpg
teachinghistory-website/content/blog/omnibus-spending-bill-fy-09-passes-good-news-for-history.md,21823,"Omnibus Spending Bill, FY '09 Passes: Good News for History",card,,,fallback_no_image,
teachinghistory-website/content/blog/online-professional-development-through-the-library-of-congress.md,22900,Online Professional Development through the Library of Congress,card,image,/files/22900node-image.jpg,ok,teachinghistory-website/static/files/22900node-image.jpg
teachinghistory-website/content/blog/organization-of-american-historians-highlights-of-the-august-newsletter.md,19500,Organization of American Historians: Highlights of the August Newsletter,card,,,fallback_no_image,
teachinghistory-website/content/blog/our-weekly-quizzes-return.md,24263,Our Weekly Quizzes Return!,card,image,/files/image-quiz-blog.jpg,ok,teachinghistory-website/static/files/image-quiz-blog.jpg
teachinghistory-website/content/blog/patents-as-primary-sources.md,24215,Patents as Primary Sources,card,image,/files/blog-patents.jpg,ok,teachinghistory-website/static/files/blog-patents.jpg
teachinghistory-website/content/blog/pbs-television-specials-celebrate-african-american-lives.md,14873,PBS Television Specials Celebrate African American Lives,card,,,fallback_no_image,
teachinghistory-website/content/blog/picturing-america-program-unveiled-at-white-house.md,14883,Picturing America Program Unveiled at White House,card,,,fallback_no_image,
teachinghistory-website/content/blog/picturing-america-round-two.md,19533,Picturing America: Round Two,card,,,fallback_no_image,
teachinghistory-website/content/blog/picturing-america.md,24072,Picturing America,card,image,/files/picturing_america1.jpg,ok,teachinghistory-website/static/files/picturing_america1.jpg
teachinghistory-website/content/blog/plan-ahead-for-professional-development-in-spring-2013.md,25695,Plan Ahead for Professional Development in Spring 2013,card,splash_image,/files/7641023814_65fc1fdb0c_b.jpg,ok,teachinghistory-website/static/files/7641023814_65fc1fdb0c_b.jpg
teachinghistory-website/content/blog/preparing-for-the-days-of-remembrance.md,25508,Preparing for the Days of Remembrance,card,splash_image,/files/splash-blog-dor.jpg,ok,teachinghistory-website/static/files/splash-blog-dor.jpg
teachinghistory-website/content/blog/preparing-for-the-days-of-remembrance.md,25508,Preparing for the Days of Remembrance,inline,body,/files/image-blog-dor1.jpg,ok,teachinghistory-website/static/files/image-blog-dor1.jpg
teachinghistory-website/content/blog/preserve-america-announces-44-grant-awards.md,19968,Preserve America Announces 44 Grant Awards,card,image,/files/Gift_Shop_024.jpg,ok,teachinghistory-website/static/files/Gift_Shop_024.jpg
teachinghistory-website/content/blog/preserve-america-presidential-awards.md,19299,Preserve America Presidential Awards,card,,,fallback_no_image,
teachinghistory-website/content/blog/presidential-campaign-commercials-1952-2008.md,19826,Presidential Campaign Commercials 1952-2008,card,image,/files/commercial.jpg,ok,teachinghistory-website/static/files/commercial.jpg
teachinghistory-website/content/blog/presidents-in-the-library.md,24528,Presidents in the Library,card,splash_image,/files/splash-blog-presd11.jpg,ok,teachinghistory-website/static/files/splash-blog-presd11.jpg
teachinghistory-website/content/blog/primary-sources-100-milestone-documents.md,22940,Primary Sources: 100 Milestone Documents,card,image,/files/louisianap.jpg,ok,teachinghistory-website/static/files/louisianap.jpg
teachinghistory-website/content/blog/primary-sources-historical-reenactments-and-twitter.md,23628,"Primary Sources, Historical Reenactments, and Twitter",card,image,/files/twhistory.jpg,ok,teachinghistory-website/static/files/twhistory.jpg
teachinghistory-website/content/blog/public-broadcasting-reports-on-education.md,15990,Public Broadcasting Reports on Education,card,,,fallback_no_image,
teachinghistory-website/content/blog/questioning-history-using-the-census.md,24708,Questioning History Using the Census,card,splash_image,/files/splash-blog-ascensus.jpg,ok,teachinghistory-website/static/files/splash-blog-ascensus.jpg
teachinghistory-website/content/blog/questioning-history-using-the-census.md,24708,Questioning History Using the Census,author,author_image,/files/author_image/alex_author.jpg,ok,teachinghistory-website/static/files/author_image/alex_author.jpg
teachinghistory-website/content/blog/questioning-history-using-the-census.md,24708,Questioning History Using the Census,inline,body,/files/Screen-shot-2011-05-27-at-6.06.39-PM.jpg,ok,teachinghistory-website/static/files/Screen-shot-2011-05-27-at-6.06.39-PM.jpg
teachinghistory-website/content/blog/recession-depression-hard-times-new-deal-classroom-resources-updated-april-7.md,21783,"Recession, Depression, Hard Times, New Deal: Classroom Resources (updated April 7)",card,image,/files/dustbowl.jpg,ok,teachinghistory-website/static/files/dustbowl.jpg
teachinghistory-website/content/blog/register-for-your-virtual-seat-smithsonian-education-online-lincoln-conference.md,20690,Register for Your Virtual Seat: Smithsonian Education Online Lincoln Conference,card,,,fallback_no_image,
teachinghistory-website/content/blog/remember-the-ladiesbut-not-just-in-march.md,21712,Remember the Ladies—But Not Just in March,card,splash_image,/files/remembertheladies432x240.jpg,ok,teachinghistory-website/static/files/remembertheladies432x240.jpg
teachinghistory-website/content/blog/remembering-pearl-harbor-resources-for-the-70th-anniversary.md,25324,Remembering Pearl Harbor: Resources for the 70th Anniversary,card,splash_image,/files/splash-spotlight-ph2011.jpg,ok,teachinghistory-website/static/files/splash-spotlight-ph2011.jpg
teachinghistory-website/content/blog/remembering-pearl-harbor-resources-for-the-70th-anniversary.md,25324,Remembering Pearl Harbor: Resources for the 70th Anniversary,inline,body,/files/image-blog-pearlh.jpg,ok,teachinghistory-website/static/files/image-blog-pearlh.jpg
teachinghistory-website/content/blog/report-on-state-of-history-education-released.md,25385,Report on State of History Education Released!,card,splash_image,/files/teachinghistory_special_report_2011-1.jpg,ok,teachinghistory-website/static/files/teachinghistory_special_report_2011-1.jpg
teachinghistory-website/content/blog/resources-asian-pacific-american-heritage-month.md,22027,Resources: Asian Pacific American Heritage Month,card,image,/files/commonground.jpg,ok,teachinghistory-website/static/files/commonground.jpg
teachinghistory-website/content/blog/resources-for-african-american-history-month.md,25378,Resources for African American History Month,card,splash_image,/files/splash-blog-aahm12.jpg,ok,teachinghistory-website/static/files/splash-blog-aahm12.jpg
teachinghistory-website/content/blog/resources-for-african-american-history-month.md,25378,Resources for African American History Month,inline,body,/files/extra-sp-aahm.jpg,ok,teachinghistory-website/static/files/extra-sp-aahm.jpg
teachinghistory-website/content/blog/resources-for-asian-pacific-american-heritage-month.md,25487,Resources for Asian Pacific American Heritage Month,card,splash_image,/files/splash-blog-apah12.jpg,ok,teachinghistory-website/static/files/splash-blog-apah12.jpg
teachinghistory-website/content/blog/resources-for-asian-pacific-american-heritage-month.md,25487,Resources for Asian Pacific American Heritage Month,inline,body,/files/splash-sp-apahm1.jpg,ok,teachinghistory-website/static/files/splash-sp-apahm1.jpg
teachinghistory-website/content/blog/resources-for-columbus-day.md,25186,Resources for Columbus Day,card,splash_image,/files/splash-blog-cd2011.jpg,ok,teachinghistory-website/static/files/splash-blog-cd2011.jpg
teachinghistory-website/content/blog/resources-for-columbus-day.md,25186,Resources for Columbus Day,inline,body,/files/image-blog-cd20111.jpg,ok,teachinghistory-website/static/files/image-blog-cd20111.jpg
teachinghistory-website/content/blog/resources-for-earth-day.md,25486,Resources for Earth Day,card,splash_image,/files/splash-blog-ed12.jpg,ok,teachinghistory-website/static/files/splash-blog-ed12.jpg
teachinghistory-website/content/blog/resources-for-earth-day.md,25486,Resources for Earth Day,inline,body,/files/image-sp-earthday.jpg,ok,teachinghistory-website/static/files/image-sp-earthday.jpg
teachinghistory-website/content/blog/resources-for-flag-day.md,25617,Resources for Flag Day,card,splash_image,/files/splash-blog-fd12.jpg,ok,teachinghistory-website/static/files/splash-blog-fd12.jpg
teachinghistory-website/content/blog/resources-for-hispanic-heritage-month.md,25745,Resources for Hispanic Heritage Month,card,splash_image,/files/splash-hahm12.jpg,ok,teachinghistory-website/static/files/splash-hahm12.jpg
teachinghistory-website/content/blog/resources-for-independence-day.md,25621,Resources for Independence Day,card,splash_image,/files/3g07216v.jpg,ok,teachinghistory-website/static/files/3g07216v.jpg
teachinghistory-website/content/blog/resources-for-independence-day.md,25621,Resources for Independence Day,inline,body,/files/image-id12.jpg,ok,teachinghistory-website/static/files/image-id12.jpg
teachinghistory-website/content/blog/resources-for-martin-luther-king-jr-day.md,25376,Resources for Martin Luther King Jr. Day,card,splash_image,/files/splash-blog-mlkjd122.jpg,ok,teachinghistory-website/static/files/splash-blog-mlkjd122.jpg
teachinghistory-website/content/blog/resources-for-martin-luther-king-jr-day.md,25376,Resources for Martin Luther King Jr. Day,inline,body,/files/splash-blog-mlkjd12.jpg,ok,teachinghistory-website/static/files/splash-blog-mlkjd12.jpg
teachinghistory-website/content/blog/resources-for-memorial-day.md,25582,Resources for Memorial Day,card,splash_image,/files/splash-blog-md12.jpg,ok,teachinghistory-website/static/files/splash-blog-md12.jpg
teachinghistory-website/content/blog/resources-for-memorial-day.md,25582,Resources for Memorial Day,inline,body,/files/image-md-sp.jpg,ok,teachinghistory-website/static/files/image-md-sp.jpg
teachinghistory-website/content/blog/resources-for-presidents-day.md,25419,Resources for Presidents Day,card,splash_image,/files/splash-blog-pd12.jpg,ok,teachinghistory-website/static/files/splash-blog-pd12.jpg
teachinghistory-website/content/blog/resources-for-presidents-day.md,25419,Resources for Presidents Day,inline,body,/files/spotlight-image-pd12.jpg,ok,teachinghistory-website/static/files/spotlight-image-pd12.jpg
teachinghistory-website/content/blog/resources-for-teacher-educators-and-historysocial-studies-methods-classes.md,25751,Resources for Teacher Educators and History/Social Studies Methods Classes,card,splash_image,/files/guidesplash.jpg,ok,teachinghistory-website/static/files/guidesplash.jpg
teachinghistory-website/content/blog/resources-for-teaching-the-war-of-1812.md,25442,Resources for Teaching the War of 1812,card,splash_image,/files/splash-blog-ussconst.jpg,ok,teachinghistory-website/static/files/splash-blog-ussconst.jpg
teachinghistory-website/content/blog/resources-for-teaching-the-war-of-1812.md,25442,Resources for Teaching the War of 1812,inline,body,/files/splash-ps-1812.jpg,ok,teachinghistory-website/static/files/splash-ps-1812.jpg
teachinghistory-website/content/blog/resources-for-the-titanics-centennial.md,25550,Resources for the Titanic's Centennial,card,splash_image,/files/splash-blog-titanic.jpg,ok,teachinghistory-website/static/files/splash-blog-titanic.jpg
teachinghistory-website/content/blog/resources-for-veterans-day.md,25296,Resources for Veterans Day,card,splash_image,/files/splash-blog-vd11.jpg,ok,teachinghistory-website/static/files/splash-blog-vd11.jpg
teachinghistory-website/content/blog/resources-for-veterans-day.md,25296,Resources for Veterans Day,inline,body,/files/spotlight-bd.jpg,ok,teachinghistory-website/static/files/spotlight-bd.jpg
teachinghistory-website/content/blog/resources-for-womens-history-month.md,25464,Resources for Women's History Month,card,splash_image,/files/splash-blog-whm12.jpg,ok,teachinghistory-website/static/files/splash-blog-whm12.jpg
teachinghistory-website/content/blog/resources-for-womens-history-month.md,25464,Resources for Women's History Month,inline,body,/files/splash-sp-whm.jpg,ok,teachinghistory-website/static/files/splash-sp-whm.jpg
teachinghistory-website/content/blog/ron-gorr-on-go-to-the-source-gtts-activities.md,24650,Ron Gorr on Go to the Source (GTTS) Activities,card,splash_image,/files/GttSsplash.jpg,ok,teachinghistory-website/static/files/GttSsplash.jpg
teachinghistory-website/content/blog/ron-gorr-on-go-to-the-source-gtts-activities.md,24650,Ron Gorr on Go to the Source (GTTS) Activities,author,author_image,/files/author_image/ron-headshot.jpg,ok,teachinghistory-website/static/files/author_image/ron-headshot.jpg
teachinghistory-website/content/blog/ron-gorr-on-imagining-the-great-depression-mixing-primary-documents-and-student-creativity.md,25030,Ron Gorr on Imagining the Great Depression: Mixing Primary Documents and Student Creativity,card,splash_image,/files/rongorron432x240.jpg,ok,teachinghistory-website/static/files/rongorron432x240.jpg
teachinghistory-website/content/blog/ron-gorr-on-imagining-the-great-depression-mixing-primary-documents-and-student-creativity.md,25030,Ron Gorr on Imagining the Great Depression: Mixing Primary Documents and Student Creativity,author,author_image,/files/author_image/image-blog-rongorr_0.jpg,ok,teachinghistory-website/static/files/author_image/image-blog-rongorr_0.jpg
teachinghistory-website/content/blog/ron-gorr-on-socratic-seminars-with-primary-documents.md,24709,Ron Gorr on Socratic Seminars with Primary Documents,card,splash_image,/files/splash-blog-socratic.jpg,ok,teachinghistory-website/static/files/splash-blog-socratic.jpg
teachinghistory-website/content/blog/ron-gorr-on-socratic-seminars-with-primary-documents.md,24709,Ron Gorr on Socratic Seminars with Primary Documents,author,author_image,/files/author_image/ron_headshot.JPG,ok,teachinghistory-website/static/files/author_image/ron_headshot.JPG
teachinghistory-website/content/blog/ron-gorrs-trifecta-primary-sources-technology-and-student-interaction-in-one-activity.md,24426,"Ron Gorr's Trifecta: Primary Sources, Technology, and Student Interaction in One Activity!",card,splash_image,/files/splash-blog-rgwiki.jpg,ok,teachinghistory-website/static/files/splash-blog-rgwiki.jpg
teachinghistory-website/content/blog/ron-gorrs-trifecta-primary-sources-technology-and-student-interaction-in-one-activity.md,24426,"Ron Gorr's Trifecta: Primary Sources, Technology, and Student Interaction in One Activity!",author,author_image,/files/author_image/image-blog-rongorr.jpg,ok,teachinghistory-website/static/files/author_image/image-blog-rongorr.jpg
teachinghistory-website/content/blog/rotflol-president-john-quincy-adams-twittered.md,22627,ROTFLOL?* President John Quincy Adams Twittered?,card,image,/files/adamsdiaries.jpg,ok,teachinghistory-website/static/files/adamsdiaries.jpg
teachinghistory-website/content/blog/save-the-date-national-teach-in-on-lincoln.md,20591,Save the Date! National Teach-In on Lincoln!,card,image,/files/ad08001r.jpg,ok,teachinghistory-website/static/files/ad08001r.jpg
teachinghistory-website/content/blog/school-internet-firewalls-hindrance-or-help.md,22391,School Internet Firewalls: Hindrance or Help?,card,,,fallback_no_image,
teachinghistory-website/content/blog/schools-and-social-networking-tools.md,19472,Schools and Social Networking Tools,card,,,fallback_no_image,
teachinghistory-website/content/blog/searching-for-sesquicentennial-sources.md,24599,Searching for Sesquicentennial Sources,card,splash_image,/files/splash-blog-sesqui2.jpg,ok,teachinghistory-website/static/files/splash-blog-sesqui2.jpg
teachinghistory-website/content/blog/secrets-of-the-us-history-advanced-placement-exam.md,14882,Secrets of the U.S. History Advanced Placement Exam,card,,,fallback_no_image,
teachinghistory-website/content/blog/sessions-especially-for-teachers-at-the-123rd-american-historical-association-annual-meeting.md,20292,Sessions Especially for Teachers at the 123rd American Historical Association Annual Meeting,card,image,/files/207t.jpg,ok,teachinghistory-website/static/files/207t.jpg
teachinghistory-website/content/blog/showcasing-student-work-on-the-us-constitution.md,19756,Showcasing Student Work on the U.S. Constitution,card,image,/files/NHD4.jpg,ok,teachinghistory-website/static/files/NHD4.jpg
teachinghistory-website/content/blog/snips-and-shoes-and-sealing-wax-new-publications-and-websites.md,20148,Snips and Shoes and Sealing Wax:  New Publications and Websites,card,image,/files/splash_bg.jpg,ok,teachinghistory-website/static/files/splash_bg.jpg
teachinghistory-website/content/blog/social-studies-education-down-south.md,25364,"Social Studies Education ""Down South""",card,splash_image,/files/arg_naps2.jpg,ok,teachinghistory-website/static/files/arg_naps2.jpg
teachinghistory-website/content/blog/social-studies-education-down-south.md,25364,"Social Studies Education ""Down South""",author,author_image,/files/author_image/ThO_1.jpg,ok,teachinghistory-website/static/files/author_image/ThO_1.jpg
teachinghistory-website/content/blog/social-studies-education-down-south.md,25364,"Social Studies Education ""Down South""",inline,body,/files/gascon.jpg,ok,teachinghistory-website/static/files/gascon.jpg
teachinghistory-website/content/blog/stand-up-and-be-counted-teaching-with-the-census.md,23920,Stand Up and Be Counted: Teaching with the Census,card,image,/files/1950.jpg,ok,teachinghistory-website/static/files/1950.jpg
teachinghistory-website/content/blog/start-planning-now-for-summer-professional-development.md,25341,Start Planning Now for Summer Professional Development,card,splash_image,/files/splash-blog-pd11.jpg,ok,teachinghistory-website/static/files/splash-blog-pd11.jpg
teachinghistory-website/content/blog/students-and-historic-preservation.md,20145,Students and Historic Preservation,card,image,/files/C_Essay.jpg,ok,teachinghistory-website/static/files/C_Essay.jpg
teachinghistory-website/content/blog/summer-reading-clearinghouse-staff-recommendations-part-i.md,22337,"Summer Reading: Clearinghouse Staff Recommendations, Part I",card,image,/files/jh.jpg,ok,teachinghistory-website/static/files/jh.jpg
teachinghistory-website/content/blog/summer-reading-clearinghouse-staff-recommendations-part-ii.md,22408,"Summer Reading: Clearinghouse Staff Recommendations, Part II",card,image,/files/watchmen.jpg,ok,teachinghistory-website/static/files/watchmen.jpg
teachinghistory-website/content/blog/summer-reading-clearinghouse-staff-recommendations-part-iii.md,22474,"Summer Reading: Clearinghouse Staff Recommendations, Part III",card,image,/files/krecom.jpg,ok,teachinghistory-website/static/files/krecom.jpg
teachinghistory-website/content/blog/summer-surfing.md,19269,Summer Surfing,card,,,fallback_no_image,
teachinghistory-website/content/blog/teaching-911.md,19591,Teaching 9/11,card,,,fallback_no_image,
teachinghistory-website/content/blog/teaching-about-columbus-day-mythbusters.md,22951,Teaching about Columbus Day: Mythbusters,card,splash_image,/files/splash-him-colmyth.jpg,ok,teachinghistory-website/static/files/splash-him-colmyth.jpg
teachinghistory-website/content/blog/teaching-about-dr-martin-luther-king.md,23709,Teaching About Dr. Martin Luther King,card,splash_image,/files/martinlutherking_0.jpg,ok,teachinghistory-website/static/files/martinlutherking_0.jpg
teachinghistory-website/content/blog/teaching-about-haiti.md,23787,Teaching About Haiti,card,image,/files/haiti.jpg,ok,teachinghistory-website/static/files/haiti.jpg
teachinghistory-website/content/blog/teaching-about-memorial-day.md,19266,Teaching about Memorial Day,card,splash_image,/files/MemorialDay.jpg,ok,teachinghistory-website/static/files/MemorialDay.jpg
teachinghistory-website/content/blog/teaching-about-presidential-elections.md,19532,Teaching about Presidential Elections,card,splash_image,/files/02048v.jpg,ok,teachinghistory-website/static/files/02048v.jpg
teachinghistory-website/content/blog/teaching-about-vietnam.md,23921,Teaching about Vietnam,card,splash_image,/files/splash-him-vd21.jpg,ok,teachinghistory-website/static/files/splash-him-vd21.jpg
teachinghistory-website/content/blog/teaching-african-american-history-do-we-still-need-a-black-history-month.md,23847,Teaching African American History: Do We Still Need a Black History Month?,card,splash_image,/files/slavesplash.jpg,ok,teachinghistory-website/static/files/slavesplash.jpg
teachinghistory-website/content/blog/teaching-american-history-grants-awarded.md,24164,Teaching American History Grants Awarded,card,splash_image,/files/Duncan_splash.jpg,ok,teachinghistory-website/static/files/Duncan_splash.jpg
teachinghistory-website/content/blog/teaching-american-history-program-invites-2011-applications.md,24524,Teaching American History Program Invites 2011 Applications,card,splash_image,/files/24238_432x240.jpg,ok,teachinghistory-website/static/files/24238_432x240.jpg
teachinghistory-website/content/blog/teaching-american-history-project-directors-conference-registration-information-and-agenda.md,20373,Teaching American History Project Directors Conference: Registration Information and Agenda,card,,,fallback_no_image,
teachinghistory-website/content/blog/teaching-american-history-tah-grant-application-deadlines.md,23785,Teaching American History (TAH) Grant Application Deadlines,card,image,/files/class.jpg,ok,teachinghistory-website/static/files/class.jpg
teachinghistory-website/content/blog/teaching-and-learning-history-in-the-digital-age-aha-2011.md,24526,Teaching and Learning History in the Digital Age (AHA 2011),card,splash_image,/files/prezisplashimage_0.jpg,ok,teachinghistory-website/static/files/prezisplashimage_0.jpg
teachinghistory-website/content/blog/teaching-and-learning-history-in-the-digital-age-aha-2011.md,24526,Teaching and Learning History in the Digital Age (AHA 2011),author,author_image,/files/author_image/ThO.jpg,ok,teachinghistory-website/static/files/author_image/ThO.jpg
teachinghistory-website/content/blog/teaching-history-with-archaeology.md,25618,Teaching History with Archaeology,card,splash_image,/files/splash-blog-archaeo.jpg,ok,teachinghistory-website/static/files/splash-blog-archaeo.jpg
teachinghistory-website/content/blog/teaching-native-american-history-i-is-for-inclusion.md,23490,Teaching Native American History: I is for Inclusion,card,image,/files/books.gif,ok,teachinghistory-website/static/files/books.gif
teachinghistory-website/content/blog/teaching-our-students-to-evaluate-websites.md,22560,Teaching Our Students to Evaluate Websites,card,image,/files/google.jpg,ok,teachinghistory-website/static/files/google.jpg
teachinghistory-website/content/blog/teaching-resources-for-constitution-day.md,19505,Teaching Resources for Constitution Day,card,splash_image,/files/splash-cdblogold1.jpg,ok,teachinghistory-website/static/files/splash-cdblogold1.jpg
teachinghistory-website/content/blog/teaching-thanksgiving-2011.md,25309,Teaching Thanksgiving 2011,card,splash_image,/files/splash-blog-tg11.jpg,ok,teachinghistory-website/static/files/splash-blog-tg11.jpg
teachinghistory-website/content/blog/teaching-thanksgiving-2011.md,25309,Teaching Thanksgiving 2011,inline,body,/files/splash-spotlight-tg.jpg,ok,teachinghistory-website/static/files/splash-spotlight-tg.jpg
teachinghistory-website/content/blog/teaching-the-constitution.md,22886,Teaching the Constitution,card,splash_image,/files/splash-cdblogold2.jpg,ok,teachinghistory-website/static/files/splash-cdblogold2.jpg
teachinghistory-website/content/blog/teaching-the-cuban-missile-crisis.md,23484,Teaching the Cuban Missile Crisis,card,image,/files/1962_cuban_missile.jpg,ok,teachinghistory-website/static/files/1962_cuban_missile.jpg
teachinghistory-website/content/blog/teaching-the-emancipation-proclamation-on-constitution-day.md,25700,Teaching the Emancipation Proclamation on Constitution Day,card,splash_image,/files/splash-blog-cdep.png,ok,teachinghistory-website/static/files/splash-blog-cdep.png
teachinghistory-website/content/blog/teaching-with-food.md,25729,Teaching with Food,card,splash_image,/files/splash-foodways.jpg,ok,teachinghistory-website/static/files/splash-foodways.jpg
teachinghistory-website/content/blog/teaching-without-textbooks.md,22468,Teaching without Textbooks?,card,image,/files/09textbook.600.jpg,ok,teachinghistory-website/static/files/09textbook.600.jpg
teachinghistory-website/content/blog/teaching-work-resources-for-labor-day.md,25704,Teaching Work: Resources for Labor Day,card,,,fallback_no_image,
teachinghistory-website/content/blog/teaching-work-resources-for-labor-day.md,25704,Teaching Work: Resources for Labor Day,inline,body,/files/splash-lb12.jpg,ok,teachinghistory-website/static/files/splash-lb12.jpg
teachinghistory-website/content/blog/teachinghistoryorg-at-iste.md,24110,Teachinghistory.org at ISTE,card,image,/files/ISTE.jpg,ok,teachinghistory-website/static/files/ISTE.jpg
teachinghistory-website/content/blog/teachinghistoryorg-teacher-representative-wins-2011-national-history-teacher-of-the-year.md,25255,Teachinghistory.org Teacher Representative Wins 2011 National History Teacher of the Year,card,image,/files/mrc_thumb.jpg,ok,teachinghistory-website/static/files/mrc_thumb.jpg
teachinghistory-website/content/blog/teachinghistoryorg-wins-2013-aaslh-award-of-merit.md,25804,Teachinghistory.org Wins 2013 AASLH Award of Merit,card,image,/files/aaslh_logo.jpg,ok,teachinghistory-website/static/files/aaslh_logo.jpg
teachinghistory-website/content/blog/teachinghistoryorg-wins-2013-aaslh-award-of-merit.md,25804,Teachinghistory.org Wins 2013 AASLH Award of Merit,author,author_image,/files/author_image/jennifer1-2.jpg,ok,teachinghistory-website/static/files/author_image/jennifer1-2.jpg
teachinghistory-website/content/blog/teachinghistoryorgs-aha-workshop-teaching-the-past-in-a-digital-world.md,25380,Teachinghistory.org’s AHA Workshop: Teaching the Past in a Digital World,card,image,/files/img_0530.jpeg,ok,teachinghistory-website/static/files/img_0530.jpeg
teachinghistory-website/content/blog/teachinghistoryorgs-aha-workshop-teaching-the-past-in-a-digital-world.md,25380,Teachinghistory.org’s AHA Workshop: Teaching the Past in a Digital World,author,author_image,/files/author_image/Jennifer1.jpg,ok,teachinghistory-website/static/files/author_image/Jennifer1.jpg
teachinghistory-website/content/blog/tech-tips-for-everybody-from-david-pogue-at-the-new-york-times.md,20045,Tech Tips for Everybody from David Pogue at The New York Times,card,,,fallback_no_image,
teachinghistory-website/content/blog/technology-in-the-classroom-wikis.md,14917,Technology in the Classroom:  Wikis,card,,,fallback_no_image,
teachinghistory-website/content/blog/thanksgiving-the-real-backstory.md,23572,Thanksgiving: The Real Backstory,card,splash_image,/files/splash-him-vd23.jpg,ok,teachinghistory-website/static/files/splash-him-vd23.jpg
teachinghistory-website/content/blog/the-bicentennial-of-1812.md,25365,The Bicentennial of 1812,card,splash_image,/files/image-splash-1812blog.jpg,ok,teachinghistory-website/static/files/image-splash-1812blog.jpg
teachinghistory-website/content/blog/the-connection-between-literacy-and-history.md,25172,The Connection Between Literacy and History,card,splash_image,/files/literacysplash.jpg,ok,teachinghistory-website/static/files/literacysplash.jpg
teachinghistory-website/content/blog/the-conspirator-in-the-classroom.md,24626,The Conspirator in the Classroom,card,splash_image,/files/41.jpg,ok,teachinghistory-website/static/files/41.jpg
teachinghistory-website/content/blog/the-conspirator-in-the-classroom.md,24626,The Conspirator in the Classroom,author,author_image,/files/author_image/Jennifer1.jpg,ok,teachinghistory-website/static/files/author_image/Jennifer1.jpg
teachinghistory-website/content/blog/the-electronic-schoolhouselaescuela-electronica-a-bilingual-history-education-resource.md,21719,The Electronic Schoolhouse/LaEscuela Electronica: A Bilingual History Education Resource,card,image,/files/nysarchives.jpg,ok,teachinghistory-website/static/files/nysarchives.jpg
teachinghistory-website/content/blog/the-great-depression-and-today.md,20044,The Great Depression and Today,card,image,/files/02895r.jpg,ok,teachinghistory-website/static/files/02895r.jpg
teachinghistory-website/content/blog/the-history-of-american-health.md,25648,The History of (American) Health,card,splash_image,/files/splash1-blog-health.jpg,ok,teachinghistory-website/static/files/splash1-blog-health.jpg
teachinghistory-website/content/blog/the-history-of-americans.md,25663,The History of America(ns),card,splash_image,/files/splash-immigration-blog_0.jpg,ok,teachinghistory-website/static/files/splash-immigration-blog_0.jpg
teachinghistory-website/content/blog/the-nations-report-card-us-history-2010.md,24976,"The Nation's Report Card: U.S. History, 2010",card,splash_image,/files/splash-blog-naep.jpg,ok,teachinghistory-website/static/files/splash-blog-naep.jpg
teachinghistory-website/content/blog/the-people-speak-to-zinn-or-not-to-zinn.md,23675,The People Speak: To Zinn or Not to Zinn,card,image,/files/zinn.jpg,ok,teachinghistory-website/static/files/zinn.jpg
teachinghistory-website/content/blog/the-smithsonian-commons-vast-findable-shareable-free.md,24112,"The Smithsonian Commons: Vast, Findable, Shareable, Free",card,image,/files/image-smith-blog.jpg,ok,teachinghistory-website/static/files/image-smith-blog.jpg
teachinghistory-website/content/blog/the-supreme-court-connections-between-past-and-present.md,22244,The Supreme Court: Connections Between Past and Present,card,image,/files/soto.jpg,ok,teachinghistory-website/static/files/soto.jpg
teachinghistory-website/content/blog/thinking-like-a-historian-rethinking-history-instruction.md,19449,Thinking Like a Historian: Rethinking History Instruction,card,,,fallback_no_image,
teachinghistory-website/content/blog/third-graders-and-local-history.md,22515,Third Graders and Local History,card,image,/files/alexlib.jpg,ok,teachinghistory-website/static/files/alexlib.jpg
teachinghistory-website/content/blog/tonights-the-night-pbs-broadcasts-we-shall-remain.md,21980,Tonight's the Night: PBS Broadcasts We Shall Remain,card,image,/files/pbs.jpg,ok,teachinghistory-website/static/files/pbs.jpg
teachinghistory-website/content/blog/top-tens-or-best-sites-for.md,24068,"Top Tens, or ""Best Sites for...""",card,image,/files/blue_0.jpg,ok,teachinghistory-website/static/files/blue_0.jpg
teachinghistory-website/content/blog/trickle-or-tsunami-getting-involved-with-the-common-core-standards.md,25306,Trickle or Tsunami?: Getting Involved with the Common Core Standards,card,splash_image,/files/commoncoresplash.jpg,ok,teachinghistory-website/static/files/commoncoresplash.jpg
teachinghistory-website/content/blog/turning-students-into-historians.md,25782,Turning Students into Historians,card,splash_image,/files/blog-splash-milwaukee.jpg,ok,teachinghistory-website/static/files/blog-splash-milwaukee.jpg
teachinghistory-website/content/blog/turning-students-into-historians.md,25782,Turning Students into Historians,author,author_image,/files/author_image/alinder-portrait.jpg,ok,teachinghistory-website/static/files/author_image/alinder-portrait.jpg
teachinghistory-website/content/blog/upcoming-deadlines-for-professional-development.md,24458,Upcoming Deadlines for Professional Development,card,splash_image,/files/splash-blog-dl2011.jpg,ok,teachinghistory-website/static/files/splash-blog-dl2011.jpg
teachinghistory-website/content/blog/update-martin-luther-king-documentary-airs-on-history-channel.md,23747,Update!  Martin Luther King Documentary Airs on History Channel,card,image,/files/king.jpg,ok,teachinghistory-website/static/files/king.jpg
teachinghistory-website/content/blog/us-department-of-education-announces-teaching-american-history-grant-awards.md,19142,U.S. Department of Education Announces Teaching American History Grant Awards,card,,,fallback_no_image,
teachinghistory-website/content/blog/valerie-tripp-on-the-power-of-everyday-objects-in-teaching-history.md,25114,Valerie Tripp on the Power of Everyday Objects in Teaching History,card,splash_image,/files/objectssplash.jpg,ok,teachinghistory-website/static/files/objectssplash.jpg
teachinghistory-website/content/blog/valerie-tripp-on-the-power-of-everyday-objects-in-teaching-history.md,25114,Valerie Tripp on the Power of Everyday Objects in Teaching History,author,author_image,/files/author_image/author_tripp_0.jpg,ok,teachinghistory-website/static/files/author_image/author_tripp_0.jpg
teachinghistory-website/content/blog/valerie-tripp-salty-ham-using-the-senses-in-historical-research.md,25031,Valerie Tripp: Salty Ham: Using the Senses in Historical Research,card,splash_image,/files/valerietrippssalty432x240.jpg,ok,teachinghistory-website/static/files/valerietrippssalty432x240.jpg
teachinghistory-website/content/blog/valerie-tripp-salty-ham-using-the-senses-in-historical-research.md,25031,Valerie Tripp: Salty Ham: Using the Senses in Historical Research,author,author_image,/files/author_image/author_tripp_3.jpg,ok,teachinghistory-website/static/files/author_image/author_tripp_3.jpg
teachinghistory-website/content/blog/valerie-tripps-looking-backward-looping-forward-how-to-make-a-period-of-history-matter-to-your-stude.md,24978,"Valerie Tripp's Looking Backward, Looping Forward: How to Make a Period of History Matter to Your Students",card,splash_image,/files/valerietrippon432x240b.jpg,ok,teachinghistory-website/static/files/valerietrippon432x240b.jpg
teachinghistory-website/content/blog/valerie-tripps-looking-backward-looping-forward-how-to-make-a-period-of-history-matter-to-your-stude.md,24978,"Valerie Tripp's Looking Backward, Looping Forward: How to Make a Period of History Matter to Your Students",author,author_image,/files/author_image/author_tripp_1.jpg,ok,teachinghistory-website/static/files/author_image/author_tripp_1.jpg
teachinghistory-website/content/blog/veterans-oral-history-and-the-library-of-congress.md,23463,"Veterans, Oral History, and the Library of Congress",card,splash_image,/files/splash-him-vd2.jpg,ok,teachinghistory-website/static/files/splash-him-vd2.jpg
teachinghistory-website/content/blog/visit-clearinghouse-lesson-plan-reviews.md,20207,Visit Clearinghouse Lesson Plan Reviews!,card,image,/files/homephoto1.jpg,ok,teachinghistory-website/static/files/homephoto1.jpg
teachinghistory-website/content/blog/visiting-history-a-guide-for-professional-development.md,25501,Visiting History:  A Guide for Professional Development,card,splash_image,/files/splash-blog-vh.jpg,ok,teachinghistory-website/static/files/splash-blog-vh.jpg
teachinghistory-website/content/blog/visiting-history-a-guide-for-professional-development.md,25501,Visiting History:  A Guide for Professional Development,author,author_image,/files/author_image/jennifer1_0.jpg,ok,teachinghistory-website/static/files/author_image/jennifer1_0.jpg
teachinghistory-website/content/blog/vitamins-in-chocolate-cake-why-use-historical-fiction-in-the-classroom.md,24679,Vitamins in Chocolate Cake: Why Use Historical Fiction in the Classroom?,card,splash_image,/files/historicalfictionsplash.jpg,ok,teachinghistory-website/static/files/historicalfictionsplash.jpg
teachinghistory-website/content/blog/vitamins-in-chocolate-cake-why-use-historical-fiction-in-the-classroom.md,24679,Vitamins in Chocolate Cake: Why Use Historical Fiction in the Classroom?,author,author_image,/files/author_image/author_tripp.jpg,ok,teachinghistory-website/static/files/author_image/author_tripp.jpg
teachinghistory-website/content/blog/watch-it-live-president-barack-obama-addresses-americas-students-on-september-8.md,22626,Watch It Live! President Barack Obama Addresses America's Students on September 8,card,image,/files/announce.jpg,ok,teachinghistory-website/static/files/announce.jpg
teachinghistory-website/content/blog/welcome-to-our-redesign-and-thank-you.md,23946,"Welcome to Our Redesign, and Thank You",card,image,/files/newdesign_0.jpg,ok,teachinghistory-website/static/files/newdesign_0.jpg
teachinghistory-website/content/blog/were-listening-to.md,19068,We're Listening To,card,,,fallback_no_image,
teachinghistory-website/content/blog/what-is-historical-thinking.md,24434,What is Historical Thinking?,card,splash_image,/files/splash-blog-wiht.jpg,ok,teachinghistory-website/static/files/splash-blog-wiht.jpg
teachinghistory-website/content/blog/what-is-historical-thinking.md,24434,What is Historical Thinking?,inline,body,/files/image-blog-postersec2_0.jpg,ok,teachinghistory-website/static/files/image-blog-postersec2_0.jpg
teachinghistory-website/content/blog/whats-new-on-the-clearinghouse-site-lessons-learned-on-video.md,22441,What's New on the Clearinghouse Site? Lessons Learned on Video,card,image,/files/newsvid.jpg,ok,teachinghistory-website/static/files/newsvid.jpg
teachinghistory-website/content/blog/when-did-july-4-become-the-fourth-of-july.md,22379,When Did July 4 Become the Fourth of July?,card,image,/files/parade_0.jpg,ok,teachinghistory-website/static/files/parade_0.jpg
teachinghistory-website/content/blog/women-taking-history-womens-history-month-2011.md,24533,Women Taking History: Women's History Month 2011,card,splash_image,/files/splash-blog-wom2011.jpg,ok,teachinghistory-website/static/files/splash-blog-wom2011.jpg
teachinghistory-website/content/blog/womens-history-month-historians-in-the-news.md,14943,Women's History Month:  Historians in the News,card,,,fallback_no_image,
teachinghistory-website/content/digital-classroom/ask-a-digital-historian/beyond-google-searching.md,24089,Beyond Google Searching,card,splash_image,/files/family.jpg,ok,teachinghistory-website/static/files/family.jpg
teachinghistory-website/content/digital-classroom/ask-a-digital-historian/beyond-google-searching.md,24089,Beyond Google Searching,inline,body,/files/image_inline/pacific_northwest-24089.jpg,ok,teachinghistory-website/static/files/image_inline/pacific_northwest-24089.jpg
teachinghistory-website/content/digital-classroom/ask-a-digital-historian/beyond-google-searching.md,24089,Beyond Google Searching,inline,body,/files/image_inline/densho_child-24089.jpg,ok,teachinghistory-website/static/files/image_inline/densho_child-24089.jpg
teachinghistory-website/content/digital-classroom/ask-a-digital-historian/crafting-digital-stories.md,25587,Crafting Digital Stories,card,splash_image,/files/cdssplash.jpg,ok,teachinghistory-website/static/files/cdssplash.jpg
teachinghistory-website/content/digital-classroom/ask-a-digital-historian/crafting-digital-stories.md,25587,Crafting Digital Stories,author,author_image,/files/author_image/walsh_author.jpeg,ok,teachinghistory-website/static/files/author_image/walsh_author.jpeg
teachinghistory-website/content/digital-classroom/ask-a-digital-historian/digital-tools-outfitting-a-teachers-arsenal.md,25612,Digital Tools: Outfitting a Teacher's Arsenal,card,splash_image,/files/toolssplash.jpg,ok,teachinghistory-website/static/files/toolssplash.jpg
teachinghistory-website/content/digital-classroom/ask-a-digital-historian/digital-tools-outfitting-a-teachers-arsenal.md,25612,Digital Tools: Outfitting a Teacher's Arsenal,author,author_image,/files/author_image/walsh_author_0.jpeg,ok,teachinghistory-website/static/files/author_image/walsh_author_0.jpeg
teachinghistory-website/content/digital-classroom/ask-a-digital-historian/finding-a-speaker-willing-to-use-digital-networks.md,24539,Finding a Speaker Willing to Use Digital Networks,card,splash_image,/files/skypelecture.jpg,ok,teachinghistory-website/static/files/skypelecture.jpg
teachinghistory-website/content/digital-classroom/ask-a-digital-historian/finding-skype-collaborators.md,23884,Finding Skype Collaborators,card,splash_image,/files/telephonepole.jpg,ok,teachinghistory-website/static/files/telephonepole.jpg
teachinghistory-website/content/digital-classroom/ask-a-digital-historian/historic-images-are-everywhere.md,23885,Historic Images are Everywhere,card,splash_image,/files/stereo.jpg,ok,teachinghistory-website/static/files/stereo.jpg
teachinghistory-website/content/digital-classroom/ask-a-digital-historian/history-and-new-media.md,24122,History and New Media,card,splash_image,/files/splash-adh-newmedia.jpg,ok,teachinghistory-website/static/files/splash-adh-newmedia.jpg
teachinghistory-website/content/digital-classroom/ask-a-digital-historian/history-and-new-media.md,24122,History and New Media,author,author_image,/files/author_image/Robert-T-Author.jpg,ok,teachinghistory-website/static/files/author_image/Robert-T-Author.jpg
teachinghistory-website/content/digital-classroom/ask-a-digital-historian/introducing-students-to-interactive-whiteboards.md,25035,Introducing Students to Interactive Whiteboards,card,splash_image,/files/introducingstudentsto432x240.jpg,ok,teachinghistory-website/static/files/introducingstudentsto432x240.jpg
teachinghistory-website/content/digital-classroom/ask-a-digital-historian/introducing-students-to-interactive-whiteboards.md,25035,Introducing Students to Interactive Whiteboards,author,author_image,/files/author_image/author_image_joe_jelen_75x75.jpeg,ok,teachinghistory-website/static/files/author_image/author_image_joe_jelen_75x75.jpeg
teachinghistory-website/content/digital-classroom/ask-a-digital-historian/is-the-internet-a-reliable-source-for-history-content.md,24066,Is the Internet a Reliable Source for History Content?,card,splash_image,/files/Internet_map_plain_1024.png,ok,teachinghistory-website/static/files/Internet_map_plain_1024.png
teachinghistory-website/content/digital-classroom/ask-a-digital-historian/just-blog-about-it-part-1.md,24545,Just Blog About It! (Part 1),card,splash_image,/files/blogsplash.jpg,ok,teachinghistory-website/static/files/blogsplash.jpg
teachinghistory-website/content/digital-classroom/ask-a-digital-historian/just-blog-about-it-part-2.md,24546,Just Blog About It! (Part 2),card,splash_image,/files/blogsplash_0.jpg,ok,teachinghistory-website/static/files/blogsplash_0.jpg
teachinghistory-website/content/digital-classroom/ask-a-digital-historian/keepvid.md,25221,KeepVid,card,splash_image,/files/keepvidsplash.jpg,ok,teachinghistory-website/static/files/keepvidsplash.jpg
teachinghistory-website/content/digital-classroom/ask-a-digital-historian/keepvid.md,25221,KeepVid,author,author_image,/files/author_image/author_wiebe_0.jpeg,ok,teachinghistory-website/static/files/author_image/author_wiebe_0.jpeg
teachinghistory-website/content/digital-classroom/ask-a-digital-historian/primary-and-secondary-sources-through-video.md,24664,Primary and Secondary Sources through Video,card,splash_image,/files/ps_wordle_432x240.png,ok,teachinghistory-website/static/files/ps_wordle_432x240.png
teachinghistory-website/content/digital-classroom/ask-a-digital-historian/surfing-the-web-successfully.md,25219,Surfing the Web Successfully,card,splash_image,/files/searchingsplash.jpg,ok,teachinghistory-website/static/files/searchingsplash.jpg
teachinghistory-website/content/digital-classroom/ask-a-digital-historian/surfing-the-web-successfully.md,25219,Surfing the Web Successfully,author,author_image,/files/author_image/author_wiebe.jpeg,ok,teachinghistory-website/static/files/author_image/author_wiebe.jpeg
teachinghistory-website/content/digital-classroom/ask-a-digital-historian/understanding-and-appreciating-world-war-ii-veterans.md,24328,Understanding and Appreciating World War II Veterans,card,splash_image,/files/wwIIveterans432x240.jpg,ok,teachinghistory-website/static/files/wwIIveterans432x240.jpg
teachinghistory-website/content/digital-classroom/ask-a-digital-historian/using-the-web-to-learn-research-and-presentation-skills.md,24104,Using the Web to Learn Research and Presentation Skills,card,splash_image,/files/UsingtheWeb432x240.jpg,ok,teachinghistory-website/static/files/UsingtheWeb432x240.jpg
teachinghistory-website/content/digital-classroom/ask-a-digital-historian/when-copyright-meets-the-classroom.md,24710,When Copyright Meets the Classroom,card,splash_image,/files/WhenCopyrightMeets432x240.jpg,ok,teachinghistory-website/static/files/WhenCopyrightMeets432x240.jpg
teachinghistory-website/content/digital-classroom/ask-a-digital-historian/wikipedia-credible-research-source-or-not.md,23863,Wikipedia: Credible Research Source or Not?,card,splash_image,/files/wiklakota.jpg,ok,teachinghistory-website/static/files/wiklakota.jpg
teachinghistory-website/content/digital-classroom/beyond-the-chalkboard/advanced-whiteboard-techniques.md,24165,Advanced Whiteboard Techniques,card,splash_image,/files/splash-btc-ict4.jpeg,ok,teachinghistory-website/static/files/splash-btc-ict4.jpeg
teachinghistory-website/content/digital-classroom/beyond-the-chalkboard/analyzing-campaign-commercials.md,25781,Analyzing Campaign Commercials,card,splash_image,/files/kfrank-splash.jpeg,ok,teachinghistory-website/static/files/kfrank-splash.jpeg
teachinghistory-website/content/digital-classroom/beyond-the-chalkboard/choose-your-own-adventure-videos.md,25448,Choose Your Own Adventure Videos,card,splash_image,/files/chooseyourown432x240.jpeg,ok,teachinghistory-website/static/files/chooseyourown432x240.jpeg
teachinghistory-website/content/digital-classroom/beyond-the-chalkboard/creating-campaign-commercials.md,25783,Creating Campaign Commercials,card,splash_image,/files/franksplash.jpeg,ok,teachinghistory-website/static/files/franksplash.jpeg
teachinghistory-website/content/digital-classroom/beyond-the-chalkboard/crosscurricular-multimedia-ap-us-history-and-govt-classes-collaborate.md,25163,Crosscurricular Multimedia: AP U.S. History and Govt Classes Collaborate,card,splash_image,/files/splash-btc-halla.jpeg,ok,teachinghistory-website/static/files/splash-btc-halla.jpeg
teachinghistory-website/content/digital-classroom/beyond-the-chalkboard/digital-storytelling-in-the-classroom.md,24169,Digital Storytelling in the Classroom,card,splash_image,/files/splash-btc-digstory1.jpeg,ok,teachinghistory-website/static/files/splash-btc-digstory1.jpeg
teachinghistory-website/content/digital-classroom/beyond-the-chalkboard/introduction-to-google-docs.md,24168,Introduction to Google Docs,card,splash_image,/files/splash-btc-googled.jpeg,ok,teachinghistory-website/static/files/splash-btc-googled.jpeg
teachinghistory-website/content/digital-classroom/beyond-the-chalkboard/recording-experiences-with-first-graders.md,25640,Recording Experiences with First Graders,card,splash_image,/files/jenorrsplash.jpeg,ok,teachinghistory-website/static/files/jenorrsplash.jpeg
teachinghistory-website/content/digital-classroom/beyond-the-chalkboard/recording-experiences-with-first-graders.md,25640,Recording Experiences with First Graders,author,author_image,/files/author_image/jennifer-orr_0_3.png,ok,teachinghistory-website/static/files/author_image/jennifer-orr_0_3.png
teachinghistory-website/content/digital-classroom/beyond-the-chalkboard/twitter-in-large-classrooms.md,24162,Twitter in Large Classrooms,card,splash_image,/files/splash-btt-twistory.jpeg,ok,teachinghistory-website/static/files/splash-btt-twistory.jpeg
teachinghistory-website/content/digital-classroom/beyond-the-chalkboard/using-facebook-to-engage-with-historical-figures.md,24152,Using Facebook to Engage with Historical Figures,card,splash_image,/files/splash-btc-facebookfan.jpeg,ok,teachinghistory-website/static/files/splash-btc-facebookfan.jpeg
teachinghistory-website/content/digital-classroom/beyond-the-chalkboard/using-skype-in-the-classroom.md,24161,Using Skype in the Classroom,card,splash_image,/files/splash-wr-skypevideo.jpeg,ok,teachinghistory-website/static/files/splash-wr-skypevideo.jpeg
teachinghistory-website/content/digital-classroom/beyond-the-chalkboard/voicethread-in-a-1st-grade-classroom.md,24589,VoiceThread in a 1st-grade Classroom,card,splash_image,/files/orr_splash.jpeg,ok,teachinghistory-website/static/files/orr_splash.jpeg
teachinghistory-website/content/digital-classroom/beyond-the-chalkboard/voicethread-in-a-1st-grade-classroom.md,24589,VoiceThread in a 1st-grade Classroom,author,author_image,/files/author_image/jennifer-orr_0.png,ok,teachinghistory-website/static/files/author_image/jennifer-orr_0.png
teachinghistory-website/content/digital-classroom/beyond-the-chalkboard/whiteboard-basics.md,24163,Whiteboard Basics,card,splash_image,/files/splash-wr-ict2.jpeg,ok,teachinghistory-website/static/files/splash-wr-ict2.jpeg
teachinghistory-website/content/digital-classroom/beyond-the-chalkboard/whiteboards-and-the-youngest-children.md,24167,Whiteboards and the Youngest Children,card,splash_image,/files/splash-btc-five2.jpeg,ok,teachinghistory-website/static/files/splash-btc-five2.jpeg
teachinghistory-website/content/digital-classroom/beyond-the-chalkboard/zoom-in-inquiry.md,24158,Zoom-in Inquiry,card,splash_image,/files/zoomin.jpeg,ok,teachinghistory-website/static/files/zoomin.jpeg
teachinghistory-website/content/digital-classroom/beyond-the-chalkboard/zoom-in-inquiry.md,24158,Zoom-in Inquiry,author,author_image,/files/author_image/author_jelen.png,ok,teachinghistory-website/static/files/author_image/author_jelen.png
teachinghistory-website/content/digital-classroom/tech-for-teachers/animoto.md,24536,Animoto,card,splash_image,/files/AnimotoSplash.jpg,ok,teachinghistory-website/static/files/AnimotoSplash.jpg
teachinghistory-website/content/digital-classroom/tech-for-teachers/blogs.md,14590,Blogs,card,splash_image,/files/Blogs432x240.jpg,ok,teachinghistory-website/static/files/Blogs432x240.jpg
teachinghistory-website/content/digital-classroom/tech-for-teachers/cacoo.md,25304,Cacoo,card,splash_image,/files/cacoosplash.jpg,ok,teachinghistory-website/static/files/cacoosplash.jpg
teachinghistory-website/content/digital-classroom/tech-for-teachers/canva.md,25832,Canva,card,splash_image,/files/Canva-splash.png,ok,teachinghistory-website/static/files/Canva-splash.png
teachinghistory-website/content/digital-classroom/tech-for-teachers/canva.md,25832,Canva,author,author_image,/files/author_image/petricini_3.png,ok,teachinghistory-website/static/files/author_image/petricini_3.png
teachinghistory-website/content/digital-classroom/tech-for-teachers/cell-phones-as-classroom-tools.md,25273,Cell Phones as Classroom Tools,card,splash_image,/files/cellphonesplash.jpg,ok,teachinghistory-website/static/files/cellphonesplash.jpg
teachinghistory-website/content/digital-classroom/tech-for-teachers/cell-phones-as-classroom-tools.md,25273,Cell Phones as Classroom Tools,author,author_image,/files/author_image/mail_3.jpeg,ok,teachinghistory-website/static/files/author_image/mail_3.jpeg
teachinghistory-website/content/digital-classroom/tech-for-teachers/chronozoom.md,25836,Chronozoom,card,splash_image,/files/Chronozoom-Splash.png,ok,teachinghistory-website/static/files/Chronozoom-Splash.png
teachinghistory-website/content/digital-classroom/tech-for-teachers/chronozoom.md,25836,Chronozoom,author,author_image,/files/author_image/petricini.png,ok,teachinghistory-website/static/files/author_image/petricini.png
teachinghistory-website/content/digital-classroom/tech-for-teachers/commonlit.md,25833,Commonlit,card,splash_image,/files/Commonlit-Splash.png,ok,teachinghistory-website/static/files/Commonlit-Splash.png
teachinghistory-website/content/digital-classroom/tech-for-teachers/commonlit.md,25833,Commonlit,author,author_image,/files/author_image/petricini_2.png,ok,teachinghistory-website/static/files/author_image/petricini_2.png
teachinghistory-website/content/digital-classroom/tech-for-teachers/creating-cartoons-pixton-toondoo.md,25056,Creating Cartoons: Pixton & ToonDoo,card,splash_image,/files/pixtonsplash.jpg,ok,teachinghistory-website/static/files/pixtonsplash.jpg
teachinghistory-website/content/digital-classroom/tech-for-teachers/diigo.md,23471,Diigo,card,splash_image,/files/Diigo.png,ok,teachinghistory-website/static/files/Diigo.png
teachinghistory-website/content/digital-classroom/tech-for-teachers/do-i-have-a-right.md,24975,Do I Have a Right?,card,splash_image,/files/doihave432x240.jpg,ok,teachinghistory-website/static/files/doihave432x240.jpg
teachinghistory-website/content/digital-classroom/tech-for-teachers/do-i-have-a-right.md,24975,Do I Have a Right?,author,author_image,/files/author_image/authorphotojeremiahmccall75x75.jpg,ok,teachinghistory-website/static/files/author_image/authorphotojeremiahmccall75x75.jpg
teachinghistory-website/content/digital-classroom/tech-for-teachers/docsteach.md,24268,DocsTeach,card,splash_image,/files/splash-TfT-DocsTeach.jpg,ok,teachinghistory-website/static/files/splash-TfT-DocsTeach.jpg
teachinghistory-website/content/digital-classroom/tech-for-teachers/document-cameras.md,24414,Document Cameras,card,splash_image,/files/24326_432x240.jpg,ok,teachinghistory-website/static/files/24326_432x240.jpg
teachinghistory-website/content/digital-classroom/tech-for-teachers/document-cameras.md,24414,Document Cameras,author,author_image,/files/author_image/Author_Image_Joe_Jelen_75x75_0.jpg,ok,teachinghistory-website/static/files/author_image/Author_Image_Joe_Jelen_75x75_0.jpg
teachinghistory-website/content/digital-classroom/tech-for-teachers/dropbox.md,25164,Dropbox,card,splash_image,/files/dropboxsplash.jpg,ok,teachinghistory-website/static/files/dropboxsplash.jpg
teachinghistory-website/content/digital-classroom/tech-for-teachers/edmodo.md,25425,Edmodo,card,splash_image,/files/edmodo.png,ok,teachinghistory-website/static/files/edmodo.png
teachinghistory-website/content/digital-classroom/tech-for-teachers/edmodo.md,25425,Edmodo,author,author_image,/files/author_image/author_wiebe_0_1.jpeg,ok,teachinghistory-website/static/files/author_image/author_wiebe_0_1.jpeg
teachinghistory-website/content/digital-classroom/tech-for-teachers/edpuzzle.md,25828,Edpuzzle,card,splash_image,/files/Edpuzzle-Splash.png,ok,teachinghistory-website/static/files/Edpuzzle-Splash.png
teachinghistory-website/content/digital-classroom/tech-for-teachers/edpuzzle.md,25828,Edpuzzle,author,author_image,/files/author_image/petricini_7.png,ok,teachinghistory-website/static/files/author_image/petricini_7.png
teachinghistory-website/content/digital-classroom/tech-for-teachers/evernote.md,25363,Evernote,card,splash_image,/files/evernotesplash.jpg,ok,teachinghistory-website/static/files/evernotesplash.jpg
teachinghistory-website/content/digital-classroom/tech-for-teachers/evernote.md,25363,Evernote,author,author_image,/files/author_image/author_wiebe_0_0_0.jpeg,ok,teachinghistory-website/static/files/author_image/author_wiebe_0_0_0.jpeg
teachinghistory-website/content/digital-classroom/tech-for-teachers/facebook.md,23474,Facebook,card,splash_image,/files/FacebookSplash.jpg,ok,teachinghistory-website/static/files/FacebookSplash.jpg
teachinghistory-website/content/digital-classroom/tech-for-teachers/flickr.md,24600,Flickr,card,splash_image,/files/FlickrSplash.jpg,ok,teachinghistory-website/static/files/FlickrSplash.jpg
teachinghistory-website/content/digital-classroom/tech-for-teachers/glogster.md,25055,Glogster,card,splash_image,/files/glogster-splash.png,ok,teachinghistory-website/static/files/glogster-splash.png
teachinghistory-website/content/digital-classroom/tech-for-teachers/google-docs.md,14586,Google Docs,card,splash_image,/files/GoogleDocsSplash.jpg,ok,teachinghistory-website/static/files/GoogleDocsSplash.jpg
teachinghistory-website/content/digital-classroom/tech-for-teachers/google-earth.md,24706,Google Earth,card,splash_image,/files/googleearthsplash.jpg,ok,teachinghistory-website/static/files/googleearthsplash.jpg
teachinghistory-website/content/digital-classroom/tech-for-teachers/google-for-teachers-a-guide-by-free-technology-for-teachers.md,25316,"Google for Teachers: A Guide by ""Free Technology for Teachers""",card,splash_image,/files/googletesch4teachsplash.jpg,ok,teachinghistory-website/static/files/googletesch4teachsplash.jpg
teachinghistory-website/content/digital-classroom/tech-for-teachers/google-forms.md,25110,Google Forms,card,splash_image,/files/googleformsplash.jpg,ok,teachinghistory-website/static/files/googleformsplash.jpg
teachinghistory-website/content/digital-classroom/tech-for-teachers/google-forms.md,25110,Google Forms,author,author_image,/files/author_image/dlaufenberg1_1_1.jpg,ok,teachinghistory-website/static/files/author_image/dlaufenberg1_1_1.jpg
teachinghistory-website/content/digital-classroom/tech-for-teachers/google-maps.md,24658,Google Maps,card,splash_image,/files/GoogleMapSplash.jpg,ok,teachinghistory-website/static/files/GoogleMapSplash.jpg
teachinghistory-website/content/digital-classroom/tech-for-teachers/group-text-messaging-tools.md,25761,Group Text-Messaging Tools,card,splash_image,/files/splash-texting-tft.jpg,ok,teachinghistory-website/static/files/splash-texting-tft.jpg
teachinghistory-website/content/digital-classroom/tech-for-teachers/historypin.md,25830,Historypin,card,splash_image,/files/Historypin-Splash.png,ok,teachinghistory-website/static/files/Historypin-Splash.png
teachinghistory-website/content/digital-classroom/tech-for-teachers/historypin.md,25830,Historypin,author,author_image,/files/author_image/petricini_5.png,ok,teachinghistory-website/static/files/author_image/petricini_5.png
teachinghistory-website/content/digital-classroom/tech-for-teachers/imoviemovie-maker.md,25283,iMovie/Movie Maker,card,splash_image,/files/imoviesplash.jpg,ok,teachinghistory-website/static/files/imoviesplash.jpg
teachinghistory-website/content/digital-classroom/tech-for-teachers/ipadstablet-computers.md,25305,iPads/Tablet Computers,card,splash_image,/files/ipadsplash.jpg,ok,teachinghistory-website/static/files/ipadsplash.jpg
teachinghistory-website/content/digital-classroom/tech-for-teachers/ipadstablet-computers.md,25305,iPads/Tablet Computers,author,author_image,/files/author_image/author_wiebe_0_0.jpeg,ok,teachinghistory-website/static/files/author_image/author_wiebe_0_0.jpeg
teachinghistory-website/content/digital-classroom/tech-for-teachers/iwitness.md,25604,IWitness,card,splash_image,/files/iwitnesssplash.jpg,ok,teachinghistory-website/static/files/iwitnesssplash.jpg
teachinghistory-website/content/digital-classroom/tech-for-teachers/iwitness.md,25604,IWitness,author,author_image,/files/author_image/author_haas.jpg,ok,teachinghistory-website/static/files/author_image/author_haas.jpg
teachinghistory-website/content/digital-classroom/tech-for-teachers/kidblog.md,25177,Kidblog,card,splash_image,/files/kidblogsplash.jpg,ok,teachinghistory-website/static/files/kidblogsplash.jpg
teachinghistory-website/content/digital-classroom/tech-for-teachers/kidblog.md,25177,Kidblog,author,author_image,/files/author_image/zanten.jpg,ok,teachinghistory-website/static/files/author_image/zanten.jpg
teachinghistory-website/content/digital-classroom/tech-for-teachers/learner-response-systems-clickers.md,25109,Learner Response Systems (Clickers),card,splash_image,/files/clickersplash.jpg,ok,teachinghistory-website/static/files/clickersplash.jpg
teachinghistory-website/content/digital-classroom/tech-for-teachers/learner-response-systems-clickers.md,25109,Learner Response Systems (Clickers),author,author_image,/files/author_image/mcdougall.jpg,ok,teachinghistory-website/static/files/author_image/mcdougall.jpg
teachinghistory-website/content/digital-classroom/tech-for-teachers/little-bird-tales.md,24602,Little Bird Tales,card,splash_image,/files/lbtsplash.jpg,ok,teachinghistory-website/static/files/lbtsplash.jpg
teachinghistory-website/content/digital-classroom/tech-for-teachers/livebinders.md,25517,LiveBinders,card,splash_image,/files/livebinderssplash.jpg,ok,teachinghistory-website/static/files/livebinderssplash.jpg
teachinghistory-website/content/digital-classroom/tech-for-teachers/livebinders.md,25517,LiveBinders,author,author_image,/files/author_image/author_wiebe_0_3.jpeg,ok,teachinghistory-website/static/files/author_image/author_wiebe_0_3.jpeg
teachinghistory-website/content/digital-classroom/tech-for-teachers/lucidchart.md,24535,LucidChart,card,splash_image,/files/lucid.jpg,ok,teachinghistory-website/static/files/lucid.jpg
teachinghistory-website/content/digital-classroom/tech-for-teachers/lucidchart.md,24535,LucidChart,author,author_image,/files/author_image/dlaufenberg1.jpg,ok,teachinghistory-website/static/files/author_image/dlaufenberg1.jpg
teachinghistory-website/content/digital-classroom/tech-for-teachers/mind-mapping-visualizing-historical-thought.md,24177,Mind Mapping: Visualizing Historical Thought,card,splash_image,/files/image-splash-mentalmap.jpg,ok,teachinghistory-website/static/files/image-splash-mentalmap.jpg
teachinghistory-website/content/digital-classroom/tech-for-teachers/mission-us-for-crown-or-colony.md,25111,Mission US: For Crown or Colony,card,splash_image,/files/revolutionsplash.jpg,ok,teachinghistory-website/static/files/revolutionsplash.jpg
teachinghistory-website/content/digital-classroom/tech-for-teachers/mission-us-for-crown-or-colony.md,25111,Mission US: For Crown or Colony,author,author_image,/files/author_image/authorphotojeremiahmccall75x75_1.jpg,ok,teachinghistory-website/static/files/author_image/authorphotojeremiahmccall75x75_1.jpg
teachinghistory-website/content/digital-classroom/tech-for-teachers/moodle.md,25633,Moodle,card,splash_image,/files/moodlesplash.jpg,ok,teachinghistory-website/static/files/moodlesplash.jpg
teachinghistory-website/content/digital-classroom/tech-for-teachers/moodle.md,25633,Moodle,author,author_image,/files/author_image/dlaufenberg1_1_2.jpg,ok,teachinghistory-website/static/files/author_image/dlaufenberg1_1_2.jpg
teachinghistory-website/content/digital-classroom/tech-for-teachers/myhistro.md,25809,myHistro,card,splash_image,/files/screen_shot_2013-12-13_at_1.06.39_pm.png,ok,teachinghistory-website/static/files/screen_shot_2013-12-13_at_1.06.39_pm.png
teachinghistory-website/content/digital-classroom/tech-for-teachers/myhistro.md,25809,myHistro,author,author_image,/files/author_image/photo.jpg,ok,teachinghistory-website/static/files/author_image/photo.jpg
teachinghistory-website/content/digital-classroom/tech-for-teachers/neatline.md,25831,Neatline,card,splash_image,/files/Neatline-Splash.png,ok,teachinghistory-website/static/files/Neatline-Splash.png
teachinghistory-website/content/digital-classroom/tech-for-teachers/neatline.md,25831,Neatline,author,author_image,/files/author_image/petricini_4.png,ok,teachinghistory-website/static/files/author_image/petricini_4.png
teachinghistory-website/content/digital-classroom/tech-for-teachers/newstrust.md,24886,NewsTrust,card,splash_image,/files/splash-tft-newstrust.jpg,ok,teachinghistory-website/static/files/splash-tft-newstrust.jpg
teachinghistory-website/content/digital-classroom/tech-for-teachers/newstrust.md,24886,NewsTrust,author,author_image,/files/author_image/dlaufenberg1_2.jpg,ok,teachinghistory-website/static/files/author_image/dlaufenberg1_2.jpg
teachinghistory-website/content/digital-classroom/tech-for-teachers/ning.md,20674,Ning,card,splash_image,/files/Ning432x240.jpg,ok,teachinghistory-website/static/files/Ning432x240.jpg
teachinghistory-website/content/digital-classroom/tech-for-teachers/omeka.md,25115,Omeka,card,splash_image,/files/omekasplash.jpg,ok,teachinghistory-website/static/files/omekasplash.jpg
teachinghistory-website/content/digital-classroom/tech-for-teachers/padlet.md,24636,Padlet,card,splash_image,/files/wallwisherSplash.jpg,ok,teachinghistory-website/static/files/wallwisherSplash.jpg
teachinghistory-website/content/digital-classroom/tech-for-teachers/poll-everywhere.md,25829,Poll Everywhere,card,splash_image,/files/poll-everywhere-splash.png,ok,teachinghistory-website/static/files/poll-everywhere-splash.png
teachinghistory-website/content/digital-classroom/tech-for-teachers/poll-everywhere.md,25829,Poll Everywhere,author,author_image,/files/author_image/petricini_6.png,ok,teachinghistory-website/static/files/author_image/petricini_6.png
teachinghistory-website/content/digital-classroom/tech-for-teachers/popplet.md,25107,Popplet,card,splash_image,/files/poppletsplash.jpg,ok,teachinghistory-website/static/files/poppletsplash.jpg
teachinghistory-website/content/digital-classroom/tech-for-teachers/prezi.md,24457,Prezi,card,splash_image,/files/prezisplashimage.jpg,ok,teachinghistory-website/static/files/prezisplashimage.jpg
teachinghistory-website/content/digital-classroom/tech-for-teachers/primaryaccess.md,14587,PrimaryAccess,card,splash_image,/files/PA-splash-image.png,ok,teachinghistory-website/static/files/PA-splash-image.png
teachinghistory-website/content/digital-classroom/tech-for-teachers/printfriendly.md,25459,PrintFriendly,card,splash_image,/files/read-printsplash.jpg,ok,teachinghistory-website/static/files/read-printsplash.jpg
teachinghistory-website/content/digital-classroom/tech-for-teachers/printfriendly.md,25459,PrintFriendly,author,author_image,/files/author_image/author_wiebe_0_2.jpeg,ok,teachinghistory-website/static/files/author_image/author_wiebe_0_2.jpeg
teachinghistory-website/content/digital-classroom/tech-for-teachers/rss.md,20697,RSS,card,splash_image,/files/RSSFeedSplash.jpg,ok,teachinghistory-website/static/files/RSSFeedSplash.jpg
teachinghistory-website/content/digital-classroom/tech-for-teachers/scribblar.md,24475,Scribblar,card,splash_image,/files/scribblar3.jpg,ok,teachinghistory-website/static/files/scribblar3.jpg
teachinghistory-website/content/digital-classroom/tech-for-teachers/search-engines.md,23822,Search Engines,card,splash_image,/files/searchengines.jpg,ok,teachinghistory-website/static/files/searchengines.jpg
teachinghistory-website/content/digital-classroom/tech-for-teachers/skype.md,23569,Skype,card,splash_image,/files/skypeelemsch.jpg,ok,teachinghistory-website/static/files/skypeelemsch.jpg
teachinghistory-website/content/digital-classroom/tech-for-teachers/slideshare.md,20693,Slideshare,card,splash_image,/files/Slideshare.jpg,ok,teachinghistory-website/static/files/Slideshare.jpg
teachinghistory-website/content/digital-classroom/tech-for-teachers/social-explorer.md,14588,Social Explorer,card,splash_image,/files/SocialExplorerSplash.jpg,ok,teachinghistory-website/static/files/SocialExplorerSplash.jpg
teachinghistory-website/content/digital-classroom/tech-for-teachers/social-pinboards.md,25660,Social Pinboards,card,splash_image,/files/splash-tft-pin.jpg,ok,teachinghistory-website/static/files/splash-tft-pin.jpg
teachinghistory-website/content/digital-classroom/tech-for-teachers/surveymonkey.md,25029,SurveyMonkey,card,splash_image,/files/surveymonkeysplash.jpg,ok,teachinghistory-website/static/files/surveymonkeysplash.jpg
teachinghistory-website/content/digital-classroom/tech-for-teachers/sutori.md,25834,Sutori,card,splash_image,/files/Sutori-Splash.png,ok,teachinghistory-website/static/files/Sutori-Splash.png
teachinghistory-website/content/digital-classroom/tech-for-teachers/sutori.md,25834,Sutori,author,author_image,/files/author_image/petricini_1.png,ok,teachinghistory-website/static/files/author_image/petricini_1.png
teachinghistory-website/content/digital-classroom/tech-for-teachers/thinglink.md,25808,ThingLink,card,splash_image,/files/splash2_1.jpg,ok,teachinghistory-website/static/files/splash2_1.jpg
teachinghistory-website/content/digital-classroom/tech-for-teachers/thinglink.md,25808,ThingLink,author,author_image,/files/author_image/legg.jpg,ok,teachinghistory-website/static/files/author_image/legg.jpg
teachinghistory-website/content/digital-classroom/tech-for-teachers/timelinejs.md,25835,TimelineJS,card,splash_image,/files/TimelineJS-Splash.png,ok,teachinghistory-website/static/files/TimelineJS-Splash.png
teachinghistory-website/content/digital-classroom/tech-for-teachers/timelinejs.md,25835,TimelineJS,author,author_image,/files/author_image/petricini_0.png,ok,teachinghistory-website/static/files/author_image/petricini_0.png
teachinghistory-website/content/digital-classroom/tech-for-teachers/twitter.md,21851,Twitter,card,splash_image,/files/TwitterSplash.jpg,ok,teachinghistory-website/static/files/TwitterSplash.jpg
teachinghistory-website/content/digital-classroom/tech-for-teachers/vimeo.md,25000,Vimeo,card,splash_image,/files/vimeosplash2.jpg,ok,teachinghistory-website/static/files/vimeosplash2.jpg
teachinghistory-website/content/digital-classroom/tech-for-teachers/voicethread.md,21844,VoiceThread,card,splash_image,/files/VoiceThreadSplash.jpg,ok,teachinghistory-website/static/files/VoiceThreadSplash.jpg
teachinghistory-website/content/digital-classroom/tech-for-teachers/voki.md,24655,Voki,card,splash_image,/files/VokiSplash.jpg,ok,teachinghistory-website/static/files/VokiSplash.jpg
teachinghistory-website/content/digital-classroom/tech-for-teachers/web-poster-wizard.md,14589,Web Poster Wizard,card,splash_image,/files/WebPoster432x240.jpg,ok,teachinghistory-website/static/files/WebPoster432x240.jpg
teachinghistory-website/content/digital-classroom/tech-for-teachers/weebly.md,23819,Weebly,card,splash_image,/files/weebly.jpg,ok,teachinghistory-website/static/files/weebly.jpg
teachinghistory-website/content/digital-classroom/tech-for-teachers/whatwasthere.md,25346,WhatWasThere,card,splash_image,/files/whatwastheresplash.jpg,ok,teachinghistory-website/static/files/whatwastheresplash.jpg
teachinghistory-website/content/digital-classroom/tech-for-teachers/whatwasthere.md,25346,WhatWasThere,author,author_image,/files/author_image/vojslavek.jpg,ok,teachinghistory-website/static/files/author_image/vojslavek.jpg
teachinghistory-website/content/digital-classroom/tech-for-teachers/whiteboards.md,21577,Whiteboards,card,splash_image,/files/WhiteboardsSplash.jpg,ok,teachinghistory-website/static/files/WhiteboardsSplash.jpg
teachinghistory-website/content/digital-classroom/tech-for-teachers/wikis.md,14592,Wikis,card,splash_image,/files/WikiSplash.jpg,ok,teachinghistory-website/static/files/WikiSplash.jpg
teachinghistory-website/content/digital-classroom/tech-for-teachers/win-the-white-house.md,25807,Win the White House,card,splash_image,/files/splash_1.jpg,ok,teachinghistory-website/static/files/splash_1.jpg
teachinghistory-website/content/digital-classroom/tech-for-teachers/win-the-white-house.md,25807,Win the White House,author,author_image,/files/author_image/mcdivittphoto.jpg,ok,teachinghistory-website/static/files/author_image/mcdivittphoto.jpg
teachinghistory-website/content/digital-classroom/tech-for-teachers/wordle.md,20785,Wordle,card,splash_image,/files/Wordle432x240.jpg,ok,teachinghistory-website/static/files/Wordle432x240.jpg
teachinghistory-website/content/digital-classroom/tech-for-teachers/youtube.md,24867,YouTube,card,splash_image,/files/thoyoutubesplash.jpg,ok,teachinghistory-website/static/files/thoyoutubesplash.jpg
teachinghistory-website/content/digital-classroom/tech-for-teachers/zotero.md,14585,Zotero,card,splash_image,/files/ZoteroSplashNew.jpg,ok,teachinghistory-website/static/files/ZoteroSplashNew.jpg
teachinghistory-website/content/elementary-quick-links/quick-links-for-elementary-school-teachers.md,24283,Elementary School Teachers,card,,,fallback_no_image,
teachinghistory-website/content/getting-started.md,,Getting Started with Primary Sources,card,,,fallback_no_image,
teachinghistory-website/content/high-quick-links/quick-links-for-high-school-teachers.md,24285,High School Teachers,card,,,fallback_no_image,
teachinghistory-website/content/history-content/ask-a-historian/a-clear-shot-across-the-continent.md,23937,A Clear Shot across the Continent,card,splash_image,/files/james-polk.jpg,ok,teachinghistory-website/static/files/james-polk.jpg
teachinghistory-website/content/history-content/ask-a-historian/a-history-of-fundamentalism.md,24092,A History of Fundamentalism,card,splash_image,/files/Billy-Sunday.jpg,ok,teachinghistory-website/static/files/Billy-Sunday.jpg
teachinghistory-website/content/history-content/ask-a-historian/a-life-of-strenuous-endeavor.md,23771,A Life of Strenuous Endeavor,card,splash_image,/files/tr-at-oyster-bay-1912-new.jpg,ok,teachinghistory-website/static/files/tr-at-oyster-bay-1912-new.jpg
teachinghistory-website/content/history-content/ask-a-historian/a-trail-of-4000-tears.md,25652,"A Trail of 4,000 Tears",card,splash_image,/files/splash-aah-trail.jpg,ok,teachinghistory-website/static/files/splash-aah-trail.jpg
teachinghistory-website/content/history-content/ask-a-historian/african-and-native-americans-in-colonial-and-revolutionary-times.md,24113,African and Native Americans in Colonial and Revolutionary Times,card,splash_image,/files/Death_of_Montgomery2_crop.jpg,ok,teachinghistory-website/static/files/Death_of_Montgomery2_crop.jpg
teachinghistory-website/content/history-content/ask-a-historian/african-and-native-americans-in-colonial-and-revolutionary-times.md,24113,African and Native Americans in Colonial and Revolutionary Times,author,author_image,/files/author_image/malindalowery_1.jpg,ok,teachinghistory-website/static/files/author_image/malindalowery_1.jpg
teachinghistory-website/content/history-content/ask-a-historian/all-disquiet-on-the-western-front.md,23464,All Disquiet on the Western Front,card,splash_image,/files/german-trench-new.jpg,ok,teachinghistory-website/static/files/german-trench-new.jpg
teachinghistory-website/content/history-content/ask-a-historian/all-wrapped-up-in-the-flag.md,23852,All Wrapped Up in the Flag,card,splash_image,/files/weisgerber-new.jpg,ok,teachinghistory-website/static/files/weisgerber-new.jpg
teachinghistory-website/content/history-content/ask-a-historian/alternative-outcomes-of-world-war-ii.md,24107,Alternative Outcomes of World War II,card,splash_image,/files/field-commanders-1945.jpg,ok,teachinghistory-website/static/files/field-commanders-1945.jpg
teachinghistory-website/content/history-content/ask-a-historian/america-abroad.md,23823,America Abroad,card,splash_image,/files/TR-war-college-new.jpg,ok,teachinghistory-website/static/files/TR-war-college-new.jpg
teachinghistory-website/content/history-content/ask-a-historian/american-indian-women.md,23931,American Indian Women,card,splash_image,/files/kutenai-woman.jpg,ok,teachinghistory-website/static/files/kutenai-woman.jpg
teachinghistory-website/content/history-content/ask-a-historian/american-pows-in-japanese-captivity.md,22693,American POWS in Japanese Captivity,card,splash_image,/files/volunteer-of-the-red-cross-motor-corps-new.jpg,ok,teachinghistory-website/static/files/volunteer-of-the-red-cross-motor-corps-new.jpg
teachinghistory-website/content/history-content/ask-a-historian/american-resistance-to-a-standing-army.md,24671,American Resistance to a Standing Army,card,splash_image,/files/madison_splash.jpg,ok,teachinghistory-website/static/files/madison_splash.jpg
teachinghistory-website/content/history-content/ask-a-historian/americas-shifting-western-frontier.md,25079,America's Shifting Western Frontier,card,splash_image,/files/union-elevator.jpg,ok,teachinghistory-website/static/files/union-elevator.jpg
teachinghistory-website/content/history-content/ask-a-historian/andrew-johnson-and-impeachment.md,25165,Andrew Johnson and Impeachment,card,splash_image,/files/andrewjohnsonand432x240.jpg,ok,teachinghistory-website/static/files/andrewjohnsonand432x240.jpg
teachinghistory-website/content/history-content/ask-a-historian/animating-the-home-front.md,24597,Animating the Home Front,card,splash_image,/files/philco-1945.jpg,ok,teachinghistory-website/static/files/philco-1945.jpg
teachinghistory-website/content/history-content/ask-a-historian/architectural-homage.md,24172,Architectural Homage,card,splash_image,/files/rotunda-dome.jpg,ok,teachinghistory-website/static/files/rotunda-dome.jpg
teachinghistory-website/content/history-content/ask-a-historian/are-there-instances-of-raids-similar-to-the-boston-tea-party.md,20657,Are There Instances of Raids Similar to the Boston Tea Party?,card,splash_image,/files/charlestown-new.jpg,ok,teachinghistory-website/static/files/charlestown-new.jpg
teachinghistory-website/content/history-content/ask-a-historian/bank-notes-of-the-second-bank-of-the-united-states.md,24101,Bank Notes of the Second Bank of the United States,card,splash_image,/files/2bank-chestnut-philly.jpg,ok,teachinghistory-website/static/files/2bank-chestnut-philly.jpg
teachinghistory-website/content/history-content/ask-a-historian/baptist-origins.md,22329,Baptist Origins,card,splash_image,/files/Baptism-2-LC-sepia-new.jpg,ok,teachinghistory-website/static/files/Baptism-2-LC-sepia-new.jpg
teachinghistory-website/content/history-content/ask-a-historian/begging-leave-to-inform-the-publick.md,23453,Begging Leave to Inform the Publick,card,splash_image,/files/whereas-new.jpg,ok,teachinghistory-website/static/files/whereas-new.jpg
teachinghistory-website/content/history-content/ask-a-historian/black-confederates.md,24634,Black Confederates,card,splash_image,/files/lincolnemancipation.jpg,ok,teachinghistory-website/static/files/lincolnemancipation.jpg
teachinghistory-website/content/history-content/ask-a-historian/black-robed-regiment.md,24635,Black-Robed Regiment,card,splash_image,/files/muhlenburg_splash.jpg,ok,teachinghistory-website/static/files/muhlenburg_splash.jpg
teachinghistory-website/content/history-content/ask-a-historian/bleeding-kansas.md,25650,Bleeding Kansas,card,splash_image,/files/bleedingsplash.jpg,ok,teachinghistory-website/static/files/bleedingsplash.jpg
teachinghistory-website/content/history-content/ask-a-historian/bleeding-kansas.md,25650,Bleeding Kansas,author,author_image,/files/author_image/author_denial_0_0_0.jpg,ok,teachinghistory-website/static/files/author_image/author_denial_0_0_0.jpg
teachinghistory-website/content/history-content/ask-a-historian/booths-reason-for-assassination.md,24242,Booth's Reason for Assassination,card,splash_image,/files/boothe_pistol_splash.jpg,ok,teachinghistory-website/static/files/boothe_pistol_splash.jpg
teachinghistory-website/content/history-content/ask-a-historian/bostons-bloody-affray.md,23472,Boston's Bloody Affray,card,splash_image,/files/horrid massacre.jpg,ok,teachinghistory-website/static/files/horrid massacre.jpg
teachinghistory-website/content/history-content/ask-a-historian/breaking-the-confederate-line-at-antietam.md,24265,Breaking the Confederate Line at Antietam,card,splash_image,/files/LincolnandMcClellan_splash.jpg,ok,teachinghistory-website/static/files/LincolnandMcClellan_splash.jpg
teachinghistory-website/content/history-content/ask-a-historian/breaking-the-news-in-1900.md,22927,Breaking the News in 1900,card,splash_image,/files/1903-C-D-Gibson-LC-new.jpg,ok,teachinghistory-website/static/files/1903-C-D-Gibson-LC-new.jpg
teachinghistory-website/content/history-content/ask-a-historian/broadcasting-longevity.md,14557,Broadcasting Longevity,card,splash_image,/files/radio-theater-new.jpg,ok,teachinghistory-website/static/files/radio-theater-new.jpg
teachinghistory-website/content/history-content/ask-a-historian/burr-hamilton-duel.md,24404,Burr-Hamilton Duel,card,splash_image,/files/martha-lamb-history-of-city-of-ny.jpg,ok,teachinghistory-website/static/files/martha-lamb-history-of-city-of-ny.jpg
teachinghistory-website/content/history-content/ask-a-historian/can-you-recommend-three-texts-on-historiography.md,21914,Can You Recommend Three Texts on Historiography?,card,splash_image,/files/question-family-new.jpg,ok,teachinghistory-website/static/files/question-family-new.jpg
teachinghistory-website/content/history-content/ask-a-historian/cause-and-effect-the-outbreak-of-world-war-ii.md,25268,Cause and Effect: The Outbreak of World War II,card,splash_image,/files/ww2splash_0.jpg,ok,teachinghistory-website/static/files/ww2splash_0.jpg
teachinghistory-website/content/history-content/ask-a-historian/civil-rights-sit-in.md,24422,Civil Rights Sit-in,card,splash_image,/files/sitin_splash.jpg,ok,teachinghistory-website/static/files/sitin_splash.jpg
teachinghistory-website/content/history-content/ask-a-historian/civil-rights-sit-in.md,24422,Civil Rights Sit-in,author,author_image,/files/author_image/holdenpic_crop_0.jpg,ok,teachinghistory-website/static/files/author_image/holdenpic_crop_0.jpg
teachinghistory-website/content/history-content/ask-a-historian/civil-war-convicts-unraveling-a-misconception.md,25223,Civil War Convicts: Unraveling a Misconception,card,splash_image,/files/exconsplash.jpg,ok,teachinghistory-website/static/files/exconsplash.jpg
teachinghistory-website/content/history-content/ask-a-historian/civil-war-convicts-unraveling-a-misconception.md,25223,Civil War Convicts: Unraveling a Misconception,author,author_image,/files/author_image/mail_0.jpeg,ok,teachinghistory-website/static/files/author_image/mail_0.jpeg
teachinghistory-website/content/history-content/ask-a-historian/civil-war-peace-offers.md,23441,Civil War Peace Offers,card,splash_image,/files/good-by-to-sumter-2.3.1861-harp-week-2.23.61p116-new.jpg,ok,teachinghistory-website/static/files/good-by-to-sumter-2.3.1861-harp-week-2.23.61p116-new.jpg
teachinghistory-website/content/history-content/ask-a-historian/civilization-is-all-relative.md,24467,Civilization is All Relative,card,splash_image,/files/civilization_splash.jpg,ok,teachinghistory-website/static/files/civilization_splash.jpg
teachinghistory-website/content/history-content/ask-a-historian/civilization-is-all-relative.md,24467,Civilization is All Relative,author,author_image,/files/author_image/malindalowery_0.jpg,ok,teachinghistory-website/static/files/author_image/malindalowery_0.jpg
teachinghistory-website/content/history-content/ask-a-historian/clinical-experiences.md,24553,Clinical Experiences,card,splash_image,/files/clinicalsplash.jpg,ok,teachinghistory-website/static/files/clinicalsplash.jpg
teachinghistory-website/content/history-content/ask-a-historian/clinical-experiences.md,24553,Clinical Experiences,author,author_image,/files/author_image/Jacks_photo2_2.jpg,ok,teachinghistory-website/static/files/author_image/Jacks_photo2_2.jpg
teachinghistory-website/content/history-content/ask-a-historian/cold-war-wrestling-match.md,24459,Cold War Wrestling Match,card,splash_image,/files/jfk_khrushchev_splash.jpg,ok,teachinghistory-website/static/files/jfk_khrushchev_splash.jpg
teachinghistory-website/content/history-content/ask-a-historian/cold-war-wrestling-match.md,24459,Cold War Wrestling Match,author,author_image,/files/author_image/holdenpic_crop_1.jpg,ok,teachinghistory-website/static/files/author_image/holdenpic_crop_1.jpg
teachinghistory-website/content/history-content/ask-a-historian/colonial-teenagers.md,24098,Colonial Teenagers,card,splash_image,/files/colonial-kitchen-children.jpg,ok,teachinghistory-website/static/files/colonial-kitchen-children.jpg
teachinghistory-website/content/history-content/ask-a-historian/conococheague.md,24095,Conococheague,card,splash_image,/files/conococheague-bridge.jpg,ok,teachinghistory-website/static/files/conococheague-bridge.jpg
teachinghistory-website/content/history-content/ask-a-historian/contradictions-in-john-fremonts-political-chart-of-the-us-1856.md,19497,Contradictions in John Fremont's Political Chart of the US (1856),card,splash_image,/files/fremont-chart-bust-new.jpg,ok,teachinghistory-website/static/files/fremont-chart-bust-new.jpg
teachinghistory-website/content/history-content/ask-a-historian/court-packing-controversies.md,19442,Court Packing Controversies,card,splash_image,/files/supreme-court-new.jpg,ok,teachinghistory-website/static/files/supreme-court-new.jpg
teachinghistory-website/content/history-content/ask-a-historian/decisive-battles-in-the-war-of-independence.md,25698,Decisive Battles in the War of Independence,card,splash_image,/files/battlesplash.jpg,ok,teachinghistory-website/static/files/battlesplash.jpg
teachinghistory-website/content/history-content/ask-a-historian/defining-dred-scott.md,25752,Defining Dred Scott,card,splash_image,/files/scottsplash.jpg,ok,teachinghistory-website/static/files/scottsplash.jpg
teachinghistory-website/content/history-content/ask-a-historian/defining-dred-scott.md,25752,Defining Dred Scott,author,author_image,/files/author_image/pinskerm.jpg,ok,teachinghistory-website/static/files/author_image/pinskerm.jpg
teachinghistory-website/content/history-content/ask-a-historian/deserters-in-the-civil-war.md,23934,Deserters in the Civil War,card,splash_image,/files/deserter-new.jpg,ok,teachinghistory-website/static/files/deserter-new.jpg
teachinghistory-website/content/history-content/ask-a-historian/digitized-newspaper-archives.md,24275,Digitized Newspaper Archives,card,splash_image,/files/newspaper_archives.jpg,ok,teachinghistory-website/static/files/newspaper_archives.jpg
teachinghistory-website/content/history-content/ask-a-historian/dissent-in-the-ranks.md,24484,Dissent in the Ranks,card,splash_image,/files/washing_splash.jpg,ok,teachinghistory-website/static/files/washing_splash.jpg
teachinghistory-website/content/history-content/ask-a-historian/dissent-in-the-ranks.md,24484,Dissent in the Ranks,author,author_image,/files/author_image/ronmartin_biopic.jpg,ok,teachinghistory-website/static/files/author_image/ronmartin_biopic.jpg
teachinghistory-website/content/history-content/ask-a-historian/diversity-in-the-1920s.md,24451,Diversity in the 1920s,card,splash_image,/files/diversity1920s432x240.jpg,ok,teachinghistory-website/static/files/diversity1920s432x240.jpg
teachinghistory-website/content/history-content/ask-a-historian/diversity-in-the-1920s.md,24451,Diversity in the 1920s,author,author_image,/files/author_image/malindalowery.jpg,ok,teachinghistory-website/static/files/author_image/malindalowery.jpg
teachinghistory-website/content/history-content/ask-a-historian/divided-allegiance.md,24618,Divided Allegiance,card,splash_image,/files/dividedallegiance432x240.jpg,ok,teachinghistory-website/static/files/dividedallegiance432x240.jpg
teachinghistory-website/content/history-content/ask-a-historian/divided-allegiance.md,24618,Divided Allegiance,author,author_image,/files/author_image/friedman.jpg,ok,teachinghistory-website/static/files/author_image/friedman.jpg
teachinghistory-website/content/history-content/ask-a-historian/divided-loyalties.md,24093,Divided Loyalties?,card,splash_image,/files/indian-star.jpg,ok,teachinghistory-website/static/files/indian-star.jpg
teachinghistory-website/content/history-content/ask-a-historian/east-st-louis-massacre.md,24297,East St. Louis Massacre,card,splash_image,/files/fleeing-east-st-louis.jpg,ok,teachinghistory-website/static/files/fleeing-east-st-louis.jpg
teachinghistory-website/content/history-content/ask-a-historian/everyday-life-in-the-19th-century.md,23835,Everyday Life in the 19th Century,card,splash_image,/files/new-novel-new.jpg,ok,teachinghistory-website/static/files/new-novel-new.jpg
teachinghistory-website/content/history-content/ask-a-historian/families-on-the-farm.md,25754,Families on the Farm,card,splash_image,/files/farmsplash.jpg,ok,teachinghistory-website/static/files/farmsplash.jpg
teachinghistory-website/content/history-content/ask-a-historian/families-on-the-farm.md,25754,Families on the Farm,author,author_image,/files/author_image/johnb.jpeg,ok,teachinghistory-website/static/files/author_image/johnb.jpeg
teachinghistory-website/content/history-content/ask-a-historian/feminist-art.md,24106,Feminist Art,card,splash_image,/files/isadoraNYPL-web.jpg,ok,teachinghistory-website/static/files/isadoraNYPL-web.jpg
teachinghistory-website/content/history-content/ask-a-historian/fine-line-between-thief-and-entrepreneur.md,24287,Fine Line Between Thief and Entrepreneur,card,splash_image,/files/fineline.jpg,ok,teachinghistory-website/static/files/fineline.jpg
teachinghistory-website/content/history-content/ask-a-historian/fine-line-between-thief-and-entrepreneur.md,24287,Fine Line Between Thief and Entrepreneur,author,author_image,/files/author_image/pscranton_cropped.jpg,ok,teachinghistory-website/static/files/author_image/pscranton_cropped.jpg
teachinghistory-website/content/history-content/ask-a-historian/forebears-furniture.md,23947,Forebears’ Furniture,card,splash_image,/files/floor-plan.jpg,ok,teachinghistory-website/static/files/floor-plan.jpg
teachinghistory-website/content/history-content/ask-a-historian/forty-acres-and-a-mule.md,24170,Forty Acres and a Mule,card,splash_image,/files/charleston-ruins.jpg,ok,teachinghistory-website/static/files/charleston-ruins.jpg
teachinghistory-website/content/history-content/ask-a-historian/forty-acres-and-a-mule.md,24170,Forty Acres and a Mule,inline,body,/files/sherman-reserve.jpg,ok,teachinghistory-website/static/files/sherman-reserve.jpg
teachinghistory-website/content/history-content/ask-a-historian/founding-documents.md,22895,Founding Documents,card,splash_image,/files/doi-new.jpg,ok,teachinghistory-website/static/files/doi-new.jpg
teachinghistory-website/content/history-content/ask-a-historian/freedom-and-the-national-debt.md,23559,Freedom and the National Debt,card,splash_image,/files/shinplaster-new.jpg,ok,teachinghistory-website/static/files/shinplaster-new.jpg
teachinghistory-website/content/history-content/ask-a-historian/friendly-fire.md,23799,Friendly Fire,card,splash_image,/files/friendly-fire-new.jpg,ok,teachinghistory-website/static/files/friendly-fire-new.jpg
teachinghistory-website/content/history-content/ask-a-historian/gettysburg-turning-point-or-a-small-stepping-stone-to-victory.md,25224,Gettysburg: Turning Point or a Small Stepping-Stone to Victory?,card,splash_image,/files/gettysburgsplash.jpg,ok,teachinghistory-website/static/files/gettysburgsplash.jpg
teachinghistory-website/content/history-content/ask-a-historian/gettysburg-turning-point-or-a-small-stepping-stone-to-victory.md,25224,Gettysburg: Turning Point or a Small Stepping-Stone to Victory?,author,author_image,/files/author_image/mail_1.jpeg,ok,teachinghistory-website/static/files/author_image/mail_1.jpeg
teachinghistory-website/content/history-content/ask-a-historian/great-expectations-for-the-civil-war.md,24413,Great Expectations for the Civil War,card,splash_image,/files/CW_Farmers_splash.jpg,ok,teachinghistory-website/static/files/CW_Farmers_splash.jpg
teachinghistory-website/content/history-content/ask-a-historian/hawaiian-statehood.md,25769,Hawaiian Statehood,card,splash_image,/files/hawaiisplash.jpg,ok,teachinghistory-website/static/files/hawaiisplash.jpg
teachinghistory-website/content/history-content/ask-a-historian/hawaiian-statehood.md,25769,Hawaiian Statehood,author,author_image,/files/author_image/johnb_0.jpeg,ok,teachinghistory-website/static/files/author_image/johnb_0.jpeg
teachinghistory-website/content/history-content/ask-a-historian/historians-defined.md,24120,Historians Defined,card,splash_image,/files/splash-wr-whathistcat.jpg,ok,teachinghistory-website/static/files/splash-wr-whathistcat.jpg
teachinghistory-website/content/history-content/ask-a-historian/history-of-the-occult-in-america.md,24379,History of the Occult in America,card,splash_image,/files/spiritsWladyslawBenda1917-LOC.jpg,ok,teachinghistory-website/static/files/spiritsWladyslawBenda1917-LOC.jpg
teachinghistory-website/content/history-content/ask-a-historian/home-sales-during-the-great-depression.md,21810,Home Sales During the Great Depression,card,splash_image,/files/hooverville-new.jpg,ok,teachinghistory-website/static/files/hooverville-new.jpg
teachinghistory-website/content/history-content/ask-a-historian/honest-abe.md,23926,Honest Abe,card,splash_image,/files/rainbow-new.jpg,ok,teachinghistory-website/static/files/rainbow-new.jpg
teachinghistory-website/content/history-content/ask-a-historian/how-did-colonel-become-ker-nul.md,22270,"How Did ""Colonel"" Become ""Ker-nul""?",card,splash_image,/files/va-colonels-new.jpg,ok,teachinghistory-website/static/files/va-colonels-new.jpg
teachinghistory-website/content/history-content/ask-a-historian/how-much-have-federal-census-takers-made-through-the-years.md,22517,How Much Have Federal Census Takers Made Through the Years?,card,splash_image,/files/Harp-Week-11.19.1870-p.749-new.jpg,ok,teachinghistory-website/static/files/Harp-Week-11.19.1870-p.749-new.jpg
teachinghistory-website/content/history-content/ask-a-historian/in-pursuit-of-freedom.md,24657,In Pursuit of Freedom,card,splash_image,/files/fdouglass_splash.jpg,ok,teachinghistory-website/static/files/fdouglass_splash.jpg
teachinghistory-website/content/history-content/ask-a-historian/in-pursuit-of-freedom.md,24657,In Pursuit of Freedom,author,author_image,/files/author_image/LMorel_biopic.jpg,ok,teachinghistory-website/static/files/author_image/LMorel_biopic.jpg
teachinghistory-website/content/history-content/ask-a-historian/industrializing-women.md,25037,Industrializing Women,card,splash_image,/files/industrializingwomen432x240.jpg,ok,teachinghistory-website/static/files/industrializingwomen432x240.jpg
teachinghistory-website/content/history-content/ask-a-historian/industrializing-women.md,25037,Industrializing Women,author,author_image,/files/author_image/authorphotochristopherwells75x75.jpg,ok,teachinghistory-website/static/files/author_image/authorphotochristopherwells75x75.jpg
teachinghistory-website/content/history-content/ask-a-historian/innovation-and-technology-in-the-19th-century.md,24470,Innovation and Technology in the 19th Century,card,splash_image,/files/progress-of-the-century-LOC.jpg,ok,teachinghistory-website/static/files/progress-of-the-century-LOC.jpg
teachinghistory-website/content/history-content/ask-a-historian/instigating-a-ban-on-spirituous-liquors.md,25571,"Instigating a Ban on ""Spirituous Liquors""",card,splash_image,/files/temperancesplash.jpg,ok,teachinghistory-website/static/files/temperancesplash.jpg
teachinghistory-website/content/history-content/ask-a-historian/instigating-a-ban-on-spirituous-liquors.md,25571,"Instigating a Ban on ""Spirituous Liquors""",author,author_image,/files/author_image/author_baker.jpg,ok,teachinghistory-website/static/files/author_image/author_baker.jpg
teachinghistory-website/content/history-content/ask-a-historian/intertwined-development-railroads-and-political-parties.md,24390,Intertwined Development: Railroads and Political Parties,card,splash_image,/files/trail_splash.jpg,ok,teachinghistory-website/static/files/trail_splash.jpg
teachinghistory-website/content/history-content/ask-a-historian/intertwined-development-railroads-and-political-parties.md,24390,Intertwined Development: Railroads and Political Parties,author,author_image,/files/author_image/holdenpic_crop.jpg,ok,teachinghistory-website/static/files/author_image/holdenpic_crop.jpg
teachinghistory-website/content/history-content/ask-a-historian/introducing-taxation.md,25668,Introducing Taxation,card,splash_image,/files/taxessplash.jpg,ok,teachinghistory-website/static/files/taxessplash.jpg
teachinghistory-website/content/history-content/ask-a-historian/introducing-taxation.md,25668,Introducing Taxation,author,author_image,/files/author_image/ep_0.jpg,ok,teachinghistory-website/static/files/author_image/ep_0.jpg
teachinghistory-website/content/history-content/ask-a-historian/iroquois-and-the-founding-fathers.md,24099,Iroquois and the Founding Fathers,card,splash_image,/files/iroquois-1891.jpg,ok,teachinghistory-website/static/files/iroquois-1891.jpg
teachinghistory-website/content/history-content/ask-a-historian/is-the-story-of-george-washington-and-the-colt-a-true-story.md,21573,Is the Story of George Washington and the Colt a True Story?,card,splash_image,/files/washington-colt-new.jpg,ok,teachinghistory-website/static/files/washington-colt-new.jpg
teachinghistory-website/content/history-content/ask-a-historian/james-madisons-failed-amendments.md,21861,James Madison's Failed Amendments,card,splash_image,/files/12-amendments-new.jpg,ok,teachinghistory-website/static/files/12-amendments-new.jpg
teachinghistory-website/content/history-content/ask-a-historian/jefferson-versus-hamilton.md,24094,Jefferson versus Hamilton,card,splash_image,/files/political-factions.jpg,ok,teachinghistory-website/static/files/political-factions.jpg
teachinghistory-website/content/history-content/ask-a-historian/jewish-immigration-during-the-revolutionary-war.md,20494,Jewish Immigration During the Revolutionary War,card,splash_image,/files/haym-salomon-statue-new.jpg,ok,teachinghistory-website/static/files/haym-salomon-statue-new.jpg
teachinghistory-website/content/history-content/ask-a-historian/john-adams-great-or-not.md,25010,John Adams: Great or Not?,card,splash_image,/files/johnadamsgreat432x240.jpg,ok,teachinghistory-website/static/files/johnadamsgreat432x240.jpg
teachinghistory-website/content/history-content/ask-a-historian/john-adams-great-or-not.md,25010,John Adams: Great or Not?,author,author_image,/files/author_image/ag2.jpg,ok,teachinghistory-website/static/files/author_image/ag2.jpg
teachinghistory-website/content/history-content/ask-a-historian/join-or-die.md,19227,"""Join or Die""",card,splash_image,/files/ben-at-his-press-new.jpg,ok,teachinghistory-website/static/files/ben-at-his-press-new.jpg
teachinghistory-website/content/history-content/ask-a-historian/keep-your-top-eye-open.md,24525,Keep Your Top Eye Open,card,splash_image,/files/cautionposter432x240.jpg,ok,teachinghistory-website/static/files/cautionposter432x240.jpg
teachinghistory-website/content/history-content/ask-a-historian/kentuckiana.md,24117,Kentuckiana,card,splash_image,/files/inspection-party-still.jpg,ok,teachinghistory-website/static/files/inspection-party-still.jpg
teachinghistory-website/content/history-content/ask-a-historian/kitty-hawk-during-the-time-of-the-wright-brothers.md,20402,Kitty Hawk During the Time of the Wright Brothers,card,splash_image,/files/orville-wright-new.jpg,ok,teachinghistory-website/static/files/orville-wright-new.jpg
teachinghistory-website/content/history-content/ask-a-historian/laboring-to-bring-forth-child-labor-statistics.md,23929,Laboring to Bring Forth Child Labor Statistics,card,splash_image,/files/silverton-labor-day-new.jpg,ok,teachinghistory-website/static/files/silverton-labor-day-new.jpg
teachinghistory-website/content/history-content/ask-a-historian/little-wolf-and-president-grant.md,25629,Little Wolf and President Grant,card,splash_image,/files/indiansplash.jpg,ok,teachinghistory-website/static/files/indiansplash.jpg
teachinghistory-website/content/history-content/ask-a-historian/little-wolf-and-president-grant.md,25629,Little Wolf and President Grant,author,author_image,/files/author_image/author_denial_0_2.jpg,ok,teachinghistory-website/static/files/author_image/author_denial_0_2.jpg
teachinghistory-website/content/history-content/ask-a-historian/lone-wolf-v-hitchcock.md,24391,Lone Wolf v Hitchcock,card,splash_image,/files/Guipago240.jpg,ok,teachinghistory-website/static/files/Guipago240.jpg
teachinghistory-website/content/history-content/ask-a-historian/manifest-destiny-creating-an-american-identity.md,25502,Manifest Destiny: Creating an American Identity,card,splash_image,/files/mandestsplash.jpg,ok,teachinghistory-website/static/files/mandestsplash.jpg
teachinghistory-website/content/history-content/ask-a-historian/manifest-destiny-creating-an-american-identity.md,25502,Manifest Destiny: Creating an American Identity,author,author_image,/files/author_image/author_denial_0_0.jpg,ok,teachinghistory-website/static/files/author_image/author_denial_0_0.jpg
teachinghistory-website/content/history-content/ask-a-historian/mapping-primary-and-secondary-sources.md,25244,"""Mapping"" Primary and Secondary Sources",card,splash_image,/files/mapssplash_0.jpg,ok,teachinghistory-website/static/files/mapssplash_0.jpg
teachinghistory-website/content/history-content/ask-a-historian/mapping-primary-and-secondary-sources.md,25244,"""Mapping"" Primary and Secondary Sources",author,author_image,/files/author_image/mail_2.jpeg,ok,teachinghistory-website/static/files/author_image/mail_2.jpeg
teachinghistory-website/content/history-content/ask-a-historian/martha-ballard.md,24321,Martha Ballard,card,splash_image,/files/ballard.splash.jpg,ok,teachinghistory-website/static/files/ballard.splash.jpg
teachinghistory-website/content/history-content/ask-a-historian/menu-for-the-first-thanksgiving.md,19263,Menu for the First Thanksgiving,card,splash_image,/files/first-thanksgiving-new.jpg,ok,teachinghistory-website/static/files/first-thanksgiving-new.jpg
teachinghistory-website/content/history-content/ask-a-historian/mundane-lives-and-extreme-adventures.md,23928,Mundane Lives and Extreme Adventures,card,splash_image,/files/jamestown-settlers-new.jpg,ok,teachinghistory-website/static/files/jamestown-settlers-new.jpg
teachinghistory-website/content/history-content/ask-a-historian/namesake-of-a-peacekeeper.md,19530,Namesake of a Peacekeeper,card,splash_image,/files/tecumseh-usna-grain-new.jpg,ok,teachinghistory-website/static/files/tecumseh-usna-grain-new.jpg
teachinghistory-website/content/history-content/ask-a-historian/native-american-customs-of-childbirth.md,24097,Native American Customs of Childbirth,card,splash_image,/files/madonna-of-the-north.jpg,ok,teachinghistory-website/static/files/madonna-of-the-north.jpg
teachinghistory-website/content/history-content/ask-a-historian/new-england-puritans.md,24267,New England Puritans,card,splash_image,/files/puritans.jpg,ok,teachinghistory-website/static/files/puritans.jpg
teachinghistory-website/content/history-content/ask-a-historian/old-political-cartoons.md,24322,Old Political Cartoons,card,splash_image,/files/tariff-juggling-congress.jpg,ok,teachinghistory-website/static/files/tariff-juggling-congress.jpg
teachinghistory-website/content/history-content/ask-a-historian/on-a-mission-junipero-serra-in-new-spain.md,25753,On a Mission: Junípero Serra in New Spain,card,splash_image,/files/missionsplash.jpg,ok,teachinghistory-website/static/files/missionsplash.jpg
teachinghistory-website/content/history-content/ask-a-historian/on-a-mission-junipero-serra-in-new-spain.md,25753,On a Mission: Junípero Serra in New Spain,author,author_image,/files/author_image/author_denial_0.jpeg,ok,teachinghistory-website/static/files/author_image/author_denial_0.jpeg
teachinghistory-website/content/history-content/ask-a-historian/on-gendering-the-constitution.md,24613,On Gendering the Constitution,card,splash_image,/files/force-of-truth.jpg,ok,teachinghistory-website/static/files/force-of-truth.jpg
teachinghistory-website/content/history-content/ask-a-historian/on-telegrams-and-telephone-calls.md,24603,On Telegrams and Telephone Calls,card,splash_image,/files/george-wallace-1968.jpg,ok,teachinghistory-website/static/files/george-wallace-1968.jpg
teachinghistory-website/content/history-content/ask-a-historian/premonition-of-death.md,19423,Premonition of Death,card,splash_image,/files/lincoln-deathbed-new.jpg,ok,teachinghistory-website/static/files/lincoln-deathbed-new.jpg
teachinghistory-website/content/history-content/ask-a-historian/presidential-death-during-the-election-process.md,20431,Presidential Death During the Election Process,card,splash_image,/files/james-sherman-new.jpg,ok,teachinghistory-website/static/files/james-sherman-new.jpg
teachinghistory-website/content/history-content/ask-a-historian/presidential-patent.md,23796,Presidential Patent,card,splash_image,/files/jolly-flatboatmen-new.jpg,ok,teachinghistory-website/static/files/jolly-flatboatmen-new.jpg
teachinghistory-website/content/history-content/ask-a-historian/protestant-immigration-to-louisiana.md,23448,Protestant Immigration to Louisiana,card,splash_image,/files/Jackson-square-new.jpg,ok,teachinghistory-website/static/files/Jackson-square-new.jpg
teachinghistory-website/content/history-content/ask-a-historian/quantity-of-soldiersnot-quality-of-their-aimwon-battles.md,19436,Quantity of Soldiers—not Quality of Their Aim—Won Battles,card,splash_image,/files/bunker-hill-new.jpg,ok,teachinghistory-website/static/files/bunker-hill-new.jpg
teachinghistory-website/content/history-content/ask-a-historian/quebec-city-fire.md,24091,Quebec City Fire,card,splash_image,/files/view-of-quebec.jpg,ok,teachinghistory-website/static/files/view-of-quebec.jpg
teachinghistory-website/content/history-content/ask-a-historian/quoting-economic-policy.md,19547,Quoting Economic Policy,card,splash_image,/files/hoover-speech-new.jpg,ok,teachinghistory-website/static/files/hoover-speech-new.jpg
teachinghistory-website/content/history-content/ask-a-historian/reagans-rising-tide.md,23935,"Reagan's ""Rising Tide""",card,splash_image,/files/uncle-sam-budget-new.jpg,ok,teachinghistory-website/static/files/uncle-sam-budget-new.jpg
teachinghistory-website/content/history-content/ask-a-historian/refugees-from-the-american-revolutionary-war.md,23950,Refugees from the American Revolutionary War,card,splash_image,/files/tories.jpg,ok,teachinghistory-website/static/files/tories.jpg
teachinghistory-website/content/history-content/ask-a-historian/religious-orders-of-women-in-new-france.md,23848,Religious Orders of Women in New France,card,splash_image,/files/marie_large-new.jpg,ok,teachinghistory-website/static/files/marie_large-new.jpg
teachinghistory-website/content/history-content/ask-a-historian/remember-the-alamo.md,23741,Remember the Alamo,card,splash_image,/files/dawn-alamo-new.jpg,ok,teachinghistory-website/static/files/dawn-alamo-new.jpg
teachinghistory-website/content/history-content/ask-a-historian/robert-gould-shaw.md,24185,Robert Gould Shaw,card,splash_image,/files/54th-mass-regiment.jpg,ok,teachinghistory-website/static/files/54th-mass-regiment.jpg
teachinghistory-website/content/history-content/ask-a-historian/rock-paper-scissors.md,23932,Rock Paper Scissors,card,splash_image,/files/rochambeau-new.jpg,ok,teachinghistory-website/static/files/rochambeau-new.jpg
teachinghistory-website/content/history-content/ask-a-historian/roosevelts-tree-army.md,24601,Roosevelt's Tree Army,card,splash_image,/files/CCC-boys-putting-out-forest-fire.jpg,ok,teachinghistory-website/static/files/CCC-boys-putting-out-forest-fire.jpg
teachinghistory-website/content/history-content/ask-a-historian/russian-ships-at-pearl-harbor.md,23489,Russian Ships at Pearl Harbor?,card,splash_image,/files/pearl-harbor-new.jpg,ok,teachinghistory-website/static/files/pearl-harbor-new.jpg
teachinghistory-website/content/history-content/ask-a-historian/selling-a-slave.md,24455,Selling a Slave,card,splash_image,/files/slave-NARA3.jpg,ok,teachinghistory-website/static/files/slave-NARA3.jpg
teachinghistory-website/content/history-content/ask-a-historian/senatorial-division.md,23927,Senatorial Division,card,splash_image,/files/senate-slavery-new.jpg,ok,teachinghistory-website/static/files/senate-slavery-new.jpg
teachinghistory-website/content/history-content/ask-a-historian/separation-of-church-and-state.md,24441,Separation of Church and State,card,splash_image,/files/constitution_splash.jpg,ok,teachinghistory-website/static/files/constitution_splash.jpg
teachinghistory-website/content/history-content/ask-a-historian/significant-changes-in-teaching-history-over-the-past-decade.md,21576,Significant Changes in Teaching History over the Past Decade,card,splash_image,/files/teaching-history-new.jpg,ok,teachinghistory-website/static/files/teaching-history-new.jpg
teachinghistory-website/content/history-content/ask-a-historian/silverites-populists-and-the-movement-for-free-silver.md,25222,"Silverites, Populists, and the Movement for Free Silver",card,splash_image,/files/freesilversplash.jpg,ok,teachinghistory-website/static/files/freesilversplash.jpg
teachinghistory-website/content/history-content/ask-a-historian/silverites-populists-and-the-movement-for-free-silver.md,25222,"Silverites, Populists, and the Movement for Free Silver",author,author_image,/files/author_image/ag2_0.jpg,ok,teachinghistory-website/static/files/author_image/ag2_0.jpg
teachinghistory-website/content/history-content/ask-a-historian/slavery-in-colonial-british-north-america.md,25577,Slavery in Colonial British North America,card,splash_image,/files/slavessplash.jpg,ok,teachinghistory-website/static/files/slavessplash.jpg
teachinghistory-website/content/history-content/ask-a-historian/slavery-in-colonial-british-north-america.md,25577,Slavery in Colonial British North America,author,author_image,/files/author_image/zagarri_0_0.jpg,ok,teachinghistory-website/static/files/author_image/zagarri_0_0.jpg
teachinghistory-website/content/history-content/ask-a-historian/slavery-in-wyoming.md,25038,Slavery in Wyoming,card,splash_image,/files/slaveryinwyoming432x240b.jpg,ok,teachinghistory-website/static/files/slaveryinwyoming432x240b.jpg
teachinghistory-website/content/history-content/ask-a-historian/slavery-in-wyoming.md,25038,Slavery in Wyoming,author,author_image,/files/author_image/authorphotobrianhosmer75x75.jpg,ok,teachinghistory-website/static/files/author_image/authorphotobrianhosmer75x75.jpg
teachinghistory-website/content/history-content/ask-a-historian/snuff-n-sniff.md,24090,Snuff ‘n Sniff,card,splash_image,/files/american-beauties.jpg,ok,teachinghistory-website/static/files/american-beauties.jpg
teachinghistory-website/content/history-content/ask-a-historian/spain-in-the-american-revolution.md,22894,Spain in the American Revolution,card,splash_image,/files/siege-pensacola-new.jpg,ok,teachinghistory-website/static/files/siege-pensacola-new.jpg
teachinghistory-website/content/history-content/ask-a-historian/spanish-louisiana-vs-great-britain.md,23456,Spanish Louisiana vs. Great Britain,card,splash_image,/files/Salon_CarlosIII_Boveda-new.jpg,ok,teachinghistory-website/static/files/Salon_CarlosIII_Boveda-new.jpg
teachinghistory-website/content/history-content/ask-a-historian/spy-in-a-petticoat.md,23840,Spy in a Petticoat,card,splash_image,/files/charlestownmap-new.jpg,ok,teachinghistory-website/static/files/charlestownmap-new.jpg
teachinghistory-website/content/history-content/ask-a-historian/stonewall-jackson-and-the-battle-of-chancellorsville.md,23951,Stonewall Jackson and the Battle of Chancellorsville,card,splash_image,/files/chancellorsville-new.jpg,ok,teachinghistory-website/static/files/chancellorsville-new.jpg
teachinghistory-website/content/history-content/ask-a-historian/success-and-failure-in-the-new-world.md,25510,Success and Failure in the New World,card,splash_image,/files/coloniessplash.jpg,ok,teachinghistory-website/static/files/coloniessplash.jpg
teachinghistory-website/content/history-content/ask-a-historian/success-and-failure-in-the-new-world.md,25510,Success and Failure in the New World,author,author_image,/files/author_image/author_denial_0_1.jpg,ok,teachinghistory-website/static/files/author_image/author_denial_0_1.jpg
teachinghistory-website/content/history-content/ask-a-historian/supreme-court-nominations.md,22435,Supreme Court Nominations,card,splash_image,/files/reagan-oconnor-new.jpg,ok,teachinghistory-website/static/files/reagan-oconnor-new.jpg
teachinghistory-website/content/history-content/ask-a-historian/tax-rates-of-the-mid-20th-century.md,24489,Tax Rates of the Mid-20th Century,card,splash_image,/files/wwIItaxes_splash.jpg,ok,teachinghistory-website/static/files/wwIItaxes_splash.jpg
teachinghistory-website/content/history-content/ask-a-historian/tax-rates-of-the-mid-20th-century.md,24489,Tax Rates of the Mid-20th Century,author,author_image,/files/author_image/pscranton_cropped_1.jpg,ok,teachinghistory-website/static/files/author_image/pscranton_cropped_1.jpg
teachinghistory-website/content/history-content/ask-a-historian/taxation-to-revolution.md,24415,Taxation to Revolution,card,splash_image,/files/teaparty_splash.jpg,ok,teachinghistory-website/static/files/teaparty_splash.jpg
teachinghistory-website/content/history-content/ask-a-historian/taxation-to-revolution.md,24415,Taxation to Revolution,author,author_image,/files/author_image/shankman_crop.jpg,ok,teachinghistory-website/static/files/author_image/shankman_crop.jpg
teachinghistory-website/content/history-content/ask-a-historian/tennessees-social-studies-curriculum.md,23438,Tennessee's Social Studies Curriculum,card,splash_image,/files/teacherscrapnypl.jpg,ok,teachinghistory-website/static/files/teacherscrapnypl.jpg
teachinghistory-website/content/history-content/ask-a-historian/texas-and-mexico-centers-for-cultural-collision.md,25470,Texas and Mexico: Centers for Cultural Collision,card,splash_image,/files/texasmexicosplash.jpg,ok,teachinghistory-website/static/files/texasmexicosplash.jpg
teachinghistory-website/content/history-content/ask-a-historian/texas-and-mexico-centers-for-cultural-collision.md,25470,Texas and Mexico: Centers for Cultural Collision,author,author_image,/files/author_image/author_denial_0.jpg,ok,teachinghistory-website/static/files/author_image/author_denial_0.jpg
teachinghistory-website/content/history-content/ask-a-historian/the-4th-estate-as-the-4th-branch.md,23821,The 4th Estate as the 4th Branch,card,splash_image,/files/two-guys-new.jpg,ok,teachinghistory-website/static/files/two-guys-new.jpg
teachinghistory-website/content/history-content/ask-a-historian/the-american-civil-war-total-or-just.md,25245,The American Civil War: Total or Just?,card,splash_image,/files/warfaresplash.jpg,ok,teachinghistory-website/static/files/warfaresplash.jpg
teachinghistory-website/content/history-content/ask-a-historian/the-american-civil-war-total-or-just.md,25245,The American Civil War: Total or Just?,author,author_image,/files/author_image/mail_1_0.jpeg,ok,teachinghistory-website/static/files/author_image/mail_1_0.jpeg
teachinghistory-website/content/history-content/ask-a-historian/the-auto-industry-goes-to-war.md,24088,The Auto Industry Goes to War,card,splash_image,/files/1942-ford.jpg,ok,teachinghistory-website/static/files/1942-ford.jpg
teachinghistory-website/content/history-content/ask-a-historian/the-cradle-of-america.md,25644,"The ""Cradle"" of America?",card,splash_image,/files/nesplash.jpg,ok,teachinghistory-website/static/files/nesplash.jpg
teachinghistory-website/content/history-content/ask-a-historian/the-cradle-of-america.md,25644,"The ""Cradle"" of America?",author,author_image,/files/author_image/author_mcgill.jpg,ok,teachinghistory-website/static/files/author_image/author_mcgill.jpg
teachinghistory-website/content/history-content/ask-a-historian/the-disaster-of-innovation.md,24411,The Disaster of Innovation,card,splash_image,/files/cottongin_splash.jpg,ok,teachinghistory-website/static/files/cottongin_splash.jpg
teachinghistory-website/content/history-content/ask-a-historian/the-era-of-reform.md,24100,The Era of Reform,card,splash_image,/files/Brook_Farm_Rainbow_1845.jpg,ok,teachinghistory-website/static/files/Brook_Farm_Rainbow_1845.jpg
teachinghistory-website/content/history-content/ask-a-historian/the-fighting-canadiens.md,25373,The Fighting Canadiens,card,splash_image,/files/canadienssplash.jpg,ok,teachinghistory-website/static/files/canadienssplash.jpg
teachinghistory-website/content/history-content/ask-a-historian/the-gaming-evolution.md,25764,The Gaming Evolution,card,splash_image,/files/gamessplash_0.jpg,ok,teachinghistory-website/static/files/gamessplash_0.jpg
teachinghistory-website/content/history-content/ask-a-historian/the-gaming-evolution.md,25764,The Gaming Evolution,author,author_image,/files/author_image/authorphotojeremiahmccall75x75_2_1_0_0.jpeg,ok,teachinghistory-website/static/files/author_image/authorphotojeremiahmccall75x75_2_1_0_0.jpeg
teachinghistory-website/content/history-content/ask-a-historian/the-history-of-history.md,24121,The History of History,card,splash_image,/files/splash-aah-ushistdevelop.jpg,ok,teachinghistory-website/static/files/splash-aah-ushistdevelop.jpg
teachinghistory-website/content/history-content/ask-a-historian/the-many-faces-of-immigration.md,25645,The Many Faces of Immigration,card,splash_image,/files/immsplash.jpg,ok,teachinghistory-website/static/files/immsplash.jpg
teachinghistory-website/content/history-content/ask-a-historian/the-many-faces-of-immigration.md,25645,The Many Faces of Immigration,author,author_image,/files/author_image/ag2_0_0.jpg,ok,teachinghistory-website/static/files/author_image/ag2_0_0.jpg
teachinghistory-website/content/history-content/ask-a-historian/the-memphis-belle.md,25098,The Memphis Belle,card,splash_image,/files/memphis-belle-crew-25.jpg,ok,teachinghistory-website/static/files/memphis-belle-crew-25.jpg
teachinghistory-website/content/history-content/ask-a-historian/the-new-world-a-stage-for-cultural-interaction.md,25447,The New World: A Stage for Cultural Interaction,card,splash_image,/files/interactionsplash.jpg,ok,teachinghistory-website/static/files/interactionsplash.jpg
teachinghistory-website/content/history-content/ask-a-historian/the-only-thing-we-have-to-fear-is-fear-itself.md,24468,The Only Thing We Have to Fear Is Fear Itself,card,splash_image,/files/FDR-draft.jpg,ok,teachinghistory-website/static/files/FDR-draft.jpg
teachinghistory-website/content/history-content/ask-a-historian/the-origins-of-the-service-flag.md,25716,The Origins of the Service Flag,card,splash_image,/files/flagsplash_0.jpg,ok,teachinghistory-website/static/files/flagsplash_0.jpg
teachinghistory-website/content/history-content/ask-a-historian/the-origins-of-the-service-flag.md,25716,The Origins of the Service Flag,author,author_image,/files/author_image/ronmartin_biopic_0.jpeg,ok,teachinghistory-website/static/files/author_image/ronmartin_biopic_0.jpeg
teachinghistory-website/content/history-content/ask-a-historian/the-possible-path-of-barnard-bee.md,24254,The Possible Path of Barnard Bee,card,splash_image,/files/confedmarching_splash.jpg,ok,teachinghistory-website/static/files/confedmarching_splash.jpg
teachinghistory-website/content/history-content/ask-a-historian/the-proclamation-of-1763.md,25374,The Proclamation of 1763,card,splash_image,/files/1763splash.jpg,ok,teachinghistory-website/static/files/1763splash.jpg
teachinghistory-website/content/history-content/ask-a-historian/the-proclamation-of-1763.md,25374,The Proclamation of 1763,author,author_image,/files/author_image/zagarri_0.jpg,ok,teachinghistory-website/static/files/author_image/zagarri_0.jpg
teachinghistory-website/content/history-content/ask-a-historian/the-reason-behind-the-stars-and-bars.md,19424,"The Reason Behind the ""Stars and Bars""",card,splash_image,/files/confederate-veteran-new.jpg,ok,teachinghistory-website/static/files/confederate-veteran-new.jpg
teachinghistory-website/content/history-content/ask-a-historian/the-standardization-of-american-english.md,25489,The Standardization of American English,card,splash_image,/files/spellingsplash.jpg,ok,teachinghistory-website/static/files/spellingsplash.jpg
teachinghistory-website/content/history-content/ask-a-historian/the-standardization-of-american-english.md,25489,The Standardization of American English,author,author_image,/files/author_image/ep.jpg,ok,teachinghistory-website/static/files/author_image/ep.jpg
teachinghistory-website/content/history-content/ask-a-historian/the-us-and-egypt-in-the-1950s.md,23930,The U.S. and Egypt in the 1950s,card,splash_image,/files/port-said-new.jpg,ok,teachinghistory-website/static/files/port-said-new.jpg
teachinghistory-website/content/history-content/ask-a-historian/the-ways-west.md,24501,The Ways West,card,splash_image,/files/conestoga-wagon.jpg,ok,teachinghistory-website/static/files/conestoga-wagon.jpg
teachinghistory-website/content/history-content/ask-a-historian/tippecanoe-and-walking-canes-too.md,25094,Tippecanoe and Walking Canes Too,card,splash_image,/files/battle-tippecanoe.jpg,ok,teachinghistory-website/static/files/battle-tippecanoe.jpg
teachinghistory-website/content/history-content/ask-a-historian/tips-to-trappers.md,23936,Tips to Trappers,card,splash_image,/files/tips-to-trappers.jpg,ok,teachinghistory-website/static/files/tips-to-trappers.jpg
teachinghistory-website/content/history-content/ask-a-historian/trade-routes-and-emerging-colonial-economies.md,24306,Trade Routes and Emerging Colonial Economies,card,splash_image,/files/tobacco_splash.jpg,ok,teachinghistory-website/static/files/tobacco_splash.jpg
teachinghistory-website/content/history-content/ask-a-historian/trade-routes-and-emerging-colonial-economies.md,24306,Trade Routes and Emerging Colonial Economies,author,author_image,/files/author_image/pscranton_cropped_0.jpg,ok,teachinghistory-website/static/files/author_image/pscranton_cropped_0.jpg
teachinghistory-website/content/history-content/ask-a-historian/trailing-lewis-and-clark.md,24290,Trailing Lewis and Clark,card,splash_image,/files/old_petroglyphs.jpg,ok,teachinghistory-website/static/files/old_petroglyphs.jpg
teachinghistory-website/content/history-content/ask-a-historian/true-americans-in-the-cold-war.md,23933,True Americans in the Cold War,card,splash_image,/files/trueamericans432x240.jpg,ok,teachinghistory-website/static/files/trueamericans432x240.jpg
teachinghistory-website/content/history-content/ask-a-historian/typical-in-the-1930s.md,14559,Typical in the 1930s,card,splash_image,/files/worlds-fair-family-new.jpg,ok,teachinghistory-website/static/files/worlds-fair-family-new.jpg
teachinghistory-website/content/history-content/ask-a-historian/understanding-and-appreciating-wwii-veterans.md,24324,Understanding and Appreciating WWII Veterans,card,splash_image,/files/understanding432x240.jpg,ok,teachinghistory-website/static/files/understanding432x240.jpg
teachinghistory-website/content/history-content/ask-a-historian/union-cavalry.md,24420,Union Cavalry,card,splash_image,/files/cwcavalry_splash.jpg,ok,teachinghistory-website/static/files/cwcavalry_splash.jpg
teachinghistory-website/content/history-content/ask-a-historian/us-naval-power-1775-1815.md,25036,"U.S. Naval Power, 1775-1815",card,splash_image,/files/usnavalpower432x240.jpg,ok,teachinghistory-website/static/files/usnavalpower432x240.jpg
teachinghistory-website/content/history-content/ask-a-historian/us-naval-power-1775-1815.md,25036,"U.S. Naval Power, 1775-1815",author,author_image,/files/author_image/ronmartin_biopic_0.jpg,ok,teachinghistory-website/static/files/author_image/ronmartin_biopic_0.jpg
teachinghistory-website/content/history-content/ask-a-historian/voting-rights-and-the-14th-amendment.md,23652,Voting Rights and the 14th Amendment,card,splash_image,/files/boston-voter-besieged-new.jpg,ok,teachinghistory-website/static/files/boston-voter-besieged-new.jpg
teachinghistory-website/content/history-content/ask-a-historian/was-there-an-african-american-president-before-barack-obama.md,20309,Was There an African American President Before Barack Obama?,card,splash_image,/files/presidential-lineup-new.jpg,ok,teachinghistory-website/static/files/presidential-lineup-new.jpg
teachinghistory-website/content/history-content/ask-a-historian/what-happened-to-the-fenians-after-1866.md,19821,What Happened to the Fenians After 1866?,card,splash_image,/files/ridgeway-new.jpg,ok,teachinghistory-website/static/files/ridgeway-new.jpg
teachinghistory-website/content/history-content/ask-a-historian/what-happened-to-the-royal-family-of-hawaii-after-the-us-took-over.md,20348,What Happened to the Royal Family of Hawaii After the U.S. Took Over?,card,splash_image,/files/liliuokalani-casket-new.jpg,ok,teachinghistory-website/static/files/liliuokalani-casket-new.jpg
teachinghistory-website/content/history-content/ask-a-historian/what-if-reexamining-the-american-revolution.md,25269,What If...?: Reexamining the American Revolution,card,splash_image,/files/revolutionsplash_0.jpg,ok,teachinghistory-website/static/files/revolutionsplash_0.jpg
teachinghistory-website/content/history-content/ask-a-historian/which-native-american-tribes-allied-themselves-with-the-french.md,22245,Which Native American Tribes Allied Themselves with the French?,card,splash_image,/files/fort-duquesne-new.jpg,ok,teachinghistory-website/static/files/fort-duquesne-new.jpg
teachinghistory-website/content/history-content/ask-a-historian/whites-of-their-eyes.md,25687,Whites of Their Eyes,card,splash_image,/files/whitessplash.jpg,ok,teachinghistory-website/static/files/whitessplash.jpg
teachinghistory-website/content/history-content/ask-a-historian/whites-of-their-eyes.md,25687,Whites of Their Eyes,author,author_image,/files/author_image/ep.jpeg,ok,teachinghistory-website/static/files/author_image/ep.jpeg
teachinghistory-website/content/history-content/ask-a-historian/who-earned-a-medal-for-cutting-costs-by-starving-confederate-prisoners.md,20632,Who Earned a Medal for Cutting Costs by Starving Confederate Prisoners?,card,splash_image,/files/point-lookout-officers-new.jpg,ok,teachinghistory-website/static/files/point-lookout-officers-new.jpg
teachinghistory-website/content/history-content/ask-a-historian/who-invented-the-telephone.md,22481,Who Invented the Telephone?,card,splash_image,/files/Helen-of-Many-Glacier-Hotel-new.jpg,ok,teachinghistory-website/static/files/Helen-of-Many-Glacier-Hotel-new.jpg
teachinghistory-website/content/history-content/ask-a-historian/why-did-president-polk-want-war-with-mexico.md,22205,Why Did President Polk Want War with Mexico?,card,splash_image,/files/polk-photo-new.jpg,ok,teachinghistory-website/static/files/polk-photo-new.jpg
teachinghistory-website/content/history-content/ask-a-historian/why-was-the-boston-tea-party-not-stopped-by-british-troops.md,20343,Why Was the Boston Tea Party Not Stopped by British Troops?,card,splash_image,/files/tea-destroyed-new.jpg,ok,teachinghistory-website/static/files/tea-destroyed-new.jpg
teachinghistory-website/content/history-content/ask-a-historian/with-or-without-slavery.md,23797,With or Without Slavery?,card,splash_image,/files/forcing-slavery-LC-new.jpg,ok,teachinghistory-website/static/files/forcing-slavery-LC-new.jpg
teachinghistory-website/content/history-content/ask-a-historian/you-must-be-this-old-to-govern.md,25655,You Must Be This Old to Govern,card,splash_image,/files/oldsplash.jpg,ok,teachinghistory-website/static/files/oldsplash.jpg
teachinghistory-website/content/history-content/ask-a-historian/you-must-be-this-old-to-govern.md,25655,You Must Be This Old to Govern,author,author_image,/files/author_image/author_mackey.jpg,ok,teachinghistory-website/static/files/author_image/author_mackey.jpg
teachinghistory-website/content/history-content/beyond-the-textbook/20th-century-jewish-immigration.md,25059,20th-century Jewish Immigration,card,splash_image,/files/jewishimm_splash.jpg,ok,teachinghistory-website/static/files/jewishimm_splash.jpg
teachinghistory-website/content/history-content/beyond-the-textbook/20th-century-jewish-immigration.md,25059,20th-century Jewish Immigration,author,author_image,/files/author_image/klapper_pr_photo.jpg,ok,teachinghistory-website/static/files/author_image/klapper_pr_photo.jpg
teachinghistory-website/content/history-content/beyond-the-textbook/causes-of-the-american-revolution.md,25627,Causes of the American Revolution,card,splash_image,/files/splash-btt-ar.jpg,ok,teachinghistory-website/static/files/splash-btt-ar.jpg
teachinghistory-website/content/history-content/beyond-the-textbook/causes-of-the-american-revolution.md,25627,Causes of the American Revolution,author,author_image,/files/author_image/zagarri_0_1.jpg,ok,teachinghistory-website/static/files/author_image/zagarri_0_1.jpg
teachinghistory-website/content/history-content/beyond-the-textbook/causing-the-civil-war.md,23912,Causing the Civil War,card,splash_image,/files/Cotton.jpg,ok,teachinghistory-website/static/files/Cotton.jpg
teachinghistory-website/content/history-content/beyond-the-textbook/causing-the-civil-war.md,23912,Causing the Civil War,author,author_image,/files/author_image/chadwick.jpg,ok,teachinghistory-website/static/files/author_image/chadwick.jpg
teachinghistory-website/content/history-content/beyond-the-textbook/causing-the-civil-war.md,23912,Causing the Civil War,inline,body,/files/TotalFarm_0.jpg,ok,teachinghistory-website/static/files/TotalFarm_0.jpg
teachinghistory-website/content/history-content/beyond-the-textbook/causing-the-civil-war.md,23912,Causing the Civil War,inline,body,/files/1000acres_0.jpg,ok,teachinghistory-website/static/files/1000acres_0.jpg
teachinghistory-website/content/history-content/beyond-the-textbook/causing-the-civil-war.md,23912,Causing the Civil War,inline,body,/files/Cotton.jpg,ok,teachinghistory-website/static/files/Cotton.jpg
teachinghistory-website/content/history-content/beyond-the-textbook/causing-the-civil-war.md,23912,Causing the Civil War,inline,body,/files/Slaves_0.jpg,ok,teachinghistory-website/static/files/Slaves_0.jpg
teachinghistory-website/content/history-content/beyond-the-textbook/coal-and-the-industrial-revolution.md,23923,Coal and the Industrial Revolution,card,splash_image,/files/BtT-Coal-Splash.jpg,ok,teachinghistory-website/static/files/BtT-Coal-Splash.jpg
teachinghistory-website/content/history-content/beyond-the-textbook/coal-and-the-industrial-revolution.md,23923,Coal and the Industrial Revolution,author,author_image,/files/author_image/image-author-andrews.jpg,ok,teachinghistory-website/static/files/author_image/image-author-andrews.jpg
teachinghistory-website/content/history-content/beyond-the-textbook/denmark-vesey.md,24126,Denmark Vesey,card,splash_image,/files/splash-btt-vesey_0.jpg,ok,teachinghistory-website/static/files/splash-btt-vesey_0.jpg
teachinghistory-website/content/history-content/beyond-the-textbook/denmark-vesey.md,24126,Denmark Vesey,author,author_image,/files/author_image/vonDaacke_author.jpg,ok,teachinghistory-website/static/files/author_image/vonDaacke_author.jpg
teachinghistory-website/content/history-content/beyond-the-textbook/girls-labor-and-leisure-in-the-progressive-era.md,25750,Girls’ Labor and Leisure in the Progressive Era,card,splash_image,/files/girlssplash.jpg,ok,teachinghistory-website/static/files/girlssplash.jpg
teachinghistory-website/content/history-content/beyond-the-textbook/girls-labor-and-leisure-in-the-progressive-era.md,25750,Girls’ Labor and Leisure in the Progressive Era,author,author_image,/files/author_image/mfb.jpg,ok,teachinghistory-website/static/files/author_image/mfb.jpg
teachinghistory-website/content/history-content/beyond-the-textbook/huey-long.md,23919,Huey Long,card,splash_image,/files/splash-hueylong.jpg,ok,teachinghistory-website/static/files/splash-hueylong.jpg
teachinghistory-website/content/history-content/beyond-the-textbook/huey-long.md,23919,Huey Long,author,author_image,/files/author_image/author_omalley.jpg,ok,teachinghistory-website/static/files/author_image/author_omalley.jpg
teachinghistory-website/content/history-content/beyond-the-textbook/huey-long.md,23919,Huey Long,inline,body,/files/dollar.jpg,ok,teachinghistory-website/static/files/dollar.jpg
teachinghistory-website/content/history-content/beyond-the-textbook/huey-long.md,23919,Huey Long,inline,body,/files/SanSimeon.jpg,ok,teachinghistory-website/static/files/SanSimeon.jpg
teachinghistory-website/content/history-content/beyond-the-textbook/jim-crow-segregation-the-difficult-and-anti-democratic-work-of-white-supremacy.md,24693,Jim Crow Segregation: The Difficult and Anti-Democratic Work of White Supremacy,card,splash_image,/files/JimCrowSegregation432x240.jpg,ok,teachinghistory-website/static/files/JimCrowSegregation432x240.jpg
teachinghistory-website/content/history-content/beyond-the-textbook/jim-crow-segregation-the-difficult-and-anti-democratic-work-of-white-supremacy.md,24693,Jim Crow Segregation: The Difficult and Anti-Democratic Work of White Supremacy,author,author_image,/files/author_image/kmc_biopic.jpg,ok,teachinghistory-website/static/files/author_image/kmc_biopic.jpg
teachinghistory-website/content/history-content/beyond-the-textbook/john-browns-raid.md,25478,John Brown's Raid,card,splash_image,/files/johnbrownsplash.jpg,ok,teachinghistory-website/static/files/johnbrownsplash.jpg
teachinghistory-website/content/history-content/beyond-the-textbook/labor-and-trade-in-colonial-america.md,25456,Labor and Trade in Colonial America,card,splash_image,/files/4717148439_2b4e96be00_b.jpg,ok,teachinghistory-website/static/files/4717148439_2b4e96be00_b.jpg
teachinghistory-website/content/history-content/beyond-the-textbook/labor-and-trade-in-colonial-america.md,25456,Labor and Trade in Colonial America,author,author_image,/files/author_image/author_denial.jpg,ok,teachinghistory-website/static/files/author_image/author_denial.jpg
teachinghistory-website/content/history-content/beyond-the-textbook/modern-civil-rights-movement.md,24318,Modern Civil Rights Movement,card,splash_image,/files/Dynamics_of_Idealism-_Volunteers_for_Civil_Rights_1965-1982_432x240_1.jpg,ok,teachinghistory-website/static/files/Dynamics_of_Idealism-_Volunteers_for_Civil_Rights_1965-1982_432x240_1.jpg
teachinghistory-website/content/history-content/beyond-the-textbook/modern-civil-rights-movement.md,24318,Modern Civil Rights Movement,author,author_image,/files/author_image/Jenice_crop.jpg,ok,teachinghistory-website/static/files/author_image/Jenice_crop.jpg
teachinghistory-website/content/history-content/beyond-the-textbook/panic-of-1873.md,24579,Panic of 1873,card,splash_image,/files/panichealthofficer.jpg,ok,teachinghistory-website/static/files/panichealthofficer.jpg
teachinghistory-website/content/history-content/beyond-the-textbook/panic-of-1873.md,24579,Panic of 1873,author,author_image,/files/author_image/author_blanke_0.jpg,ok,teachinghistory-website/static/files/author_image/author_blanke_0.jpg
teachinghistory-website/content/history-content/beyond-the-textbook/rise-of-the-automobile.md,24073,Rise of the Automobile,card,splash_image,/files/splash-btt-auto.jpg,ok,teachinghistory-website/static/files/splash-btt-auto.jpg
teachinghistory-website/content/history-content/beyond-the-textbook/rise-of-the-automobile.md,24073,Rise of the Automobile,author,author_image,/files/author_image/author_blanke.jpg,ok,teachinghistory-website/static/files/author_image/author_blanke.jpg
teachinghistory-website/content/history-content/beyond-the-textbook/slavery.md,23905,Slavery,card,splash_image,/files/ExSlave.jpg,ok,teachinghistory-website/static/files/ExSlave.jpg
teachinghistory-website/content/history-content/beyond-the-textbook/slavery.md,23905,Slavery,author,author_image,/files/author_image/Rothman.jpg,ok,teachinghistory-website/static/files/author_image/Rothman.jpg
teachinghistory-website/content/history-content/beyond-the-textbook/the-atomic-bomb-hiroshima-and-nagasaki.md,25484,The Atomic Bomb: Hiroshima and Nagasaki,card,splash_image,/files/bombsplash.jpg,ok,teachinghistory-website/static/files/bombsplash.jpg
teachinghistory-website/content/history-content/beyond-the-textbook/the-early-conservation-movement.md,25578,The Early Conservation Movement,card,splash_image,/files/conservationsplash.jpg,ok,teachinghistory-website/static/files/conservationsplash.jpg
teachinghistory-website/content/history-content/beyond-the-textbook/the-early-conservation-movement.md,25578,The Early Conservation Movement,author,author_image,/files/author_image/author_wells.jpg,ok,teachinghistory-website/static/files/author_image/author_wells.jpg
teachinghistory-website/content/history-content/beyond-the-textbook/the-tet-offensive.md,24184,The Tet Offensive,card,splash_image,/files/vietconggun_splash_0.jpg,ok,teachinghistory-website/static/files/vietconggun_splash_0.jpg
teachinghistory-website/content/history-content/beyond-the-textbook/the-tet-offensive.md,24184,The Tet Offensive,author,author_image,/files/author_image/fritz_bio_0.jpg,ok,teachinghistory-website/static/files/author_image/fritz_bio_0.jpg
teachinghistory-website/content/history-content/beyond-the-textbook/womens-reform-movement.md,24124,Women's Reform Movement,card,splash_image,/files/splash-btt-womenmove.jpg,ok,teachinghistory-website/static/files/splash-btt-womenmove.jpg
teachinghistory-website/content/history-content/beyond-the-textbook/womens-reform-movement.md,24124,Women's Reform Movement,author,author_image,/files/author_image/Walters_author.jpg,ok,teachinghistory-website/static/files/author_image/Walters_author.jpg
teachinghistory-website/content/history-content/national-resources/advisory-council-on-historic-preservation.md,25298,Advisory Council on Historic Preservation,card,splash_image,/files/advisorycouncilon432x240.jpg,ok,teachinghistory-website/static/files/advisorycouncilon432x240.jpg
teachinghistory-website/content/history-content/national-resources/anacostia-community-museum.md,23496,Anacostia Community Museum,card,splash_image,/files/AnacostiaCommunity432x240.jpg,ok,teachinghistory-website/static/files/AnacostiaCommunity432x240.jpg
teachinghistory-website/content/history-content/national-resources/architect-of-the-capitol.md,23801,Architect of the Capitol,card,splash_image,/files/ArchofCapSplash.jpg,ok,teachinghistory-website/static/files/ArchofCapSplash.jpg
teachinghistory-website/content/history-content/national-resources/bureau-of-alcohol-tobacco-firearms-and-explosives.md,22889,"Bureau of Alcohol, Tobacco, Firearms, and Explosives",card,splash_image,/files/BureauofAlcohol432x240.jpg,ok,teachinghistory-website/static/files/BureauofAlcohol432x240.jpg
teachinghistory-website/content/history-content/national-resources/bureau-of-justice-statistics.md,23824,Bureau of Justice Statistics,card,splash_image,/files/BJSSplash.jpg,ok,teachinghistory-website/static/files/BJSSplash.jpg
teachinghistory-website/content/history-content/national-resources/bureau-of-labor-statistics.md,23800,Bureau of Labor Statistics,card,splash_image,/files/BLSsplash.jpg,ok,teachinghistory-website/static/files/BLSsplash.jpg
teachinghistory-website/content/history-content/national-resources/center-for-disease-control-and-prevention.md,22511,Center for Disease Control and Prevention,card,splash_image,/files/CenterforDisease432x240.jpg,ok,teachinghistory-website/static/files/CenterforDisease432x240.jpg
teachinghistory-website/content/history-content/national-resources/central-intelligence-agency.md,22463,Central Intelligence Agency,card,splash_image,/files/CIAsplsh.jpg,ok,teachinghistory-website/static/files/CIAsplsh.jpg
teachinghistory-website/content/history-content/national-resources/federal-aviation-administration.md,21782,Federal Aviation Administration,card,splash_image,/files/FederalAviation432x240.jpg,ok,teachinghistory-website/static/files/FederalAviation432x240.jpg
teachinghistory-website/content/history-content/national-resources/federal-emergency-management-agency.md,23424,Federal Emergency Management Agency,card,splash_image,/files/FederalEmergency432x240.jpg,ok,teachinghistory-website/static/files/FederalEmergency432x240.jpg
teachinghistory-website/content/history-content/national-resources/federal-highway-administration.md,22915,Federal Highway Administration,card,splash_image,/files/FederalHighway432x240.jpg,ok,teachinghistory-website/static/files/FederalHighway432x240.jpg
teachinghistory-website/content/history-content/national-resources/federal-judicial-center.md,19191,Federal Judicial Center,card,splash_image,/files/FederalJudicial432x240.jpg,ok,teachinghistory-website/static/files/FederalJudicial432x240.jpg
teachinghistory-website/content/history-content/national-resources/federal-judiciary.md,22888,Federal Judiciary,card,splash_image,/files/FederalJudiciary432x240.jpg,ok,teachinghistory-website/static/files/FederalJudiciary432x240.jpg
teachinghistory-website/content/history-content/national-resources/federal-reserve-board.md,24713,Federal Reserve Board,card,splash_image,/files/FederalReserveBoard432x240.jpg,ok,teachinghistory-website/static/files/FederalReserveBoard432x240.jpg
teachinghistory-website/content/history-content/national-resources/federal-resources-for-educational-excellence.md,19198,Federal Resources for Educational Excellence,card,splash_image,/files/FREESplash.jpg,ok,teachinghistory-website/static/files/FREESplash.jpg
teachinghistory-website/content/history-content/national-resources/federal-trade-commission.md,22941,Federal Trade Commission,card,splash_image,/files/FederalTrade432x240.jpg,ok,teachinghistory-website/static/files/FederalTrade432x240.jpg
teachinghistory-website/content/history-content/national-resources/government-printing-office.md,21919,Government Printing Office,card,splash_image,/files/GovernmentPrinting432x240.jpg,ok,teachinghistory-website/static/files/GovernmentPrinting432x240.jpg
teachinghistory-website/content/history-content/national-resources/hirshhorn-museum-and-sculpture-garden.md,23455,Hirshhorn Museum and Sculpture Garden,card,splash_image,/files/HirshhornMuseum432x240.jpg,ok,teachinghistory-website/static/files/HirshhornMuseum432x240.jpg
teachinghistory-website/content/history-content/national-resources/indian-health-service.md,22942,Indian Health Service,card,splash_image,/files/14189_Indian Health Service 432x240.jpg,ok,teachinghistory-website/static/files/14189_Indian Health Service 432x240.jpg
teachinghistory-website/content/history-content/national-resources/james-madison-memorial-fellowship-foundation.md,25563,James Madison Memorial Fellowship Foundation,card,splash_image,/files/jamesmadisonmemorial432x240.jpg,ok,teachinghistory-website/static/files/jamesmadisonmemorial432x240.jpg
teachinghistory-website/content/history-content/national-resources/library-of-congress.md,19183,Library of Congress,card,splash_image,/files/LibraryofCongress432x240.jpg,ok,teachinghistory-website/static/files/LibraryofCongress432x240.jpg
teachinghistory-website/content/history-content/national-resources/los-alamos-national-laboratory.md,22916,Los Alamos National Laboratory,card,splash_image,/files/LosAlamos432x240.jpg,ok,teachinghistory-website/static/files/LosAlamos432x240.jpg
teachinghistory-website/content/history-content/national-resources/military-history.md,19187,Military History,card,splash_image,/files/MilitaryHistory432x240.jpg,ok,teachinghistory-website/static/files/MilitaryHistory432x240.jpg
teachinghistory-website/content/history-content/national-resources/mine-safety-and-health-administration.md,23789,Mine Safety and Health Administration,card,splash_image,/files/MineSafety432x240.jpg,ok,teachinghistory-website/static/files/MineSafety432x240.jpg
teachinghistory-website/content/history-content/national-resources/national-aeronautics-and-space-administration.md,21780,National Aeronautics and Space Administration,card,splash_image,/files/NASA.jpg,ok,teachinghistory-website/static/files/NASA.jpg
teachinghistory-website/content/history-content/national-resources/national-agricultural-statistics-service.md,23720,National Agricultural Statistics Service,card,splash_image,/files/NationalAgricultural432x240.jpg,ok,teachinghistory-website/static/files/NationalAgricultural432x240.jpg
teachinghistory-website/content/history-content/national-resources/national-air-and-space-museum.md,23514,National Air and Space Museum,card,splash_image,/files/NationalAir432x240.jpg,ok,teachinghistory-website/static/files/NationalAir432x240.jpg
teachinghistory-website/content/history-content/national-resources/national-archives-and-records-administration.md,19184,National Archives and Records Administration,card,splash_image,/files/NationalArchives432x240.jpg,ok,teachinghistory-website/static/files/NationalArchives432x240.jpg
teachinghistory-website/content/history-content/national-resources/national-atlas.md,22464,National Atlas,card,splash_image,/files/NationalAtlas432x240.jpg,ok,teachinghistory-website/static/files/NationalAtlas432x240.jpg
teachinghistory-website/content/history-content/national-resources/national-center-for-education-statistics.md,22958,National Center for Education Statistics,card,splash_image,/files/NationalCenter432x240.jpg,ok,teachinghistory-website/static/files/NationalCenter432x240.jpg
teachinghistory-website/content/history-content/national-resources/national-endowment-for-the-arts.md,23723,National Endowment for the Arts,card,splash_image,/files/NationalEndowment432x240.jpg,ok,teachinghistory-website/static/files/NationalEndowment432x240.jpg
teachinghistory-website/content/history-content/national-resources/national-endowment-for-the-humanities.md,19199,National Endowment for the Humanities,card,splash_image,/files/Humanities.jpg,ok,teachinghistory-website/static/files/Humanities.jpg
teachinghistory-website/content/history-content/national-resources/national-institute-for-literacy.md,23784,National Institute for Literacy,card,splash_image,/files/NIL432x240.jpg,ok,teachinghistory-website/static/files/NIL432x240.jpg
teachinghistory-website/content/history-content/national-resources/national-institutes-of-health.md,21784,National Institutes of Health,card,splash_image,/files/NationalInstitute432x240.jpg,ok,teachinghistory-website/static/files/NationalInstitute432x240.jpg
teachinghistory-website/content/history-content/national-resources/national-museum-of-african-american-history-and-culture.md,25762,National Museum of African American History and Culture,card,splash_image,/files/screen-shot-2012-11-13-at-11.55.36-am.jpg,ok,teachinghistory-website/static/files/screen-shot-2012-11-13-at-11.55.36-am.jpg
teachinghistory-website/content/history-content/national-resources/national-museum-of-african-art.md,23486,National Museum of African Art,card,splash_image,/files/MuseumofAfrican432x240.jpg,ok,teachinghistory-website/static/files/MuseumofAfrican432x240.jpg
teachinghistory-website/content/history-content/national-resources/national-museum-of-american-history.md,23516,National Museum of American History,card,splash_image,/files/NationalMuseumAm432x240.jpg,ok,teachinghistory-website/static/files/NationalMuseumAm432x240.jpg
teachinghistory-website/content/history-content/national-resources/national-museum-of-natural-history.md,23588,National Museum of Natural History,card,splash_image,/files/NationalMuseumNH432x240.jpg,ok,teachinghistory-website/static/files/NationalMuseumNH432x240.jpg
teachinghistory-website/content/history-content/national-resources/national-museum-of-the-american-indian.md,23584,National Museum of the American Indian,card,splash_image,/files/NMAI432x240.jpg,ok,teachinghistory-website/static/files/NMAI432x240.jpg
teachinghistory-website/content/history-content/national-resources/national-oceanic-and-atmospheric-administration.md,19200,National Oceanic and Atmospheric Administration,card,splash_image,/files/NationalOceanographic432x240.jpg,ok,teachinghistory-website/static/files/NationalOceanographic432x240.jpg
teachinghistory-website/content/history-content/national-resources/national-park-service.md,19186,National Park Service,card,splash_image,/files/NPSSplash.jpg,ok,teachinghistory-website/static/files/NPSSplash.jpg
teachinghistory-website/content/history-content/national-resources/national-portrait-gallery.md,23612,National Portrait Gallery,card,splash_image,/files/NationalPortrait432x240.jpg,ok,teachinghistory-website/static/files/NationalPortrait432x240.jpg
teachinghistory-website/content/history-content/national-resources/national-postal-museum.md,23457,National Postal Museum,card,splash_image,/files/NationalPostal432x240.jpg,ok,teachinghistory-website/static/files/NationalPostal432x240.jpg
teachinghistory-website/content/history-content/national-resources/office-of-special-education-and-rehabilitative-services.md,23669,Office of Special Education and Rehabilitative Services,card,splash_image,/files/OfficeofSpecial432x240.jpg,ok,teachinghistory-website/static/files/OfficeofSpecial432x240.jpg
teachinghistory-website/content/history-content/national-resources/peace-corps.md,23446,Peace Corps,card,splash_image,/files/PeaceCorps432x240.jpg,ok,teachinghistory-website/static/files/PeaceCorps432x240.jpg
teachinghistory-website/content/history-content/national-resources/preserve-america.md,19185,Preserve America,card,splash_image,/files/PreserveAmerica432x240.jpg,ok,teachinghistory-website/static/files/PreserveAmerica432x240.jpg
teachinghistory-website/content/history-content/national-resources/presidents-of-the-united-states.md,19197,Presidents of the United States,card,splash_image,/files/Presidentsofthe432x240.jpg,ok,teachinghistory-website/static/files/Presidentsofthe432x240.jpg
teachinghistory-website/content/history-content/national-resources/selective-service-system.md,22962,Selective Service System,card,splash_image,/files/SelectiveService432x240.jpg,ok,teachinghistory-website/static/files/SelectiveService432x240.jpg
teachinghistory-website/content/history-content/national-resources/small-business-association.md,23668,Small Business Association,card,splash_image,/files/SmallBusiness432x240.jpg,ok,teachinghistory-website/static/files/SmallBusiness432x240.jpg
teachinghistory-website/content/history-content/national-resources/smithsonian-american-art-museum-and-renwick-gallery.md,23485,Smithsonian American Art Museum and Renwick Gallery,card,splash_image,/files/SmithsonianAmerican432x240.jpg,ok,teachinghistory-website/static/files/SmithsonianAmerican432x240.jpg
teachinghistory-website/content/history-content/national-resources/smithsonian-cooper-hewitt-national-design-museum.md,23497,"Smithsonian Cooper-Hewitt, National Design Museum",card,splash_image,/files/Cooper-Hewitt432x240.jpg,ok,teachinghistory-website/static/files/Cooper-Hewitt432x240.jpg
teachinghistory-website/content/history-content/national-resources/smithsonian.md,19188,Smithsonian,card,splash_image,/files/Smithsonian432x240.jpg,ok,teachinghistory-website/static/files/Smithsonian432x240.jpg
teachinghistory-website/content/history-content/national-resources/social-security-administration.md,21781,Social Security Administration,card,splash_image,/files/SSA432x240.jpg,ok,teachinghistory-website/static/files/SSA432x240.jpg
teachinghistory-website/content/history-content/national-resources/society-for-history-in-the-federal-government.md,21785,Society for History in the Federal Government,card,splash_image,/files/SocietyforHistory432x240.jpg,ok,teachinghistory-website/static/files/SocietyforHistory432x240.jpg
teachinghistory-website/content/history-content/national-resources/students-abroad.md,23447,Students Abroad,card,splash_image,/files/StudentsAbroad432x240.jpg,ok,teachinghistory-website/static/files/StudentsAbroad432x240.jpg
teachinghistory-website/content/history-content/national-resources/supreme-court-of-the-united-states.md,23677,Supreme Court of the United States,card,splash_image,/files/SupremeCourt432x240.jpg,ok,teachinghistory-website/static/files/SupremeCourt432x240.jpg
teachinghistory-website/content/history-content/national-resources/team-ships.md,23678,Team Ships,card,splash_image,/files/TeamShips432x240.jpg,ok,teachinghistory-website/static/files/TeamShips432x240.jpg
teachinghistory-website/content/history-content/national-resources/tennessee-valley-authority.md,23637,Tennessee Valley Authority,card,splash_image,/files/TennesseeValleySplash.jpg,ok,teachinghistory-website/static/files/TennesseeValleySplash.jpg
teachinghistory-website/content/history-content/national-resources/us-air-force.md,22483,U.S. Air Force,card,splash_image,/files/USAirForce432x240.jpg,ok,teachinghistory-website/static/files/USAirForce432x240.jpg
teachinghistory-website/content/history-content/national-resources/us-army.md,22407,U.S. Army,card,splash_image,/files/USArmy432x240.jpg,ok,teachinghistory-website/static/files/USArmy432x240.jpg
teachinghistory-website/content/history-content/national-resources/us-census-bureau.md,22692,U.S. Census Bureau,card,splash_image,/files/USCensus432x240.jpg,ok,teachinghistory-website/static/files/USCensus432x240.jpg
teachinghistory-website/content/history-content/national-resources/us-coast-guard.md,22462,U.S. Coast Guard,card,splash_image,/files/USCoastGuard.jpg,ok,teachinghistory-website/static/files/USCoastGuard.jpg
teachinghistory-website/content/history-content/national-resources/us-department-of-education.md,19201,U.S. Department of Education,card,splash_image,/files/USDepartmentEd432x240.jpg,ok,teachinghistory-website/static/files/USDepartmentEd432x240.jpg
teachinghistory-website/content/history-content/national-resources/us-department-of-veterans-affairs.md,22641,U.S. Department of Veterans Affairs,card,splash_image,/files/USDeptVet432x240.jpg,ok,teachinghistory-website/static/files/USDeptVet432x240.jpg
teachinghistory-website/content/history-content/national-resources/us-drug-enforcement-agency.md,22624,U.S. Drug Enforcement Agency,card,splash_image,/files/USDrug432x240.jpg,ok,teachinghistory-website/static/files/USDrug432x240.jpg
teachinghistory-website/content/history-content/national-resources/us-fire-administration.md,23425,U.S. Fire Administration,card,splash_image,/files/FireSafety432x240.jpg,ok,teachinghistory-website/static/files/FireSafety432x240.jpg
teachinghistory-website/content/history-content/national-resources/us-fish-and-wildlife-service.md,25605,U.S. Fish and Wildlife Service,card,splash_image,/files/usfishwildlife432x240.jpg,ok,teachinghistory-website/static/files/usfishwildlife432x240.jpg
teachinghistory-website/content/history-content/national-resources/us-geological-survey.md,22625,U.S. Geological Survey,card,splash_image,/files/USGeological432x240.jpg,ok,teachinghistory-website/static/files/USGeological432x240.jpg
teachinghistory-website/content/history-content/national-resources/us-holocaust-memorial-museum.md,19189,U.S. Holocaust Memorial Museum,card,splash_image,/files/USHolocaust432x240.jpg,ok,teachinghistory-website/static/files/USHolocaust432x240.jpg
teachinghistory-website/content/history-content/national-resources/us-house-of-representatives-office-of-the-clerk.md,19228,"U.S. House of Representatives, Office of the Clerk",card,splash_image,/files/USHouse432x240.jpg,ok,teachinghistory-website/static/files/USHouse432x240.jpg
teachinghistory-website/content/history-content/national-resources/us-marine-corps.md,22518,U.S. Marine Corps,card,splash_image,/files/USMarine432x240.jpg,ok,teachinghistory-website/static/files/USMarine432x240.jpg
teachinghistory-website/content/history-content/national-resources/us-mint.md,22477,U.S. Mint,card,splash_image,/files/USMint432x240.jpg,ok,teachinghistory-website/static/files/USMint432x240.jpg
teachinghistory-website/content/history-content/national-resources/us-navy.md,22405,U.S. Navy,card,splash_image,/files/USNavy.jpg,ok,teachinghistory-website/static/files/USNavy.jpg
teachinghistory-website/content/history-content/national-resources/us-patent-and-trademark-office.md,21920,U.S. Patent and Trademark Office,card,splash_image,/files/Patent432x240.jpg,ok,teachinghistory-website/static/files/Patent432x240.jpg
teachinghistory-website/content/history-content/national-resources/us-postal-service.md,23633,U.S. Postal Service,card,splash_image,/files/USPostal432x240.jpg,ok,teachinghistory-website/static/files/USPostal432x240.jpg
teachinghistory-website/content/history-content/national-resources/us-secret-service.md,23639,U.S. Secret Service,card,splash_image,/files/SecretService432x240.jpg,ok,teachinghistory-website/static/files/SecretService432x240.jpg
teachinghistory-website/content/history-content/national-resources/us-senate-historical-office.md,19195,U.S. Senate Historical Office,card,splash_image,/files/USSenateSplash.jpg,ok,teachinghistory-website/static/files/USSenateSplash.jpg
teachinghistory-website/content/history-content/national-resources/voice-of-america.md,23630,Voice of America,card,splash_image,/files/VoiceofAmerica432x240.jpg,ok,teachinghistory-website/static/files/VoiceofAmerica432x240.jpg
teachinghistory-website/content/history-content/quiz/a-culture-productive-of-infinite-wretchedness.md,24219,A Culture Productive of Infinite Wretchedness,card,splash_image,/files/Tobacco_0.jpg,ok,teachinghistory-website/static/files/Tobacco_0.jpg
teachinghistory-website/content/history-content/quiz/a-hoax-provokes-folks-why-lie.md,24251,A Hoax Provokes Folks:  Why Lie?,card,splash_image,/files/splash-cardiff_0_0.jpg,ok,teachinghistory-website/static/files/splash-cardiff_0_0.jpg
teachinghistory-website/content/history-content/quiz/a-mouldering-in-the-grave.md,24195,A-mouldering in the Grave,card,splash_image,/files/splash-brown_0_0.jpg,ok,teachinghistory-website/static/files/splash-brown_0_0.jpg
teachinghistory-website/content/history-content/quiz/a-symbol-of-friendship.md,25503,A Symbol of Friendship,card,splash_image,/files/quiz_cherries_splash_0.jpg,ok,teachinghistory-website/static/files/quiz_cherries_splash_0.jpg
teachinghistory-website/content/history-content/quiz/advice-for-beachgoers.md,24252,Advice for Beachgoers,card,splash_image,/files/splash-beach_0_0.jpg,ok,teachinghistory-website/static/files/splash-beach_0_0.jpg
teachinghistory-website/content/history-content/quiz/african-american-history-month-civil-rights-worldwide.md,25340,African American History Month: Civil Rights Worldwide,card,splash_image,/files/quiz-aa2012-splash_0.jpg,ok,teachinghistory-website/static/files/quiz-aa2012-splash_0.jpg
teachinghistory-website/content/history-content/quiz/airplane-meals.md,24444,Airplane Meals,card,splash_image,/files/splash-berairlift.jpg,ok,teachinghistory-website/static/files/splash-berairlift.jpg
teachinghistory-website/content/history-content/quiz/alien-invasions.md,24209,Alien Invasions,card,splash_image,/files/Aliens_0.jpg,ok,teachinghistory-website/static/files/Aliens_0.jpg
teachinghistory-website/content/history-content/quiz/american-myths-christopher-columbus.md,24247,American Myths: Christopher Columbus,card,splash_image,/files/Columbus_0.jpg,ok,teachinghistory-website/static/files/Columbus_0.jpg
teachinghistory-website/content/history-content/quiz/american-myths-popular-music.md,24231,American Myths: Popular Music,card,splash_image,/files/PopMusic_0.jpg,ok,teachinghistory-website/static/files/PopMusic_0.jpg
teachinghistory-website/content/history-content/quiz/american-personalities-uncle-sam-and-lady-liberty.md,24206,American Personalities: Uncle Sam and Lady Liberty,card,splash_image,/files/Columbia_0.jpg,ok,teachinghistory-website/static/files/Columbia_0.jpg
teachinghistory-website/content/history-content/quiz/americas-love-for-the-automobile.md,25066,America's Love for the Automobile,card,splash_image,/files/quiz-cars11-splash_0.jpg,ok,teachinghistory-website/static/files/quiz-cars11-splash_0.jpg
teachinghistory-website/content/history-content/quiz/as-american-as-mom.md,24222,As American as Mom…,card,splash_image,/files/As-American_0.jpg,ok,teachinghistory-website/static/files/As-American_0.jpg
teachinghistory-website/content/history-content/quiz/back-to-school.md,24186,Back to School,card,splash_image,/files/quiz-splash-backtoschool.jpg,ok,teachinghistory-website/static/files/quiz-splash-backtoschool.jpg
teachinghistory-website/content/history-content/quiz/back-to-the-future.md,24241,Back to the Future . . .,card,splash_image,/files/Future_0.jpg,ok,teachinghistory-website/static/files/Future_0.jpg
teachinghistory-website/content/history-content/quiz/baseball-in-black-and-white.md,24253,Baseball in Black and White,card,splash_image,/files/splash-baseballbw_0.jpg,ok,teachinghistory-website/static/files/splash-baseballbw_0.jpg
teachinghistory-website/content/history-content/quiz/black-days-in-the-market.md,24280,Black Days in the Market,card,splash_image,/files/quiz-splash-greatdep2010.jpg,ok,teachinghistory-website/static/files/quiz-splash-greatdep2010.jpg
teachinghistory-website/content/history-content/quiz/by-the-numbers-election-maps.md,24262,By the Numbers: Election Maps,card,splash_image,/files/splash-electionmaps_0_0.jpg,ok,teachinghistory-website/static/files/splash-electionmaps_0_0.jpg
teachinghistory-website/content/history-content/quiz/california-or-bust.md,24256,California or Bust,card,splash_image,/files/quiz-census2-splash_0.jpg,ok,teachinghistory-website/static/files/quiz-census2-splash_0.jpg
teachinghistory-website/content/history-content/quiz/carriages-and-wagons.md,24259,Carriages and Wagons,card,splash_image,/files/Carriage_0_0.jpg,ok,teachinghistory-website/static/files/Carriage_0_0.jpg
teachinghistory-website/content/history-content/quiz/celebrate-more-than-st-patrick.md,24196,Celebrate More Than St. Patrick,card,splash_image,/files/CelebratingStPat_0.jpg,ok,teachinghistory-website/static/files/CelebratingStPat_0.jpg
teachinghistory-website/content/history-content/quiz/charters-for-colonies.md,24236,Charters for Colonies,card,splash_image,/files/splash-earlyecolo.jpg,ok,teachinghistory-website/static/files/splash-earlyecolo.jpg
teachinghistory-website/content/history-content/quiz/classroom-glory.md,24192,Classroom Glory,card,splash_image,/files/glory-splash_0.jpg,ok,teachinghistory-website/static/files/glory-splash_0.jpg
teachinghistory-website/content/history-content/quiz/close-up-on-hispanic-american-heritage.md,25065,Close Up on Hispanic American Heritage,card,splash_image,/files/splash-hahm11.jpg,ok,teachinghistory-website/static/files/splash-hahm11.jpg
teachinghistory-website/content/history-content/quiz/columbus-day-stories-of-exploration.md,25073,Columbus Day: Stories of Exploration,card,splash_image,/files/splash-exptheories.jpg,ok,teachinghistory-website/static/files/splash-exptheories.jpg
teachinghistory-website/content/history-content/quiz/column-a-and-column-b.md,24194,Column A and Column B,card,splash_image,/files/quiz-chinesefood-splash_0.jpg,ok,teachinghistory-website/static/files/quiz-chinesefood-splash_0.jpg
teachinghistory-website/content/history-content/quiz/constitution-day-count.md,25064,Constitution Day Count,card,splash_image,/files/splash-quiz-cd1112.jpg,ok,teachinghistory-website/static/files/splash-quiz-cd1112.jpg
teachinghistory-website/content/history-content/quiz/constitution-day.md,24189,Constitution Day,card,splash_image,/files/splash-constitutionday2010.jpg,ok,teachinghistory-website/static/files/splash-constitutionday2010.jpg
teachinghistory-website/content/history-content/quiz/dance-but-not-that-way.md,24208,"Dance, But Not That Way . . .",card,splash_image,/files/Dance_0.jpg,ok,teachinghistory-website/static/files/Dance_0.jpg
teachinghistory-website/content/history-content/quiz/discovering-christopher-columbus.md,24188,Discovering Christopher Columbus,card,splash_image,/files/columbusp-splash.jpg,ok,teachinghistory-website/static/files/columbusp-splash.jpg
teachinghistory-website/content/history-content/quiz/drafting-music.md,24357,Drafting Music,card,splash_image,/files/quiz-civwardraftmusic-splash.jpg,ok,teachinghistory-website/static/files/quiz-civwardraftmusic-splash.jpg
teachinghistory-website/content/history-content/quiz/dueling-logic.md,24220,Dueling Logic,card,splash_image,/files/DuelingLogic_0.jpg,ok,teachinghistory-website/static/files/DuelingLogic_0.jpg
teachinghistory-website/content/history-content/quiz/early-american-artifacts.md,24182,Early American Artifacts,card,splash_image,/files/earlyamer-splash.jpeg,ok,teachinghistory-website/static/files/earlyamer-splash.jpeg
teachinghistory-website/content/history-content/quiz/early-telephone-etiquette.md,24249,Early Telephone Etiquette,card,splash_image,/files/splash-phonedog_0_0.jpg,ok,teachinghistory-website/static/files/splash-phonedog_0_0.jpg
teachinghistory-website/content/history-content/quiz/earth-day-lost-to-history.md,25520,Earth Day: Lost to History,card,splash_image,/files/quiz-extinction-splash_0.jpg,ok,teachinghistory-website/static/files/quiz-extinction-splash_0.jpg
teachinghistory-website/content/history-content/quiz/europe-encounters-the-western-hemisphere.md,24187,Europe Encounters the Western Hemisphere,card,splash_image,/files/splash-quiz-earlyex.jpg,ok,teachinghistory-website/static/files/splash-quiz-earlyex.jpg
teachinghistory-website/content/history-content/quiz/european-explorers-in-north-america-after-columbus.md,25070,European Explorers in North America after Columbus,card,splash_image,/files/columbus-triumph.jpg,ok,teachinghistory-website/static/files/columbus-triumph.jpg
teachinghistory-website/content/history-content/quiz/exploration-and-innovation.md,24183,Exploration and Innovation,card,splash_image,/files/navtools_splash.jpeg,ok,teachinghistory-website/static/files/navtools_splash.jpeg
teachinghistory-website/content/history-content/quiz/fashion-maven.md,24218,Fashion Maven,card,splash_image,/files/Fashion_0.jpg,ok,teachinghistory-website/static/files/Fashion_0.jpg
teachinghistory-website/content/history-content/quiz/first-impressions-the-us-and-japan.md,24359,First Impressions: The U.S. and Japan,card,splash_image,/files/quiz-openjapan-splash.jpg,ok,teachinghistory-website/static/files/quiz-openjapan-splash.jpg
teachinghistory-website/content/history-content/quiz/first-ladies-firsts.md,24217,First Ladies' Firsts,card,splash_image,/files/splas-firstfirsts_0.jpg,ok,teachinghistory-website/static/files/splas-firstfirsts_0.jpg
teachinghistory-website/content/history-content/quiz/fly-away-jim-crow.md,24197,Fly Away Jim Crow,card,splash_image,/files/splash-jimcrow_1_0.jpg,ok,teachinghistory-website/static/files/splash-jimcrow_1_0.jpg
teachinghistory-website/content/history-content/quiz/food-50-years-ago.md,25271,Food 50 Years Ago,card,splash_image,/files/quiz-supermarkets-splash_0.jpg,ok,teachinghistory-website/static/files/quiz-supermarkets-splash_0.jpg
teachinghistory-website/content/history-content/quiz/from-war-to-revolution.md,24269,From War to Revolution,card,splash_image,/files/faiwar-splash.jpg,ok,teachinghistory-website/static/files/faiwar-splash.jpg
teachinghistory-website/content/history-content/quiz/give-me-nuclear-shelter.md,25274,Give Me (Nuclear) Shelter,card,splash_image,/files/quiz-fallout-splash_0.jpg,ok,teachinghistory-website/static/files/quiz-fallout-splash_0.jpg
teachinghistory-website/content/history-content/quiz/go-west-young-woman.md,24198,"Go West, Young Woman!",card,splash_image,/files/GoWest_0.jpg,ok,teachinghistory-website/static/files/GoWest_0.jpg
teachinghistory-website/content/history-content/quiz/historical-improbabilities.md,24577,Historical Improbabilities,card,splash_image,/files/improbabilities-splash.jpg,ok,teachinghistory-website/static/files/improbabilities-splash.jpg
teachinghistory-website/content/history-content/quiz/history-of-hidden-killers-epidemics-in-america.md,24205,History of Hidden Killers: Epidemics in America,card,splash_image,/files/Epidemic_0.jpg,ok,teachinghistory-website/static/files/Epidemic_0.jpg
teachinghistory-website/content/history-content/quiz/in-dr-kings-words.md,25310,In Dr. King's Words,card,splash_image,/files/quiz-mlk11-splash_0.jpg,ok,teachinghistory-website/static/files/quiz-mlk11-splash_0.jpg
teachinghistory-website/content/history-content/quiz/in-our-own-time-native-american-timekeeping.md,24245,In Our Own Time: Native American Timekeeping,card,splash_image,/files/splash-calendarsquiz_0_0.jpg,ok,teachinghistory-website/static/files/splash-calendarsquiz_0_0.jpg
teachinghistory-website/content/history-content/quiz/lewis-hine-caption-critique.md,25108,Lewis Hine: Caption Critique,card,splash_image,/files/quiz-caption1-splash.jpg,ok,teachinghistory-website/static/files/quiz-caption1-splash.jpg
teachinghistory-website/content/history-content/quiz/manias-of-the-gilded-age.md,24638,Manias of the Gilded Age,card,splash_image,/files/splash-gildedgames.jpg,ok,teachinghistory-website/static/files/splash-gildedgames.jpg
teachinghistory-website/content/history-content/quiz/mapping-the-past.md,25336,Mapping the Past,card,splash_image,/files/quiz-1612map-splash.jpg,ok,teachinghistory-website/static/files/quiz-1612map-splash.jpg
teachinghistory-website/content/history-content/quiz/memorial-day-the-poppy-puzzle.md,25583,Memorial Day: The Poppy Puzzle,card,splash_image,/files/quiz-splash-poppies.jpg,ok,teachinghistory-website/static/files/quiz-splash-poppies.jpg
teachinghistory-website/content/history-content/quiz/memorializing-memorials.md,24548,Memorializing Memorials,card,splash_image,/files/splash-mem2011.jpg,ok,teachinghistory-website/static/files/splash-mem2011.jpg
teachinghistory-website/content/history-content/quiz/monuments-to-a-dream-martin-luther-king-jr-memorials.md,24204,Monuments to a Dream: Martin Luther King Jr. Memorials,card,splash_image,/files/MLKMonument_0_0.jpg,ok,teachinghistory-website/static/files/MLKMonument_0_0.jpg
teachinghistory-website/content/history-content/quiz/naming-colonial-history.md,24282,Naming Colonial History,card,splash_image,/files/prercolon-splash.jpg,ok,teachinghistory-website/static/files/prercolon-splash.jpg
teachinghistory-website/content/history-content/quiz/native-american-heritage-month-questioning-photos.md,25071,Native American Heritage Month: Questioning Photos,card,splash_image,/files/quiz-splash-clothes.jpg,ok,teachinghistory-website/static/files/quiz-splash-clothes.jpg
teachinghistory-website/content/history-content/quiz/new-world-wonders.md,24258,New World Wonders,card,splash_image,/files/splash-sealion_0_0.jpg,ok,teachinghistory-website/static/files/splash-sealion_0_0.jpg
teachinghistory-website/content/history-content/quiz/paradise-in-a-breakfast-bowl.md,24250,Paradise in a Breakfast Bowl,card,splash_image,/files/splash-cerealparadise_0_0.jpg,ok,teachinghistory-website/static/files/splash-cerealparadise_0_0.jpg
teachinghistory-website/content/history-content/quiz/past-rebel-lines.md,24289,Past Rebel Lines,card,splash_image,/files/revwarspies-splash.jpg,ok,teachinghistory-website/static/files/revwarspies-splash.jpg
teachinghistory-website/content/history-content/quiz/playing-history.md,24178,Playing History,card,splash_image,/files/Playing_History_432x240.jpg,ok,teachinghistory-website/static/files/Playing_History_432x240.jpg
teachinghistory-website/content/history-content/quiz/plays-you-wont-see-in-the-superbowl.md,24243,Plays You Won't See in the Superbowl,card,splash_image,/files/NotinSuperbowl_0.jpg,ok,teachinghistory-website/static/files/NotinSuperbowl_0.jpg
teachinghistory-website/content/history-content/quiz/political-animals.md,24637,Political Animals,card,splash_image,/files/splash-polslang.jpg,ok,teachinghistory-website/static/files/splash-polslang.jpg
teachinghistory-website/content/history-content/quiz/potent-quotables-every-vote-counts.md,24228,Potent Quotables: Every Vote Counts,card,splash_image,/files/splash-potentvote_0_0.jpg,ok,teachinghistory-website/static/files/splash-potentvote_0_0.jpg
teachinghistory-website/content/history-content/quiz/practicing-medicine-on-the-presidents.md,24454,Practicing Medicine on the Presidents,card,splash_image,/files/splash-preshealth.jpg,ok,teachinghistory-website/static/files/splash-preshealth.jpg
teachinghistory-website/content/history-content/quiz/pre-modern-pop-music.md,24223,Pre-Modern Pop Music,card,splash_image,/files/splash-pop_0_0.jpg,ok,teachinghistory-website/static/files/splash-pop_0_0.jpg
teachinghistory-website/content/history-content/quiz/presidential-moments-campaigns.md,24232,Presidential Moments: Campaigns,card,splash_image,/files/PresCampaign_0.jpg,ok,teachinghistory-website/static/files/PresCampaign_0.jpg
teachinghistory-website/content/history-content/quiz/presidential-moments-hail-to-the-chief-nicknames.md,24227,Presidential Moments: Hail to the Chief Nicknames,card,splash_image,/files/NickNames_0.jpg,ok,teachinghistory-website/static/files/NickNames_0.jpg
teachinghistory-website/content/history-content/quiz/presidential-moments-inaugural-addresses.md,24225,Presidential Moments: Inaugural Addresses,card,splash_image,/files/splash-inaugurationquiz_0.jpg,ok,teachinghistory-website/static/files/splash-inaugurationquiz_0.jpg
teachinghistory-website/content/history-content/quiz/presidential-moments-inauguration.md,24226,Presidential Moments: Inauguration,card,splash_image,/files/splash-inauguralbible_0.jpg,ok,teachinghistory-website/static/files/splash-inauguralbible_0.jpg
teachinghistory-website/content/history-content/quiz/presidential-valentines.md,24202,Presidential Valentines,card,splash_image,/files/PresValentine_0.jpg,ok,teachinghistory-website/static/files/PresValentine_0.jpg
teachinghistory-website/content/history-content/quiz/presidents-day-growing-up-to-be-president.md,24681,Presidents Day: Growing Up to Be President,card,splash_image,/files/splash-quiz-pd12_0.jpg,ok,teachinghistory-website/static/files/splash-quiz-pd12_0.jpg
teachinghistory-website/content/history-content/quiz/probing-probate.md,25480,Probing Probate,card,splash_image,/files/splash-quiz-probate_0.jpg,ok,teachinghistory-website/static/files/splash-quiz-probate_0.jpg
teachinghistory-website/content/history-content/quiz/reading-a-cartoon-massive-resistance.md,25270,Reading a Cartoon: Massive Resistance,card,splash_image,/files/quiz-splash-massiver.jpg,ok,teachinghistory-website/static/files/quiz-splash-massiver.jpg
teachinghistory-website/content/history-content/quiz/reading-a-cartoon-nasts-milk-tickets-for-babies.md,25496,"Reading a Cartoon: Nast's ""Milk Tickets for Babies""",card,splash_image,/files/quiz-nast-splash.jpg,ok,teachinghistory-website/static/files/quiz-nast-splash.jpg
teachinghistory-website/content/history-content/quiz/reading-photographs-a-dusty-street.md,25574,Reading Photographs: A Dusty Street,card,splash_image,/files/quiz-landscape-splash_0.jpg,ok,teachinghistory-website/static/files/quiz-landscape-splash_0.jpg
teachinghistory-website/content/history-content/quiz/reading-photographs-macarthur-and-hirohito.md,25497,Reading Photographs: MacArthur and Hirohito,card,splash_image,/files/quiz_hirohito_splash_0.jpg,ok,teachinghistory-website/static/files/quiz_hirohito_splash_0.jpg
teachinghistory-website/content/history-content/quiz/reading-photographs-snow-day.md,25345,Reading Photographs: Snow Day,card,splash_image,/files/quiz-snow-splash.jpg,ok,teachinghistory-website/static/files/quiz-snow-splash.jpg
teachinghistory-website/content/history-content/quiz/remembering-all-veterans.md,24237,Remembering All Veterans,card,splash_image,/files/quiz-splash-vetmem.jpg,ok,teachinghistory-website/static/files/quiz-splash-vetmem.jpg
teachinghistory-website/content/history-content/quiz/riding-the-rails.md,24460,Riding the Rails,card,splash_image,/files/splash-railroads11.jpg,ok,teachinghistory-website/static/files/splash-railroads11.jpg
teachinghistory-website/content/history-content/quiz/sand-sea-and-oil-operation-desert-storm.md,24445,"Sand, Sea, and Oil: Operation Desert Storm",card,splash_image,/files/splash-gulfwar.jpg,ok,teachinghistory-website/static/files/splash-gulfwar.jpg
teachinghistory-website/content/history-content/quiz/saving-daylight.md,24246,Saving Daylight,card,splash_image,/files/DaylightSavings_0.jpg,ok,teachinghistory-website/static/files/DaylightSavings_0.jpg
teachinghistory-website/content/history-content/quiz/selling-the-dream.md,24684,Selling the Dream,card,splash_image,/files/splash-sizzle.jpg,ok,teachinghistory-website/static/files/splash-sizzle.jpg
teachinghistory-website/content/history-content/quiz/socks-to-war.md,25113,Socks to War,card,splash_image,/files/quiz-socks-splash.jpg,ok,teachinghistory-website/static/files/quiz-socks-splash.jpg
teachinghistory-website/content/history-content/quiz/spot-the-president-presidential-campaign-ads.md,24244,Spot the President: Presidential Campaign Ads,card,splash_image,/files/Campaign_0.jpg,ok,teachinghistory-website/static/files/Campaign_0.jpg
teachinghistory-website/content/history-content/quiz/stamping-out-free-speech.md,24288,Stamping Out Free Speech?,card,splash_image,/files/quiz-stampact-splash.jpg,ok,teachinghistory-website/static/files/quiz-stampact-splash.jpg
teachinghistory-website/content/history-content/quiz/stumbling-down-the-road-to-health.md,24193,Stumbling Down the Road to Health,card,splash_image,/files/splash-fumblinghealth_0.jpg,ok,teachinghistory-website/static/files/splash-fumblinghealth_0.jpg
teachinghistory-website/content/history-content/quiz/teaching-the-20th.md,24190,Teaching the 20th,card,splash_image,/files/quiz-modernhistory-splash_0.jpg,ok,teachinghistory-website/static/files/quiz-modernhistory-splash_0.jpg
teachinghistory-website/content/history-content/quiz/textbook-twisters-cuban-missile-crisis.md,24233,Textbook Twisters: Cuban Missile Crisis,card,splash_image,/files/TextbookTwister_0.jpg,ok,teachinghistory-website/static/files/TextbookTwister_0.jpg
teachinghistory-website/content/history-content/quiz/textbook-twisters-salem-witch-trials.md,24224,Textbook Twisters: Salem Witch Trials,card,splash_image,/files/WitchTrials_0.jpg,ok,teachinghistory-website/static/files/WitchTrials_0.jpg
teachinghistory-website/content/history-content/quiz/thanksgiving-dinner-in-1943.md,24235,Thanksgiving Dinner in 1943,card,splash_image,/files/TDinner_0.jpg,ok,teachinghistory-website/static/files/TDinner_0.jpg
teachinghistory-website/content/history-content/quiz/thanksgiving-presidential-turkeys.md,25265,Thanksgiving: Presidential Turkeys,card,splash_image,/files/quiz-splash-thanksgiving11_0.jpg,ok,teachinghistory-website/static/files/quiz-splash-thanksgiving11_0.jpg
teachinghistory-website/content/history-content/quiz/the-art-of-migration.md,24358,The Art of Migration,card,splash_image,/files/splash-jacoblawrence.jpg,ok,teachinghistory-website/static/files/splash-jacoblawrence.jpg
teachinghistory-website/content/history-content/quiz/the-big-picture-match-the-ad-to-the-year.md,24261,The Big Picture: Match the Ad to the Year,card,splash_image,/files/splash-adquiz_0_0.jpg,ok,teachinghistory-website/static/files/splash-adquiz_0_0.jpg
teachinghistory-website/content/history-content/quiz/the-blue-and-the-grey-and-red-and-green-and-yellow.md,25444,The Blue and the Grey (and Red and Green and Yellow),card,splash_image,/files/splash-quiz-cwuniforms_0.jpg,ok,teachinghistory-website/static/files/splash-quiz-cwuniforms_0.jpg
teachinghistory-website/content/history-content/quiz/the-california-gold-rush.md,24442,The California Gold Rush,card,splash_image,/files/splash-goldrush.jpg,ok,teachinghistory-website/static/files/splash-goldrush.jpg
teachinghistory-website/content/history-content/quiz/the-daisy-ad.md,25573,"The ""Daisy"" Ad",card,splash_image,/files/quiz-cc-splash_0.jpg,ok,teachinghistory-website/static/files/quiz-cc-splash_0.jpg
teachinghistory-website/content/history-content/quiz/the-garden-of-infants.md,24443,The Garden of Infants,card,splash_image,/files/splash-kindergarten.jpg,ok,teachinghistory-website/static/files/splash-kindergarten.jpg
teachinghistory-website/content/history-content/quiz/the-great-black-hope.md,24453,The Great Black Hope,card,splash_image,/files/splash-aaathletes.jpg,ok,teachinghistory-website/static/files/splash-aaathletes.jpg
teachinghistory-website/content/history-content/quiz/the-ice-cream-wars.md,24234,The Ice Cream Wars,card,splash_image,/files/IceCream2_0_0.jpg,ok,teachinghistory-website/static/files/IceCream2_0_0.jpg
teachinghistory-website/content/history-content/quiz/the-many-roots-of-african-american-cooking.md,24201,The Many Roots of African American Cooking,card,splash_image,/files/AfAmCooking_0.jpg,ok,teachinghistory-website/static/files/AfAmCooking_0.jpg
teachinghistory-website/content/history-content/quiz/the-royal-we-princesses-of-the-past.md,24240,The Royal We: Princesses of the Past,card,splash_image,/files/Princess_0.jpg,ok,teachinghistory-website/static/files/Princess_0.jpg
teachinghistory-website/content/history-content/quiz/theatre-of-the-people.md,24203,Theatre of the People,card,splash_image,/files/TheatrePeople_0.jpg,ok,teachinghistory-website/static/files/TheatrePeople_0.jpg
teachinghistory-website/content/history-content/quiz/to-the-source.md,25072,To the Source!,card,splash_image,/files/primsources-splash.jpg,ok,teachinghistory-website/static/files/primsources-splash.jpg
teachinghistory-website/content/history-content/quiz/turkey-tracking.md,24266,Turkey Tracking,card,splash_image,/files/splash-thanks2010.jpg,ok,teachinghistory-website/static/files/splash-thanks2010.jpg
teachinghistory-website/content/history-content/quiz/turning-turtle-shipwrecks-and-disasters-at-sea.md,24207,Turning Turtle: Shipwrecks and Disasters at Sea,card,splash_image,/files/TurningTurtle_0.jpg,ok,teachinghistory-website/static/files/TurningTurtle_0.jpg
teachinghistory-website/content/history-content/quiz/united-we-stand-industry-and-famous-strikes.md,24212,United We Stand: Industry and Famous Strikes,card,splash_image,/files/StrikeinNYC_0.jpg,ok,teachinghistory-website/static/files/StrikeinNYC_0.jpg
teachinghistory-website/content/history-content/quiz/vaccinations-rites-of-passage.md,24257,Vaccinations: Rites of Passage,card,splash_image,/files/Vaccination_0.jpg,ok,teachinghistory-website/static/files/Vaccination_0.jpg
teachinghistory-website/content/history-content/quiz/veterans-day-medals-and-merit.md,25112,Veterans Day: Medals and Merit,card,splash_image,/files/quiz-splash-vetday11.jpg,ok,teachinghistory-website/static/files/quiz-splash-vetday11.jpg
teachinghistory-website/content/history-content/quiz/victory-vegetables.md,24419,Victory Vegetables,card,splash_image,/files/splash-victgarden.jpg,ok,teachinghistory-website/static/files/splash-victgarden.jpg
teachinghistory-website/content/history-content/quiz/voices-in-the-whirlwind.md,24221,Voices in the Whirlwind,card,splash_image,/files/splash-whirlwind_0_0.jpg,ok,teachinghistory-website/static/files/splash-whirlwind_0_0.jpg
teachinghistory-website/content/history-content/quiz/voices-of-womens-reform.md,25466,Voices of Women's Reform,card,splash_image,/files/quiz-splash-whq_0.jpg,ok,teachinghistory-website/static/files/quiz-splash-whq_0.jpg
teachinghistory-website/content/history-content/quiz/war-of-invaders.md,24281,War of Invaders,card,splash_image,/files/splash-faiwnatives.jpg,ok,teachinghistory-website/static/files/splash-faiwnatives.jpg
teachinghistory-website/content/history-content/quiz/we-the-people-rarely-agree.md,24211,We the People . . . Rarely Agree,card,splash_image,/files/WethePeople_0.jpg,ok,teachinghistory-website/static/files/WethePeople_0.jpg
teachinghistory-website/content/history-content/quiz/westward-expansion-image-vs-reality.md,25570,Westward Expansion: Image vs. Reality,card,splash_image,/files/quiz-evw-splash_0.jpg,ok,teachinghistory-website/static/files/quiz-evw-splash_0.jpg
teachinghistory-website/content/history-content/quiz/when-whales-lit-the-world.md,24191,When Whales Lit the World,card,splash_image,/files/quiz-whaling-splash_0.jpg,ok,teachinghistory-website/static/files/quiz-whaling-splash_0.jpg
teachinghistory-website/content/history-content/quiz/which-witch.md,25246,Which Witch?,card,splash_image,/files/splash-quiz-witches.jpg,ok,teachinghistory-website/static/files/splash-quiz-witches.jpg
teachinghistory-website/content/history-content/quiz/who-won-the-war-of-1812.md,25519,Who Won the War (of 1812)?,card,splash_image,/files/quiz-splash-1812_0.jpg,ok,teachinghistory-website/static/files/quiz-splash-1812_0.jpg
teachinghistory-website/content/history-content/quiz/women-at-war.md,24417,Women at War,card,splash_image,/files/splash-womenaw.jpg,ok,teachinghistory-website/static/files/splash-womenaw.jpg
teachinghistory-website/content/history-content/quiz/women-in-blues-and-jazz.md,24418,Women in Blues (and Jazz),card,splash_image,/files/splash-wij.jpg,ok,teachinghistory-website/static/files/splash-wij.jpg
teachinghistory-website/content/history-content/quiz/women-in-the-lab-and-the-field.md,24547,Women in the Lab (and the Field),card,splash_image,/files/splash-womscientists-2.jpg,ok,teachinghistory-website/static/files/splash-womscientists-2.jpg
teachinghistory-website/content/history-content/quiz/womens-history-month-picturing-pocahontas.md,25468,Women's History Month: Picturing Pocahontas,card,splash_image,/files/quiz-pocahontas-splash_2.jpg,ok,teachinghistory-website/static/files/quiz-pocahontas-splash_2.jpg
teachinghistory-website/content/history-content/quiz/yo-ho-ho-and-a-bushel-of-oysters.md,24210,"Yo, Ho, Ho and a . . . Bushel of Oysters?",card,splash_image,/files/Oyster_0.jpg,ok,teachinghistory-website/static/files/Oyster_0.jpg
teachinghistory-website/content/history-content/website-reviews/100-years-of-parcels-packages-and-packets-oh-my.md,25812,"100 Years of Parcels, Packages, and Packets, Oh My!",card,splash_image,/files/parcelpostsplash.jpg,ok,teachinghistory-website/static/files/parcelpostsplash.jpg
teachinghistory-website/content/history-content/website-reviews/1492-an-ongoing-voyage.md,22782,1492: An Ongoing Voyage,card,splash_image,/files/1492AnOutgoing432x240.jpg,ok,teachinghistory-website/static/files/1492AnOutgoing432x240.jpg
teachinghistory-website/content/history-content/website-reviews/17th-century-colonial-new-england.md,23361,17th-Century Colonial New England,card,splash_image,/files/17th-Century_Colonial_New_England_432x240.jpg,ok,teachinghistory-website/static/files/17th-Century_Colonial_New_England_432x240.jpg
teachinghistory-website/content/history-content/website-reviews/1896-the-presidential-campaign.md,14683,1896: The Presidential Campaign,card,splash_image,/files/1896-_The_Presidential_Campaign_432x240.jpg,ok,teachinghistory-website/static/files/1896-_The_Presidential_Campaign_432x240.jpg
teachinghistory-website/content/history-content/website-reviews/1939-worlds-fair-photograph-collection.md,23221,1939 World's Fair Photograph Collection,card,splash_image,/files/worldfair.jpg,ok,teachinghistory-website/static/files/worldfair.jpg
teachinghistory-website/content/history-content/website-reviews/19th-century-advertising-harpers-weekly.md,23106,"19th Century Advertising, Harper's Weekly",card,splash_image,/files/harpers.jpg,ok,teachinghistory-website/static/files/harpers.jpg
teachinghistory-website/content/history-content/website-reviews/911-memorial.md,25042,9/11 Memorial,card,splash_image,/files/911memorial432x240.jpg,ok,teachinghistory-website/static/files/911memorial432x240.jpg
teachinghistory-website/content/history-content/website-reviews/a-brush-with-history-paintings-from-the-national-portrait-gallery.md,23118,A Brush With History: Paintings from the National Portrait Gallery,card,splash_image,/files/brushwithhistory.jpg,ok,teachinghistory-website/static/files/brushwithhistory.jpg
teachinghistory-website/content/history-content/website-reviews/a-century-of-progress-the-1933-34-chicago-worlds-fair.md,22739,A Century of Progress: The 1933-34 Chicago World's Fair,card,splash_image,/files/CenturyofProgress432x240.jpg,ok,teachinghistory-website/static/files/CenturyofProgress432x240.jpg
teachinghistory-website/content/history-content/website-reviews/a-civil-war-soldier-in-the-wild-cat-regiment.md,22999,A Civil War Soldier in the Wild Cat Regiment,card,splash_image,/files/WildcatRegiment432x240.jpg,ok,teachinghistory-website/static/files/WildcatRegiment432x240.jpg
teachinghistory-website/content/history-content/website-reviews/a-curriculum-of-united-states-labor-history-for-teachers.md,22871,A Curriculum of United States Labor History for Teachers,card,splash_image,/files/splash-wr-laborstrikes.jpg,ok,teachinghistory-website/static/files/splash-wr-laborstrikes.jpg
teachinghistory-website/content/history-content/website-reviews/a-cybrary-of-the-holocaust.md,22785,A Cybrary of the Holocaust,card,splash_image,/files/ACybrary432x240.jpg,ok,teachinghistory-website/static/files/ACybrary432x240.jpg
teachinghistory-website/content/history-content/website-reviews/a-maritime-perspective-on-american-expansion-1820-1890.md,23123,"A Maritime Perspective on American Expansion, 1820-1890",card,splash_image,/files/westward.jpg,ok,teachinghistory-website/static/files/westward.jpg
teachinghistory-website/content/history-content/website-reviews/a-more-perfect-union.md,23033,A More Perfect Union,card,splash_image,/files/splash-wr-moreperfectu.jpg,ok,teachinghistory-website/static/files/splash-wr-moreperfectu.jpg
teachinghistory-website/content/history-content/website-reviews/a-new-deal-for-the-arts.md,22790,A New Deal for the Arts,card,splash_image,/files/ANewDeal432x240.jpg,ok,teachinghistory-website/static/files/ANewDeal432x240.jpg
teachinghistory-website/content/history-content/website-reviews/a-people-at-war.md,22791,A People at War,card,splash_image,/files/APeopleatWar432x240.jpg,ok,teachinghistory-website/static/files/APeopleatWar432x240.jpg
teachinghistory-website/content/history-content/website-reviews/a-portion-of-the-people-three-hundred-years-of-southern-jewish-life.md,22716,A Portion of the People: Three Hundred Years of Southern Jewish Life,card,splash_image,/files/PortionofthePeople432x240.jpg,ok,teachinghistory-website/static/files/PortionofthePeople432x240.jpg
teachinghistory-website/content/history-content/website-reviews/a-sailors-life-for-me.md,25377,A Sailor's Life for Me!,card,splash_image,/files/asailorslife432x240.jpg,ok,teachinghistory-website/static/files/asailorslife432x240.jpg
teachinghistory-website/content/history-content/website-reviews/a-southern-mill-village-history-of-old-west-durham.md,23119,A Southern Mill Village: History of Old West Durham,card,splash_image,/files/southernmill.jpg,ok,teachinghistory-website/static/files/southernmill.jpg
teachinghistory-website/content/history-content/website-reviews/a-visual-journey-photographs-by-lisa-law-1965-1971.md,23135,"A Visual Journey: Photographs by Lisa Law, 1965-1971",card,splash_image,/files/visjourney.jpg,ok,teachinghistory-website/static/files/visjourney.jpg
teachinghistory-website/content/history-content/website-reviews/abmc-education.md,25840,ABMC Education,card,splash_image,/files/ActivityImage-FreddieStowers.png,ok,teachinghistory-website/static/files/ActivityImage-FreddieStowers.png
teachinghistory-website/content/history-content/website-reviews/abmc-war-dead-database.md,25817,ABMC War Dead Database,card,splash_image,/files/abmcsplash.jpg,ok,teachinghistory-website/static/files/abmcsplash.jpg
teachinghistory-website/content/history-content/website-reviews/abraham-lincoln-historical-digitization-project.md,14736,Abraham Lincoln Historical Digitization Project,card,splash_image,/files/Abraham_Lincoln_Historical_Digitization_Project_432x240.jpg,ok,teachinghistory-website/static/files/Abraham_Lincoln_Historical_Digitization_Project_432x240.jpg
teachinghistory-website/content/history-content/website-reviews/abraham-lincoln-papers.md,14742,Abraham Lincoln Papers,card,splash_image,/files/Abraham_Lincoln_Papers_432x240.jpg,ok,teachinghistory-website/static/files/Abraham_Lincoln_Papers_432x240.jpg
teachinghistory-website/content/history-content/website-reviews/abraham-lincoln-presidential-library-and-museum.md,23270,Abraham Lincoln Presidential Library and Museum,card,splash_image,/files/Abraham_Lincoln_Presidential_Library_and_Museum_432x240.jpg,ok,teachinghistory-website/static/files/Abraham_Lincoln_Presidential_Library_and_Museum_432x240.jpg
teachinghistory-website/content/history-content/website-reviews/access-to-archival-databases.md,23053,Access to Archival Databases,card,splash_image,/files/National_Archives.jpg,ok,teachinghistory-website/static/files/National_Archives.jpg
teachinghistory-website/content/history-content/website-reviews/accessible-archives.md,14612,Accessible Archives,card,splash_image,/files/Accessible_Archives_432x240.jpg,ok,teachinghistory-website/static/files/Accessible_Archives_432x240.jpg
teachinghistory-website/content/history-content/website-reviews/across-the-generations-exploring-us-history-through-family-papers.md,23058,Across the Generations: Exploring U.S. History through Family Papers,card,splash_image,/files/splash-wr-acrossthegen.jpg,ok,teachinghistory-website/static/files/splash-wr-acrossthegen.jpg
teachinghistory-website/content/history-content/website-reviews/adaccess.md,14675,Ad*Access,card,splash_image,/files/AdAccess_432x240.jpg,ok,teachinghistory-website/static/files/AdAccess_432x240.jpg
teachinghistory-website/content/history-content/website-reviews/adams-family-papers.md,22733,Adams Family Papers,card,splash_image,/files/adamsfamily432x240.jpg,ok,teachinghistory-website/static/files/adamsfamily432x240.jpg
teachinghistory-website/content/history-content/website-reviews/adflip.md,23155,AdFlip,card,splash_image,/files/adflip.jpg,ok,teachinghistory-website/static/files/adflip.jpg
teachinghistory-website/content/history-content/website-reviews/african-american-experience-in-ohio-from-the-ohio-historical-society.md,14822,African-American Experience in Ohio: From the Ohio Historical Society,card,splash_image,/files/African-American_Experience_in_Ohio-_Selections_from_the_Ohio_Historical_Society_432x240.jpg,ok,teachinghistory-website/static/files/African-American_Experience_in_Ohio-_Selections_from_the_Ohio_Historical_Society_432x240.jpg
teachinghistory-website/content/history-content/website-reviews/african-american-perspectives-pamphlets-from-1818-1907.md,14834,African-American Perspectives: Pamphlets from 1818-1907,card,splash_image,/files/African-American_Perspectives-_Pamphlets_from_the_Daniel_A._P._Murray_Collection_1818-1907_432x240.jpg,ok,teachinghistory-website/static/files/African-American_Perspectives-_Pamphlets_from_the_Daniel_A._P._Murray_Collection_1818-1907_432x240.jpg
teachinghistory-website/content/history-content/website-reviews/african-american-sheet-music-1850-1920.md,23390,"African American Sheet Music, 1850-1920",card,splash_image,/files/African_American_Sheet_Music_1850-1920_432x240.jpg,ok,teachinghistory-website/static/files/African_American_Sheet_Music_1850-1920_432x240.jpg
teachinghistory-website/content/history-content/website-reviews/african-american-women-writers-of-the-19th-century.md,14832,African American Women Writers of the 19th Century,card,splash_image,/files/African-American_Women_Writers_of_the_Nineteenth_Century_432x240.jpg,ok,teachinghistory-website/static/files/African-American_Women_Writers_of_the_Nineteenth_Century_432x240.jpg
teachinghistory-website/content/history-content/website-reviews/african-american-women.md,22798,African American Women,card,splash_image,/files/AfricanAmericanWomen432x240.jpg,ok,teachinghistory-website/static/files/AfricanAmericanWomen432x240.jpg
teachinghistory-website/content/history-content/website-reviews/african-americans-biography-autobiography-and-history.md,23247,"African-Americans--Biography, Autobiography, and History",card,splash_image,/files/The_Avalon_Project-_African-Americans--Biography_Autobiography_and_History_432x240.jpg,ok,teachinghistory-website/static/files/The_Avalon_Project-_African-Americans--Biography_Autobiography_and_History_432x240.jpg
teachinghistory-website/content/history-content/website-reviews/african-americans-in-massachusetts.md,23246,African Americans in Massachusetts,card,splash_image,/files/African_Americans_in_Massachusetts-_Case_Studies_of_Desegregation_in_19th_Century_Nantucket_and_Boston_432x240.jpg,ok,teachinghistory-website/static/files/African_Americans_in_Massachusetts-_Case_Studies_of_Desegregation_in_19th_Century_Nantucket_and_Boston_432x240.jpg
teachinghistory-website/content/history-content/website-reviews/african-americans-in-the-harmon-foundation-collection.md,23329,African Americans in the Harmon Foundation Collection,card,splash_image,/files/Breaking_Racial_Barriers-_African_Americans_in_the_Harmon_Foundation_Collection_432x240.jpg,ok,teachinghistory-website/static/files/Breaking_Racial_Barriers-_African_Americans_in_the_Harmon_Foundation_Collection_432x240.jpg
teachinghistory-website/content/history-content/website-reviews/african-americans-in-the-spanish-civil-war.md,22987,African Americans in the Spanish Civil War,card,splash_image,/files/splash-wr-amaspanish.jpg,ok,teachinghistory-website/static/files/splash-wr-amaspanish.jpg
teachinghistory-website/content/history-content/website-reviews/africans-in-america.md,14637,Africans in America,card,splash_image,/files/Africans_in_America_432x240.jpg,ok,teachinghistory-website/static/files/Africans_in_America_432x240.jpg
teachinghistory-website/content/history-content/website-reviews/afro-louisiana-history-and-genealogy-1718-1820.md,23218,"Afro-Louisiana History and Genealogy, 1718-1820",card,splash_image,/files/louisiana.jpg,ok,teachinghistory-website/static/files/louisiana.jpg
teachinghistory-website/content/history-content/website-reviews/after-slavery.md,25770,After Slavery,card,splash_image,/files/screen-shot-2012-12-07-at-2.34.00-pm.jpg,ok,teachinghistory-website/static/files/screen-shot-2012-12-07-at-2.34.00-pm.jpg
teachinghistory-website/content/history-content/website-reviews/after-the-day-of-infamy.md,14692,After the Day of Infamy,card,splash_image,/files/After_the_Day_of_Infamy-_Man_on_the_Street_Interviews_Following_the_Attack_on_Pearl_Harbor_432x240.jpg,ok,teachinghistory-website/static/files/After_the_Day_of_Infamy-_Man_on_the_Street_Interviews_Following_the_Attack_on_Pearl_Harbor_432x240.jpg
teachinghistory-website/content/history-content/website-reviews/agents-of-social-change-20th-century-womens-activism.md,23153,Agents of Social Change: 20th-Century Women's Activism,card,splash_image,/files/socialchange.jpg,ok,teachinghistory-website/static/files/socialchange.jpg
teachinghistory-website/content/history-content/website-reviews/aids-at-20.md,14778,AIDS at 20,card,splash_image,/files/AIDS_at_20_432x240.jpg,ok,teachinghistory-website/static/files/AIDS_at_20_432x240.jpg
teachinghistory-website/content/history-content/website-reviews/alabama-maps.md,22577,Alabama Maps,card,splash_image,/files/Alabama_Maps_432x240.jpg,ok,teachinghistory-website/static/files/Alabama_Maps_432x240.jpg
teachinghistory-website/content/history-content/website-reviews/alaskas-digital-archive.md,22743,Alaska's Digital Archive,card,splash_image,/files/AlaskasDigital432x240.jpg,ok,teachinghistory-website/static/files/AlaskasDigital432x240.jpg
teachinghistory-website/content/history-content/website-reviews/albert-and-vera-weisbord-archives.md,23357,Albert and Vera Weisbord Archives,card,splash_image,/files/AlbertandVera432x240.jpg,ok,teachinghistory-website/static/files/AlbertandVera432x240.jpg
teachinghistory-website/content/history-content/website-reviews/alcohol-temperance-and-prohibition.md,14814,"Alcohol, Temperance, and Prohibition",card,splash_image,/files/Alcohol_Temperance_and_Prohibition_432x240.jpg,ok,teachinghistory-website/static/files/Alcohol_Temperance_and_Prohibition_432x240.jpg
teachinghistory-website/content/history-content/website-reviews/alexander-graham-bell-family-papers.md,14833,Alexander Graham Bell Family Papers,card,splash_image,/files/Alexander_Graham_Bell.jpg,ok,teachinghistory-website/static/files/Alexander_Graham_Bell.jpg
teachinghistory-website/content/history-content/website-reviews/alexander-hamilton-the-man-who-made-modern-america.md,23014,Alexander Hamilton: The Man Who Made Modern America,card,splash_image,/files/AlexanderHamiltonSplsh.jpg,ok,teachinghistory-website/static/files/AlexanderHamiltonSplsh.jpg
teachinghistory-website/content/history-content/website-reviews/alexander-street-press.md,14641,Alexander Street Press,card,splash_image,/files/Alexander_Street_Press_432x240.jpg,ok,teachinghistory-website/static/files/Alexander_Street_Press_432x240.jpg
teachinghistory-website/content/history-content/website-reviews/all-hands-on-deck.md,25369,All Hands on Deck,card,splash_image,/files/allhandson432x240.jpg,ok,teachinghistory-website/static/files/allhandson432x240.jpg
teachinghistory-website/content/history-content/website-reviews/amateur-athletic-foundation-digital-archive.md,14681,Amateur Athletic Foundation Digital Archive,card,splash_image,/files/Amateur_Athletic_Foundation_Digital_Archive_432x240.jpg,ok,teachinghistory-website/static/files/Amateur_Athletic_Foundation_Digital_Archive_432x240.jpg
teachinghistory-website/content/history-content/website-reviews/amdocs-documents-for-the-study-of-american-history.md,23203,AMDOCS:  Documents for the Study of American History,card,splash_image,/files/amdocs.jpg,ok,teachinghistory-website/static/files/amdocs.jpg
teachinghistory-website/content/history-content/website-reviews/america-at-work-america-at-leisure-motion-pictures-from-1894-1915.md,14758,"America at Work, America at Leisure: Motion Pictures from 1894-1915",card,splash_image,/files/America_at_Work_America_at_Leisure-_Motion_Pictures_from_1894-1915_432x240.jpg,ok,teachinghistory-website/static/files/America_at_Work_America_at_Leisure-_Motion_Pictures_from_1894-1915_432x240.jpg
teachinghistory-website/content/history-content/website-reviews/america-history-and-life.md,22649,America: History and Life,card,splash_image,/files/AmericaHistory432x240.jpg,ok,teachinghistory-website/static/files/AmericaHistory432x240.jpg
teachinghistory-website/content/history-content/website-reviews/america-singing-19th-century-song-sheets.md,23094,America Singing: 19th-century Song Sheets,card,splash_image,/files/splash-wr-songsheets.jpg,ok,teachinghistory-website/static/files/splash-wr-songsheets.jpg
teachinghistory-website/content/history-content/website-reviews/america-votes-presidential-campaign-memorabilia.md,22799,America Votes: Presidential Campaign Memorabilia,card,splash_image,/files/AmericaVotes432x240.jpg,ok,teachinghistory-website/static/files/AmericaVotes432x240.jpg
teachinghistory-website/content/history-content/website-reviews/american-archive-of-public-broadcasting.md,25816,American Archive of Public Broadcasting,card,splash_image,/files/americanarchive.jpg,ok,teachinghistory-website/static/files/americanarchive.jpg
teachinghistory-website/content/history-content/website-reviews/american-broadsides-and-ephemera-series-i-1760-1900.md,22612,"American Broadsides and Ephemera, Series I, 1760-1900",card,splash_image,/files/AmericanBroadsides432x240.jpg,ok,teachinghistory-website/static/files/AmericanBroadsides432x240.jpg
teachinghistory-website/content/history-content/website-reviews/american-civil-war-manuscript-guides.md,23147,American Civil War Manuscript Guides,card,splash_image,/files/civil.jpg,ok,teachinghistory-website/static/files/civil.jpg
teachinghistory-website/content/history-content/website-reviews/american-colonization-society-collection-maps-of-liberia-1830-1870.md,23162,"American Colonization Society Collection: Maps of Liberia, 1830-1870",card,splash_image,/files/amer.jpg,ok,teachinghistory-website/static/files/amer.jpg
teachinghistory-website/content/history-content/website-reviews/american-environmental-photographs-1891-1936.md,14845,"American Environmental Photographs, 1891-1936",card,splash_image,/files/American_Environmental_Photographs_1891-1936_432x240.jpg,ok,teachinghistory-website/static/files/American_Environmental_Photographs_1891-1936_432x240.jpg
teachinghistory-website/content/history-content/website-reviews/american-family-immigration-history-center.md,14669,American Family Immigration History Center,card,splash_image,/files/American_Family_Immigration_History_Center_432x240.jpg,ok,teachinghistory-website/static/files/American_Family_Immigration_History_Center_432x240.jpg
teachinghistory-website/content/history-content/website-reviews/american-historical-association.md,22592,American Historical Association,card,splash_image,/files/AHA_432x240.jpg,ok,teachinghistory-website/static/files/AHA_432x240.jpg
teachinghistory-website/content/history-content/website-reviews/american-indians-of-the-pacific-northwest.md,14616,American Indians of the Pacific Northwest,card,splash_image,/files/American_Indians_of_the_Northwest_432x240.jpg,ok,teachinghistory-website/static/files/American_Indians_of_the_Northwest_432x240.jpg
teachinghistory-website/content/history-content/website-reviews/american-journeys.md,14721,American Journeys,card,splash_image,/files/American_Journeys_432x240.jpg,ok,teachinghistory-website/static/files/American_Journeys_432x240.jpg
teachinghistory-website/content/history-content/website-reviews/american-landscape-and-architectural-design-1850-1920.md,23312,"American Landscape and Architectural Design, 1850-1920",card,splash_image,/files/American_Landscape_and_Architectural_Design_1850-1920-_A_Study_Collection_from_the_Harvard_Graduate_School_of_Design_432x240.jpg,ok,teachinghistory-website/static/files/American_Landscape_and_Architectural_Design_1850-1920-_A_Study_Collection_from_the_Harvard_Graduate_School_of_Design_432x240.jpg
teachinghistory-website/content/history-content/website-reviews/american-leaders-speak-recordings-from-world-war-i-and-the-1920-election.md,14668,American Leaders Speak: Recordings from World War I and the 1920 Election,card,splash_image,/files/American_Leaders_Speak-_Recordings_from_World_War_I_and_the_1920_Election_432x240.jpg,ok,teachinghistory-website/static/files/American_Leaders_Speak-_Recordings_from_World_War_I_and_the_1920_Election_432x240.jpg
teachinghistory-website/content/history-content/website-reviews/american-memory-historical-collections-for-the-national-digital-library.md,14632,American Memory: Historical Collections for the National Digital Library,card,splash_image,/files/American_Memory-_Historical_Collections_for_the_National_Digital_Library_432x240.jpg,ok,teachinghistory-website/static/files/American_Memory-_Historical_Collections_for_the_National_Digital_Library_432x240.jpg
teachinghistory-website/content/history-content/website-reviews/american-memory-learning-page.md,22996,American Memory Learning Page,card,splash_image,/files/splash-wr-amermemory.jpg,ok,teachinghistory-website/static/files/splash-wr-amermemory.jpg
teachinghistory-website/content/history-content/website-reviews/american-museum-of-photography.md,22832,American Museum of Photography,card,splash_image,/files/splash-wr-photography.jpg,ok,teachinghistory-website/static/files/splash-wr-photography.jpg
teachinghistory-website/content/history-content/website-reviews/american-notes-travels-in-america-1750-1920.md,23304,"American Notes: Travels in America, 1750-1920",card,splash_image,/files/American_Notes-_Travels_in_America_1750-1920_432x240.jpg,ok,teachinghistory-website/static/files/American_Notes-_Travels_in_America_1750-1920_432x240.jpg
teachinghistory-website/content/history-content/website-reviews/american-originals-part-ii.md,23170,American Originals Part II,card,splash_image,/files/amorig.jpg,ok,teachinghistory-website/static/files/amorig.jpg
teachinghistory-website/content/history-content/website-reviews/american-originals.md,22789,American Originals,card,splash_image,/files/AmericanOriginals432x240.jpg,ok,teachinghistory-website/static/files/AmericanOriginals432x240.jpg
teachinghistory-website/content/history-content/website-reviews/american-photography-a-century-of-images.md,22977,American Photography: A Century of Images,card,splash_image,/files/splash-wr-americanphoto.jpg,ok,teachinghistory-website/static/files/splash-wr-americanphoto.jpg
teachinghistory-website/content/history-content/website-reviews/american-president-an-online-reference-resource.md,14722,American President: An Online Reference Resource,card,splash_image,/files/American_President-_An_Online_Reference_Resource_432x240.jpg,ok,teachinghistory-website/static/files/American_President-_An_Online_Reference_Resource_432x240.jpg
teachinghistory-website/content/history-content/website-reviews/american-radicalism-collection.md,14812,American Radicalism Collection,card,splash_image,/files/American_Radicalism_Collection_432x240.jpg,ok,teachinghistory-website/static/files/American_Radicalism_Collection_432x240.jpg
teachinghistory-website/content/history-content/website-reviews/american-revolution-2019.md,25826,AMERICAN REVOLUTION 2019,card,splash_image,/files/Splash-Image-VA-Commemoration.png,ok,teachinghistory-website/static/files/Splash-Image-VA-Commemoration.png
teachinghistory-website/content/history-content/website-reviews/american-roots-music.md,23031,American Roots Music,card,splash_image,/files/splash-wr-rootsmusic.jpg,ok,teachinghistory-website/static/files/splash-wr-rootsmusic.jpg
teachinghistory-website/content/history-content/website-reviews/american-shores-maps-of-the-middle-atlantic-region-to-1850.md,14688,American Shores: Maps of the Middle Atlantic Region to 1850,card,splash_image,/files/American_Shores-_Maps_of_the_Middle_Atlantic_Region_to_1850_432x240.jpg,ok,teachinghistory-website/static/files/American_Shores-_Maps_of_the_Middle_Atlantic_Region_to_1850_432x240.jpg
teachinghistory-website/content/history-content/website-reviews/american-slave-narratives.md,22750,American Slave Narratives,card,splash_image,/files/AmericanSlave432x240.jpg,ok,teachinghistory-website/static/files/AmericanSlave432x240.jpg
teachinghistory-website/content/history-content/website-reviews/american-social-history-projectcenter-for-media-and-learning.md,22590,American Social History Project/Center for Media and Learning,card,splash_image,/files/ASHP_432x240.jpg,ok,teachinghistory-website/static/files/ASHP_432x240.jpg
teachinghistory-website/content/history-content/website-reviews/american-state-papers-1789-1838.md,22613,"American State Papers, 1789-1838",card,splash_image,/files/AmericanState432x240.jpg,ok,teachinghistory-website/static/files/AmericanState432x240.jpg
teachinghistory-website/content/history-content/website-reviews/american-time-capsule-three-centuries-of-broadsides-and-printed-ephemera.md,14787,American Time Capsule: Three Centuries of Broadsides and Printed Ephemera,card,splash_image,/files/American_Time_Capsule-_Three_Centuries_of_Broadsides_and_Printed_Ephemera_432x240.jpg,ok,teachinghistory-website/static/files/American_Time_Capsule-_Three_Centuries_of_Broadsides_and_Printed_Ephemera_432x240.jpg
teachinghistory-website/content/history-content/website-reviews/american-transcendentalism-web.md,14738,American Transcendentalism Web,card,splash_image,/files/American_Transcendentalism_Web_432x240.jpg,ok,teachinghistory-website/static/files/American_Transcendentalism_Web_432x240.jpg
teachinghistory-website/content/history-content/website-reviews/american-treasures-of-the-library-of-congress.md,22851,American Treasures of the Library of Congress,card,splash_image,/files/splash-wr-locamertreasures.jpg,ok,teachinghistory-website/static/files/splash-wr-locamertreasures.jpg
teachinghistory-website/content/history-content/website-reviews/american-turning-point-the-civil-war-in-virginia.md,25231,American Turning Point: The Civil War in Virginia,card,splash_image,/files/americanturningpoint432x240.jpg,ok,teachinghistory-website/static/files/americanturningpoint432x240.jpg
teachinghistory-website/content/history-content/website-reviews/american-variety-stage-vaudeville-and-popular-entertainment-1870-1920.md,14751,"American Variety Stage: Vaudeville and Popular Entertainment, 1870-1920",card,splash_image,/files/American_Variety_Stage-_Vaudeville_and_Popular_Entertainment_1870-1920_432x240.jpg,ok,teachinghistory-website/static/files/American_Variety_Stage-_Vaudeville_and_Popular_Entertainment_1870-1920_432x240.jpg
teachinghistory-website/content/history-content/website-reviews/american-women.md,23290,American Women,card,splash_image,/files/American_Women_432x240.jpg,ok,teachinghistory-website/static/files/American_Women_432x240.jpg
teachinghistory-website/content/history-content/website-reviews/american-womens-dime-novel-project.md,23254,American Women's Dime Novel Project,card,splash_image,/files/womensdimenovels432x240.jpg,ok,teachinghistory-website/static/files/womensdimenovels432x240.jpg
teachinghistory-website/content/history-content/website-reviews/american-womens-history-a-research-guide.md,22830,American Women's History: A Research Guide,card,splash_image,/files/splash-wr-immigration.jpg,ok,teachinghistory-website/static/files/splash-wr-immigration.jpg
teachinghistory-website/content/history-content/website-reviews/an-american-ballroom-companion-dance-instruction-manuals-ca-1490-1920.md,22794,"An American Ballroom Companion: Dance Instruction Manuals, ca. 1490-1920",card,splash_image,/files/AmericanBallroom432x240.jpg,ok,teachinghistory-website/static/files/AmericanBallroom432x240.jpg
teachinghistory-website/content/history-content/website-reviews/an-american-family-the-beecher-tradition.md,23142,An American Family: The Beecher Tradition,card,splash_image,/files/beecherfamily.jpg,ok,teachinghistory-website/static/files/beecherfamily.jpg
teachinghistory-website/content/history-content/website-reviews/ancient-architects-of-the-mississippi.md,22699,Ancient Architects of the Mississippi,card,splash_image,/files/splash-wr-aaotm.jpg,ok,teachinghistory-website/static/files/splash-wr-aaotm.jpg
teachinghistory-website/content/history-content/website-reviews/anne-sullivan-macy-miracle-worker.md,22715,Anne Sullivan Macy: Miracle Worker,card,splash_image,/files/AnneSullivanMacy432x240.jpg,ok,teachinghistory-website/static/files/AnneSullivanMacy432x240.jpg
teachinghistory-website/content/history-content/website-reviews/annie-oakley.md,23814,Annie Oakley,card,splash_image,/files/AnnieOakley_432x240.jpg,ok,teachinghistory-website/static/files/AnnieOakley_432x240.jpg
teachinghistory-website/content/history-content/website-reviews/ansel-adamss-photographs-of-japanese-american-internment-at-manzanar.md,14626,Ansel Adams's Photographs of Japanese-American Internment at Manzanar,card,splash_image,/files/Ansel_Adamss_Photographs_of_Japanese-American_Internment_at_Manzanar_432x240.jpg,ok,teachinghistory-website/static/files/Ansel_Adamss_Photographs_of_Japanese-American_Internment_at_Manzanar_432x240.jpg
teachinghistory-website/content/history-content/website-reviews/anti-saloon-league-1893-1933.md,14757,"Anti-Saloon League, 1893-1933",card,splash_image,/files/Anti-Saloon_League_1893-1933_432x240.jpg,ok,teachinghistory-website/static/files/Anti-Saloon_League_1893-1933_432x240.jpg
teachinghistory-website/content/history-content/website-reviews/architecture-and-interior-design-for-america-1935-1955.md,22809,Architecture and Interior Design for America: 1935-1955,card,splash_image,/files/ArchitectureandInterior432x240.jpg,ok,teachinghistory-website/static/files/ArchitectureandInterior432x240.jpg
teachinghistory-website/content/history-content/website-reviews/archival-research-catalog-arc.md,14603,Archival Research Catalog (ARC),card,splash_image,/files/Archival_Research_Catalog_432x240.gif,ok,teachinghistory-website/static/files/Archival_Research_Catalog_432x240.gif
teachinghistory-website/content/history-content/website-reviews/archive-of-early-american-images.md,14605,Archive of Early American Images,card,splash_image,/files/Archive_of_Early_American_Images_432x240.jpg,ok,teachinghistory-website/static/files/Archive_of_Early_American_Images_432x240.jpg
teachinghistory-website/content/history-content/website-reviews/archives-of-african-american-music-and-culture.md,22597,Archives of African American Music and Culture,card,splash_image,/files/AAAMC_432x240.jpg,ok,teachinghistory-website/static/files/AAAMC_432x240.jpg
teachinghistory-website/content/history-content/website-reviews/archives-of-american-art-oral-history-collections.md,23151,"Archives of American Art, Oral History Collections",card,splash_image,/files/archivesart.jpg,ok,teachinghistory-website/static/files/archivesart.jpg
teachinghistory-website/content/history-content/website-reviews/archiving-early-america.md,22766,Archiving Early America,card,splash_image,/files/ArchivingEarlyAmerica432x240.jpg,ok,teachinghistory-website/static/files/ArchivingEarlyAmerica432x240.jpg
teachinghistory-website/content/history-content/website-reviews/arizona-state-museum.md,23258,Arizona State Museum,card,splash_image,/files/Arizona_State_Museum_432x240.jpg,ok,teachinghistory-website/static/files/Arizona_State_Museum_432x240.jpg
teachinghistory-website/content/history-content/website-reviews/around-the-world-in-the-1890s-photographs-1894-1896.md,14619,"Around the World in the 1890s: Photographs, 1894-1896",card,splash_image,/files/Around_the_World_in_the_1890s_432x240.jpg,ok,teachinghistory-website/static/files/Around_the_World_in_the_1890s_432x240.jpg
teachinghistory-website/content/history-content/website-reviews/at-home-in-the-heartland.md,22842,At Home in the Heartland,card,splash_image,/files/splash-wr-illinois.jpg,ok,teachinghistory-website/static/files/splash-wr-illinois.jpg
teachinghistory-website/content/history-content/website-reviews/atlanta-in-the-civil-rights-movement.md,22601,Atlanta in the Civil Rights Movement,card,splash_image,/files/AtlantaCivilRights_432x240.jpg,ok,teachinghistory-website/static/files/AtlantaCivilRights_432x240.jpg
teachinghistory-website/content/history-content/website-reviews/atlantic-slave-trade-and-slave-life-in-the-americas-a-visual-record.md,14607,Atlantic Slave Trade and Slave Life in the Americas:  A Visual Record,card,splash_image,/files/Atlantic_Slave_Trade_and_Slave_Life_in_the_Americas_432x240.jpg,ok,teachinghistory-website/static/files/Atlantic_Slave_Trade_and_Slave_Life_in_the_Americas_432x240.jpg
teachinghistory-website/content/history-content/website-reviews/augustana-college-library-digital-projects.md,22857,"Augustana College Library, Digital Projects",card,splash_image,/files/augustana-splash.jpg,ok,teachinghistory-website/static/files/augustana-splash.jpg
teachinghistory-website/content/history-content/website-reviews/austin-treasures-online-exhibits-from-the-austin-history-center.md,23175,Austin Treasures:  Online Exhibits from the Austin History Center,card,splash_image,/files/austin.jpg,ok,teachinghistory-website/static/files/austin.jpg
teachinghistory-website/content/history-content/website-reviews/automobile-in-american-life-and-society.md,22661,Automobile in American Life and Society,card,splash_image,/files/AutomobileinAmerican432x240.jpg,ok,teachinghistory-website/static/files/AutomobileinAmerican432x240.jpg
teachinghistory-website/content/history-content/website-reviews/ballyhoo-posters-as-portraiture.md,25027,Ballyhoo!: Posters as Portraiture,card,splash_image,/files/ballyhoopostersas432x240.jpg,ok,teachinghistory-website/static/files/ballyhoopostersas432x240.jpg
teachinghistory-website/content/history-content/website-reviews/band-music-from-the-civil-war-era.md,23394,Band Music from the Civil War Era,card,splash_image,/files/Band_Music_from_the_Civil_War_Era_432x240.jpg,ok,teachinghistory-website/static/files/Band_Music_from_the_Civil_War_Era_432x240.jpg
teachinghistory-website/content/history-content/website-reviews/bartleby-great-books-online.md,23383,"Bartleby, Great Books Online",card,splash_image,/files/Bartleby_Great_Books_Online_432x240.jpg,ok,teachinghistory-website/static/files/Bartleby_Great_Books_Online_432x240.jpg
teachinghistory-website/content/history-content/website-reviews/baseball-cards-1887-1914.md,23392,"Baseball Cards, 1887-1914",card,splash_image,/files/Baseball_Cards_1887-1914_432x240.jpg,ok,teachinghistory-website/static/files/Baseball_Cards_1887-1914_432x240.jpg
teachinghistory-website/content/history-content/website-reviews/battle-lines-letters-from-americas-wars.md,14724,Battle Lines: Letters from America's Wars,card,splash_image,/files/Battle_Lines-_Letters_from_Americas_Wars_432x240.jpg,ok,teachinghistory-website/static/files/Battle_Lines-_Letters_from_Americas_Wars_432x240.jpg
teachinghistory-website/content/history-content/website-reviews/bay-of-pigs-reports.md,23141,Bay of Pigs Reports,card,splash_image,/files/bayofpigs.jpg,ok,teachinghistory-website/static/files/bayofpigs.jpg
teachinghistory-website/content/history-content/website-reviews/before-and-after-the-earthquake-and-fire-early-films-of-san-francisco.md,23091,Before and After the Earthquake and Fire: Early Films of San Francisco,card,splash_image,/files/Before-and-After-4322x240.jpg,ok,teachinghistory-website/static/files/Before-and-After-4322x240.jpg
teachinghistory-website/content/history-content/website-reviews/belgian-american-research-collection.md,23045,Belgian-American Research Collection,card,splash_image,/files/splash-wr-belgianamerican.jpg,ok,teachinghistory-website/static/files/splash-wr-belgianamerican.jpg
teachinghistory-website/content/history-content/website-reviews/benjamin-franklin-in-his-own-words.md,22724,Benjamin Franklin: In His Own Words,card,splash_image,/files/BenjaminFranklin432x240.jpg,ok,teachinghistory-website/static/files/BenjaminFranklin432x240.jpg
teachinghistory-website/content/history-content/website-reviews/best-of-history-websites.md,23245,Best of History Websites,card,splash_image,/files/Best_of_History_Websites_432x240.jpg,ok,teachinghistory-website/static/files/Best_of_History_Websites_432x240.jpg
teachinghistory-website/content/history-content/website-reviews/bethlehem-digital-history-project.md,22966,Bethlehem Digital History Project,card,splash_image,/files/splash-wr-moravian.jpg,ok,teachinghistory-website/static/files/splash-wr-moravian.jpg
teachinghistory-website/content/history-content/website-reviews/betty-h-carter-women-veterans-historical-project.md,25020,Betty H. Carter Women Veterans Historical Project,card,splash_image,/files/bettyhcarter432x240.jpg,ok,teachinghistory-website/static/files/bettyhcarter432x240.jpg
teachinghistory-website/content/history-content/website-reviews/beyond-face-value-depictions-of-slavery-in-confederate-currency.md,23408,Beyond Face Value: Depictions of Slavery in Confederate Currency,card,splash_image,/files/BeyondFaceValue_432x240.jpg,ok,teachinghistory-website/static/files/BeyondFaceValue_432x240.jpg
teachinghistory-website/content/history-content/website-reviews/beyond-words.md,25823,Beyond Words,card,splash_image,/files/Splash-Image-Beyond-Words.png,ok,teachinghistory-website/static/files/Splash-Image-Beyond-Words.png
teachinghistory-website/content/history-content/website-reviews/biddle-edition-archive.md,22658,Biddle Edition Archive,card,splash_image,/files/BiddleArchive432x240.jpg,ok,teachinghistory-website/static/files/BiddleArchive432x240.jpg
teachinghistory-website/content/history-content/website-reviews/bill-of-rights-institute.md,25262,Bill of Rights Institute,card,splash_image,/files/billofrights432x240_0.jpg,ok,teachinghistory-website/static/files/billofrights432x240_0.jpg
teachinghistory-website/content/history-content/website-reviews/bisbee-deportation-of-1917.md,23401,Bisbee Deportation of 1917,card,splash_image,/files/Bisbee_432x240.jpg,ok,teachinghistory-website/static/files/Bisbee_432x240.jpg
teachinghistory-website/content/history-content/website-reviews/black-mask-magazine.md,23828,Black Mask Magazine,card,splash_image,/files/BlackMask_432x240.jpg,ok,teachinghistory-website/static/files/BlackMask_432x240.jpg
teachinghistory-website/content/history-content/website-reviews/black-past.md,22730,Black Past,card,splash_image,/files/BlackPast432x240.jpg,ok,teachinghistory-website/static/files/BlackPast432x240.jpg
teachinghistory-website/content/history-content/website-reviews/black-wings-african-american-pioneer-aviators.md,23230,Black Wings: African American Pioneer Aviators,card,splash_image,/files/blackwings.jpg,ok,teachinghistory-website/static/files/blackwings.jpg
teachinghistory-website/content/history-content/website-reviews/bland-county-history-archives.md,25024,Bland County History Archives,card,splash_image,/files/blandcountyhistory432x240.jpg,ok,teachinghistory-website/static/files/blandcountyhistory432x240.jpg
teachinghistory-website/content/history-content/website-reviews/bob-hope-and-american-variety.md,23260,Bob Hope and American Variety,card,splash_image,/files/Bob_Hope_and_American_Variety_432x240.jpg,ok,teachinghistory-website/static/files/Bob_Hope_and_American_Variety_432x240.jpg
teachinghistory-website/content/history-content/website-reviews/born-in-slavery-slave-narratives-from-the-federal-writers-project-1936-1938.md,14803,"Born in Slavery: Slave Narratives from the Federal Writers' Project, 1936-1938",card,splash_image,/files/Born_in_Slavery-_Slave_Narratives_from_the_Federal_Writers_Project_1936-1938_432x240.jpg,ok,teachinghistory-website/static/files/Born_in_Slavery-_Slave_Narratives_from_the_Federal_Writers_Project_1936-1938_432x240.jpg
teachinghistory-website/content/history-content/website-reviews/boston-streets-mapping-directory-data.md,23021,Boston Streets: Mapping Directory Data,card,splash_image,/files/splash-wr-bostonstreets.jpg,ok,teachinghistory-website/static/files/splash-wr-bostonstreets.jpg
teachinghistory-website/content/history-content/website-reviews/bound-for-glory-america-in-color-1939-1943.md,22710,"Bound for Glory: America in Color, 1939-1943",card,splash_image,/files/BoundforGlory.jpg,ok,teachinghistory-website/static/files/BoundforGlory.jpg
teachinghistory-website/content/history-content/website-reviews/brief-timeline-of-american-literature-music-and-movies.md,23196,"Brief Timeline of American Literature, Music, and Movies",card,splash_image,/files/brieftimeline.jpg,ok,teachinghistory-website/static/files/brieftimeline.jpg
teachinghistory-website/content/history-content/website-reviews/brittingham-family-lantern-slide-collection.md,22723,Brittingham Family Lantern Slide Collection,card,splash_image,/files/BrittinghamFamily432x240.jpg,ok,teachinghistory-website/static/files/BrittinghamFamily432x240.jpg
teachinghistory-website/content/history-content/website-reviews/brooklyn-daily-eagle-online-1841-1902.md,23063,Brooklyn Daily Eagle Online (1841-1902),card,splash_image,/files/splash-wr-brooklyndaily.jpg,ok,teachinghistory-website/static/files/splash-wr-brooklyndaily.jpg
teachinghistory-website/content/history-content/website-reviews/brooklyn-in-the-civil-war.md,22740,Brooklyn in the Civil War,card,splash_image,/files/Brooklyninthe432x240.jpg,ok,teachinghistory-website/static/files/Brooklyninthe432x240.jpg
teachinghistory-website/content/history-content/website-reviews/brooklyns-eighteenth-century-lott-house.md,23177,Brooklyn's Eighteenth-Century Lott House,card,splash_image,/files/lott.jpg,ok,teachinghistory-website/static/files/lott.jpg
teachinghistory-website/content/history-content/website-reviews/brown-v-board-of-education-50th-anniversary-digital-archive.md,23007,Brown v. Board of Education 50th Anniversary Digital Archive,card,splash_image,/files/Brown_v._Board_of_Education.jpg,ok,teachinghistory-website/static/files/Brown_v._Board_of_Education.jpg
teachinghistory-website/content/history-content/website-reviews/brown-v-board-of-education.md,14628,Brown v. Board of Education,card,splash_image,/files/Brown_v._Board_of_Education_432x240.jpg,ok,teachinghistory-website/static/files/Brown_v._Board_of_Education_432x240.jpg
teachinghistory-website/content/history-content/website-reviews/bubbles-panics-and-crashes-a-century-of-financial-crises-1830s-1930s.md,23842,"Bubbles, Panics, and Crashes: A Century of Financial Crises, 1830s-1930s",card,splash_image,/files/BubblesPanics_432x240.jpg,ok,teachinghistory-website/static/files/BubblesPanics_432x240.jpg
teachinghistory-website/content/history-content/website-reviews/buckaroos-in-paradise-ranching-culture-in-northern-nevada-1945-1982.md,22795,"Buckaroos in Paradise: Ranching Culture in Northern Nevada, 1945-1982",card,splash_image,/files/BuckaroosinParadise432x240.jpg,ok,teachinghistory-website/static/files/BuckaroosinParadise432x240.jpg
teachinghistory-website/content/history-content/website-reviews/building-an-archives.md,22866,Building an Archives,card,splash_image,/files/The_Digital_Classroom.jpg,ok,teachinghistory-website/static/files/The_Digital_Classroom.jpg
teachinghistory-website/content/history-content/website-reviews/built-in-america-historic-american-buildings-survey-and-engineering.md,14782,Built in America: Historic American Buildings Survey and Engineering,card,splash_image,/files/Built_in_America-_Historic_American_Buildings_Survey_and_Historic_American_Engineering_Record_432x240.jpg,ok,teachinghistory-website/static/files/Built_in_America-_Historic_American_Buildings_Survey_and_Historic_American_Engineering_Record_432x240.jpg
teachinghistory-website/content/history-content/website-reviews/bureau-of-economic-analysis.md,14779,Bureau of Economic Analysis,card,splash_image,/files/Bureau_of_Economic_Analysis_432x240.jpg,ok,teachinghistory-website/static/files/Bureau_of_Economic_Analysis_432x240.jpg
teachinghistory-website/content/history-content/website-reviews/business-plan-archive.md,14780,Business Plan Archive,card,splash_image,/files/Business_Plan_Archive_432x240.jpg,ok,teachinghistory-website/static/files/Business_Plan_Archive_432x240.jpg
teachinghistory-website/content/history-content/website-reviews/by-popular-demand-portraits-of-the-presidents-and-first-ladies-1789-present.md,22849,"By Popular Demand: Portraits of the Presidents and First Ladies, 1789-Present",card,splash_image,/files/splash-wr-presport.jpg,ok,teachinghistory-website/static/files/splash-wr-presport.jpg
teachinghistory-website/content/history-content/website-reviews/by-popular-demand-votes-for-women-suffrage-pictures-1850-1920.md,22814,"By Popular Demand: ""Votes for Women"" Suffrage Pictures, 1850-1920",card,splash_image,/files/By_Popular_Demand-_Votes_for_Women_Suffrage_Pictures_1850-1920_432x240.jpg,ok,teachinghistory-website/static/files/By_Popular_Demand-_Votes_for_Women_Suffrage_Pictures_1850-1920_432x240.jpg
teachinghistory-website/content/history-content/website-reviews/california-as-i-saw-it-first-person-narratives-of-california-1849-1900.md,14660,"California as I Saw It: First-Person Narratives of California, 1849-1900",card,splash_image,/files/California_as_I_Saw_It-_First-Person_Narratives_of_Californias_Early_Years_1849-1900_432x240.jpg,ok,teachinghistory-website/static/files/California_as_I_Saw_It-_First-Person_Narratives_of_Californias_Early_Years_1849-1900_432x240.jpg
teachinghistory-website/content/history-content/website-reviews/california-gold-northern-california-folk-music-from-the-thirties.md,22588,California Gold: Northern California Folk Music from the Thirties,card,splash_image,/files/CAgold_432x240.jpg,ok,teachinghistory-website/static/files/CAgold_432x240.jpg
teachinghistory-website/content/history-content/website-reviews/california-heritage-collection.md,22792,California Heritage Collection,card,splash_image,/files/CaliforniaHeritage432x240.jpg,ok,teachinghistory-website/static/files/CaliforniaHeritage432x240.jpg
teachinghistory-website/content/history-content/website-reviews/calvin-coolidge-30th-president-of-the-united-states.md,23255,"Calvin Coolidge, 30th President of the United States",card,splash_image,/files/Calvin_Coolidge_30th_President_of_the_United_States_432x240.jpg,ok,teachinghistory-website/static/files/Calvin_Coolidge_30th_President_of_the_United_States_432x240.jpg
teachinghistory-website/content/history-content/website-reviews/camping-with-the-siouxfieldwork-diary-of-alice-cunningham-fletcher.md,23102,Camping With the Sioux—Fieldwork Diary of Alice Cunningham Fletcher,card,splash_image,/files/splash-wr-siouxcamping.jpg,ok,teachinghistory-website/static/files/splash-wr-siouxcamping.jpg
teachinghistory-website/content/history-content/website-reviews/carnegie-libraries-of-california.md,23267,Carnegie Libraries of California,card,splash_image,/files/Carnegie_Libraries_of_California_432x240.jpg,ok,teachinghistory-website/static/files/Carnegie_Libraries_of_California_432x240.jpg
teachinghistory-website/content/history-content/website-reviews/carrie-chapman-catt-girlhood-home-and-museum.md,23364,Carrie Chapman Catt Girlhood Home and Museum,card,splash_image,/files/Carrie_Chapman_Catt_Childhood_Home_432x240.jpg,ok,teachinghistory-website/static/files/Carrie_Chapman_Catt_Childhood_Home_432x240.jpg
teachinghistory-website/content/history-content/website-reviews/carriers-addresses.md,22998,Carriers' Addresses,card,splash_image,/files/CarriersAddressSplash.jpg,ok,teachinghistory-website/static/files/CarriersAddressSplash.jpg
teachinghistory-website/content/history-content/website-reviews/centennial-exhibition-philadelphia-1876.md,14843,"Centennial Exhibition, Philadelphia 1876",card,splash_image,/files/Centennial_Exhibition_Philadelphia_1876_432x240.jpg,ok,teachinghistory-website/static/files/Centennial_Exhibition_Philadelphia_1876_432x240.jpg
teachinghistory-website/content/history-content/website-reviews/center-for-archaeological-studies.md,14729,Center for Archaeological Studies,card,splash_image,/files/Center_for_Archaeological_Studies_432x240.jpg,ok,teachinghistory-website/static/files/Center_for_Archaeological_Studies_432x240.jpg
teachinghistory-website/content/history-content/website-reviews/center-for-dewey-studies-southern-illinois-university-at-carbondale.md,22596,"Center for Dewey Studies, Southern Illinois University at Carbondale",card,splash_image,/files/DeweyStudies_432x240.jpg,ok,teachinghistory-website/static/files/DeweyStudies_432x240.jpg
teachinghistory-website/content/history-content/website-reviews/center-for-the-study-of-the-american-south.md,22860,Center for the Study of the American South,card,splash_image,/files/splash-wr-docsouth.jpg,ok,teachinghistory-website/static/files/splash-wr-docsouth.jpg
teachinghistory-website/content/history-content/website-reviews/center-for-the-study-of-upper-midwestern-culture.md,24156,Center for the Study of Upper Midwestern Culture,card,splash_image,/files/splash-wr-uppermidwest.jpg,ok,teachinghistory-website/static/files/splash-wr-uppermidwest.jpg
teachinghistory-website/content/history-content/website-reviews/center-for-working-class-studies.md,22804,Center for Working-Class Studies,card,splash_image,/files/CenterforWorking-Class432x240.jpg,ok,teachinghistory-website/static/files/CenterforWorking-Class432x240.jpg
teachinghistory-website/content/history-content/website-reviews/center-on-congress.md,24981,Center on Congress,card,splash_image,/files/centeroncongress432x240.jpg,ok,teachinghistory-website/static/files/centeroncongress432x240.jpg
teachinghistory-website/content/history-content/website-reviews/century-of-lawmaking-congressional-documents-and-debates-1774-1873.md,14733,"Century of Lawmaking: Congressional Documents and Debates, 1774-1873",card,splash_image,/files/Century_of_Lawmaking_for_a_New_Nation-_Congressional_Documents_and_Debates_1774-1873_432x240.jpg,ok,teachinghistory-website/static/files/Century_of_Lawmaking_for_a_New_Nation-_Congressional_Documents_and_Debates_1774-1873_432x240.jpg
teachinghistory-website/content/history-content/website-reviews/characteristics-of-census-tracts-in-nine-us-cities-1940-1960.md,23182,"Characteristics of Census Tracts in Nine U.S. Cities, 1940-1960",card,splash_image,/files/census.jpg,ok,teachinghistory-website/static/files/census.jpg
teachinghistory-website/content/history-content/website-reviews/charles-h-templeton-sheet-music-collection.md,23265,Charles H. Templeton Sheet Music Collection,card,splash_image,/files/Charles_H._Templeton_Sheet_Music_Collection_432x240.jpg,ok,teachinghistory-website/static/files/Charles_H._Templeton_Sheet_Music_Collection_432x240.jpg
teachinghistory-website/content/history-content/website-reviews/charters-of-freedom.md,22746,Charters of Freedom,card,splash_image,/files/Declarationof432x240.jpg,ok,teachinghistory-website/static/files/Declarationof432x240.jpg
teachinghistory-website/content/history-content/website-reviews/chicago-anarchists-on-trial-evidence-from-the-haymarket-affair-1886-1887.md,14749,"Chicago Anarchists on Trial: Evidence from the Haymarket Affair, 1886-1887",card,splash_image,/files/Chicago_Anarchists_on_Trial-_Evidence_from_the_Haymarket_Affair_1886-1887_432x240.jpg,ok,teachinghistory-website/static/files/Chicago_Anarchists_on_Trial-_Evidence_from_the_Haymarket_Affair_1886-1887_432x240.jpg
teachinghistory-website/content/history-content/website-reviews/chicago-imagebase.md,22852,Chicago Imagebase,card,splash_image,/files/splash-wr-chicagoweb.jpg,ok,teachinghistory-website/static/files/splash-wr-chicagoweb.jpg
teachinghistory-website/content/history-content/website-reviews/chicanoa-movement-in-washington-state-history-project.md,24033,Chicano/a Movement in Washington State History Project,card,splash_image,/files/ChicanaMvmt_432x240.jpg,ok,teachinghistory-website/static/files/ChicanaMvmt_432x240.jpg
teachinghistory-website/content/history-content/website-reviews/chickasaw-historical-research-page.md,22829,Chickasaw Historical Research Page,card,splash_image,/files/splash-wr-chickasaw.jpg,ok,teachinghistory-website/static/files/splash-wr-chickasaw.jpg
teachinghistory-website/content/history-content/website-reviews/child-labor-in-america-1908-1912-photographs-of-lewis-w-hine.md,14811,"Child Labor in America, 1908-1912: Photographs of Lewis W. Hine",card,splash_image,/files/Child_Labor_in_America_1908-1912-_Photographs_of_Lewis_W._Hine_432x240.jpg,ok,teachinghistory-website/static/files/Child_Labor_in_America_1908-1912-_Photographs_of_Lewis_W._Hine_432x240.jpg
teachinghistory-website/content/history-content/website-reviews/children-and-youth-in-history.md,24584,Children and Youth in History,card,splash_image,/files/splash-wr-childrenyouth.jpg,ok,teachinghistory-website/static/files/splash-wr-childrenyouth.jpg
teachinghistory-website/content/history-content/website-reviews/children-in-urban-america-a-digital-archive.md,22745,Children in Urban America: A Digital Archive,card,splash_image,/files/ChildreninUrban.jpg,ok,teachinghistory-website/static/files/ChildreninUrban.jpg
teachinghistory-website/content/history-content/website-reviews/childrens-books-online.md,23015,Children's Books Online,card,splash_image,/files/splash-wr-childrensbooks.jpg,ok,teachinghistory-website/static/files/splash-wr-childrensbooks.jpg
teachinghistory-website/content/history-content/website-reviews/childrens-lives-at-colonial-london-town.md,25789,Children's Lives at Colonial London Town,card,splash_image,/files/splash-london-town.jpg,ok,teachinghistory-website/static/files/splash-london-town.jpg
teachinghistory-website/content/history-content/website-reviews/china-and-the-united-states-from-hostility-to-engagement-1960-1998.md,23234,"China and the United States: From Hostility to Engagement, 1960-1998",card,splash_image,/files/chinaus.jpg,ok,teachinghistory-website/static/files/chinaus.jpg
teachinghistory-website/content/history-content/website-reviews/chinese-in-california-1850-1925.md,14682,"Chinese in California, 1850-1925",card,splash_image,/files/Chinese_in_California_1850-1925_432x240.jpg,ok,teachinghistory-website/static/files/Chinese_in_California_1850-1925_432x240.jpg
teachinghistory-website/content/history-content/website-reviews/chronicling-america-historic-american-newspapers.md,22714,Chronicling America: Historic American Newspapers,card,splash_image,/files/ChronoclingAmerica432x240.jpg,ok,teachinghistory-website/static/files/ChronoclingAmerica432x240.jpg
teachinghistory-website/content/history-content/website-reviews/cia-and-the-vietnam-policy-makers-three-episodes-1962-1968.md,23309,CIA and the Vietnam Policy Makers: Three Episodes 1962-1968,card,splash_image,/files/CIA_and_the_Vietnam_Policy_Makers-_Three_Episodes_1962-1968_432x240.jpg,ok,teachinghistory-website/static/files/CIA_and_the_Vietnam_Policy_Makers-_Three_Episodes_1962-1968_432x240.jpg
teachinghistory-website/content/history-content/website-reviews/cia-electronic-reading-room.md,14700,CIA Electronic Reading Room,card,splash_image,/files/CIA_Electronic_Reading_Room_432x240.jpg,ok,teachinghistory-website/static/files/CIA_Electronic_Reading_Room_432x240.jpg
teachinghistory-website/content/history-content/website-reviews/civics-online.md,23110,Civics Online,card,splash_image,/files/civics_0.jpg,ok,teachinghistory-website/static/files/civics_0.jpg
teachinghistory-website/content/history-content/website-reviews/civil-rights-in-mississippi-digital-archive.md,14618,Civil Rights in Mississippi Digital Archive,card,splash_image,/files/Civil_Rights_in_Mississippi_Digital_Archive_432x240.jpg,ok,teachinghistory-website/static/files/Civil_Rights_in_Mississippi_Digital_Archive_432x240.jpg
teachinghistory-website/content/history-content/website-reviews/civil-rights-litigation-clearinghouse.md,22617,Civil Rights Litigation Clearinghouse,card,splash_image,/files/CivilRightsLitigation432x240.jpg,ok,teachinghistory-website/static/files/CivilRightsLitigation432x240.jpg
teachinghistory-website/content/history-content/website-reviews/civil-rights-movement-veterans.md,22976,Civil Rights Movement Veterans,card,splash_image,/files/splash-wr-crmolder.jpg,ok,teachinghistory-website/static/files/splash-wr-crmolder.jpg
teachinghistory-website/content/history-content/website-reviews/civil-rights-oral-history-interviews-spokane-washington.md,23293,"Civil Rights Oral History Interviews: Spokane, Washington",card,splash_image,/files/Civil_Rights_Oral_History_Interviews-_Spokane_Washington_432x240.jpg,ok,teachinghistory-website/static/files/Civil_Rights_Oral_History_Interviews-_Spokane_Washington_432x240.jpg
teachinghistory-website/content/history-content/website-reviews/civil-war-in-art.md,25586,Civil War in Art,card,splash_image,/files/civilwarinart432x240.jpg,ok,teachinghistory-website/static/files/civilwarinart432x240.jpg
teachinghistory-website/content/history-content/website-reviews/civil-war-letters-of-galutia-york.md,22767,Civil War Letters of Galutia York,card,splash_image,/files/CivilWarLetters432x240.jpg,ok,teachinghistory-website/static/files/CivilWarLetters432x240.jpg
teachinghistory-website/content/history-content/website-reviews/civil-war-letters-of-the-christie-family.md,23148,Civil War Letters of the Christie Family,card,splash_image,/files/christie.jpg,ok,teachinghistory-website/static/files/christie.jpg
teachinghistory-website/content/history-content/website-reviews/civil-war-maps.md,23395,Civil War Maps,card,splash_image,/files/Civil_War_Maps_432x240.jpg,ok,teachinghistory-website/static/files/Civil_War_Maps_432x240.jpg
teachinghistory-website/content/history-content/website-reviews/civil-war-treasures-from-the-new-york-historical-society.md,14821,Civil War Treasures from the New York Historical Society,card,splash_image,/files/Civil_War_Treasures_from_the_New_York_Historical_Society_432x240.jpg,ok,teachinghistory-website/static/files/Civil_War_Treasures_from_the_New_York_Historical_Society_432x240.jpg
teachinghistory-website/content/history-content/website-reviews/civil-war-women.md,22747,Civil War Women,card,splash_image,/files/CivilWarWomen432x240.jpg,ok,teachinghistory-website/static/files/CivilWarWomen432x240.jpg
teachinghistory-website/content/history-content/website-reviews/civilian-public-service-story.md,25371,Civilian Public Service Story,card,splash_image,/files/civilianpublicservice432x240.jpg,ok,teachinghistory-website/static/files/civilianpublicservice432x240.jpg
teachinghistory-website/content/history-content/website-reviews/clash-of-cultures-in-the-1910s-and-1920s.md,14760,Clash of Cultures in the 1910s and 1920s,card,splash_image,/files/Clash_of_Cultures_in_the_1910s_and_1920s_432x240.jpg,ok,teachinghistory-website/static/files/Clash_of_Cultures_in_the_1910s_and_1920s_432x240.jpg
teachinghistory-website/content/history-content/website-reviews/classics-in-the-history-of-psychology.md,23344,Classics in the History of Psychology,card,splash_image,/files/Classics_in_the_History_of_Psychology_432x240.jpg,ok,teachinghistory-website/static/files/Classics_in_the_History_of_Psychology_432x240.jpg
teachinghistory-website/content/history-content/website-reviews/cleveland-digital-library.md,23263,Cleveland Digital Library,card,splash_image,/files/Cleveland_Digital_Library_432x240.jpg,ok,teachinghistory-website/static/files/Cleveland_Digital_Library_432x240.jpg
teachinghistory-website/content/history-content/website-reviews/clio-visualizing-history.md,25509,Clio Visualizing History,card,splash_image,/files/cliovisualizinghistory432x240.jpg,ok,teachinghistory-website/static/files/cliovisualizinghistory432x240.jpg
teachinghistory-website/content/history-content/website-reviews/club-kaycee-golden-age-of-kansas-city-jazz.md,23037,"Club Kaycee, Golden Age of Kansas City Jazz",card,splash_image,/files/splash-wr-countbassie.jpg,ok,teachinghistory-website/static/files/splash-wr-countbassie.jpg
teachinghistory-website/content/history-content/website-reviews/coal-mining-in-the-gilded-age-and-progressive-era.md,22877,Coal Mining in the Gilded Age and Progressive Era,card,splash_image,/files/splash-wr-coalminers.jpg,ok,teachinghistory-website/static/files/splash-wr-coalminers.jpg
teachinghistory-website/content/history-content/website-reviews/cold-war-postwar-estrangement.md,22854,Cold War: Postwar Estrangement,card,splash_image,/files/splash-wr-russian.jpg,ok,teachinghistory-website/static/files/splash-wr-russian.jpg
teachinghistory-website/content/history-content/website-reviews/colonial-connecticut-records-1636-1776.md,14730,"Colonial Connecticut Records, 1636-1776",card,splash_image,/files/Colonial_Connecticut_Records_1636-1776_432x240.jpg,ok,teachinghistory-website/static/files/Colonial_Connecticut_Records_1636-1776_432x240.jpg
teachinghistory-website/content/history-content/website-reviews/colonial-house.md,22993,Colonial House,card,splash_image,/files/splash-wr-colonialpbs.jpg,ok,teachinghistory-website/static/files/splash-wr-colonialpbs.jpg
teachinghistory-website/content/history-content/website-reviews/colonial-williamsburg.md,23268,Colonial Williamsburg,card,splash_image,/files/Colonial_Williamsburg_432x240.jpg,ok,teachinghistory-website/static/files/Colonial_Williamsburg_432x240.jpg
teachinghistory-website/content/history-content/website-reviews/columbia-river-basin-ethnic-history-archive.md,22735,Columbia River Basin Ethnic History Archive,card,splash_image,/files/ColumbiaRiverBasin432x240.jpg,ok,teachinghistory-website/static/files/ColumbiaRiverBasin432x240.jpg
teachinghistory-website/content/history-content/website-reviews/coming-of-age-in-the-twentieth-century-stories-from-minnesota-and-beyond.md,22654,"Coming of Age in the Twentieth Century, Stories from Minnesota and Beyond",card,splash_image,/files/TwentiethCenturyGirl432x240.jpg,ok,teachinghistory-website/static/files/TwentiethCenturyGirl432x240.jpg
teachinghistory-website/content/history-content/website-reviews/coming-of-the-american-revolution-1764-1776.md,24103,"Coming of the American Revolution, 1764-1776",card,splash_image,/files/splash-wr-comingar.jpg,ok,teachinghistory-website/static/files/splash-wr-comingar.jpg
teachinghistory-website/content/history-content/website-reviews/common-place-the-interactive-journal-of-early-american-life.md,23067,Common-Place: The Interactive Journal of Early American Life,card,splash_image,/files/splash-wr-commonplace.jpg,ok,teachinghistory-website/static/files/splash-wr-commonplace.jpg
teachinghistory-website/content/history-content/website-reviews/communism-in-washington-state-history-and-memory-project.md,23256,Communism in Washington State--History and Memory Project,card,splash_image,/files/Communism_in_Washington_State--History_and_Memory_Project_432x240.jpg,ok,teachinghistory-website/static/files/Communism_in_Washington_State--History_and_Memory_Project_432x240.jpg
teachinghistory-website/content/history-content/website-reviews/congress-for-the-new-urbanism.md,23285,Congress for the New Urbanism,card,splash_image,/files/Congress_for_the_New_Urbanism_432x240.jpg,ok,teachinghistory-website/static/files/Congress_for_the_New_Urbanism_432x240.jpg
teachinghistory-website/content/history-content/website-reviews/connecticut-historical-society.md,22586,Connecticut Historical Society,card,splash_image,/files/The_Connecticut_Historical_Society_432x240.jpg,ok,teachinghistory-website/static/files/The_Connecticut_Historical_Society_432x240.jpg
teachinghistory-website/content/history-content/website-reviews/connecticut-history-online.md,22967,Connecticut History Online,card,splash_image,/files/splash-wr-connecticut.jpg,ok,teachinghistory-website/static/files/splash-wr-connecticut.jpg
teachinghistory-website/content/history-content/website-reviews/conrad-w-chapman-a-confederate-soldiers-paintings-of-the-defense-of-charleston.md,25261,Conrad W. Chapman: A Confederate Soldier's Paintings of the Defense of Charleston,card,splash_image,/files/conradwisechapman432x240.jpg,ok,teachinghistory-website/static/files/conradwisechapman432x240.jpg
teachinghistory-website/content/history-content/website-reviews/conservation-and-environmental-maps.md,23046,Conservation and Environmental Maps,card,splash_image,/files/splash-wr-conservationenviron.jpg,ok,teachinghistory-website/static/files/splash-wr-conservationenviron.jpg
teachinghistory-website/content/history-content/website-reviews/conversations-with-history.md,23068,Conversations with History,card,splash_image,/files/splash-wr-linuspauling.jpg,ok,teachinghistory-website/static/files/splash-wr-linuspauling.jpg
teachinghistory-website/content/history-content/website-reviews/core-historical-literature-of-agriculture.md,14719,Core Historical Literature of Agriculture,card,splash_image,/files/Core_Historical_Literature_of_Agriculture_432x240.jpg,ok,teachinghistory-website/static/files/Core_Historical_Literature_of_Agriculture_432x240.jpg
teachinghistory-website/content/history-content/website-reviews/cq-historic-documents-series-online-edition.md,14777,CQ Historic Documents Series: Online Edition,card,splash_image,/files/CQ_Historic_Documents_Series-_Online_Edition_432x240.jpg,ok,teachinghistory-website/static/files/CQ_Historic_Documents_Series-_Online_Edition_432x240.jpg
teachinghistory-website/content/history-content/website-reviews/creating-a-more-perfect-union-1861-1865.md,25019,Creating a More Perfect Union: 1861-1865,card,splash_image,/files/amoreperfect432x240.jpg,ok,teachinghistory-website/static/files/amoreperfect432x240.jpg
teachinghistory-website/content/history-content/website-reviews/creating-the-united-states.md,25375,Creating the United States,card,splash_image,/files/splash-wr-interactivedec.jpg,ok,teachinghistory-website/static/files/splash-wr-interactivedec.jpg
teachinghistory-website/content/history-content/website-reviews/creative-americans-portraits-by-carl-van-vechten-1932-1964.md,22813,"Creative Americans: Portraits by Carl Van Vechten, 1932-1964",card,splash_image,/files/Creative_Americans-_Portraits_by_Carl_Van_Vechten_1932-1964_432x240.jpg,ok,teachinghistory-website/static/files/Creative_Americans-_Portraits_by_Carl_Van_Vechten_1932-1964_432x240.jpg
teachinghistory-website/content/history-content/website-reviews/crime-and-justice-data-online.md,23042,Crime and Justice Data Online,card,splash_image,/files/splash-wr-justicestatistics.jpg,ok,teachinghistory-website/static/files/splash-wr-justicestatistics.jpg
teachinghistory-website/content/history-content/website-reviews/crisis-at-fort-sumter.md,22844,Crisis at Fort Sumter,card,splash_image,/files/splash-wr-sumter.jpg,ok,teachinghistory-website/static/files/splash-wr-sumter.jpg
teachinghistory-website/content/history-content/website-reviews/cultural-readings-colonization-and-print-in-the-americas.md,14728,Cultural Readings: Colonization and Print in the Americas,card,splash_image,/files/Cultural_Readings-_Colonization_and_Print_in_the_Americas_432x240.jpg,ok,teachinghistory-website/static/files/Cultural_Readings-_Colonization_and_Print_in_the_Americas_432x240.jpg
teachinghistory-website/content/history-content/website-reviews/curating-the-city-wilshire-blvd.md,23817,Curating the City: Wilshire Blvd,card,splash_image,/files/WilshireBlvd_432x240.jpg,ok,teachinghistory-website/static/files/WilshireBlvd_432x240.jpg
teachinghistory-website/content/history-content/website-reviews/cwihp-cold-war-international-history-project.md,14840,CWIHP: Cold War International History Project,card,splash_image,/files/CWIHP-_Cold_War_International_History_Project_432x240.jpg,ok,teachinghistory-website/static/files/CWIHP-_Cold_War_International_History_Project_432x240.jpg
teachinghistory-website/content/history-content/website-reviews/cylinder-preservation-and-digitization-project.md,14762,Cylinder Preservation and Digitization Project,card,splash_image,/files/Cylinder_Preservation_and_Digitization_Project_432x240.jpg,ok,teachinghistory-website/static/files/Cylinder_Preservation_and_Digitization_Project_432x240.jpg
teachinghistory-website/content/history-content/website-reviews/d-day.md,25022,D-Day,card,splash_image,/files/americanexperienced432x240.jpg,ok,teachinghistory-website/static/files/americanexperienced432x240.jpg
teachinghistory-website/content/history-content/website-reviews/daguerreotype-portraits-and-views-1839-1864.md,14656,"Daguerreotype Portraits and Views, 1839-1864",card,splash_image,/files/Americas_First_Look_into_the_Camera-_Daguerreotype_Portraits_and_Views_1839-1864_432x240.jpg,ok,teachinghistory-website/static/files/Americas_First_Look_into_the_Camera-_Daguerreotype_Portraits_and_Views_1839-1864_432x240.jpg
teachinghistory-website/content/history-content/website-reviews/data-information-services-center-online-data-archive.md,23181,Data & Information Services Center: Online Data Archive,card,splash_image,/files/onlinedata.jpg,ok,teachinghistory-website/static/files/onlinedata.jpg
teachinghistory-website/content/history-content/website-reviews/david-rumsey-map-collection.md,14747,David Rumsey Map Collection,card,splash_image,/files/David_Rumsey_Map_Collection_432x240.jpg,ok,teachinghistory-website/static/files/David_Rumsey_Map_Collection_432x240.jpg
teachinghistory-website/content/history-content/website-reviews/death-of-the-dream-farmhouses-in-the-heartland.md,23372,Death of the Dream: Farmhouses in the Heartland,card,splash_image,/files/Death_of_the_Dream-_Farmhouses_in_the_Heartland_432x240.jpg,ok,teachinghistory-website/static/files/Death_of_the_Dream-_Farmhouses_in_the_Heartland_432x240.jpg
teachinghistory-website/content/history-content/website-reviews/democracy-in-america-alexis-de-tocqueville.md,22875,Democracy in America: Alexis de Tocqueville,card,splash_image,/files/The_Alexis_de.jpg,ok,teachinghistory-website/static/files/The_Alexis_de.jpg
teachinghistory-website/content/history-content/website-reviews/democratic-vistas-the-william-clyde-devane-lecture-series.md,23154,Democratic Vistas: The William Clyde DeVane Lecture Series,card,splash_image,/files/democracyvistas.jpg,ok,teachinghistory-website/static/files/democracyvistas.jpg
teachinghistory-website/content/history-content/website-reviews/densho-the-japanese-american-legacy-project.md,14684,Densho: The Japanese American Legacy Project,card,splash_image,/files/Densho-_The_Japanese_American_Legacy_Project_432x240.jpg,ok,teachinghistory-website/static/files/Densho-_The_Japanese_American_Legacy_Project_432x240.jpg
teachinghistory-website/content/history-content/website-reviews/department-of-transportation-digital-special-collections.md,23185,Department of Transportation: Digital Special Collections,card,splash_image,/files/dot.jpg,ok,teachinghistory-website/static/files/dot.jpg
teachinghistory-website/content/history-content/website-reviews/diary-correspondence-and-papers-of-robert-king-carter-1701-1732.md,14798,"Diary, Correspondence, and Papers of Robert ""King"" Carter, 1701-1732",card,splash_image,/files/Diary_Correspondence_and_Papers_of_Robert_King_Carter_of_Virginia_1701-1732_432x240.jpg,ok,teachinghistory-website/static/files/Diary_Correspondence_and_Papers_of_Robert_King_Carter_of_Virginia_1701-1732_432x240.jpg
teachinghistory-website/content/history-content/website-reviews/diary-of-a-civil-war-nurse.md,25001,Diary of a Civil War Nurse,card,splash_image,/files/diaryofacivil432x240.jpg,ok,teachinghistory-website/static/files/diaryofacivil432x240.jpg
teachinghistory-website/content/history-content/website-reviews/dickinson-electronic-archives.md,22660,Dickinson Electronic Archives,card,splash_image,/files/DickinsonElectronic432x240.jpg,ok,teachinghistory-website/static/files/DickinsonElectronic432x240.jpg
teachinghistory-website/content/history-content/website-reviews/digital-archive-collections-at-the-university-of-hawaii-at-manoa-library.md,14759,Digital Archive Collections at the University of Hawai'i at Manoa Library,card,splash_image,/files/Digital_Archive_Collections_at_the_University_of_Hawaii_at_Manoa_Library_432x240.jpg,ok,teachinghistory-website/static/files/Digital_Archive_Collections_at_the_University_of_Hawaii_at_Manoa_Library_432x240.jpg
teachinghistory-website/content/history-content/website-reviews/digital-archive-of-american-architecture.md,23226,Digital Archive of American Architecture,card,splash_image,/files/architecture.jpg,ok,teachinghistory-website/static/files/architecture.jpg
teachinghistory-website/content/history-content/website-reviews/digital-history.md,14601,Digital History,card,splash_image,/files/Digital_History_432x240.jpg,ok,teachinghistory-website/static/files/Digital_History_432x240.jpg
teachinghistory-website/content/history-content/website-reviews/digital-librarian-a-librarians-choice-of-the-best-of-the-history-web.md,22822,Digital Librarian: A Librarian's Choice of the Best of the [History] Web,card,splash_image,/files/splash-fwr-diglib.jpg,ok,teachinghistory-website/static/files/splash-fwr-diglib.jpg
teachinghistory-website/content/history-content/website-reviews/digital-library-of-georgia.md,14639,Digital Library of Georgia,card,splash_image,/files/Digital_Library_of_Georgia_432x240.jpg,ok,teachinghistory-website/static/files/Digital_Library_of_Georgia_432x240.jpg
teachinghistory-website/content/history-content/website-reviews/digital-map-collection.md,23048,Digital Map Collection,card,splash_image,/files/splash-wr-digitalmaps.jpg,ok,teachinghistory-website/static/files/splash-wr-digitalmaps.jpg
teachinghistory-website/content/history-content/website-reviews/digital-public-library-of-america.md,25811,Digital Public Library of America,card,splash_image,/files/dpla.jpg,ok,teachinghistory-website/static/files/dpla.jpg
teachinghistory-website/content/history-content/website-reviews/digital-resource-guide-for-the-labor-archives-of-washington-state.md,25260,Digital Resource Guide for the Labor Archives of Washington State,card,splash_image,/files/digitalresourceguide432x240.jpg,ok,teachinghistory-website/static/files/digitalresourceguide432x240.jpg
teachinghistory-website/content/history-content/website-reviews/digital-scriptorium.md,14642,Digital Scriptorium,card,splash_image,/files/Digital_Scriptorium_432x240.jpg,ok,teachinghistory-website/static/files/Digital_Scriptorium_432x240.jpg
teachinghistory-website/content/history-content/website-reviews/digital-vaults.md,19086,Digital Vaults,card,splash_image,/files/Digital_Vaults_432x240.jpg,ok,teachinghistory-website/static/files/Digital_Vaults_432x240.jpg
teachinghistory-website/content/history-content/website-reviews/dime-novels-and-penny-dreadfuls.md,14835,Dime Novels and Penny Dreadfuls,card,splash_image,/files/Dime_Novels_and_Penny_Dreadfuls_432x240.jpg,ok,teachinghistory-website/static/files/Dime_Novels_and_Penny_Dreadfuls_432x240.jpg
teachinghistory-website/content/history-content/website-reviews/directory-of-corporate-archives-in-the-united-states-and-canada.md,23296,Directory of Corporate Archives in the United States and Canada,card,splash_image,/files/Directory_of_Corporate_Archives_in_the_United_States_and_Canada_432x240.jpg,ok,teachinghistory-website/static/files/Directory_of_Corporate_Archives_in_the_United_States_and_Canada_432x240.jpg
teachinghistory-website/content/history-content/website-reviews/disability-history-museum.md,14691,Disability History Museum,card,splash_image,/files/Disability_History_Museum_432x240.jpg,ok,teachinghistory-website/static/files/Disability_History_Museum_432x240.jpg
teachinghistory-website/content/history-content/website-reviews/discover-diplomacy-diplomatic-simulations-in-the-classroom.md,25827,Discover Diplomacy: Diplomatic Simulations in the Classroom,card,splash_image,/files/Splash-Image-Diplomacy.png,ok,teachinghistory-website/static/files/Splash-Image-Diplomacy.png
teachinghistory-website/content/history-content/website-reviews/discovery-and-exploration-maps.md,23369,Discovery and Exploration [Maps],card,splash_image,/files/Discovery_and_Exploration_Maps_432x240.jpg,ok,teachinghistory-website/static/files/Discovery_and_Exploration_Maps_432x240.jpg
teachinghistory-website/content/history-content/website-reviews/dismukes-virtual-talking-machine.md,23197,Dismuke's Virtual Talking Machine,card,splash_image,/files/dismuke.jpg,ok,teachinghistory-website/static/files/dismuke.jpg
teachinghistory-website/content/history-content/website-reviews/divining-america-religion-and-the-national-culture.md,23363,Divining America: Religion and the National Culture,card,splash_image,/files/Divining_America-_Religion_and_the_National_Culture_432x240.jpg,ok,teachinghistory-website/static/files/Divining_America-_Religion_and_the_National_Culture_432x240.jpg
teachinghistory-website/content/history-content/website-reviews/do-history-martha-ballards-diary-online.md,14608,Do History: Martha Ballard's Diary Online,card,splash_image,/files/Do_History-_Martha_432x240.jpg,ok,teachinghistory-website/static/files/Do_History-_Martha_432x240.jpg
teachinghistory-website/content/history-content/website-reviews/docsteach.md,25017,DocsTeach,card,splash_image,/files/docsteach432x240.jpg,ok,teachinghistory-website/static/files/docsteach432x240.jpg
teachinghistory-website/content/history-content/website-reviews/documenting-our-past-the-teenie-harris-archive-project.md,22676,Documenting Our Past: The Teenie Harris Archive Project,card,splash_image,/files/DocumentingOurPast.jpg,ok,teachinghistory-website/static/files/DocumentingOurPast.jpg
teachinghistory-website/content/history-content/website-reviews/documenting-the-american-south.md,14709,Documenting the American South,card,splash_image,/files/Documenting_the_American_South_432x240.jpg,ok,teachinghistory-website/static/files/Documenting_the_American_South_432x240.jpg
teachinghistory-website/content/history-content/website-reviews/documents-from-the-continental-congress-and-constitutional-convention.md,14650,Documents from the Continental Congress and Constitutional Convention,card,splash_image,/files/Documents_from_the_Continental_Congress_and_the_Constitutional_Convention_432x240.jpg,ok,teachinghistory-website/static/files/Documents_from_the_Continental_Congress_and_the_Constitutional_Convention_432x240.jpg
teachinghistory-website/content/history-content/website-reviews/documents-from-the-womens-liberation-movement.md,22796,Documents from the Women's Liberation Movement,card,splash_image,/files/Documentsfromthe432x240.jpg,ok,teachinghistory-website/static/files/Documentsfromthe432x240.jpg
teachinghistory-website/content/history-content/website-reviews/documents-in-law-history-and-government.md,14600,"Documents in Law, History, and Government",card,splash_image,/files/Avalon_Project-_Documents_in_Law_History_and_Government_432x240.jpg,ok,teachinghistory-website/static/files/Avalon_Project-_Documents_in_Law_History_and_Government_432x240.jpg
teachinghistory-website/content/history-content/website-reviews/documents-relating-to-american-foreign-policy-during-the-cuban-missile-crisis.md,23104,Documents Relating to American Foreign Policy during the Cuban Missile Crisis,card,splash_image,/files/splash-wr-cubanmc.jpg,ok,teachinghistory-website/static/files/splash-wr-cubanmc.jpg
teachinghistory-website/content/history-content/website-reviews/dolley-madison-digital-edition.md,22653,Dolley Madison Digital Edition,card,splash_image,/files/DolleyMadison432x240.jpg,ok,teachinghistory-website/static/files/DolleyMadison432x240.jpg
teachinghistory-website/content/history-content/website-reviews/dolley-madison-project.md,22720,Dolley Madison Project,card,splash_image,/files/DolleyMadison432x240_0.jpg,ok,teachinghistory-website/static/files/DolleyMadison432x240_0.jpg
teachinghistory-website/content/history-content/website-reviews/doris-ulmann-photograph-collection.md,22734,Doris Ulmann Photograph Collection,card,splash_image,/files/DorisUllman.jpg,ok,teachinghistory-website/static/files/DorisUllman.jpg
teachinghistory-website/content/history-content/website-reviews/dox-thrash-an-african-american-master-printmaker-rediscovered.md,23243,Dox Thrash: An African American Master Printmaker Rediscovered,card,splash_image,/files/Dox_Thrash-_An_African_American_Master_Printmaker_Rediscovered_432x240.jpg,ok,teachinghistory-website/static/files/Dox_Thrash-_An_African_American_Master_Printmaker_Rediscovered_432x240.jpg
teachinghistory-website/content/history-content/website-reviews/dr-seuss-went-to-war-a-catalog-of-political-cartoons.md,23075,Dr. Seuss Went to War: A Catalog of Political Cartoons,card,splash_image,/files/splash-wr-drseuss.jpg,ok,teachinghistory-website/static/files/splash-wr-drseuss.jpg
teachinghistory-website/content/history-content/website-reviews/drafting-the-documents-of-independence.md,22748,Drafting the Documents of Independence,card,splash_image,/files/DraftingtheDocuments432x240.jpg,ok,teachinghistory-website/static/files/DraftingtheDocuments432x240.jpg
teachinghistory-website/content/history-content/website-reviews/drawing-the-western-frontier-the-james-e-taylor-album.md,23064,Drawing the Western Frontier: The James E. Taylor Album,card,splash_image,/files/splash-wr-jetaylor.jpg,ok,teachinghistory-website/static/files/splash-wr-jetaylor.jpg
teachinghistory-website/content/history-content/website-reviews/dred-scott-case.md,14801,Dred Scott Case,card,splash_image,/files/Dred_Scott.jpg,ok,teachinghistory-website/static/files/Dred_Scott.jpg
teachinghistory-website/content/history-content/website-reviews/duluth-lynchings-online-resource-the-tragic-events-of-june-15-1920.md,23825,"Duluth Lynchings Online Resource: The Tragic Events of June 15, 1920",card,splash_image,/files/Duluth_Lynchings_432x240.jpg,ok,teachinghistory-website/static/files/Duluth_Lynchings_432x240.jpg
teachinghistory-website/content/history-content/website-reviews/dwight-d-eisenhower-library-and-museum.md,23264,Dwight D. Eisenhower Library and Museum,card,splash_image,/files/Dwight_D._Eisenhower_Library_and_Museum_432x240.jpg,ok,teachinghistory-website/static/files/Dwight_D._Eisenhower_Library_and_Museum_432x240.jpg
teachinghistory-website/content/history-content/website-reviews/dynamics-of-idealism-volunteers-for-civil-rights-1965-1982.md,14839,"Dynamics of Idealism: Volunteers for Civil Rights, 1965-1982",card,splash_image,/files/Dynamics_of_Idealism-_Volunteers_for_Civil_Rights_1965-1982_432x240.jpg,ok,teachinghistory-website/static/files/Dynamics_of_Idealism-_Volunteers_for_Civil_Rights_1965-1982_432x240.jpg
teachinghistory-website/content/history-content/website-reviews/e-wv-the-west-virginia-encyclopedia.md,25189,e-WV: The West Virginia Encyclopedia,card,splash_image,/files/e-wv432x240.jpg,ok,teachinghistory-website/static/files/e-wv432x240.jpg
teachinghistory-website/content/history-content/website-reviews/eagle-eye-citizen.md,25824,Eagle Eye Citizen,card,splash_image,/files/Splash-image-Eagle-Eye-Citizen.png,ok,teachinghistory-website/static/files/Splash-image-Eagle-Eye-Citizen.png
teachinghistory-website/content/history-content/website-reviews/earliest-voices-a-gallery-from-the-vincent-voice-library.md,23057,Earliest Voices: A Gallery from the Vincent Voice Library,card,splash_image,/files/splash-wr-earliestvoices.jpg,ok,teachinghistory-website/static/files/splash-wr-earliestvoices.jpg
teachinghistory-website/content/history-content/website-reviews/early-american-imprints-series-i-evans-1639-1800.md,23306,"Early American Imprints, Series I: Evans, 1639-1800",card,splash_image,/files/Early_American_Imprints_Series_I-_Evans_1639-1800_432x240.jpg,ok,teachinghistory-website/static/files/Early_American_Imprints_Series_I-_Evans_1639-1800_432x240.jpg
teachinghistory-website/content/history-content/website-reviews/early-american-imprints-series-ii-shaw-shoemaker-1801-1819.md,22615,"Early American Imprints, Series II: Shaw-Shoemaker, 1801-1819",card,splash_image,/files/EarlyAmerican432x240.jpg,ok,teachinghistory-website/static/files/EarlyAmerican432x240.jpg
teachinghistory-website/content/history-content/website-reviews/early-american-newspapers-series-1-1690-1876.md,23574,"Early American Newspapers: Series 1, 1690-1876",card,splash_image,/files/EANpic-432x240_0.jpg,ok,teachinghistory-website/static/files/EANpic-432x240_0.jpg
teachinghistory-website/content/history-content/website-reviews/early-recognized-treaties-with-american-indian-nations.md,22647,Early Recognized Treaties with American Indian Nations,card,splash_image,/files/EarlyRecognized432x240.jpg,ok,teachinghistory-website/static/files/EarlyRecognized432x240.jpg
teachinghistory-website/content/history-content/website-reviews/early-washington-maps-a-digital-collection.md,23250,Early Washington Maps: A Digital Collection,card,splash_image,/files/Early_Washington_Maps-_A_Digital_Collection_432x240.jpg,ok,teachinghistory-website/static/files/Early_Washington_Maps-_A_Digital_Collection_432x240.jpg
teachinghistory-website/content/history-content/website-reviews/echo-exploring-and-collecting-the-history-online.md,23253,ECHO (Exploring and Collecting the History Online),card,splash_image,/files/ECHO_Exploring_and_Collecting_the_History_of_Science_and_Technology_OnlineECHO_Exploring_and_Collecting_the_History_of_Science_and_Technology_Online_432x240.jpg,ok,teachinghistory-website/static/files/ECHO_Exploring_and_Collecting_the_History_of_Science_and_Technology_OnlineECHO_Exploring_and_Collecting_the_History_of_Science_and_Technology_Online_432x240.jpg
teachinghistory-website/content/history-content/website-reviews/economic-data-fred-ii.md,23194,"Economic Data, Fred II",card,splash_image,/files/economicdata.jpg,ok,teachinghistory-website/static/files/economicdata.jpg
teachinghistory-website/content/history-content/website-reviews/edgar-allan-poe.md,14740,Edgar Allan Poe,card,splash_image,/files/Edgar_Allan_Poe_432x240.jpg,ok,teachinghistory-website/static/files/Edgar_Allan_Poe_432x240.jpg
teachinghistory-website/content/history-content/website-reviews/edsitement.md,22749,EDSITEment,card,splash_image,/files/EdSitement432x240.jpg,ok,teachinghistory-website/static/files/EdSitement432x240.jpg
teachinghistory-website/content/history-content/website-reviews/education-by-design-using-visual-aids.md,22995,Education by Design: Using Visual Aids,card,splash_image,/files/splash-wr-visualeducat.jpg,ok,teachinghistory-website/static/files/splash-wr-visualeducat.jpg
teachinghistory-website/content/history-content/website-reviews/educational-resources-information-center-eric-resources-for-teachers.md,23326,Educational Resources Information Center (ERIC) Resources for Teachers,card,splash_image,/files/Educational_Resources_Information_Center_ERIC_Resources_for_Teachers_432x240.jpg,ok,teachinghistory-website/static/files/Educational_Resources_Information_Center_ERIC_Resources_for_Teachers_432x240.jpg
teachinghistory-website/content/history-content/website-reviews/edward-s-curtiss-the-north-american-indian.md,14761,Edward S. Curtis's The North American Indian,card,splash_image,/files/Edward_S._Curtiss_The_North_American_Indian_432x240.jpg,ok,teachinghistory-website/static/files/Edward_S._Curtiss_The_North_American_Indian_432x240.jpg
teachinghistory-website/content/history-content/website-reviews/eisenhower-memorial-commission.md,25821,Eisenhower Memorial Commission,card,image,/files/website_image/i_still_like_ike_293_and_186_no_website_0.jpeg,ok,teachinghistory-website/static/files/website_image/i_still_like_ike_293_and_186_no_website_0.jpeg
teachinghistory-website/content/history-content/website-reviews/election-statistics.md,23035,Election Statistics,card,splash_image,/files/splash-wr-electionresults.jpg,ok,teachinghistory-website/static/files/splash-wr-electionresults.jpg
teachinghistory-website/content/history-content/website-reviews/emergence-of-advertising-in-america-1850-1920.md,14847,Emergence of Advertising in America: 1850-1920,card,splash_image,/files/Emergence_of_Advertising_in_America-_1850-1920_432x240.jpg,ok,teachinghistory-website/static/files/Emergence_of_Advertising_in_America-_1850-1920_432x240.jpg
teachinghistory-website/content/history-content/website-reviews/emile-berliner-and-the-birth-of-the-recording-industry.md,23232,Emile Berliner and the Birth of the Recording Industry,card,splash_image,/files/emile.jpg,ok,teachinghistory-website/static/files/emile.jpg
teachinghistory-website/content/history-content/website-reviews/emma-goldman-papers.md,14806,Emma Goldman Papers,card,splash_image,/files/Emma_Goldman_Papers_432x240.jpg,ok,teachinghistory-website/static/files/Emma_Goldman_Papers_432x240.jpg
teachinghistory-website/content/history-content/website-reviews/emma-spaulding-bryant-letters.md,22800,Emma Spaulding Bryant Letters,card,splash_image,/files/EmmaSpauldingBryant432x240.jpg,ok,teachinghistory-website/static/files/EmmaSpauldingBryant432x240.jpg
teachinghistory-website/content/history-content/website-reviews/encyclopedia-britannica-the-1911-edition.md,23217,Encyclopedia Britannica: The 1911 Edition,card,splash_image,/files/encyclopedia.jpg,ok,teachinghistory-website/static/files/encyclopedia.jpg
teachinghistory-website/content/history-content/website-reviews/encyclopedia-britannica.md,22864,Encyclopedia Britannica,card,splash_image,/files/splash-wr-wings.jpg,ok,teachinghistory-website/static/files/splash-wr-wings.jpg
teachinghistory-website/content/history-content/website-reviews/encyclopedia-of-alabama.md,25145,Encyclopedia of Alabama,card,splash_image,/files/encylopediaofalabama432x240.jpg,ok,teachinghistory-website/static/files/encylopediaofalabama432x240.jpg
teachinghistory-website/content/history-content/website-reviews/encyclopedia-of-chicago-historical-sources.md,22677,"Encyclopedia of Chicago, Historical Sources",card,splash_image,/files/ChicagoEncyclopedia432x240.jpg,ok,teachinghistory-website/static/files/ChicagoEncyclopedia432x240.jpg
teachinghistory-website/content/history-content/website-reviews/encyclopedia-virginia.md,25275,Encyclopedia Virginia,card,splash_image,/files/vasplash.jpg,ok,teachinghistory-website/static/files/vasplash.jpg
teachinghistory-website/content/history-content/website-reviews/enduring-outrage-editorial-cartoons-by-herblock.md,23827,Enduring Outrage: Editorial Cartoons by Herblock,card,splash_image,/files/Herblock_432x240.jpg,ok,teachinghistory-website/static/files/Herblock_432x240.jpg
teachinghistory-website/content/history-content/website-reviews/envisaging-the-west-thomas-jefferson-and-the-roots-of-lewis-and-clark.md,14732,Envisaging the West: Thomas Jefferson and the Roots of Lewis and Clark,card,splash_image,/files/Envisaging_the_West-_Thomas_Jefferson_and_the_Roots_of_Lewis_and_Clark_432x240.jpg,ok,teachinghistory-website/static/files/Envisaging_the_West-_Thomas_Jefferson_and_the_Roots_of_Lewis_and_Clark_432x240.jpg
teachinghistory-website/content/history-content/website-reviews/eugenics-archive.md,14826,Eugenics Archive,card,splash_image,/files/Eugenics_Archive_432x240.jpg,ok,teachinghistory-website/static/files/Eugenics_Archive_432x240.jpg
teachinghistory-website/content/history-content/website-reviews/evolution-of-the-conservation-movement-1850-1920.md,14748,"Evolution of the Conservation Movement, 1850-1920",card,splash_image,/files/Evolution_of_the_Conservation_Movement_1850-1920_432x240.jpg,ok,teachinghistory-website/static/files/Evolution_of_the_Conservation_Movement_1850-1920_432x240.jpg
teachinghistory-website/content/history-content/website-reviews/excerpts-from-slave-narratives.md,22824,Excerpts from Slave Narratives,card,splash_image,/files/splash-fwr-slavnar.jpg,ok,teachinghistory-website/static/files/splash-fwr-slavnar.jpg
teachinghistory-website/content/history-content/website-reviews/experiencing-war-stories-from-the-veterans-history-project.md,14697,Experiencing War: Stories from the Veterans History Project,card,splash_image,/files/Experiencing_War-_Stories_from_the_Veterans_History_Project_432x240.jpg,ok,teachinghistory-website/static/files/Experiencing_War-_Stories_from_the_Veterans_History_Project_432x240.jpg
teachinghistory-website/content/history-content/website-reviews/explorepahistory.md,25276,ExplorePAhistory,card,splash_image,/files/pennsplash.jpg,ok,teachinghistory-website/static/files/pennsplash.jpg
teachinghistory-website/content/history-content/website-reviews/eye-of-the-storm.md,23077,Eye of the Storm,card,splash_image,/files/splash-wr-eots.jpg,ok,teachinghistory-website/static/files/splash-wr-eots.jpg
teachinghistory-website/content/history-content/website-reviews/faces-of-science-african-americans-in-the-sciences.md,23406,Faces of Science: African Americans in the Sciences,card,splash_image,/files/CJWalker_432x240.jpg,ok,teachinghistory-website/static/files/CJWalker_432x240.jpg
teachinghistory-website/content/history-content/website-reviews/familysearch.md,23036,FamilySearch,card,splash_image,/files/splash-wr-genealogy.jpg,ok,teachinghistory-website/static/files/splash-wr-genealogy.jpg
teachinghistory-website/content/history-content/website-reviews/famous-american-trials-salem-witchcraft-trials.md,23371,Famous American Trials: Salem Witchcraft Trials,card,splash_image,/files/Famous_American_Trials-_Salem_Witchcraft_Trials_432x240.jpg,ok,teachinghistory-website/static/files/Famous_American_Trials-_Salem_Witchcraft_Trials_432x240.jpg
teachinghistory-website/content/history-content/website-reviews/famous-american-trials-the-scottsboro-boys-trials-1931-1937.md,23407,"Famous American Trials: ""The Scottsboro Boys"" Trials 1931-1937",card,splash_image,/files/Scottsboro_432x240.jpg,ok,teachinghistory-website/static/files/Scottsboro_432x240.jpg
teachinghistory-website/content/history-content/website-reviews/famous-trials.md,14636,Famous Trials,card,splash_image,/files/Famous_Trials_432x240.jpg,ok,teachinghistory-website/static/files/Famous_Trials_432x240.jpg
teachinghistory-website/content/history-content/website-reviews/fats-waller-forever-digital-exhibit.md,23284,Fats Waller Forever Digital Exhibit,card,splash_image,/files/Fats_Waller_Forever_Digital_Exhibit_432x240.jpg,ok,teachinghistory-website/static/files/Fats_Waller_Forever_Digital_Exhibit_432x240.jpg
teachinghistory-website/content/history-content/website-reviews/fdic-historical-studies.md,23105,FDIC Historical Studies,card,splash_image,/files/fdic.jpg,ok,teachinghistory-website/static/files/fdic.jpg
teachinghistory-website/content/history-content/website-reviews/fdr-cartoon-archive.md,22833,FDR Cartoon Archive,card,splash_image,/files/splash-wr-fdrcart.jpg,ok,teachinghistory-website/static/files/splash-wr-fdrcart.jpg
teachinghistory-website/content/history-content/website-reviews/federal-emergency-relief-administration-fera-photographs.md,14769,Federal Emergency Relief Administration (FERA) Photographs,card,splash_image,/files/Federal_Emergency_Relief_Administration_FERA_Photographs_432x240.jpg,ok,teachinghistory-website/static/files/Federal_Emergency_Relief_Administration_FERA_Photographs_432x240.jpg
teachinghistory-website/content/history-content/website-reviews/federal-township-plats-of-illinois-1804-1891.md,23292,"Federal Township Plats of Illinois, 1804-1891",card,splash_image,/files/Federal_Township_Plats_of_Illinois_1804-1891_432x240.jpg,ok,teachinghistory-website/static/files/Federal_Township_Plats_of_Illinois_1804-1891_432x240.jpg
teachinghistory-website/content/history-content/website-reviews/feeding-america-the-historic-american-cookbook-project.md,23815,Feeding America: The Historic American Cookbook Project,card,splash_image,/files/Feeding_America_432x240.jpg,ok,teachinghistory-website/static/files/Feeding_America_432x240.jpg
teachinghistory-website/content/history-content/website-reviews/fiddle-tunes-of-the-old-frontier-the-henry-reed-collection.md,23311,Fiddle Tunes of the Old Frontier: The Henry Reed Collection,card,splash_image,/files/Fiddle_Tunes_of_the_Old_Frontier-_The_Henry_Reed_Collection_432x240.jpg,ok,teachinghistory-website/static/files/Fiddle_Tunes_of_the_Old_Frontier-_The_Henry_Reed_Collection_432x240.jpg
teachinghistory-website/content/history-content/website-reviews/fifty-years-of-coca-cola-television-advertisements.md,14701,Fifty Years of Coca-Cola Television Advertisements,card,splash_image,/files/Fifty_Years_of_Coca-Cola_Television_432x240.jpg,ok,teachinghistory-website/static/files/Fifty_Years_of_Coca-Cola_Television_432x240.jpg
teachinghistory-website/content/history-content/website-reviews/finding-precedent-the-impeachment-of-andrew-johnson.md,23327,Finding Precedent: The Impeachment of Andrew Johnson,card,splash_image,/files/Finding_Precedent-_The_Impeachment_of_Andrew_Johnson_432x240.jpg,ok,teachinghistory-website/static/files/Finding_Precedent-_The_Impeachment_of_Andrew_Johnson_432x240.jpg
teachinghistory-website/content/history-content/website-reviews/finishing-the-dream-learning-from-the-civil-rights-era.md,25016,Finishing the Dream: Learning from the Civil Rights Era,card,splash_image,/files/finishingthedream432x240.jpg,ok,teachinghistory-website/static/files/finishingthedream432x240.jpg
teachinghistory-website/content/history-content/website-reviews/first-american-west-the-ohio-river-valley-1750-1820.md,14735,"First American West: The Ohio River Valley, 1750-1820",card,splash_image,/files/First_American_West-_The_Ohio_River_Valley_1750-1820_432x240.jpg,ok,teachinghistory-website/static/files/First_American_West-_The_Ohio_River_Valley_1750-1820_432x240.jpg
teachinghistory-website/content/history-content/website-reviews/first-century-of-the-first-state-university-the-creation-of-unc.md,22569,First Century of the First State University: The Creation of UNC,card,splash_image,/files/First_Century_of_the_First_State_University-_The_Creation_of_UNC_432x240.jpg,ok,teachinghistory-website/static/files/First_Century_of_the_First_State_University-_The_Creation_of_UNC_432x240.jpg
teachinghistory-website/content/history-content/website-reviews/first-person-narratives-of-the-american-south-1860-1920.md,22793,"First-Person Narratives of the American South, 1860-1920",card,splash_image,/files/First-PersonNarratives432x240.jpg,ok,teachinghistory-website/static/files/First-PersonNarratives432x240.jpg
teachinghistory-website/content/history-content/website-reviews/first-world-war-the-war-to-end-all-wars.md,14679,First World War: The War to End All Wars,card,splash_image,/files/First_World_War-_The_War_to_End_All_Wars_432x240.jpg,ok,teachinghistory-website/static/files/First_World_War-_The_War_to_End_All_Wars_432x240.jpg
teachinghistory-website/content/history-content/website-reviews/flashing-across-the-country-mr-zip-and-the-zip-code-promotional-campaign.md,25366,Flashing Across the Country: Mr. Zip and the ZIP Code Promotional Campaign,card,splash_image,/files/flashingacrossthe432x240.jpg,ok,teachinghistory-website/static/files/flashingacrossthe432x240.jpg
teachinghistory-website/content/history-content/website-reviews/flint-sit-down-strike.md,14767,Flint Sit-Down Strike,card,splash_image,/files/Flint_Sit-Down_Strike_432x240.jpg,ok,teachinghistory-website/static/files/Flint_Sit-Down_Strike_432x240.jpg
teachinghistory-website/content/history-content/website-reviews/florida-folklife-collection.md,22705,Florida Folklife Collection,card,splash_image,/files/Florida_Folklife_Collection_432x240.jpg,ok,teachinghistory-website/static/files/Florida_Folklife_Collection_432x240.jpg
teachinghistory-website/content/history-content/website-reviews/florida-folklife-from-the-wpa-collections-1937-1942.md,23310,"Florida Folklife from the WPA Collections, 1937-1942",card,splash_image,/files/Florida_Folklife_from_the_WPA_Collections_1937-1942_432x240.jpg,ok,teachinghistory-website/static/files/Florida_Folklife_from_the_WPA_Collections_1937-1942_432x240.jpg
teachinghistory-website/content/history-content/website-reviews/florida-heritage-collection.md,23078,Florida Heritage Collection,card,splash_image,/files/splash-wr-floridaheritage.jpg,ok,teachinghistory-website/static/files/splash-wr-floridaheritage.jpg
teachinghistory-website/content/history-content/website-reviews/florida-state-archives-photographic-collection.md,14715,Florida State Archives Photographic Collection,card,splash_image,/files/Florida_State_Archives_Photographic_Collection_432x240.jpg,ok,teachinghistory-website/static/files/Florida_State_Archives_Photographic_Collection_432x240.jpg
teachinghistory-website/content/history-content/website-reviews/fly-girls.md,22568,Fly Girls,card,splash_image,/files/The_American_Experience-_Fly_Girls_432x240.jpg,ok,teachinghistory-website/static/files/The_American_Experience-_Fly_Girls_432x240.jpg
teachinghistory-website/content/history-content/website-reviews/folkstreams.md,22707,Folkstreams,card,splash_image,/files/Folkstreams432x240.jpg,ok,teachinghistory-website/static/files/Folkstreams432x240.jpg
teachinghistory-website/content/history-content/website-reviews/for-european-recovery-the-fiftieth-anniversary-of-the-marshall-plan.md,23337,For European Recovery: The Fiftieth Anniversary of the Marshall Plan,card,splash_image,/files/For_European_Recovery-_The_Fiftieth_Anniversary_of_the_Marshall_Plan_432x240.jpg,ok,teachinghistory-website/static/files/For_European_Recovery-_The_Fiftieth_Anniversary_of_the_Marshall_Plan_432x240.jpg
teachinghistory-website/content/history-content/website-reviews/for-us-the-living.md,25839,For Us the Living,card,splash_image,/files/forustheliving-thumbnail.png,ok,teachinghistory-website/static/files/forustheliving-thumbnail.png
teachinghistory-website/content/history-content/website-reviews/foreign-relations-of-the-united-states-frus-1861-1960.md,14638,"Foreign Relations of the United States (FRUS), 1861-1960",card,splash_image,/files/Foreign_Relations_of_the_United_States_FRUS_1861-1960_432x240.jpg,ok,teachinghistory-website/static/files/Foreign_Relations_of_the_United_States_FRUS_1861-1960_432x240.jpg
teachinghistory-website/content/history-content/website-reviews/foreign-relations-of-the-united-states-frus-1945-1972.md,23320,"Foreign Relations of the United States (FRUS), 1945-1972",card,splash_image,/files/Foreign_Relations_of_the_United_States_1945-1972_432x240.jpg,ok,teachinghistory-website/static/files/Foreign_Relations_of_the_United_States_1945-1972_432x240.jpg
teachinghistory-website/content/history-content/website-reviews/forests-fields-and-the-falls.md,23279,"Forests, Fields, and the Falls",card,splash_image,/files/Forests_Fields_and_the_Falls_432x240.jpg,ok,teachinghistory-website/static/files/Forests_Fields_and_the_Falls_432x240.jpg
teachinghistory-website/content/history-content/website-reviews/france-in-america.md,14797,France in America,card,splash_image,/files/France_in_America_432x240.jpg,ok,teachinghistory-website/static/files/France_in_America_432x240.jpg
teachinghistory-website/content/history-content/website-reviews/frank-lloyd-wright-designs-for-an-american-landscape-1922-1932.md,22669,Frank Lloyd Wright: Designs for an American Landscape 1922-1932,card,splash_image,/files/FrankLloydWright432x240.jpg,ok,teachinghistory-website/static/files/FrankLloydWright432x240.jpg
teachinghistory-website/content/history-content/website-reviews/franklin-d-roosevelt-presidential-library-and-digital-archives.md,14807,Franklin D. Roosevelt Presidential Library and Digital Archives,card,splash_image,/files/Franklin_D._Roosevelt_Presidential_Library_and_Digital_Archives_432x240.jpg,ok,teachinghistory-website/static/files/Franklin_D._Roosevelt_Presidential_Library_and_Digital_Archives_432x240.jpg
teachinghistory-website/content/history-content/website-reviews/frederick-douglass-national-historic-site-virtual-museum-exhibit.md,25240,Frederick Douglass National Historic Site Virtual Museum Exhibit,card,splash_image,/files/splash-fwr-fds.jpg,ok,teachinghistory-website/static/files/splash-fwr-fds.jpg
teachinghistory-website/content/history-content/website-reviews/free-speech-movement-student-protest-uc-berkeley-1964-65.md,23144,"Free Speech Movement: Student Protest, U.C. Berkeley, 1964-65",card,splash_image,/files/berkleyprotest.jpg,ok,teachinghistory-website/static/files/berkleyprotest.jpg
teachinghistory-website/content/history-content/website-reviews/freedmen-and-southern-society-project.md,22827,Freedmen and Southern Society Project,card,splash_image,/files/splash-wr-freedman.jpg,ok,teachinghistory-website/static/files/splash-wr-freedman.jpg
teachinghistory-website/content/history-content/website-reviews/freedmens-bureau-online.md,14657,Freedmen's Bureau Online,card,splash_image,/files/Freedmens_Bureau_Online_432x240.jpg,ok,teachinghistory-website/static/files/Freedmens_Bureau_Online_432x240.jpg
teachinghistory-website/content/history-content/website-reviews/freedom-a-history-of-us.md,23272,Freedom: A History of Us,card,splash_image,/files/Freedom-_A_History_of_Us_432x240.jpg,ok,teachinghistory-website/static/files/Freedom-_A_History_of_Us_432x240.jpg
teachinghistory-website/content/history-content/website-reviews/freedom-bound-the-underground-railroad-in-lycoming-county-pa.md,22971,"Freedom Bound: The Underground Railroad in Lycoming County, PA",card,splash_image,/files/splash-wr-undergroundly.jpg,ok,teachinghistory-website/static/files/splash-wr-undergroundly.jpg
teachinghistory-website/content/history-content/website-reviews/freedom-now-an-archival-project-of-tougaloo-college-and-brown-university.md,22726,Freedom Now! An Archival Project of Tougaloo College and Brown University,card,splash_image,/files/FreedomNow432x240.jpg,ok,teachinghistory-website/static/files/FreedomNow432x240.jpg
teachinghistory-website/content/history-content/website-reviews/freedom-riders.md,24985,Freedom Riders,card,splash_image,/files/freedomriders432x240.jpg,ok,teachinghistory-website/static/files/freedomriders432x240.jpg
teachinghistory-website/content/history-content/website-reviews/freedom-trail-foundation.md,24154,Freedom Trail Foundation,card,splash_image,/files/splash-wr-freedomtrail.jpg,ok,teachinghistory-website/static/files/splash-wr-freedomtrail.jpg
teachinghistory-website/content/history-content/website-reviews/freedoms-story-teaching-african-american-literature-and-history.md,24400,Freedom's Story: Teaching African American Literature and History,card,splash_image,/files/splash-wr-freedomsstory.jpg,ok,teachinghistory-website/static/files/splash-wr-freedomsstory.jpg
teachinghistory-website/content/history-content/website-reviews/freeze-frame-eadweard-muybridges-photography-of-motion.md,23127,Freeze Frame: Eadweard Muybridge's Photography of Motion,card,splash_image,/files/freezeframe.jpg,ok,teachinghistory-website/static/files/freezeframe.jpg
teachinghistory-website/content/history-content/website-reviews/from-haven-to-home-350-years-of-jewish-life-in-america.md,22738,From Haven to Home: 350 Years of Jewish Life in America,card,splash_image,/files/FromHaven432x240.jpg,ok,teachinghistory-website/static/files/FromHaven432x240.jpg
teachinghistory-website/content/history-content/website-reviews/from-slavery-to-freedom-the-african-american-pamphlet-collection-1822-1909.md,25005,"From Slavery to Freedom: The African-American Pamphlet Collection, 1822-1909",card,splash_image,/files/fromslaveryto432x240.jpg,ok,teachinghistory-website/static/files/fromslaveryto432x240.jpg
teachinghistory-website/content/history-content/website-reviews/frontera-collection-of-mexican-american-music.md,14766,Frontera Collection of Mexican American Music,card,splash_image,/files/Frontera_Collection_of_Mexican_American_Music_432x240.jpg,ok,teachinghistory-website/static/files/Frontera_Collection_of_Mexican_American_Music_432x240.jpg
teachinghistory-website/content/history-content/website-reviews/gardners-photographic-sketch-book-of-the-war.md,23300,Gardner's Photographic Sketch Book of the War,card,splash_image,/files/Gardners_Photographic_Sketch_Book_of_the_War_432x240.jpg,ok,teachinghistory-website/static/files/Gardners_Photographic_Sketch_Book_of_the_War_432x240.jpg
teachinghistory-website/content/history-content/website-reviews/geography-of-slavery-in-america.md,14609,Geography of Slavery in America,card,splash_image,/files/Geography_of_Slavery_in_America_432x240.jpg,ok,teachinghistory-website/static/files/Geography_of_Slavery_in_America_432x240.jpg
teachinghistory-website/content/history-content/website-reviews/george-catlin-and-his-indian-gallery.md,22575,George Catlin and His Indian Gallery,card,splash_image,/files/George_Catlin_and_His_Indian_Gallery_432x240.jpg,ok,teachinghistory-website/static/files/George_Catlin_and_His_Indian_Gallery_432x240.jpg
teachinghistory-website/content/history-content/website-reviews/george-mason-university-electronic-documentary-history.md,22968,George Mason University Electronic Documentary History,card,splash_image,/files/splash-wr-georgemasonu.jpg,ok,teachinghistory-website/static/files/splash-wr-georgemasonu.jpg
teachinghistory-website/content/history-content/website-reviews/george-percival-scriven-an-american-in-bohol-the-philippines-1899-1901.md,22797,"George Percival Scriven: An American in Bohol, The Philippines, 1899-1901",card,splash_image,/files/GeorgePercivalScriven432x240.jpg,ok,teachinghistory-website/static/files/GeorgePercivalScriven432x240.jpg
teachinghistory-website/content/history-content/website-reviews/george-washington-a-national-treasure.md,23209,George Washington:  A National Treasure,card,splash_image,/files/washington.jpg,ok,teachinghistory-website/static/files/washington.jpg
teachinghistory-website/content/history-content/website-reviews/george-washington-papers-1741-1799.md,14652,"George Washington Papers, 1741-1799",card,splash_image,/files/George_Washington_Papers_1741-1799_432x240.jpg,ok,teachinghistory-website/static/files/George_Washington_Papers_1741-1799_432x240.jpg
teachinghistory-website/content/history-content/website-reviews/gerald-r-ford-presidential-library-and-museum.md,23380,Gerald R. Ford Presidential Library and Museum,card,splash_image,/files/Gerald_R._Ford_Presidential_Library_and_Museum_432x240.jpg,ok,teachinghistory-website/static/files/Gerald_R._Ford_Presidential_Library_and_Museum_432x240.jpg
teachinghistory-website/content/history-content/website-reviews/getting-the-message-out-national-political-campaign-materials-1840-1860.md,22622,"Getting the Message Out! National Political Campaign Materials, 1840-1860",card,splash_image,/files/GettingtheMessage432x240.jpg,ok,teachinghistory-website/static/files/GettingtheMessage432x240.jpg
teachinghistory-website/content/history-content/website-reviews/gettysburg-national-military-park-camp-life.md,25057,Gettysburg National Military Park: Camp Life,card,splash_image,/files/splash-wr-cwcamp.jpg,ok,teachinghistory-website/static/files/splash-wr-cwcamp.jpg
teachinghistory-website/content/history-content/website-reviews/ghost-town-gallery.md,23271,Ghost Town Gallery,card,splash_image,/files/Ghost_Town_Gallery_432x240.jpg,ok,teachinghistory-website/static/files/Ghost_Town_Gallery_432x240.jpg
teachinghistory-website/content/history-content/website-reviews/gifts-of-speech-womens-speeches-from-around-the-world.md,14602,Gifts of Speech: Women's Speeches from Around the World,card,splash_image,/files/Gifts_of_Speech-_Womens_Speeches_from_Around_the_World_432x240.jpg,ok,teachinghistory-website/static/files/Gifts_of_Speech-_Womens_Speeches_from_Around_the_World_432x240.jpg
teachinghistory-website/content/history-content/website-reviews/gilded-age-plains-city.md,25025,Gilded Age Plains City,card,splash_image,/files/gildedageplains432x240.jpg,ok,teachinghistory-website/static/files/gildedageplains432x240.jpg
teachinghistory-website/content/history-content/website-reviews/gilder-lehrman-center-for-the-study-of-slavery-resistance-and-abolition.md,23282,"Gilder Lehrman Center for the Study of Slavery, Resistance, and Abolition",card,splash_image,/files/Gilder_Lehrman_Center_for_the_Study_of_Slavery_Resistance_and_Abolition_432x240.jpg,ok,teachinghistory-website/static/files/Gilder_Lehrman_Center_for_the_Study_of_Slavery_Resistance_and_Abolition_432x240.jpg
teachinghistory-website/content/history-content/website-reviews/gilder-lehrman-institute-of-american-history.md,14794,Gilder Lehrman Institute of American History,card,splash_image,/files/Gilder_Lehrman_Institute_of_American_History_432x240.jpg,ok,teachinghistory-website/static/files/Gilder_Lehrman_Institute_of_American_History_432x240.jpg
teachinghistory-website/content/history-content/website-reviews/gilmer-civil-war-maps-collection.md,22620,Gilmer Civil War Maps Collection,card,splash_image,/files/GilmerCivil432x240.jpg,ok,teachinghistory-website/static/files/GilmerCivil432x240.jpg
teachinghistory-website/content/history-content/website-reviews/godeys-ladys-book-online.md,22773,Godey's Lady's Book Online,card,splash_image,/files/GodeysLady432x240.jpg,ok,teachinghistory-website/static/files/GodeysLady432x240.jpg
teachinghistory-website/content/history-content/website-reviews/godeys-ladys-book.md,23338,Godey's Lady's Book,card,splash_image,/files/Godeys_Ladys_Book_432x240.jpg,ok,teachinghistory-website/static/files/Godeys_Ladys_Book_432x240.jpg
teachinghistory-website/content/history-content/website-reviews/gold-rush.md,23069,Gold Rush!,card,splash_image,/files/splash-wr-goldrush.jpg,ok,teachinghistory-website/static/files/splash-wr-goldrush.jpg
teachinghistory-website/content/history-content/website-reviews/goldband-records-every-one-a-musical-treat.md,23028,"Goldband Records: ""Every One a  Musical Treat""",card,splash_image,/files/splash-wr-gold.jpg,ok,teachinghistory-website/static/files/splash-wr-gold.jpg
teachinghistory-website/content/history-content/website-reviews/great-chicago-fire-and-the-web-of-memory.md,14661,Great Chicago Fire and the Web of Memory,card,splash_image,/files/Great_Chicago_Fire_and_the_Web_of_Memory_432x240.jpg,ok,teachinghistory-website/static/files/Great_Chicago_Fire_and_the_Web_of_Memory_432x240.jpg
teachinghistory-website/content/history-content/website-reviews/great-lakes-maritime-history-project.md,23060,Great Lakes Maritime History Project,card,splash_image,/files/splash-wr-lakeswisconsin.jpg,ok,teachinghistory-website/static/files/splash-wr-lakeswisconsin.jpg
teachinghistory-website/content/history-content/website-reviews/guampedia.md,25259,Guampedia,card,splash_image,/files/guampedia432x240.jpg,ok,teachinghistory-website/static/files/guampedia432x240.jpg
teachinghistory-website/content/history-content/website-reviews/gulf-war.md,14831,Gulf War,card,splash_image,/files/Gulf_War_432x240.jpg,ok,teachinghistory-website/static/files/Gulf_War_432x240.jpg
teachinghistory-website/content/history-content/website-reviews/h-net-humanities-and-social-sciences-online.md,22840,H-Net: Humanities and Social Sciences OnLine,card,splash_image,/files/splash-wr-hnet.jpg,ok,teachinghistory-website/static/files/splash-wr-hnet.jpg
teachinghistory-website/content/history-content/website-reviews/hagley-digital-archives.md,23366,Hagley Digital Archives,card,splash_image,/files/Hagley_Digital_Archives_432x240.jpg,ok,teachinghistory-website/static/files/Hagley_Digital_Archives_432x240.jpg
teachinghistory-website/content/history-content/website-reviews/hall-of-black-achievement-gallery.md,23122,Hall of Black Achievement Gallery,card,splash_image,/files/hoba.jpg,ok,teachinghistory-website/static/files/hoba.jpg
teachinghistory-website/content/history-content/website-reviews/handbook-of-texas-online.md,25282,Handbook of Texas Online,card,splash_image,/files/txsplash.jpg,ok,teachinghistory-website/static/files/txsplash.jpg
teachinghistory-website/content/history-content/website-reviews/hannah-arendt-papers.md,23107,Hannah Arendt Papers,card,splash_image,/files/hannaharendt.jpg,ok,teachinghistory-website/static/files/hannaharendt.jpg
teachinghistory-website/content/history-content/website-reviews/hard-hat-riots-an-online-history-project.md,22876,Hard Hat Riots: An Online History Project,card,splash_image,/files/splash-wr-hardhat.jpg,ok,teachinghistory-website/static/files/splash-wr-hardhat.jpg
teachinghistory-website/content/history-content/website-reviews/harlem-history.md,22672,Harlem History,card,splash_image,/files/HarlemHistory.jpg,ok,teachinghistory-website/static/files/HarlemHistory.jpg
teachinghistory-website/content/history-content/website-reviews/harpweek-explore-history.md,14617,HarpWeek: Explore History,card,splash_image,/files/HarpWeek-Explore_History_432x240.jpg,ok,teachinghistory-website/static/files/HarpWeek-Explore_History_432x240.jpg
teachinghistory-website/content/history-content/website-reviews/harrisburgs-old-8th-ward.md,23019,Harrisburg's Old 8th Ward,card,splash_image,/files/splash-wr-8thward.jpg,ok,teachinghistory-website/static/files/splash-wr-8thward.jpg
teachinghistory-website/content/history-content/website-reviews/harvesting-the-river.md,23241,Harvesting the River,card,splash_image,/files/Harvesting_the_River_432x240.jpg,ok,teachinghistory-website/static/files/Harvesting_the_River_432x240.jpg
teachinghistory-website/content/history-content/website-reviews/heading-west-and-touring-west.md,23156,Heading West and Touring West,card,splash_image,/files/headingwest.jpg,ok,teachinghistory-website/static/files/headingwest.jpg
teachinghistory-website/content/history-content/website-reviews/helen-keller-kids-museum.md,22717,Helen Keller Kid's Museum,card,splash_image,/files/HelenKeller432x240.jpg,ok,teachinghistory-website/static/files/HelenKeller432x240.jpg
teachinghistory-website/content/history-content/website-reviews/herb-social-history-for-every-classroom.md,25006,HERB: Social History for Every Classroom,card,splash_image,/files/herb432x240_0.jpg,ok,teachinghistory-website/static/files/herb432x240_0.jpg
teachinghistory-website/content/history-content/website-reviews/herblocks-history-political-cartoons-from-the-crash-to-the-millennium.md,14706,Herblock's History: Political Cartoons from the Crash to the Millennium,card,splash_image,/files/Herblocks_History-_Political_Cartoons_from_the_Crash_to_the_Millennium_432x240.jpg,ok,teachinghistory-website/static/files/Herblocks_History-_Political_Cartoons_from_the_Crash_to_the_Millennium_432x240.jpg
teachinghistory-website/content/history-content/website-reviews/here-is-new-york.md,25103,Here is New York,card,splash_image,/files/hereisnew432x240.jpg,ok,teachinghistory-website/static/files/hereisnew432x240.jpg
teachinghistory-website/content/history-content/website-reviews/hh-bennett-photographer-extraordinaire.md,22736,H.H. Bennett: Photographer Extraordinaire,card,splash_image,/files/HHBennett432x240.jpg,ok,teachinghistory-website/static/files/HHBennett432x240.jpg
teachinghistory-website/content/history-content/website-reviews/hiroshima-peace-site.md,22784,Hiroshima Peace Site,card,splash_image,/files/HiroshimaPeaceSite432x240.jpg,ok,teachinghistory-website/static/files/HiroshimaPeaceSite432x240.jpg
teachinghistory-website/content/history-content/website-reviews/hirshhorn-museum-and-sculpture-garden.md,23215,Hirshhorn Museum and Sculpture Garden,card,splash_image,/files/hirshorn.jpg,ok,teachinghistory-website/static/files/hirshorn.jpg
teachinghistory-website/content/history-content/website-reviews/hispano-music-and-culture-from-the-northern-rio-grande.md,23350,Hispano Music and Culture from the Northern Rio Grande,card,splash_image,/files/Hispano_Music_and_Culture_from_the_Northern_Rio_Grande-_The_Juan_B._Rael_Collection_432x240.jpg,ok,teachinghistory-website/static/files/Hispano_Music_and_Culture_from_the_Northern_Rio_Grande-_The_Juan_B._Rael_Collection_432x240.jpg
teachinghistory-website/content/history-content/website-reviews/historic-american-sheet-music-1850-1920.md,23092,"Historic American Sheet Music, 1850-1920",card,splash_image,/files/splash-wr-ampopmus.jpg,ok,teachinghistory-website/static/files/splash-wr-ampopmus.jpg
teachinghistory-website/content/history-content/website-reviews/historic-government-publications-from-world-war-ii-a-digital-library.md,14689,Historic Government Publications from World War II: A Digital Library,card,splash_image,/files/Historic_Government_Publications_from_World_War_II-_A_Digital_Library_432x240.jpg,ok,teachinghistory-website/static/files/Historic_Government_Publications_from_World_War_II-_A_Digital_Library_432x240.jpg
teachinghistory-website/content/history-content/website-reviews/historic-missouri-newspaper-project.md,22670,Historic Missouri Newspaper Project,card,splash_image,/files/HistoricMissouri432x240.jpg,ok,teachinghistory-website/static/files/HistoricMissouri432x240.jpg
teachinghistory-website/content/history-content/website-reviews/historic-pittsburgh.md,22708,Historic Pittsburgh,card,splash_image,/files/HistoricPittsburgh432x240.jpg,ok,teachinghistory-website/static/files/HistoricPittsburgh432x240.jpg
teachinghistory-website/content/history-content/website-reviews/historic-topographic-maps-of-california.md,23024,Historic Topographic Maps of California,card,splash_image,/files/splash-wr-historictopomaps.jpg,ok,teachinghistory-website/static/files/splash-wr-historictopomaps.jpg
teachinghistory-website/content/history-content/website-reviews/historic-usgs-maps-of-new-england.md,23184,Historic USGS Maps of New England,card,splash_image,/files/usgs.jpg,ok,teachinghistory-website/static/files/usgs.jpg
teachinghistory-website/content/history-content/website-reviews/historical-atlas-of-the-twentieth-century.md,23117,Historical Atlas of the Twentieth Century,card,splash_image,/files/infant.jpg,ok,teachinghistory-website/static/files/infant.jpg
teachinghistory-website/content/history-content/website-reviews/historical-map-and-chart-collection.md,23180,Historical Map and Chart Collection,card,splash_image,/files/Historical_Map_and_Chart_Collection_432x240.jpg,ok,teachinghistory-website/static/files/Historical_Map_and_Chart_Collection_432x240.jpg
teachinghistory-website/content/history-content/website-reviews/historical-maps-of-the-united-states.md,23368,Historical Maps of the United States,card,splash_image,/files/Historical_Maps_of_the_United_States_432x240.jpg,ok,teachinghistory-website/static/files/Historical_Maps_of_the_United_States_432x240.jpg
teachinghistory-website/content/history-content/website-reviews/historical-maps-online.md,23018,Historical Maps Online,card,splash_image,/files/splash-wr-historymaps.jpg,ok,teachinghistory-website/static/files/splash-wr-historymaps.jpg
teachinghistory-website/content/history-content/website-reviews/historical-thinking-matters.md,14693,Historical Thinking Matters,card,splash_image,/files/Historical_Thinking_Matters_432x240.jpg,ok,teachinghistory-website/static/files/Historical_Thinking_Matters_432x240.jpg
teachinghistory-website/content/history-content/website-reviews/history-and-politics-out-loud.md,14694,History and Politics Out Loud,card,splash_image,/files/History_and_Politics_Out_Loud_432x240.jpg,ok,teachinghistory-website/static/files/History_and_Politics_Out_Loud_432x240.jpg
teachinghistory-website/content/history-content/website-reviews/history-cooperative.md,23111,History Cooperative,card,splash_image,/files/cooperative.jpg,ok,teachinghistory-website/static/files/cooperative.jpg
teachinghistory-website/content/history-content/website-reviews/history-explorer.md,24310,History Explorer,card,splash_image,/files/historyexplorer432x240.jpg,ok,teachinghistory-website/static/files/historyexplorer432x240.jpg
teachinghistory-website/content/history-content/website-reviews/history-matters-the-us-survey-course-on-the-web.md,14726,History Matters: The U.S. Survey Course on the Web,card,splash_image,/files/History_Matters-_The_U.S._Survey_Course_on_the_Web_432x240.jpg,ok,teachinghistory-website/static/files/History_Matters-_The_U.S._Survey_Course_on_the_Web_432x240.jpg
teachinghistory-website/content/history-content/website-reviews/history-news-network.md,22338,History News Network,card,splash_image,/files/History_News_Network_432x240.jpg,ok,teachinghistory-website/static/files/History_News_Network_432x240.jpg
teachinghistory-website/content/history-content/website-reviews/history-now-american-history-online.md,23358,History Now: American History Online,card,splash_image,/files/History_Now-_American_History_Online_432x240.jpg,ok,teachinghistory-website/static/files/History_Now-_American_History_Online_432x240.jpg
teachinghistory-website/content/history-content/website-reviews/history-of-american-education-web-project.md,23213,History of American Education Web Project,card,splash_image,/files/historyofamericaned.jpg,ok,teachinghistory-website/static/files/historyofamericaned.jpg
teachinghistory-website/content/history-content/website-reviews/history-of-presidential-elections-site.md,23377,History of Presidential Elections Site,card,splash_image,/files/History_of_Presidential_Elections_Site_432x240.jpg,ok,teachinghistory-website/static/files/History_of_Presidential_Elections_Site_432x240.jpg
teachinghistory-website/content/history-content/website-reviews/history-of-the-american-west-1860-1920.md,14836,"History of the American West, 1860-1920",card,splash_image,/files/History_of_the_American_West_1860-1920_432x240.jpg,ok,teachinghistory-website/static/files/History_of_the_American_West_1860-1920_432x240.jpg
teachinghistory-website/content/history-content/website-reviews/history-of-the-tacoma-narrows-bridge.md,22572,History of the Tacoma Narrows Bridge,card,splash_image,/files/History_of_the_Tacoma_Narrows_Bridge_432x240.jpg,ok,teachinghistory-website/static/files/History_of_the_Tacoma_Narrows_Bridge_432x240.jpg
teachinghistory-website/content/history-content/website-reviews/history-the-national-park-service.md,22820,History: The National Park Service,card,splash_image,/files/History-_The_National_Park_Service_432x240.jpg,ok,teachinghistory-website/static/files/History-_The_National_Park_Service_432x240.jpg
teachinghistory-website/content/history-content/website-reviews/history-through-deaf-eyes.md,23186,History Through Deaf Eyes,card,splash_image,/files/deafeyes.jpg,ok,teachinghistory-website/static/files/deafeyes.jpg
teachinghistory-website/content/history-content/website-reviews/history-unfolded-us-newspapers-and-the-holocaust.md,25818,History Unfolded: US Newspapers and the Holocaust,card,,,fallback_no_image,
teachinghistory-website/content/history-content/website-reviews/historywired-a-few-of-our-favorite-things.md,23178,HistoryWired: A Few of Our Favorite Things,card,splash_image,/files/historywired.jpg,ok,teachinghistory-website/static/files/historywired.jpg
teachinghistory-website/content/history-content/website-reviews/hitting-the-sawdust-trail-with-billy-sunday.md,22808,Hitting the Sawdust Trail With Billy Sunday,card,splash_image,/files/HittingtheSawdust432x240.jpg,ok,teachinghistory-website/static/files/HittingtheSawdust432x240.jpg
teachinghistory-website/content/history-content/website-reviews/home-economics-archive-research-tradition-history.md,22974,"Home Economics Archive: Research, Tradition, History",card,splash_image,/files/splash-wr-homeec.jpg,ok,teachinghistory-website/static/files/splash-wr-homeec.jpg
teachinghistory-website/content/history-content/website-reviews/home-sweet-home-life-in-19th-century-ohio.md,22643,Home Sweet Home: Life in 19th-Century Ohio,card,splash_image,/files/HomeSweetHome432x240.jpg,ok,teachinghistory-website/static/files/HomeSweetHome432x240.jpg
teachinghistory-website/content/history-content/website-reviews/homicide-in-chicago-1870-1930.md,25647,Homicide in Chicago 1870-1930,card,splash_image,/files/splash-homicide.jpg,ok,teachinghistory-website/static/files/splash-homicide.jpg
teachinghistory-website/content/history-content/website-reviews/hope-for-america.md,25218,Hope for America,card,splash_image,/files/hopesplash.jpg,ok,teachinghistory-website/static/files/hopesplash.jpg
teachinghistory-website/content/history-content/website-reviews/hsi-historical-scene-investigation.md,24983,HSI: Historical Scene Investigation,card,splash_image,/files/hsi432x240.jpg,ok,teachinghistory-website/static/files/hsi432x240.jpg
teachinghistory-website/content/history-content/website-reviews/humors-edge.md,23017,Humor's Edge,card,splash_image,/files/splash-wr-humorsedge.jpg,ok,teachinghistory-website/static/files/splash-wr-humorsedge.jpg
teachinghistory-website/content/history-content/website-reviews/hypertext-on-american-history-from-the-colonial-period-until-modern-times.md,14713,Hypertext on American History from the Colonial Period until Modern Times,card,splash_image,/files/Hypertext_on_American_History_from_the_Colonial_Period_until_Modern_Times_432x240.jpg,ok,teachinghistory-website/static/files/Hypertext_on_American_History_from_the_Colonial_Period_until_Modern_Times_432x240.jpg
teachinghistory-website/content/history-content/website-reviews/icivics.md,25018,iCivics,card,splash_image,/files/icivics432x240.jpg,ok,teachinghistory-website/static/files/icivics432x240.jpg
teachinghistory-website/content/history-content/website-reviews/idea-of-america.md,25230,Idea of America,card,splash_image,/files/ideaofamerica432x240.jpg,ok,teachinghistory-website/static/files/ideaofamerica432x240.jpg
teachinghistory-website/content/history-content/website-reviews/illinois-digital-archives.md,22709,Illinois Digital Archives,card,splash_image,/files/catsplash.jpg,ok,teachinghistory-website/static/files/catsplash.jpg
teachinghistory-website/content/history-content/website-reviews/illinois-during-the-gilded-age.md,22688,Illinois During the Gilded Age,card,splash_image,/files/IllinoisintheGilded432x240.jpg,ok,teachinghistory-website/static/files/IllinoisintheGilded432x240.jpg
teachinghistory-website/content/history-content/website-reviews/images-of-african-americans-from-the-19th-century.md,23353,Images of African Americans from the 19th Century,card,splash_image,/files/Images_of_African_Americans_from_the_19th_Century_432x240.jpg,ok,teachinghistory-website/static/files/Images_of_African_Americans_from_the_19th_Century_432x240.jpg
teachinghistory-website/content/history-content/website-reviews/images-of-african-americans-from-the-cook-collection-of-photographs.md,23266,Images of African Americans from the Cook Collection of Photographs,card,splash_image,/files/Through_the_Lens_of_Time-_Images_of_African_Americans_from_the_Cook_Collection_of_Photographs_432x240.jpg,ok,teachinghistory-website/static/files/Through_the_Lens_of_Time-_Images_of_African_Americans_from_the_Cook_Collection_of_Photographs_432x240.jpg
teachinghistory-website/content/history-content/website-reviews/images-of-battle-selected-civil-war-letters.md,22771,Images of Battle: Selected Civil War Letters,card,splash_image,/files/CivilWarManuscripts432x240.jpg,ok,teachinghistory-website/static/files/CivilWarManuscripts432x240.jpg
teachinghistory-website/content/history-content/website-reviews/images-of-native-americans.md,14795,Images of Native Americans,card,splash_image,/files/Images_of_Native_Americans_432x240.jpg,ok,teachinghistory-website/static/files/Images_of_Native_Americans_432x240.jpg
teachinghistory-website/content/history-content/website-reviews/impeachment-trial-of-andrew-johnson.md,23385,Impeachment Trial of Andrew Johnson,card,splash_image,/files/Impeachment_Trial_of_Andrew_Johnson_432x240.jpg,ok,teachinghistory-website/static/files/Impeachment_Trial_of_Andrew_Johnson_432x240.jpg
teachinghistory-website/content/history-content/website-reviews/in-motion-the-african-american-migration-experience.md,14796,In Motion: The African-American Migration Experience,card,splash_image,/files/In_Motion-_The_African-American_Migration_Experience_432x240.jpg,ok,teachinghistory-website/static/files/In_Motion-_The_African-American_Migration_Experience_432x240.jpg
teachinghistory-website/content/history-content/website-reviews/indian-affairs-laws-and-treaties.md,14634,Indian Affairs: Laws and Treaties,card,splash_image,/files/Indian_Affairs_432x240.jpg,ok,teachinghistory-website/static/files/Indian_Affairs_432x240.jpg
teachinghistory-website/content/history-content/website-reviews/indian-peoples-of-the-northern-great-plains.md,14844,Indian Peoples of the Northern Great Plains,card,splash_image,/files/Indian_Peoples_of_the_Northern_Great_Plains_432x240.jpg,ok,teachinghistory-website/static/files/Indian_Peoples_of_the_Northern_Great_Plains_432x240.jpg
teachinghistory-website/content/history-content/website-reviews/indiana-historical-society-digital-image-collections.md,24149,Indiana Historical Society Digital Image Collections,card,splash_image,/files/splash-wr-indianaphoto.jpg,ok,teachinghistory-website/static/files/splash-wr-indianaphoto.jpg
teachinghistory-website/content/history-content/website-reviews/industrial-research-and-development-information-system.md,23188,Industrial Research and Development Information System,card,splash_image,/files/industrialresearch.jpg,ok,teachinghistory-website/static/files/industrialresearch.jpg
teachinghistory-website/content/history-content/website-reviews/inside-an-american-factory-films-of-the-westinghouse-works-1904.md,23347,"Inside an American Factory: Films of the Westinghouse Works, 1904",card,splash_image,/files/Inside_an_American_Factory-_Films_of_the_Westinghouse_Works_1904_432x240.jpg,ok,teachinghistory-website/static/files/Inside_an_American_Factory-_Films_of_the_Westinghouse_Works_1904_432x240.jpg
teachinghistory-website/content/history-content/website-reviews/integrated-public-use-microdata-series.md,23396,Integrated Public Use Microdata Series,card,splash_image,/files/Integrated_Public_Use_Microdata_Series_432x240.jpg,ok,teachinghistory-website/static/files/Integrated_Public_Use_Microdata_Series_432x240.jpg
teachinghistory-website/content/history-content/website-reviews/inter-university-consortium-for-political-and-social-research.md,14842,Inter-University Consortium for Political and Social Research,card,splash_image,/files/Inter-University_Consortium_for_Political_and_Social_Research_432x240.jpg,ok,teachinghistory-website/static/files/Inter-University_Consortium_for_Political_and_Social_Research_432x240.jpg
teachinghistory-website/content/history-content/website-reviews/international-center-of-photography.md,24160,International Center of Photography,card,splash_image,/files/ICP_splash.jpg,ok,teachinghistory-website/static/files/ICP_splash.jpg
teachinghistory-website/content/history-content/website-reviews/internet-moving-images-archive.md,14627,Internet Moving Images Archive,card,splash_image,/files/Internet_Moving_Images_Archive_432x240.jpg,ok,teachinghistory-website/static/files/Internet_Moving_Images_Archive_432x240.jpg
teachinghistory-website/content/history-content/website-reviews/interpreting-the-declaration-of-independence-by-translation.md,23161,Interpreting the Declaration of Independence by Translation,card,splash_image,/files/dec.jpg,ok,teachinghistory-website/static/files/dec.jpg
teachinghistory-website/content/history-content/website-reviews/inventing-entertainment-the-early-innovations-of-the-edison-companies.md,14673,Inventing Entertainment: The Early Innovations of the Edison Companies,card,splash_image,/files/Inventing_Entertainment-_The_Early_Motion_Pictures_and_Sound_Recordings_of_the_Edison_Companies_432x240.jpg,ok,teachinghistory-website/static/files/Inventing_Entertainment-_The_Early_Motion_Pictures_and_Sound_Recordings_of_the_Edison_Companies_432x240.jpg
teachinghistory-website/content/history-content/website-reviews/investigating-the-vietnam-war.md,22870,Investigating the Vietnam War,card,splash_image,/files/splash-wr-vietwar.jpg,ok,teachinghistory-website/static/files/splash-wr-vietwar.jpg
teachinghistory-website/content/history-content/website-reviews/invincible-cities.md,22702,Invincible Cities,card,splash_image,/files/InvincibleCities432x240.jpg,ok,teachinghistory-website/static/files/InvincibleCities432x240.jpg
teachinghistory-website/content/history-content/website-reviews/iwitness.md,25467,IWitness,card,splash_image,/files/iwitness432x240.jpg,ok,teachinghistory-website/static/files/iwitness432x240.jpg
teachinghistory-website/content/history-content/website-reviews/jackie-robinson-and-other-baseball-highlights-1860s-1960s.md,22810,"Jackie Robinson and Other Baseball Highlights, 1860s-1960s",card,splash_image,/files/ByPopularDemand432x240.jpg,ok,teachinghistory-website/static/files/ByPopularDemand432x240.jpg
teachinghistory-website/content/history-content/website-reviews/jacob-lawrence-exploring-stories.md,23262,Jacob Lawrence: Exploring Stories,card,splash_image,/files/JacobLawrence432x240.jpg,ok,teachinghistory-website/static/files/JacobLawrence432x240.jpg
teachinghistory-website/content/history-content/website-reviews/jacob-lawrence-over-the-line.md,22652,Jacob Lawrence: Over the Line,card,splash_image,/files/JacobLawrence.jpg,ok,teachinghistory-website/static/files/JacobLawrence.jpg
teachinghistory-website/content/history-content/website-reviews/james-fenimore-cooper-society.md,23098,James Fenimore Cooper Society,card,splash_image,/files/splash-wr-cooperjames.jpg,ok,teachinghistory-website/static/files/splash-wr-cooperjames.jpg
teachinghistory-website/content/history-content/website-reviews/james-madison-papers.md,14651,James Madison Papers,card,splash_image,/files/James_Madison_Papers_432x240.jpg,ok,teachinghistory-website/static/files/James_Madison_Papers_432x240.jpg
teachinghistory-website/content/history-content/website-reviews/japanese-american-internment.md,22777,Japanese-American Internment,card,splash_image,/files/Japanese-American-432x240.jpg,ok,teachinghistory-website/static/files/Japanese-American-432x240.jpg
teachinghistory-website/content/history-content/website-reviews/japanese-american-national-museum-collections.md,25481,Japanese American National Museum Collections,card,splash_image,/files/japaneseamericannational432x240.jpg,ok,teachinghistory-website/static/files/japaneseamericannational432x240.jpg
teachinghistory-website/content/history-content/website-reviews/jazz-a-film-by-ken-burns.md,23080,Jazz: A Film by Ken Burns,card,splash_image,/files/splash-wr-kenburnsjazz.jpg,ok,teachinghistory-website/static/files/splash-wr-kenburnsjazz.jpg
teachinghistory-website/content/history-content/website-reviews/jeffersons-blood.md,23382,Jefferson's Blood,card,splash_image,/files/Jeffersons_Blood_432x240.jpg,ok,teachinghistory-website/static/files/Jeffersons_Blood_432x240.jpg
teachinghistory-website/content/history-content/website-reviews/jewish-american-history-on-the-web.md,23354,Jewish American History on the Web,card,splash_image,/files/Jewish_American_History_on_the_Web_432x240.jpg,ok,teachinghistory-website/static/files/Jewish_American_History_on_the_Web_432x240.jpg
teachinghistory-website/content/history-content/website-reviews/jewish-women-and-the-feminist-revolution.md,22704,Jewish Women and the Feminist Revolution,card,splash_image,/files/JewishWomen432x240.jpg,ok,teachinghistory-website/static/files/JewishWomen432x240.jpg
teachinghistory-website/content/history-content/website-reviews/jewish-womens-archive.md,14754,Jewish Women's Archive,card,splash_image,/files/Jewish_Womens_Archive_432x240.jpg,ok,teachinghistory-website/static/files/Jewish_Womens_Archive_432x240.jpg
teachinghistory-website/content/history-content/website-reviews/jews-in-america-our-story.md,14640,Jews in America: Our Story,card,splash_image,/files/Jews_in_America-_Our_Story_432x240.jpg,ok,teachinghistory-website/static/files/Jews_in_America-_Our_Story_432x240.jpg
teachinghistory-website/content/history-content/website-reviews/jim-crow-museum-of-racist-memorabilia.md,23252,Jim Crow Museum of Racist Memorabilia,card,splash_image,/files/Jim_Crow_Museum_of_Racist_Memorabilia_432x240.jpg,ok,teachinghistory-website/static/files/Jim_Crow_Museum_of_Racist_Memorabilia_432x240.jpg
teachinghistory-website/content/history-content/website-reviews/jimmy-carter.md,22578,Jimmy Carter,card,splash_image,/files/American_Experience-_Jimmy_Carter_432x240.jpg,ok,teachinghistory-website/static/files/American_Experience-_Jimmy_Carter_432x240.jpg
teachinghistory-website/content/history-content/website-reviews/jo-freemancom.md,23124,Jo Freeman.com,card,splash_image,/files/jofreeman.jpg,ok,teachinghistory-website/static/files/jofreeman.jpg
teachinghistory-website/content/history-content/website-reviews/joe-hill.md,25021,Joe Hill,card,splash_image,/files/joehill432x240.jpg,ok,teachinghistory-website/static/files/joehill432x240.jpg
teachinghistory-website/content/history-content/website-reviews/john-brown-and-the-valley-of-the-shadow.md,23323,John Brown and the Valley of the Shadow,card,splash_image,/files/John_Brown_and_the_Valley_of_the_Shadow_432x240.jpg,ok,teachinghistory-website/static/files/John_Brown_and_the_Valley_of_the_Shadow_432x240.jpg
teachinghistory-website/content/history-content/website-reviews/john-browns-holy-war.md,23405,John Brown's Holy War,card,splash_image,/files/The_American_Experience-_John_Browns_Holy_War_432x240.jpg,ok,teachinghistory-website/static/files/The_American_Experience-_John_Browns_Holy_War_432x240.jpg
teachinghistory-website/content/history-content/website-reviews/john-f-kennedy-presidential-library-and-museum.md,23575,John F. Kennedy Presidential Library and Museum,card,splash_image,/files/JFK_Library_432x240.jpg,ok,teachinghistory-website/static/files/JFK_Library_432x240.jpg
teachinghistory-website/content/history-content/website-reviews/jonathan-edwards-online.md,23004,Jonathan Edwards Online,card,splash_image,/files/splash-wr-je.jpg,ok,teachinghistory-website/static/files/splash-wr-je.jpg
teachinghistory-website/content/history-content/website-reviews/journals-of-the-lewis-and-clark-expedition.md,14611,Journals of the Lewis and Clark Expedition,card,splash_image,/files/Journals_of_the_Lewis_and_Clark_Expedition_432x240.jpg,ok,teachinghistory-website/static/files/Journals_of_the_Lewis_and_Clark_Expedition_432x240.jpg
teachinghistory-website/content/history-content/website-reviews/july-1942-united-we-stand.md,23237,July 1942: United We Stand,card,splash_image,/files/july1942.jpg,ok,teachinghistory-website/static/files/july1942.jpg
teachinghistory-website/content/history-content/website-reviews/kate-and-sue-mcbeth-missionary-teachers-to-the-nez-perce.md,14663,"Kate and Sue McBeth, Missionary Teachers to the Nez Perce",card,splash_image,/files/Kate_and_Sue_McBeth_Missionary_Teachers_to_the_Nez_Perce_Indians_432x240.jpg,ok,teachinghistory-website/static/files/Kate_and_Sue_McBeth_Missionary_Teachers_to_the_Nez_Perce_Indians_432x240.jpg
teachinghistory-website/content/history-content/website-reviews/keffer-collection-of-sheet-music-ca-1790-1895.md,23150,"Keffer Collection of Sheet Music, ca. 1790-1895",card,splash_image,/files/Keffer_Collection_of_Sheet_Music_ca._1790-1895_432x240.jpg,ok,teachinghistory-website/static/files/Keffer_Collection_of_Sheet_Music_ca._1790-1895_432x240.jpg
teachinghistory-website/content/history-content/website-reviews/kellogg-african-american-health-care-project-the-oral-histories.md,23108,Kellogg African American Health Care Project: The Oral Histories,card,splash_image,/files/kellogg.jpg,ok,teachinghistory-website/static/files/kellogg.jpg
teachinghistory-website/content/history-content/website-reviews/kennedy-and-castro-the-secret-history.md,22983,Kennedy and Castro: The Secret History,card,splash_image,/files/splash-wr-jfkcastro.jpg,ok,teachinghistory-website/static/files/splash-wr-jfkcastro.jpg
teachinghistory-website/content/history-content/website-reviews/kentuckiana-digital-library.md,14718,Kentuckiana Digital Library,card,splash_image,/files/Kentuckiana_Digital_Library_432x240.jpg,ok,teachinghistory-website/static/files/Kentuckiana_Digital_Library_432x240.jpg
teachinghistory-website/content/history-content/website-reviews/kheel-center-labor-photos.md,23576,Kheel Center Labor Photos,card,splash_image,/files/Kheel_432x240.jpg,ok,teachinghistory-website/static/files/Kheel_432x240.jpg
teachinghistory-website/content/history-content/website-reviews/kiowa-drawings.md,23231,Kiowa Drawings,card,splash_image,/files/kionadrawings.jpg,ok,teachinghistory-website/static/files/kionadrawings.jpg
teachinghistory-website/content/history-content/website-reviews/knowing-poe.md,23278,Knowing Poe,card,splash_image,/files/Knowing_Poe_432x240.jpg,ok,teachinghistory-website/static/files/Knowing_Poe_432x240.jpg
teachinghistory-website/content/history-content/website-reviews/knowla-encyclopedia-of-louisiana.md,25278,KnowLA: Encyclopedia of Louisiana,card,splash_image,/files/lasplash.png,ok,teachinghistory-website/static/files/lasplash.png
teachinghistory-website/content/history-content/website-reviews/korea-50-no-longer-forgotten.md,23172,Korea + 50: No Longer Forgotten,card,splash_image,/files/korea50.jpg,ok,teachinghistory-website/static/files/korea50.jpg
teachinghistory-website/content/history-content/website-reviews/korean-american-digital-archive.md,23103,Korean American Digital Archive,card,splash_image,/files/splash-wr-korean-americans.jpg,ok,teachinghistory-website/static/files/splash-wr-korean-americans.jpg
teachinghistory-website/content/history-content/website-reviews/labor-arts.md,23165,Labor Arts,card,splash_image,/files/laborarts.jpg,ok,teachinghistory-website/static/files/laborarts.jpg
teachinghistory-website/content/history-content/website-reviews/lakota-winter-counts.md,14723,Lakota Winter Counts,card,splash_image,/files/Lakota_Winter_Counts_432x240.jpg,ok,teachinghistory-website/static/files/Lakota_Winter_Counts_432x240.jpg
teachinghistory-website/content/history-content/website-reviews/land-of-unequal-opportunity.md,23608,Land of (Unequal) Opportunity,card,splash_image,/files/UnequalOpportunity_432x240.jpg,ok,teachinghistory-website/static/files/UnequalOpportunity_432x240.jpg
teachinghistory-website/content/history-content/website-reviews/landmark-supreme-court-cases.md,22282,Landmark Supreme Court Cases,card,splash_image,/files/Landmark_Supreme_Court_Cases_432x240.jpg,ok,teachinghistory-website/static/files/Landmark_Supreme_Court_Cases_432x240.jpg
teachinghistory-website/content/history-content/website-reviews/las-vegas-an-unconventional-history.md,22696,Las Vegas: An Unconventional History,card,splash_image,/files/LasVegas432x240.jpg,ok,teachinghistory-website/static/files/LasVegas432x240.jpg
teachinghistory-website/content/history-content/website-reviews/laura-jernegan-girl-on-a-whaleship.md,24550,Laura Jernegan: Girl on a Whaleship,card,splash_image,/files/splash-wr-girlwhale.jpg,ok,teachinghistory-website/static/files/splash-wr-girlwhale.jpg
teachinghistory-website/content/history-content/website-reviews/lawrence-denny-lindsley-photographs.md,22644,Lawrence Denny Lindsley Photographs,card,splash_image,/files/Lawrence_Denny_Lindsley_Photographs_432x240.jpg,ok,teachinghistory-website/static/files/Lawrence_Denny_Lindsley_Photographs_432x240.jpg
teachinghistory-website/content/history-content/website-reviews/lbj-oral-history-project-online.md,22573,LBJ Oral History Project Online,card,splash_image,/files/LBJ_Oral_History_Project_Online_432x240.jpg,ok,teachinghistory-website/static/files/LBJ_Oral_History_Project_Online_432x240.jpg
teachinghistory-website/content/history-content/website-reviews/legacy-tobacco-documents-library.md,14702,Legacy Tobacco Documents Library,card,splash_image,/files/Legacy_Tobacco_Documents_Library_432x240.jpg,ok,teachinghistory-website/static/files/Legacy_Tobacco_Documents_Library_432x240.jpg
teachinghistory-website/content/history-content/website-reviews/legal-information-institute-supreme-court-collection.md,22280,Legal Information Institute: Supreme Court Collection,card,splash_image,/files/Legal_Information_Institute-_Supreme_Court_Collection_432x240.jpg,ok,teachinghistory-website/static/files/Legal_Information_Institute-_Supreme_Court_Collection_432x240.jpg
teachinghistory-website/content/history-content/website-reviews/leslie-brock-center-for-the-study-of-colonial-currency-university-of-virginia.md,23360,"Leslie Brock Center for the Study of Colonial Currency, University of Virginia",card,splash_image,/files/Leslie_Brock_Center_for_the_Study_of_Colonial_Currency_University_of_Virginia_432x240.jpg,ok,teachinghistory-website/static/files/Leslie_Brock_Center_for_the_Study_of_Colonial_Currency_University_of_Virginia_432x240.jpg
teachinghistory-website/content/history-content/website-reviews/lesson-plans-library.md,23204,Lesson Plans Library,card,splash_image,/files/Lesson_Plans_Library_432x240.jpg,ok,teachinghistory-website/static/files/Lesson_Plans_Library_432x240.jpg
teachinghistory-website/content/history-content/website-reviews/lest-we-forget-the-triumph-over-slavery.md,22737,Lest We Forget: The Triumph Over Slavery,card,splash_image,/files/LestWeForget432x240.jpg,ok,teachinghistory-website/static/files/LestWeForget432x240.jpg
teachinghistory-website/content/history-content/website-reviews/lester-s-levy-collection-of-sheet-music.md,14655,Lester S. Levy Collection of Sheet Music,card,splash_image,/files/Lester_S._Levy_Collection_of_Sheet_Music_432x240.jpg,ok,teachinghistory-website/static/files/Lester_S._Levy_Collection_of_Sheet_Music_432x240.jpg
teachinghistory-website/content/history-content/website-reviews/letters-from-an-iowa-soldier-in-the-civil-war.md,22770,Letters from an Iowa Soldier in the Civil War,card,splash_image,/files/LettersfromanIowa432x240.jpg,ok,teachinghistory-website/static/files/LettersfromanIowa432x240.jpg
teachinghistory-website/content/history-content/website-reviews/lewis-and-clark-maps-of-exploration-1507-1814.md,22845,Lewis and Clark: Maps of Exploration 1507-1814,card,splash_image,/files/splash-wr-maps-lnc.jpg,ok,teachinghistory-website/static/files/splash-wr-maps-lnc.jpg
teachinghistory-website/content/history-content/website-reviews/lewis-and-clark-the-journey-of-the-corps-of-discovery.md,22867,Lewis and Clark: The Journey of the Corps of Discovery,card,splash_image,/files/splash-wr-lct.jpg,ok,teachinghistory-website/static/files/splash-wr-lct.jpg
teachinghistory-website/content/history-content/website-reviews/lexisnexis.md,22646,LexisNexis,card,splash_image,/files/LexisNexis432x240.jpg,ok,teachinghistory-website/static/files/LexisNexis432x240.jpg
teachinghistory-website/content/history-content/website-reviews/liberian-letters.md,22655,Liberian Letters,card,splash_image,/files/LiberianLetters432x240.jpg,ok,teachinghistory-website/static/files/LiberianLetters432x240.jpg
teachinghistory-website/content/history-content/website-reviews/liberty-rhetoric-and-19th-century-american-women.md,23307,Liberty Rhetoric and 19th-Century American Women,card,splash_image,/files/iberty_Rhetoric_and_19th-Century_American_Women_432x240.jpg,ok,teachinghistory-website/static/files/iberty_Rhetoric_and_19th-Century_American_Women_432x240.jpg
teachinghistory-website/content/history-content/website-reviews/liberty-the-american-revolution.md,23370,Liberty! The American Revolution,card,splash_image,/files/Liberty_The_American_Revolution_432x240.jpg,ok,teachinghistory-website/static/files/Liberty_The_American_Revolution_432x240.jpg
teachinghistory-website/content/history-content/website-reviews/library-of-american-broadcasting-sound-bites.md,23183,Library of American Broadcasting Sound Bites,card,splash_image,/files/americanbroadcasting.jpg,ok,teachinghistory-website/static/files/americanbroadcasting.jpg
teachinghistory-website/content/history-content/website-reviews/library-of-congress-webcasts.md,22722,Library of Congress: Webcasts,card,splash_image,/files/LibraryofCongress432x240_0.jpg,ok,teachinghistory-website/static/files/LibraryofCongress432x240_0.jpg
teachinghistory-website/content/history-content/website-reviews/library-of-southern-literature.md,23578,Library of Southern Literature,card,splash_image,/files/SouthernLiterature_432x240.jpg,ok,teachinghistory-website/static/files/SouthernLiterature_432x240.jpg
teachinghistory-website/content/history-content/website-reviews/library-of-virginia-digital-library-program.md,14788,Library of Virginia Digital Library Program,card,splash_image,/files/Library_of_Virginia_Digital_Library_Program_432x240.jpg,ok,teachinghistory-website/static/files/Library_of_Virginia_Digital_Library_Program_432x240.jpg
teachinghistory-website/content/history-content/website-reviews/life-after-the-holocaust-stories-of-holocaust-survivors-after-the-war.md,22607,Life After the Holocaust: Stories of Holocaust Survivors After The War,card,splash_image,/files/LifeAfter432x240.jpg,ok,teachinghistory-website/static/files/LifeAfter432x240.jpg
teachinghistory-website/content/history-content/website-reviews/life-interrupted-the-japanese-american-experience-in-ww-ii-arkansas.md,23277,Life Interrupted: The Japanese American Experience in WW II Arkansas,card,splash_image,/files/Life_Interrupted-_The_Japanese_American_Experience_in_WW_II_Arkansas_432x240.jpg,ok,teachinghistory-website/static/files/Life_Interrupted-_The_Japanese_American_Experience_in_WW_II_Arkansas_432x240.jpg
teachinghistory-website/content/history-content/website-reviews/lift-every-voice-music-in-american-life.md,23199,Lift Every Voice: Music in American Life,card,splash_image,/files/lifteveryvoice.jpg,ok,teachinghistory-website/static/files/lifteveryvoice.jpg
teachinghistory-website/content/history-content/website-reviews/like-a-family-the-making-of-a-southern-cotton-mill-world.md,14674,Like a Family: The Making of a Southern Cotton Mill World,card,splash_image,/files/Like_a_Family-_The_Making_of_a_Southern_Cotton_Mill_World_432x240.jpg,ok,teachinghistory-website/static/files/Like_a_Family-_The_Making_of_a_Southern_Cotton_Mill_World_432x240.jpg
teachinghistory-website/content/history-content/website-reviews/lincoln-archives-digital-project.md,24016,Lincoln Archives Digital Project,card,splash_image,/files/LincolnArchive_432x240.jpg,ok,teachinghistory-website/static/files/LincolnArchive_432x240.jpg
teachinghistory-website/content/history-content/website-reviews/lincoln-douglas-debates-of-1858.md,24986,Lincoln-Douglas Debates of 1858,card,splash_image,/files/lincolndouglasdebates432x240.jpg,ok,teachinghistory-website/static/files/lincolndouglasdebates432x240.jpg
teachinghistory-website/content/history-content/website-reviews/linus-pauling-and-the-race-for-dna-a-documentary-history.md,23261,Linus Pauling and the Race for DNA:  A Documentary History,card,splash_image,/files/Linus_Pauling_and_the_Race_for_DNA-_A_Documentary_History_432x240.jpg,ok,teachinghistory-website/static/files/Linus_Pauling_and_the_Race_for_DNA-_A_Documentary_History_432x240.jpg
teachinghistory-website/content/history-content/website-reviews/linus-pauling-research-notebooks.md,23208,Linus Pauling Research Notebooks,card,splash_image,/files/linuspauling.jpg,ok,teachinghistory-website/static/files/linuspauling.jpg
teachinghistory-website/content/history-content/website-reviews/lionel-hampton-his-life-and-legacy.md,22571,Lionel Hampton: His Life and Legacy,card,splash_image,/files/Lionel_Hampton-_His_Life_and_Legacy_432x240.jpg,ok,teachinghistory-website/static/files/Lionel_Hampton-_His_Life_and_Legacy_432x240.jpg
teachinghistory-website/content/history-content/website-reviews/listening-to-our-ancestors-the-art-of-native-life-along-the-north-pacific-coast.md,22645,Listening to Our Ancestors: The Art of Native Life Along the North Pacific Coast,card,splash_image,/files/ListeningtoOur432x240.jpg,ok,teachinghistory-website/static/files/ListeningtoOur432x240.jpg
teachinghistory-website/content/history-content/website-reviews/literature-and-culture-of-the-american-1950s.md,14841,Literature and Culture of the American 1950s,card,splash_image,/files/Literature_and_Culture_of_the_American_1950s_432x240.jpg,ok,teachinghistory-website/static/files/Literature_and_Culture_of_the_American_1950s_432x240.jpg
teachinghistory-website/content/history-content/website-reviews/little-cowpuncher-rural-school-newspaper-of-southern-arizona.md,23056,Little Cowpuncher: Rural School Newspaper of Southern Arizona,card,splash_image,/files/splash-wr-littlecowpuncher.jpg,ok,teachinghistory-website/static/files/splash-wr-littlecowpuncher.jpg
teachinghistory-website/content/history-content/website-reviews/living-new-deal-project.md,25144,Living New Deal Project,card,splash_image,/files/livingnewdeal432x240.jpg,ok,teachinghistory-website/static/files/livingnewdeal432x240.jpg
teachinghistory-website/content/history-content/website-reviews/living-room-candidate-presidential-campaign-commercials-1952-2008.md,14630,"Living Room Candidate: Presidential Campaign Commercials, 1952-2008",card,splash_image,/files/Living_Room_Candidate-_A_History_of_Presidential_Campaign_Commercials_1952-2008_432x240.jpg,ok,teachinghistory-website/static/files/Living_Room_Candidate-_A_History_of_Presidential_Campaign_Commercials_1952-2008_432x240.jpg
teachinghistory-website/content/history-content/website-reviews/living-the-legacy-the-womens-rights-movement-1848-1998.md,22803,"Living the Legacy: The Women's Rights Movement, 1848-1998",card,splash_image,/files/LivingtheLegacy432x240.jpg,ok,teachinghistory-website/static/files/LivingtheLegacy432x240.jpg
teachinghistory-website/content/history-content/website-reviews/living-voices-voces-vivas.md,23206,"Living Voices, Voces Vivas",card,splash_image,/files/livingvoices.jpg,ok,teachinghistory-website/static/files/livingvoices.jpg
teachinghistory-website/content/history-content/website-reviews/los-angeles-public-library-photo-collection.md,24146,Los Angeles Public Library Photo Collection,card,splash_image,/files/splash-wr-lapublib.jpg,ok,teachinghistory-website/static/files/splash-wr-lapublib.jpg
teachinghistory-website/content/history-content/website-reviews/lost-museum.md,14659,Lost Museum,card,splash_image,/files/The_Lost_Museum_432x240.jpg,ok,teachinghistory-website/static/files/The_Lost_Museum_432x240.jpg
teachinghistory-website/content/history-content/website-reviews/louisiana-state-museum-jazz-collection.md,22700,Louisiana State Museum Jazz Collection,card,splash_image,/files/LouisianaState432x240.jpg,ok,teachinghistory-website/static/files/LouisianaState432x240.jpg
teachinghistory-website/content/history-content/website-reviews/lower-east-side-tenement-museum.md,24145,Lower East Side Tenement Museum,card,splash_image,/files/splash-wr-letm.jpg,ok,teachinghistory-website/static/files/splash-wr-letm.jpg
teachinghistory-website/content/history-content/website-reviews/lyndon-baines-johnson-library-and-museum.md,14848,Lyndon Baines Johnson Library and Museum,card,splash_image,/files/Lyndon_Baines_Johnson_Library_and_Museum_432x240.jpg,ok,teachinghistory-website/static/files/Lyndon_Baines_Johnson_Library_and_Museum_432x240.jpg
teachinghistory-website/content/history-content/website-reviews/madison-celebrating-150-years.md,22611,Madison: Celebrating 150 Years,card,splash_image,/files/Madison432x240.jpg,ok,teachinghistory-website/static/files/Madison432x240.jpg
teachinghistory-website/content/history-content/website-reviews/magic-illusion-and-detection-in-turn-of-the-century-america.md,22839,"Magic, Illusion, and Detection in Turn of the Century America",card,splash_image,/files/splash-wr-detection.jpg,ok,teachinghistory-website/static/files/splash-wr-detection.jpg
teachinghistory-website/content/history-content/website-reviews/maine-memory-network.md,22988,Maine Memory Network,card,splash_image,/files/splash-wr-mainephoto.jpg,ok,teachinghistory-website/static/files/splash-wr-mainephoto.jpg
teachinghistory-website/content/history-content/website-reviews/making-of-america.md,14746,Making of America,card,splash_image,/files/Making_of_America_432x240.jpg,ok,teachinghistory-website/static/files/Making_of_America_432x240.jpg
teachinghistory-website/content/history-content/website-reviews/making-the-macintosh-technology-and-culture-in-silicon-valley.md,14703,Making the Macintosh: Technology and Culture in Silicon Valley,card,splash_image,/files/Making_the_Macintosh-_Technology_and_Culture_in_Silicon_Valley_432x240.jpg,ok,teachinghistory-website/static/files/Making_the_Macintosh-_Technology_and_Culture_in_Silicon_Valley_432x240.jpg
teachinghistory-website/content/history-content/website-reviews/manufacturers-catalogs-from-the-first-decade-of-american-automobiles.md,22610,Manufacturers' Catalogs from the First Decade of American Automobiles,card,splash_image,/files/TakingtheWheel432x240.jpg,ok,teachinghistory-website/static/files/TakingtheWheel432x240.jpg
teachinghistory-website/content/history-content/website-reviews/manuscripts-from-the-federal-writers-project-1936-1940.md,14765,"Manuscripts from the Federal Writers' Project, 1936-1940",card,splash_image,/files/American_Life_Histories-_Manuscripts_from_the_Federal_Writers_Project_1936-1940_432x240.jpg,ok,teachinghistory-website/static/files/American_Life_Histories-_Manuscripts_from_the_Federal_Writers_Project_1936-1940_432x240.jpg
teachinghistory-website/content/history-content/website-reviews/map-collections-1500-2003.md,14708,Map Collections: 1500-2003,card,splash_image,/files/Map_Collections-_1500-2003_432x240.jpg,ok,teachinghistory-website/static/files/Map_Collections-_1500-2003_432x240.jpg
teachinghistory-website/content/history-content/website-reviews/map-historyhistory-of-cartography-the-gateway-to-the-subject.md,23333,Map History/History of Cartography: The Gateway to the Subject,card,splash_image,/files/Map_History-History_of_Cartography-_The_Gateway_to_the_Subject_432x240.jpg,ok,teachinghistory-website/static/files/Map_History-History_of_Cartography-_The_Gateway_to_the_Subject_432x240.jpg
teachinghistory-website/content/history-content/website-reviews/mapping-history.md,22841,Mapping History,card,splash_image,/files/splash-wr-mapsoregon.jpg,ok,teachinghistory-website/static/files/splash-wr-mapsoregon.jpg
teachinghistory-website/content/history-content/website-reviews/mapping-the-national-parks.md,23081,Mapping the National Parks,card,splash_image,/files/splash-wr-npscanyon.jpg,ok,teachinghistory-website/static/files/splash-wr-npscanyon.jpg
teachinghistory-website/content/history-content/website-reviews/marchand-archive.md,14717,Marchand Archive,card,splash_image,/files/History_Teachers_Bag_of_Tricks-_Adventures_in_Roland_Marchands_File_Cabinet_432x240.jpg,ok,teachinghistory-website/static/files/History_Teachers_Bag_of_Tricks-_Adventures_in_Roland_Marchands_File_Cabinet_432x240.jpg
teachinghistory-website/content/history-content/website-reviews/marcus-garvey-and-universal-negro-improvement-association-papers-project.md,14755,Marcus Garvey and Universal Negro Improvement Association Papers Project,card,splash_image,/files/Marcus_Garvey_and_Universal_Negro_Improvement_Association_Papers_Project_432x240.jpg,ok,teachinghistory-website/static/files/Marcus_Garvey_and_Universal_Negro_Improvement_Association_Papers_Project_432x240.jpg
teachinghistory-website/content/history-content/website-reviews/margaret-sanger-papers-project.md,14672,Margaret Sanger Papers Project,card,splash_image,/files/Margaret_Sanger_Papers_Project_432x240.jpg,ok,teachinghistory-website/static/files/Margaret_Sanger_Papers_Project_432x240.jpg
teachinghistory-website/content/history-content/website-reviews/marian-anderson-a-life-in-song.md,23387,Marian Anderson: A Life in Song,card,splash_image,/files/Marian_Anderson-_A_Life_in_Song_432x240.jpg,ok,teachinghistory-website/static/files/Marian_Anderson-_A_Life_in_Song_432x240.jpg
teachinghistory-website/content/history-content/website-reviews/mark-twain-a-film-directed-by-ken-burns.md,23212,Mark Twain:  A Film Directed by Ken Burns,card,splash_image,/files/marktwain.jpg,ok,teachinghistory-website/static/files/marktwain.jpg
teachinghistory-website/content/history-content/website-reviews/mark-twain-in-his-times.md,14662,Mark Twain in His Times,card,splash_image,/files/Mark_Twain_in_his_Times_432x240.jpg,ok,teachinghistory-website/static/files/Mark_Twain_in_his_Times_432x240.jpg
teachinghistory-website/content/history-content/website-reviews/martin-luther-king-jr-papers-project.md,14770,Martin Luther King Jr. Papers Project,card,splash_image,/files/Martin_Luther_King_Jr._Papers_Project_432x240.jpg,ok,teachinghistory-website/static/files/Martin_Luther_King_Jr._Papers_Project_432x240.jpg
teachinghistory-website/content/history-content/website-reviews/maryland-digital-cultural-heritage.md,22600,Maryland Digital Cultural Heritage,card,splash_image,/files/MDCH_432x240.jpg,ok,teachinghistory-website/static/files/MDCH_432x240.jpg
teachinghistory-website/content/history-content/website-reviews/maryland-historical-society-collections-online.md,25465,Maryland Historical Society Collections Online,card,splash_image,/files/marylandhistoricalsociety432x240.jpg,ok,teachinghistory-website/static/files/marylandhistoricalsociety432x240.jpg
teachinghistory-website/content/history-content/website-reviews/mass-moments.md,24023,Mass Moments,card,splash_image,/files/MassMoments_432x240.jpg,ok,teachinghistory-website/static/files/MassMoments_432x240.jpg
teachinghistory-website/content/history-content/website-reviews/material-history-of-american-religion-project.md,23373,Material History of American Religion Project,card,splash_image,/files/Material_History_of_American_Religion_Project_432x240.jpg,ok,teachinghistory-website/static/files/Material_History_of_American_Religion_Project_432x240.jpg
teachinghistory-website/content/history-content/website-reviews/mathew-bradys-portraits.md,23336,Mathew Brady's Portraits,card,splash_image,/files/Mathew_Bradys_Portraits_432x240.jpg,ok,teachinghistory-website/static/files/Mathew_Bradys_Portraits_432x240.jpg
teachinghistory-website/content/history-content/website-reviews/max-hunter-folk-song-collection.md,23114,Max Hunter Folk Song Collection,card,splash_image,/files/maxhunter.jpg,ok,teachinghistory-website/static/files/maxhunter.jpg
teachinghistory-website/content/history-content/website-reviews/may-4-collection-kent-state-university.md,23109,"May 4 Collection, Kent State University",card,splash_image,/files/may4.jpg,ok,teachinghistory-website/static/files/may4.jpg
teachinghistory-website/content/history-content/website-reviews/mckinley-assassination-ink-a-documentary-history.md,22621,McKinley Assassination Ink: A Documentary History,card,splash_image,/files/McKinleyAssassination432x240.jpg,ok,teachinghistory-website/static/files/McKinleyAssassination432x240.jpg
teachinghistory-website/content/history-content/website-reviews/mcvicarstein-photo-copy-service-collection.md,22681,McVicar/Stein Photo Copy Service Collection,card,splash_image,/files/McVikarStein432x240.jpg,ok,teachinghistory-website/static/files/McVikarStein432x240.jpg
teachinghistory-website/content/history-content/website-reviews/medicine-and-madison-avenue.md,14685,Medicine and Madison Avenue,card,splash_image,/files/Medicine_and_Madison_Avenue_432x240.jpg,ok,teachinghistory-website/static/files/Medicine_and_Madison_Avenue_432x240.jpg
teachinghistory-website/content/history-content/website-reviews/medicine-in-the-americas-1619-1914.md,22698,"Medicine in the Americas, 1619-1914",card,splash_image,/files/Medicineinthe432x240.jpg,ok,teachinghistory-website/static/files/Medicineinthe432x240.jpg
teachinghistory-website/content/history-content/website-reviews/meeting-of-frontiers.md,23225,Meeting of Frontiers,card,splash_image,/files/meetingoffrontiers.jpg,ok,teachinghistory-website/static/files/meetingoffrontiers.jpg
teachinghistory-website/content/history-content/website-reviews/memoirs-v-tapes-president-nixon-and-the-december-bombings.md,25381,Memoirs v. Tapes: President Nixon and the December Bombings,card,splash_image,/files/memoirsvtapes432x240.jpg,ok,teachinghistory-website/static/files/memoirsvtapes432x240.jpg
teachinghistory-website/content/history-content/website-reviews/mexican-american-war-and-the-media.md,14739,Mexican-American War and the Media,card,splash_image,/files/Mexican-American_War_and_the_Media_432x240.jpg,ok,teachinghistory-website/static/files/Mexican-American_War_and_the_Media_432x240.jpg
teachinghistory-website/content/history-content/website-reviews/military-campaign-maps.md,23002,Military Campaign Maps,card,splash_image,/files/splash-wr-mapsflorida.jpg,ok,teachinghistory-website/static/files/splash-wr-mapsflorida.jpg
teachinghistory-website/content/history-content/website-reviews/milwaukee-art-museum-collections.md,23909,Milwaukee Art Museum Collections,card,splash_image,/files/MilwaukeeArt_432x240.jpg,ok,teachinghistory-website/static/files/MilwaukeeArt_432x240.jpg
teachinghistory-website/content/history-content/website-reviews/milwaukee-neighborhoods-photos-and-maps-1885-1992.md,23011,"Milwaukee Neighborhoods: Photos and Maps, 1885-1992",card,splash_image,/files/splash-wr-milwaukeedude.jpg,ok,teachinghistory-website/static/files/splash-wr-milwaukeedude.jpg
teachinghistory-website/content/history-content/website-reviews/minnesota-maps-online.md,22665,Minnesota Maps Online,card,splash_image,/files/MinnesotaMaps432x240.jpg,ok,teachinghistory-website/static/files/MinnesotaMaps432x240.jpg
teachinghistory-website/content/history-content/website-reviews/mission-to-arizona-19161940-father-augustine-schwarz-ofm.md,22972,"Mission to Arizona, 1916–1940: Father Augustine Schwarz, O.F.M.",card,splash_image,/files/splash-wr-staugmission.jpg,ok,teachinghistory-website/static/files/splash-wr-staugmission.jpg
teachinghistory-website/content/history-content/website-reviews/missouri-digital-heritage.md,23818,Missouri Digital Heritage,card,splash_image,/files/MissouriDigital_432x240.jpg,ok,teachinghistory-website/static/files/MissouriDigital_432x240.jpg
teachinghistory-website/content/history-content/website-reviews/mnopedia.md,25368,MNopedia,card,splash_image,/files/mnopedia432x240.jpg,ok,teachinghistory-website/static/files/mnopedia432x240.jpg
teachinghistory-website/content/history-content/website-reviews/modern-and-contemporary-american-poetry.md,22818,Modern and Contemporary American Poetry,card,splash_image,/files/Modern_and_Contemporary_American_Poetry_432x240.jpg,ok,teachinghistory-website/static/files/Modern_and_Contemporary_American_Poetry_432x240.jpg
teachinghistory-website/content/history-content/website-reviews/monticello-explorer.md,24017,Monticello Explorer,card,splash_image,/files/Monticello_432x240.jpg,ok,teachinghistory-website/static/files/Monticello_432x240.jpg
teachinghistory-website/content/history-content/website-reviews/monticello-the-home-of-thomas-jefferson.md,22582,Monticello: The Home of Thomas Jefferson,card,splash_image,/files/Monticello-_The_Home_of_Thomas_Jefferson_432x240.jpg,ok,teachinghistory-website/static/files/Monticello-_The_Home_of_Thomas_Jefferson_432x240.jpg
teachinghistory-website/content/history-content/website-reviews/mount-vernon.md,23367,Mount Vernon,card,splash_image,/files/Mount_Vernon_432x240.jpg,ok,teachinghistory-website/static/files/Mount_Vernon_432x240.jpg
teachinghistory-website/content/history-content/website-reviews/mr-lincolns-virtual-library.md,23386,Mr. Lincoln's Virtual Library,card,splash_image,/files/Mr._Lincolns_Virtual_Library_432x240.jpg,ok,teachinghistory-website/static/files/Mr._Lincolns_Virtual_Library_432x240.jpg
teachinghistory-website/content/history-content/website-reviews/multilaterals-project.md,14819,Multilaterals Project,card,splash_image,/files/Multilaterals_Project_432x240.jpg,ok,teachinghistory-website/static/files/Multilaterals_Project_432x240.jpg
teachinghistory-website/content/history-content/website-reviews/murphy-and-bolanz-block-and-addition-books-dallas-county-1880-1920.md,23248,"Murphy and Bolanz: Block and Addition Books, Dallas County 1880-1920",card,splash_image,/files/dallascounty.jpg,ok,teachinghistory-website/static/files/dallascounty.jpg
teachinghistory-website/content/history-content/website-reviews/museum-of-musical-instruments-momi.md,23239,Museum of Musical Instruments (MoMI),card,splash_image,/files/musical.jpg,ok,teachinghistory-website/static/files/musical.jpg
teachinghistory-website/content/history-content/website-reviews/museum-of-the-city-of-san-francisco-the-great-1906-earthquake-and-fire.md,23397,Museum of the City of San Francisco: The Great 1906 Earthquake and Fire,card,splash_image,/files/Museum_of_the_City_of_San_Francisco-_The_Great_1906_Earthquake_and_Fire_432x240.jpg,ok,teachinghistory-website/static/files/Museum_of_the_City_of_San_Francisco-_The_Great_1906_Earthquake_and_Fire_432x240.jpg
teachinghistory-website/content/history-content/website-reviews/museum-of-the-city-of-san-francisco.md,14635,Museum of the City of San Francisco,card,splash_image,/files/Museum_of_the_City__of_San_Francisco_432x240.jpg,ok,teachinghistory-website/static/files/Museum_of_the_City__of_San_Francisco_432x240.jpg
teachinghistory-website/content/history-content/website-reviews/music-for-the-nation-american-sheet-music-1870-1885.md,23093,"Music for the Nation: American Sheet Music, 1870-1885",card,splash_image,/files/splash-wr-popsheetamer.jpg,ok,teachinghistory-website/static/files/splash-wr-popsheetamer.jpg
teachinghistory-website/content/history-content/website-reviews/musicians-local-no-627-and-the-mutual-musicians-foundation.md,22608,Musicians Local No. 627 and the Mutual Musicians Foundation,card,splash_image,/files/MusiciansLocal432x240.jpg,ok,teachinghistory-website/static/files/MusiciansLocal432x240.jpg
teachinghistory-website/content/history-content/website-reviews/nasa-history-division.md,22721,NASA History Division,card,splash_image,/files/NASAHistory432x240.jpg,ok,teachinghistory-website/static/files/NASAHistory432x240.jpg
teachinghistory-website/content/history-content/website-reviews/national-baseball-hall-of-fame-and-museum.md,22762,National Baseball Hall of Fame and Museum,card,splash_image,/files/NationalBaseballHall432x240.jpg,ok,teachinghistory-website/static/files/NationalBaseballHall432x240.jpg
teachinghistory-website/content/history-content/website-reviews/national-center-for-history-in-the-schools.md,22821,National Center for History in the Schools,card,splash_image,/files/splash-fwr-standards.jpg,ok,teachinghistory-website/static/files/splash-fwr-standards.jpg
teachinghistory-website/content/history-content/website-reviews/national-constitution-center-explore-the-constitution.md,25040,National Constitution Center: Explore the Constitution,card,splash_image,/files/splash-wr-constcenter.jpg,ok,teachinghistory-website/static/files/splash-wr-constcenter.jpg
teachinghistory-website/content/history-content/website-reviews/national-election-studies.md,14772,National Election Studies,card,splash_image,/files/National_Election_Studies_432x240.jpg,ok,teachinghistory-website/static/files/National_Election_Studies_432x240.jpg
teachinghistory-website/content/history-content/website-reviews/national-geographic-online-the-underground-railroad.md,23298,National Geographic Online: The Underground Railroad,card,splash_image,/files/National_Geographic_Online-_The_Underground_Railroad_432x240.jpg,ok,teachinghistory-website/static/files/National_Geographic_Online-_The_Underground_Railroad_432x240.jpg
teachinghistory-website/content/history-content/website-reviews/national-jukebox.md,24988,National Jukebox,card,splash_image,/files/nationaljukebox432x240.jpg,ok,teachinghistory-website/static/files/nationaljukebox432x240.jpg
teachinghistory-website/content/history-content/website-reviews/national-museum-of-american-history-kenneth-e-behring-center.md,23049,"National Museum of American History, Kenneth E. Behring Center",card,splash_image,/files/splash-wr-nmahbc.jpg,ok,teachinghistory-website/static/files/splash-wr-nmahbc.jpg
teachinghistory-website/content/history-content/website-reviews/national-museum-of-the-american-indian-beauty-surrounds-us.md,23582,National Museum of the American Indian: Beauty Surrounds Us,card,splash_image,/files/NMAI_432x240.jpg,ok,teachinghistory-website/static/files/NMAI_432x240.jpg
teachinghistory-website/content/history-content/website-reviews/national-park-service-history-e-library.md,24999,National Park Service History E-Library,card,splash_image,/files/nationalparkservice432x240.jpg,ok,teachinghistory-website/static/files/nationalparkservice432x240.jpg
teachinghistory-website/content/history-content/website-reviews/national-park-service-links-to-the-past.md,14633,National Park Service: Links to the Past,card,splash_image,/files/National_Park_Service-_Links_to_the_Past_432x240.jpg,ok,teachinghistory-website/static/files/National_Park_Service-_Links_to_the_Past_432x240.jpg
teachinghistory-website/content/history-content/website-reviews/national-park-service-teaching-with-historic-places.md,23381,"National Park Service, Teaching with Historic Places",card,splash_image,/files/National_Park_Service_Teaching_with_Historic_Places_432x240.jpg,ok,teachinghistory-website/static/files/National_Park_Service_Teaching_with_Historic_Places_432x240.jpg
teachinghistory-website/content/history-content/website-reviews/national-postal-museum.md,23281,National Postal Museum,card,splash_image,/files/National_Postal_Museum_432x240.jpg,ok,teachinghistory-website/static/files/National_Postal_Museum_432x240.jpg
teachinghistory-website/content/history-content/website-reviews/national-register-of-historic-places-travel-itineraries.md,19225,National Register of Historic Places Travel Itineraries,card,splash_image,/files/National_Register_of_Historic_Places_Travel_Itineraries_432x240.jpg,ok,teachinghistory-website/static/files/National_Register_of_Historic_Places_Travel_Itineraries_432x240.jpg
teachinghistory-website/content/history-content/website-reviews/national-security-action-memoranda-of-john-f-kennedy.md,23158,National Security Action Memoranda of John F. Kennedy,card,splash_image,/files/nasm.jpg,ok,teachinghistory-website/static/files/nasm.jpg
teachinghistory-website/content/history-content/website-reviews/national-security-archive-the-pentagon-papers.md,22284,National Security Archive: The Pentagon Papers,card,splash_image,/files/National_Security_Archive-_The_Pentagon_Papers_432x240.jpg,ok,teachinghistory-website/static/files/National_Security_Archive-_The_Pentagon_Papers_432x240.jpg
teachinghistory-website/content/history-content/website-reviews/national-security-archive.md,23061,National Security Archive,card,splash_image,/files/splash-wr-nsa.jpg,ok,teachinghistory-website/static/files/splash-wr-nsa.jpg
teachinghistory-website/content/history-content/website-reviews/national-security-archives-the-pentagons-spies.md,23164,National Security Archives: The Pentagon's Spies,card,splash_image,/files/nationalsecurity.jpg,ok,teachinghistory-website/static/files/nationalsecurity.jpg
teachinghistory-website/content/history-content/website-reviews/national-womens-history-project.md,22760,National Women's History Project,card,splash_image,/files/NationalWomens432x240.jpg,ok,teachinghistory-website/static/files/NationalWomens432x240.jpg
teachinghistory-website/content/history-content/website-reviews/native-american-constitution-and-law-digitization-project.md,22656,Native American Constitution and Law Digitization Project,card,splash_image,/files/NativeAmerican432x240.jpg,ok,teachinghistory-website/static/files/NativeAmerican432x240.jpg
teachinghistory-website/content/history-content/website-reviews/native-american-documents-project.md,14804,Native American Documents Project,card,splash_image,/files/Native_American_Documents_Project_432x240.jpg,ok,teachinghistory-website/static/files/Native_American_Documents_Project_432x240.jpg
teachinghistory-website/content/history-content/website-reviews/nativetech-native-american-technology-and-art.md,23330,NativeTech: Native American Technology and Art,card,splash_image,/files/NativeTech-_Native_American_Technology_and_Art_432x240.jpg,ok,teachinghistory-website/static/files/NativeTech-_Native_American_Technology_and_Art_432x240.jpg
teachinghistory-website/content/history-content/website-reviews/nativeweb-resources-for-indigneous-cultures-around-the-world.md,22859,NativeWeb: Resources for Indigneous Cultures Around the World,card,splash_image,/files/splash-wr-nweb.jpg,ok,teachinghistory-website/static/files/splash-wr-nweb.jpg
teachinghistory-website/content/history-content/website-reviews/nature-transformed-the-environment-in-american-history.md,24399,Nature Transformed: The Environment in American History,card,splash_image,/files/splash-wr-wilderness.jpg,ok,teachinghistory-website/static/files/splash-wr-wilderness.jpg
teachinghistory-website/content/history-content/website-reviews/naval-history-and-heritage-command.md,14711,Naval History and Heritage Command,card,splash_image,/files/Naval_Historical_Center_432x240.jpg,ok,teachinghistory-website/static/files/Naval_Historical_Center_432x240.jpg
teachinghistory-website/content/history-content/website-reviews/nber-macrohistory-database.md,23121,NBER Macrohistory Database,card,splash_image,/files/nber.jpg,ok,teachinghistory-website/static/files/nber.jpg
teachinghistory-website/content/history-content/website-reviews/negroes-with-guns-rob-williams-and-black-power.md,22663,Negroes With Guns: Rob Williams and Black Power,card,splash_image,/files/NegroeswithGuns432x240.jpg,ok,teachinghistory-website/static/files/NegroeswithGuns432x240.jpg
teachinghistory-website/content/history-content/website-reviews/new-deal-stage-selections-from-the-federal-theatre-project-1935-1939.md,22811,"New Deal Stage: Selections from the Federal Theatre Project, 1935-1939",card,splash_image,/files/New_Deal_Stage-_Selections_from_the_Federal_Theatre_Project_1935-1939_432x240.jpg,ok,teachinghistory-website/static/files/New_Deal_Stage-_Selections_from_the_Federal_Theatre_Project_1935-1939_432x240.jpg
teachinghistory-website/content/history-content/website-reviews/new-france-new-horizons-on-french-soil-in-america.md,22981,"New France, New Horizons: On French Soil in America",card,splash_image,/files/splash-wr-newfrance.jpg,ok,teachinghistory-website/static/files/splash-wr-newfrance.jpg
teachinghistory-website/content/history-content/website-reviews/new-jersery-history-partnership-project.md,22744,New Jersery History Partnership Project,card,splash_image,/files/NewJerseyHistory432x240.jpg,ok,teachinghistory-website/static/files/NewJerseyHistory432x240.jpg
teachinghistory-website/content/history-content/website-reviews/new-jersey-public-records-and-archives.md,22691,New Jersey Public Records and Archives,card,splash_image,/files/NJPublicArchive432x240.jpg,ok,teachinghistory-website/static/files/NJPublicArchive432x240.jpg
teachinghistory-website/content/history-content/website-reviews/new-perspectives-on-the-west.md,23072,New Perspectives on the West,card,splash_image,/files/splash-wr-thewest.jpg,ok,teachinghistory-website/static/files/splash-wr-thewest.jpg
teachinghistory-website/content/history-content/website-reviews/new-york-philharmonic-digital-archives.md,24995,New York Philharmonic Digital Archives,card,splash_image,/files/newyorkphilharmonic432x240.jpg,ok,teachinghistory-website/static/files/newyorkphilharmonic432x240.jpg
teachinghistory-website/content/history-content/website-reviews/new-york-public-library-digital-gallery.md,14710,New York Public Library Digital Gallery,card,splash_image,/files/New_York_Public_Library_Digital_Gallery_432x240.jpg,ok,teachinghistory-website/static/files/New_York_Public_Library_Digital_Gallery_432x240.jpg
teachinghistory-website/content/history-content/website-reviews/new-york-public-library-picture-collection-online.md,22580,New York Public Library Picture Collection Online,card,splash_image,/files/New_York_Public_Library_Picture_Collection_Online_432x240.jpg,ok,teachinghistory-website/static/files/New_York_Public_Library_Picture_Collection_Online_432x240.jpg
teachinghistory-website/content/history-content/website-reviews/nineteenth-century-american-children-and-what-they-read.md,14810,Nineteenth-Century American Children and What They Read,card,splash_image,/files/Nineteenth-century_American_Children_and_What_They_Read_432x240.jpg,ok,teachinghistory-website/static/files/Nineteenth-century_American_Children_and_What_They_Read_432x240.jpg
teachinghistory-website/content/history-content/website-reviews/nineteenth-century-california-sheet-music.md,14805,Nineteenth-century California Sheet Music,card,splash_image,/files/Nineteenth-century_California_Sheet_Music_432x240.jpg,ok,teachinghistory-website/static/files/Nineteenth-century_California_Sheet_Music_432x240.jpg
teachinghistory-website/content/history-content/website-reviews/nineteenth-century-texas-law-online-gammels-the-laws-of-texas.md,23244,Nineteenth-Century Texas Law Online: Gammel's The Laws of Texas,card,splash_image,/files/Nineteenth-Century_Texas_Law_Online-_Gammels_The_Laws_of_Texas_432x240.jpg,ok,teachinghistory-website/static/files/Nineteenth-Century_Texas_Law_Online-_Gammels_The_Laws_of_Texas_432x240.jpg
teachinghistory-website/content/history-content/website-reviews/nixon-and-sports.md,23314,Nixon and Sports,card,splash_image,/files/Nixon_and_Sports_432x240.jpg,ok,teachinghistory-website/static/files/Nixon_and_Sports_432x240.jpg
teachinghistory-website/content/history-content/website-reviews/nixon-tapes.md,23303,Nixon Tapes,card,splash_image,/files/nixontapes432x240.jpg,ok,teachinghistory-website/static/files/nixontapes432x240.jpg
teachinghistory-website/content/history-content/website-reviews/nixtontapesorg.md,24056,Nixtontapes.org,card,splash_image,/files/FWR-nixontapes-splash.jpg,ok,teachinghistory-website/static/files/FWR-nixontapes-splash.jpg
teachinghistory-website/content/history-content/website-reviews/north-american-slave-narratives-beginnings-to-1920.md,14737,"North American Slave Narratives, Beginnings to 1920",card,splash_image,/files/North_American_Slave_Narratives_Beginnings_to_1920_432x240.jpg,ok,teachinghistory-website/static/files/North_American_Slave_Narratives_Beginnings_to_1920_432x240.jpg
teachinghistory-website/content/history-content/website-reviews/north-american-womens-letters-and-diaries-colonial-times-to-1950.md,22604,North American Women's Letters and Diaries: Colonial Times to 1950,card,splash_image,/files/North_American_Womens_Letters_and_Diaries-_Colonial_Times_to_1950_432x240.jpg,ok,teachinghistory-website/static/files/North_American_Womens_Letters_and_Diaries-_Colonial_Times_to_1950_432x240.jpg
teachinghistory-website/content/history-content/website-reviews/north-carolinians-and-the-great-war.md,23274,North Carolinians and the Great War,card,splash_image,/files/North_Carolinians_and_the_Great_War-_The_Impact_of_World_War_I_on_the_Tar_Heel_State_432x240.jpg,ok,teachinghistory-website/static/files/North_Carolinians_and_the_Great_War-_The_Impact_of_World_War_I_on_the_Tar_Heel_State_432x240.jpg
teachinghistory-website/content/history-content/website-reviews/northern-visions-of-race-region-and-reform-in-the-press.md,22648,"Northern Visions of Race, Region, and Reform in the Press",card,splash_image,/files/NorthernVisions432x240.jpg,ok,teachinghistory-website/static/files/NorthernVisions432x240.jpg
teachinghistory-website/content/history-content/website-reviews/northwestern-european-military-situation-maps-from-world-war-ii.md,14768,Northwestern European Military Situation Maps from World War II,card,splash_image,/files/Northwestern_European_Military_Situation_Maps_from_World_War_II_432x240.jpg,ok,teachinghistory-website/static/files/Northwestern_European_Military_Situation_Maps_from_World_War_II_432x240.jpg
teachinghistory-website/content/history-content/website-reviews/nova-einsteins-big-idea.md,22703,NOVA: Einstein's Big Idea,card,splash_image,/files/NOVAEinsteins432x240.jpg,ok,teachinghistory-website/static/files/NOVAEinsteins432x240.jpg
teachinghistory-website/content/history-content/website-reviews/now-what-a-time-blues-gospel-and-the-fort-valley-music-festivals-1938-1943.md,23391,"Now What a Time : Blues, Gospel, and the Fort Valley Music Festivals, 1938-1943",card,splash_image,/files/Now_What_a_Time-_Blues_Gospel_and_the_Fort_Valley_Music_Festivals_1938-1943_432x240.jpg,ok,teachinghistory-website/static/files/Now_What_a_Time-_Blues_Gospel_and_the_Fort_Valley_Music_Festivals_1938-1943_432x240.jpg
teachinghistory-website/content/history-content/website-reviews/nsa-and-the-cuban-missile-crisis.md,14696,NSA and the Cuban Missile Crisis,card,splash_image,/files/_NSA_and_the_Cuban_Missile_Crisis_432x240.jpg,ok,teachinghistory-website/static/files/_NSA_and_the_Cuban_Missile_Crisis_432x240.jpg
teachinghistory-website/content/history-content/website-reviews/ohio-memory-an-online-scrapbook-of-ohio-history.md,14793,Ohio Memory: An Online Scrapbook of Ohio History,card,splash_image,/files/Ohio_Memory-_An_Online_Scrapbook_of_Ohio_History_432x240.jpg,ok,teachinghistory-website/static/files/Ohio_Memory-_An_Online_Scrapbook_of_Ohio_History_432x240.jpg
teachinghistory-website/content/history-content/website-reviews/old-time-radio.md,23841,Old Time Radio,card,splash_image,/files/OldTimeRadio_432x240.jpg,ok,teachinghistory-website/static/files/OldTimeRadio_432x240.jpg
teachinghistory-website/content/history-content/website-reviews/omaha-indian-music.md,23085,Omaha Indian Music,card,splash_image,/files/splash-wr-omahaindian.jpg,ok,teachinghistory-website/static/files/splash-wr-omahaindian.jpg
teachinghistory-website/content/history-content/website-reviews/omohundro-institute-of-early-american-history-and-culture.md,22862,Omohundro Institute of Early American History and Culture,card,splash_image,/files/splash-fw-omoinst.jpg,ok,teachinghistory-website/static/files/splash-fw-omoinst.jpg
teachinghistory-website/content/history-content/website-reviews/one-hundred-years-of-photography-from-the-national-archives.md,23116,One Hundred Years of Photography from the National Archives,card,splash_image,/files/PicturingtheCentury.jpg,ok,teachinghistory-website/static/files/PicturingtheCentury.jpg
teachinghistory-website/content/history-content/website-reviews/oneida-indian-nation-culture-and-history.md,23044,Oneida Indian Nation: Culture and History,card,splash_image,/files/OneidaIndianNation-Splash.jpg,ok,teachinghistory-website/static/files/OneidaIndianNation-Splash.jpg
teachinghistory-website/content/history-content/website-reviews/online-archive-of-california.md,14643,Online Archive of California,card,splash_image,/files/Online_Archive_of_California_432x240.jpg,ok,teachinghistory-website/static/files/Online_Archive_of_California_432x240.jpg
teachinghistory-website/content/history-content/website-reviews/online-encyclopedia-of-washington-state-history.md,23112,Online Encyclopedia of Washington State History,card,splash_image,/files/historylink.jpg,ok,teachinghistory-website/static/files/historylink.jpg
teachinghistory-website/content/history-content/website-reviews/online-nevada-encyclopedia.md,25279,Online Nevada Encyclopedia,card,splash_image,/files/nvsplash_0.jpg,ok,teachinghistory-website/static/files/nvsplash_0.jpg
teachinghistory-website/content/history-content/website-reviews/open-parks-network.md,25820,Open Parks Network,card,splash_image,/files/screen_shot_2016-10-11_at_9.29.52_am.png,ok,teachinghistory-website/static/files/screen_shot_2016-10-11_at_9.29.52_am.png
teachinghistory-website/content/history-content/website-reviews/open-yale-courses.md,25007,Open Yale Courses,card,splash_image,/files/yaleopencourses432x240.jpg,ok,teachinghistory-website/static/files/yaleopencourses432x240.jpg
teachinghistory-website/content/history-content/website-reviews/oral-history-digital-collection.md,14808,Oral History Digital Collection,card,splash_image,/files/Oral_History_Digital_Collection_Original.jpg,ok,teachinghistory-website/static/files/Oral_History_Digital_Collection_Original.jpg
teachinghistory-website/content/history-content/website-reviews/oral-history-research-center.md,23233,Oral History Research Center,card,splash_image,/files/oral2.jpg,ok,teachinghistory-website/static/files/oral2.jpg
teachinghistory-website/content/history-content/website-reviews/oregon-trail.md,23321,Oregon Trail,card,splash_image,/files/Oregon_City_432x240.jpg,ok,teachinghistory-website/static/files/Oregon_City_432x240.jpg
teachinghistory-website/content/history-content/website-reviews/organization-of-american-historians.md,22817,Organization of American Historians,card,splash_image,/files/Organization_of_American_Historians_432x240.jpg,ok,teachinghistory-website/static/files/Organization_of_American_Historians_432x240.jpg
teachinghistory-website/content/history-content/website-reviews/origins-of-american-animation.md,23342,Origins of American Animation,card,splash_image,/files/Origins_of_American_Animation_432x240.jpg,ok,teachinghistory-website/static/files/Origins_of_American_Animation_432x240.jpg
teachinghistory-website/content/history-content/website-reviews/osher-map-library.md,14791,Osher Map Library,card,splash_image,/files/Osher_Map_Library_432x240.jpg,ok,teachinghistory-website/static/files/Osher_Map_Library_432x240.jpg
teachinghistory-website/content/history-content/website-reviews/our-documents.md,14604,Our Documents,card,splash_image,/files/Our_Documents_432x240.jpg,ok,teachinghistory-website/static/files/Our_Documents_432x240.jpg
teachinghistory-website/content/history-content/website-reviews/ourstory.md,24286,OurStory,card,splash_image,/files/23049_432x240.jpg,ok,teachinghistory-website/static/files/23049_432x240.jpg
teachinghistory-website/content/history-content/website-reviews/oxford-african-american-studies-center.md,22650,Oxford African American Studies Center,card,splash_image,/files/OxfordAfricanAmerican432x240.jpg,ok,teachinghistory-website/static/files/OxfordAfricanAmerican432x240.jpg
teachinghistory-website/content/history-content/website-reviews/oyez-us-supreme-court-multimedia.md,14599,Oyez: U.S. Supreme Court Multimedia,card,splash_image,/files/Oyez-_U.S._Supreme_Court_Multimedia_432x240.jpg,ok,teachinghistory-website/static/files/Oyez-_U.S._Supreme_Court_Multimedia_432x240.jpg
teachinghistory-website/content/history-content/website-reviews/panoramic-maps-1847-1929.md,22589,"Panoramic Maps, 1847-1929",card,splash_image,/files/PanoramicMaps_432x240.jpg,ok,teachinghistory-website/static/files/PanoramicMaps_432x240.jpg
teachinghistory-website/content/history-content/website-reviews/papers-of-john-jay.md,23115,Papers of John Jay,card,splash_image,/files/johnjay.jpg,ok,teachinghistory-website/static/files/johnjay.jpg
teachinghistory-website/content/history-content/website-reviews/papers-of-justice-tom-c-clark.md,22283,Papers of Justice Tom C. Clark,card,splash_image,/files/Papers_of_Justice_Tom_C._Clark_432x240.jpg,ok,teachinghistory-website/static/files/Papers_of_Justice_Tom_C._Clark_432x240.jpg
teachinghistory-website/content/history-content/website-reviews/parallel-history-project-on-cooperative-security.md,14698,Parallel History Project on Cooperative Security,card,splash_image,/files/Parallel_History_Project_on_Cooperative_Security_432x240.jpg,ok,teachinghistory-website/static/files/Parallel_History_Project_on_Cooperative_Security_432x240.jpg
teachinghistory-website/content/history-content/website-reviews/paul-laurence-dunbar-digital-collection.md,24151,Paul Laurence Dunbar Digital Collection,card,splash_image,/files/Women_Working_1800-1930_432x240.jpg,ok,teachinghistory-website/static/files/Women_Working_1800-1930_432x240.jpg
teachinghistory-website/content/history-content/website-reviews/pearl-harbor-attack-map.md,25474,Pearl Harbor Attack Map,card,splash_image,/files/pearlharborattack432x24o.jpg,ok,teachinghistory-website/static/files/pearlharborattack432x24o.jpg
teachinghistory-website/content/history-content/website-reviews/penn-museum-online-collections.md,25776,Penn Museum Online Collections,card,splash_image,/files/pennsplash_0.jpg,ok,teachinghistory-website/static/files/pennsplash_0.jpg
teachinghistory-website/content/history-content/website-reviews/people-with-a-history-lesbian-gay-bisexual-and-trans-history.md,22765,"People with a History: Lesbian, Gay, Bisexual and Trans* History",card,splash_image,/files/peoplewitha432x240.jpg,ok,teachinghistory-website/static/files/peoplewitha432x240.jpg
teachinghistory-website/content/history-content/website-reviews/perfessor-bill-edwards-ragtimeold-time-piano-gallery.md,23027,Perfessor Bill Edwards Ragtime/Old-time Piano Gallery,card,splash_image,/files/splash-wr-ragtimearchives.jpg,ok,teachinghistory-website/static/files/splash-wr-ragtimearchives.jpg
teachinghistory-website/content/history-content/website-reviews/performing-arts-in-america-1875-1923.md,14825,"Performing Arts in America, 1875-1923",card,splash_image,/files/Performing_Arts_in_America_1875-1923_432x240.jpg,ok,teachinghistory-website/static/files/Performing_Arts_in_America_1875-1923_432x240.jpg
teachinghistory-website/content/history-content/website-reviews/perry-visits-japan.md,22674,Perry Visits Japan,card,splash_image,/files/PerryVisitsJapan432x240.jpg,ok,teachinghistory-website/static/files/PerryVisitsJapan432x240.jpg
teachinghistory-website/content/history-content/website-reviews/philaplace.md,24057,PhilaPlace,card,splash_image,/files/FWR-splash-philaplace.jpg,ok,teachinghistory-website/static/files/FWR-splash-philaplace.jpg
teachinghistory-website/content/history-content/website-reviews/philip-s-hench-walter-reed-yellow-fever-collection.md,23276,Philip S. Hench Walter Reed Yellow Fever Collection,card,splash_image,/files/Philip_S._Hench_Walter_Reed_Yellow_Fever_Collection_432x240.jpg,ok,teachinghistory-website/static/files/Philip_S._Hench_Walter_Reed_Yellow_Fever_Collection_432x240.jpg
teachinghistory-website/content/history-content/website-reviews/phillip-morris-advertising-archive.md,23174,Phillip Morris Advertising Archive,card,splash_image,/files/phillipmorris.jpg,ok,teachinghistory-website/static/files/phillipmorris.jpg
teachinghistory-website/content/history-content/website-reviews/photographer-to-the-world-the-detroit-publishing-company.md,23291,Photographer to the World-The Detroit Publishing Company,card,splash_image,/files/Photographer_to_the_World-The_Detroit_Publishing_Company_432x240.jpg,ok,teachinghistory-website/static/files/Photographer_to_the_World-The_Detroit_Publishing_Company_432x240.jpg
teachinghistory-website/content/history-content/website-reviews/photographing-history-fred-j-maroon-and-the-nixon-years.md,23388,Photographing History: Fred J. Maroon and the Nixon Years,card,splash_image,/files/Photographing_History-_Fred_J._Maroon_and_the_Nixon_Years_432x240.jpg,ok,teachinghistory-website/static/files/Photographing_History-_Fred_J._Maroon_and_the_Nixon_Years_432x240.jpg
teachinghistory-website/content/history-content/website-reviews/photographs-from-the-chicago-daily-news-1902-1933.md,14678,Photographs from the Chicago Daily News: 1902-1933,card,splash_image,/files/Photographs_from_the_Chicago_Daily_News-_1902-1933_432x240.jpg,ok,teachinghistory-website/static/files/Photographs_from_the_Chicago_Daily_News-_1902-1933_432x240.jpg
teachinghistory-website/content/history-content/website-reviews/photographs-from-the-fred-hulstrand-and-f-a-pazandak-photograph-collections.md,22812,Photographs from the Fred Hulstrand and F. A. Pazandak Photograph Collections,card,splash_image,/files/The_Northern_Great_Plains_1880-1920-_Photographs_from_the_Fred_Hulstrand_and_F._A._Pazandak_Photograph_Collections_432x240.jpg,ok,teachinghistory-website/static/files/The_Northern_Great_Plains_1880-1920-_Photographs_from_the_Fred_Hulstrand_and_F._A._Pazandak_Photograph_Collections_432x240.jpg
teachinghistory-website/content/history-content/website-reviews/photographs-of-the-american-west-1861-1912.md,23130,"Photographs of the American West, 1861-1912",card,splash_image,/files/americawest.jpg,ok,teachinghistory-website/static/files/americawest.jpg
teachinghistory-website/content/history-content/website-reviews/photographs-of-the-historic-american-buildings-survey-georgia.md,23055,Photographs of the Historic American Buildings Survey: Georgia,card,splash_image,/files/splash-wr-habsphotos.jpg,ok,teachinghistory-website/static/files/splash-wr-habsphotos.jpg
teachinghistory-website/content/history-content/website-reviews/physical-sciences-collection-surveying-and-geodesy.md,23224,Physical Sciences Collection: Surveying and Geodesy,card,splash_image,/files/physicalscience.jpg,ok,teachinghistory-website/static/files/physicalscience.jpg
teachinghistory-website/content/history-content/website-reviews/pictures-of-african-americans-during-world-war-ii.md,23131,Pictures of African Americans During World War II,card,splash_image,/files/picturesaa.jpg,ok,teachinghistory-website/static/files/picturesaa.jpg
teachinghistory-website/content/history-content/website-reviews/pictures-of-the-american-city.md,23132,Pictures of the American City,card,splash_image,/files/amcity.jpg,ok,teachinghistory-website/static/files/amcity.jpg
teachinghistory-website/content/history-content/website-reviews/pictures-of-world-war-ii.md,23133,Pictures of World War II,card,splash_image,/files/ww2pic.jpg,ok,teachinghistory-website/static/files/ww2pic.jpg
teachinghistory-website/content/history-content/website-reviews/picturing-america.md,19087,Picturing America,card,splash_image,/files/Picture_America_432x240.jpg,ok,teachinghistory-website/static/files/Picture_America_432x240.jpg
teachinghistory-website/content/history-content/website-reviews/picturing-hemingway-a-writer-in-his-time.md,23214,Picturing Hemingway: A Writer in His Time,card,splash_image,/files/hemingway.jpg,ok,teachinghistory-website/static/files/hemingway.jpg
teachinghistory-website/content/history-content/website-reviews/picturing-modern-america-project.md,23052,Picturing Modern America Project,card,splash_image,/files/splash-wr-picturingmodern.jpg,ok,teachinghistory-website/static/files/splash-wr-picturingmodern.jpg
teachinghistory-website/content/history-content/website-reviews/pioneering-the-upper-midwest-rare-books-c-1820-1910.md,23095,Pioneering the Upper Midwest: Rare Books c. 1820-1910,card,splash_image,/files/splash-wr-mmwbooks.jpg,ok,teachinghistory-website/static/files/splash-wr-mmwbooks.jpg
teachinghistory-website/content/history-content/website-reviews/pittsburgh-city-photographer.md,23022,Pittsburgh City Photographer,card,splash_image,/files/splash-wr-pittsburghcity.jpg,ok,teachinghistory-website/static/files/splash-wr-pittsburghcity.jpg
teachinghistory-website/content/history-content/website-reviews/platte-river-basin-in-nebraska.md,23590,Platte River Basin in Nebraska,card,splash_image,/files/Platte_River_Basin_in_Nebraska_432x240.jpg,ok,teachinghistory-website/static/files/Platte_River_Basin_in_Nebraska_432x240.jpg
teachinghistory-website/content/history-content/website-reviews/playing-househomemaking-for-children.md,24147,Playing House—Homemaking for Children,card,splash_image,/files/splash-wr-homecwork.jpg,ok,teachinghistory-website/static/files/splash-wr-homecwork.jpg
teachinghistory-website/content/history-content/website-reviews/pluralism-and-unity.md,22865,Pluralism and Unity,card,splash_image,/files/splash-wr-pau.jpg,ok,teachinghistory-website/static/files/splash-wr-pau.jpg
teachinghistory-website/content/history-content/website-reviews/plymouth-colony-archive-project.md,14648,Plymouth Colony Archive Project,card,splash_image,/files/Plymouth_Colony_Archive_Project_432x240.jpg,ok,teachinghistory-website/static/files/Plymouth_Colony_Archive_Project_432x240.jpg
teachinghistory-website/content/history-content/website-reviews/political-thought-page.md,22802,Political Thought Page,card,splash_image,/files/PoliticalThought432x240.jpg,ok,teachinghistory-website/static/files/PoliticalThought432x240.jpg
teachinghistory-website/content/history-content/website-reviews/politics-of-a-massacre-discovering-wilmington-1898.md,24034,Politics of a Massacre: Discovering Wilmington 1898,card,splash_image,/files/PoliticsMassacre_432x240.jpg,ok,teachinghistory-website/static/files/PoliticsMassacre_432x240.jpg
teachinghistory-website/content/history-content/website-reviews/popular-american-music.md,23023,Popular American Music,card,splash_image,/files/splash-wr-apam.jpg,ok,teachinghistory-website/static/files/splash-wr-apam.jpg
teachinghistory-website/content/history-content/website-reviews/portal-to-texas-history.md,22697,Portal to Texas History,card,splash_image,/files/PortaltoTexas432x240.jpg,ok,teachinghistory-website/static/files/PortaltoTexas432x240.jpg
teachinghistory-website/content/history-content/website-reviews/posters-american-style.md,22768,Posters: American Style,card,splash_image,/files/PostersAmericanStyle432x240.jpg,ok,teachinghistory-website/static/files/PostersAmericanStyle432x240.jpg
teachinghistory-website/content/history-content/website-reviews/posters-from-the-wpa-1936-1943.md,14690,"Posters from the WPA, 1936-1943",card,splash_image,/files/By_the_People_For_the_People-_Posters_from_the_WPA_1936-1943_432x240.jpg,ok,teachinghistory-website/static/files/By_the_People_For_the_People-_Posters_from_the_WPA_1936-1943_432x240.jpg
teachinghistory-website/content/history-content/website-reviews/powers-of-persuasion-poster-art-from-world-war-ii.md,22787,Powers of Persuasion: Poster Art from World War II,card,splash_image,/files/PowersofPersuasionr432x240.jpg,ok,teachinghistory-website/static/files/PowersofPersuasionr432x240.jpg
teachinghistory-website/content/history-content/website-reviews/prairie-settlement-nebraska-photographs-and-family-letters.md,14665,Prairie Settlement: Nebraska Photographs and Family Letters,card,splash_image,/files/Prairie_Settlement-_Nebraska_Photographs_and_Family_Letters_432x240.jpg,ok,teachinghistory-website/static/files/Prairie_Settlement-_Nebraska_Photographs_and_Family_Letters_432x240.jpg
teachinghistory-website/content/history-content/website-reviews/presidential-elections-and-the-electoral-college.md,23076,Presidential Elections and the Electoral College,card,splash_image,/files/splash-wr-electoralcollege.jpg,ok,teachinghistory-website/static/files/splash-wr-electoralcollege.jpg
teachinghistory-website/content/history-content/website-reviews/presidential-elections.md,23062,Presidential Elections,card,splash_image,/files/Presidential_Elections_432x240.jpg,ok,teachinghistory-website/static/files/Presidential_Elections_432x240.jpg
teachinghistory-website/content/history-content/website-reviews/presidential-papers-of-dwight-david-eisenhower.md,22727,Presidential Papers of Dwight David Eisenhower,card,splash_image,/files/PresidentialPapers432x240.jpg,ok,teachinghistory-website/static/files/PresidentialPapers432x240.jpg
teachinghistory-website/content/history-content/website-reviews/presidential-recording-program.md,14699,Presidential Recording Program,card,splash_image,/files/White_House_Tapes_432x240.jpg,ok,teachinghistory-website/static/files/White_House_Tapes_432x240.jpg
teachinghistory-website/content/history-content/website-reviews/presidential-timeline-of-the-twentieth-century.md,24401,Presidential Timeline of the Twentieth Century,card,splash_image,/files/splash-wr-prestime.jpg,ok,teachinghistory-website/static/files/splash-wr-prestime.jpg
teachinghistory-website/content/history-content/website-reviews/presidents-of-the-united-states-potus.md,22970,Presidents of the United States - POTUS,card,splash_image,/files/splash-wr-potus.jpg,ok,teachinghistory-website/static/files/splash-wr-potus.jpg
teachinghistory-website/content/history-content/website-reviews/primary-documents-in-american-history.md,14799,Primary Documents in American History,card,splash_image,/files/Primary_Documents_in_American_History_432x240.jpg,ok,teachinghistory-website/static/files/Primary_Documents_in_American_History_432x240.jpg
teachinghistory-website/content/history-content/website-reviews/private-passions-public-legacy-paul-mellons-personal-library.md,23140,"Private Passions, Public Legacy: Paul Mellon's Personal Library",card,splash_image,/files/mellon.jpg,ok,teachinghistory-website/static/files/mellon.jpg
teachinghistory-website/content/history-content/website-reviews/probing-the-past.md,22616,Probing the Past,card,splash_image,/files/ProbingthePast432x240.jpg,ok,teachinghistory-website/static/files/ProbingthePast432x240.jpg
teachinghistory-website/content/history-content/website-reviews/profiles-in-science.md,14829,Profiles in Science,card,splash_image,/files/Profiles_in_Science_432x240.jpg,ok,teachinghistory-website/static/files/Profiles_in_Science_432x240.jpg
teachinghistory-website/content/history-content/website-reviews/prohibition-a-film-by-ken-burns-lynn-novick.md,25810,Prohibition: A Film by Ken Burns & Lynn Novick,card,splash_image,/files/prohibitionsplash_0.jpg,ok,teachinghistory-website/static/files/prohibitionsplash_0.jpg
teachinghistory-website/content/history-content/website-reviews/project-muse-journals-online.md,22863,Project Muse: Journals OnLine,card,splash_image,/files/splash-wr-projmuse.jpg,ok,teachinghistory-website/static/files/splash-wr-projmuse.jpg
teachinghistory-website/content/history-content/website-reviews/promise-of-gold-mountain-tucsons-chinese-heritage.md,23315,Promise of Gold Mountain: Tucson's Chinese Heritage,card,splash_image,/files/Promise_of_Gold_Mountain-_Tucsons_Chinese_Heritage_432x240.jpg,ok,teachinghistory-website/static/files/Promise_of_Gold_Mountain-_Tucsons_Chinese_Heritage_432x240.jpg
teachinghistory-website/content/history-content/website-reviews/proquest-information-and-learning.md,14725,ProQuest Information and Learning,card,splash_image,/files/ProQuest_Information_and_Learning_432x240.jpg,ok,teachinghistory-website/static/files/ProQuest_Information_and_Learning_432x240.jpg
teachinghistory-website/content/history-content/website-reviews/prosperity-and-thrift-coolidge-era-and-the-consumer-economy.md,14846,Prosperity and Thrift: Coolidge Era and the Consumer Economy,card,splash_image,/files/Prosperity_and_Thrift-_Coolidge_Era_and_the_Consumer_Economy_432x240.jpg,ok,teachinghistory-website/static/files/Prosperity_and_Thrift-_Coolidge_Era_and_the_Consumer_Economy_432x240.jpg
teachinghistory-website/content/history-content/website-reviews/public-papers-of-the-presidency.md,14792,Public Papers of the Presidency,card,splash_image,/files/Public_Papers_of_the_Presidency_432x240.jpg,ok,teachinghistory-website/static/files/Public_Papers_of_the_Presidency_432x240.jpg
teachinghistory-website/content/history-content/website-reviews/public-papers-of-the-presidents-of-the-united-states-1992-2001.md,14704,"Public Papers of the Presidents of the United States, 1992-2001",card,splash_image,/files/Public_Papers_of_the_Presidents_of_the_United_States_1992-2001_432x240.jpg,ok,teachinghistory-website/static/files/Public_Papers_of_the_Presidents_of_the_United_States_1992-2001_432x240.jpg
teachinghistory-website/content/history-content/website-reviews/puerto-rico-at-the-dawn-of-the-modern-age.md,23086,Puerto Rico at the Dawn of the Modern Age,card,splash_image,/files/splash-wr-puertorico.jpg,ok,teachinghistory-website/static/files/splash-wr-puertorico.jpg
teachinghistory-website/content/history-content/website-reviews/puerto-rico-encyclopediaenciclopedia-de-puerto-rico.md,25180,Puerto Rico Encyclopedia/Enciclopedia de Puerto Rico,card,splash_image,/files/enciclopedia.jpg,ok,teachinghistory-website/static/files/enciclopedia.jpg
teachinghistory-website/content/history-content/website-reviews/quilt-index.md,25390,Quilt Index,card,splash_image,/files/quiltindex432x240.jpg,ok,teachinghistory-website/static/files/quiltindex432x240.jpg
teachinghistory-website/content/history-content/website-reviews/quilts-and-quiltmaking-in-america-1978-1996.md,23087,"Quilts and Quiltmaking in America, 1978-1996",card,splash_image,/files/splash-wr-quiltsandquilting.jpg,ok,teachinghistory-website/static/files/splash-wr-quiltsandquilting.jpg
teachinghistory-website/content/history-content/website-reviews/race-and-ethnicity-in-advertising.md,25842,Race and Ethnicity in Advertising,card,,,fallback_no_image,
teachinghistory-website/content/history-content/website-reviews/race-and-place.md,14813,Race and Place,card,splash_image,/files/Race_and_Place_Charlottesville_432x240.jpg,ok,teachinghistory-website/static/files/Race_and_Place_Charlottesville_432x240.jpg
teachinghistory-website/content/history-content/website-reviews/raid-on-deerfield-the-many-stories-of-1704.md,14646,Raid on Deerfield: The Many Stories of 1704,card,splash_image,/files/Raid_on_Deerfield-_The_Many_Stories_of_1704_432x240.jpg,ok,teachinghistory-website/static/files/Raid_on_Deerfield-_The_Many_Stories_of_1704_432x240.jpg
teachinghistory-website/content/history-content/website-reviews/railroad-maps-1828-1900.md,23088,"Railroad Maps, 1828-1900",card,splash_image,/files/splash-wr-railroadmaps.jpg,ok,teachinghistory-website/static/files/splash-wr-railroadmaps.jpg
teachinghistory-website/content/history-content/website-reviews/rare-map-collection.md,22874,Rare Map Collection,card,splash_image,/files/splash-wr-raremaps.jpg,ok,teachinghistory-website/static/files/splash-wr-raremaps.jpg
teachinghistory-website/content/history-content/website-reviews/readex-digital-collections.md,14727,Readex Digital Collections,card,splash_image,/files/Readex_Digital_Collections_432x240.jpg,ok,teachinghistory-website/static/files/Readex_Digital_Collections_432x240.jpg
teachinghistory-website/content/history-content/website-reviews/readinquirewrite.md,25841,Read.Inquire.Write.,card,splash_image,/files/read-write-inquire-splash.png,ok,teachinghistory-website/static/files/read-write-inquire-splash.png
teachinghistory-website/content/history-content/website-reviews/rebellion-john-horse-and-the-black-seminoles.md,22732,Rebellion: John Horse and the Black Seminoles,card,splash_image,/files/rebellion432x240.jpg,ok,teachinghistory-website/static/files/rebellion432x240.jpg
teachinghistory-website/content/history-content/website-reviews/recipe-for-victory-food-and-cooking-in-wartime.md,25302,Recipe for Victory: Food and Cooking in Wartime,card,splash_image,/files/recipeforvictory432x240_0.jpg,ok,teachinghistory-website/static/files/recipeforvictory432x240_0.jpg
teachinghistory-website/content/history-content/website-reviews/reclaiming-the-everglades-south-floridas-natural-history-1884-1934.md,14621,"Reclaiming the Everglades: South Florida's Natural History, 1884-1934",card,splash_image,/files/Reclaiming_the_Everglades_432x240.jpg,ok,teachinghistory-website/static/files/Reclaiming_the_Everglades_432x240.jpg
teachinghistory-website/content/history-content/website-reviews/record-of-officers-and-men-of-new-jersey-in-the-civil-war-1861-1865.md,23210,"Record of Officers and Men of New Jersey in the Civil War, 1861-1865",card,splash_image,/files/records.jpg,ok,teachinghistory-website/static/files/records.jpg
teachinghistory-website/content/history-content/website-reviews/recovered-notebooks-from-the-thomas-harned-walt-whitman-collection.md,22587,Recovered Notebooks from the Thomas Harned Walt Whitman Collection,card,splash_image,/files/splash-wr-wwjournals.jpg,ok,teachinghistory-website/static/files/splash-wr-wwjournals.jpg
teachinghistory-website/content/history-content/website-reviews/red-cross-exploring-humanitarian-law.md,25229,Red Cross: Exploring Humanitarian Law,card,splash_image,/files/redcrossexploring432x240.jpg,ok,teachinghistory-website/static/files/redcrossexploring432x240.jpg
teachinghistory-website/content/history-content/website-reviews/red-hot-jazz-archive-a-history-of-jazz-before-1930.md,14670,Red Hot Jazz Archive: A History of Jazz before 1930,card,splash_image,/files/Red_Hot_Jazz_Archive-_A_History_of_Jazz_before_1930_432x240.jpg,ok,teachinghistory-website/static/files/Red_Hot_Jazz_Archive-_A_History_of_Jazz_before_1930_432x240.jpg
teachinghistory-website/content/history-content/website-reviews/red-scare-1918-1921.md,23341,Red Scare (1918-1921),card,splash_image,/files/Red_Scare_1918-1921_432x240.jpg,ok,teachinghistory-website/static/files/Red_Scare_1918-1921_432x240.jpg
teachinghistory-website/content/history-content/website-reviews/red-white-blue-brimstone-new-world-literature-and-the-american-millennium.md,22570,Red White Blue & Brimstone: New World Literature and the American Millennium,card,splash_image,/files/Red_White_Blue__Brimstone-_New_World_Literature_and_the_American_Millennium_432x240.jpg,ok,teachinghistory-website/static/files/Red_White_Blue__Brimstone-_New_World_Literature_and_the_American_Millennium_432x240.jpg
teachinghistory-website/content/history-content/website-reviews/rediscovering-george-washington.md,22978,Rediscovering George Washington,card,splash_image,/files/splash-wr-gwashy.jpg,ok,teachinghistory-website/static/files/splash-wr-gwashy.jpg
teachinghistory-website/content/history-content/website-reviews/regarding-vietnam-stories-since-the-war.md,22846,Regarding Vietnam: Stories Since the War,card,splash_image,/files/splash-wr-mow.jpg,ok,teachinghistory-website/static/files/splash-wr-mow.jpg
teachinghistory-website/content/history-content/website-reviews/regional-oral-history-office.md,23143,Regional Oral History Office,card,splash_image,/files/oralhistory.jpg,ok,teachinghistory-website/static/files/oralhistory.jpg
teachinghistory-website/content/history-content/website-reviews/religion-and-the-founding-of-the-american-republic.md,14649,Religion and the Founding of the American Republic,card,splash_image,/files/Religion_and_the_Founding_of_the_American_Republic_432x240.jpg,ok,teachinghistory-website/static/files/Religion_and_the_Founding_of_the_American_Republic_432x240.jpg
teachinghistory-website/content/history-content/website-reviews/remembering-herblock.md,23193,Remembering Herblock,card,splash_image,/files/herblock.jpg,ok,teachinghistory-website/static/files/herblock.jpg
teachinghistory-website/content/history-content/website-reviews/remembering-jim-crow.md,14817,Remembering Jim Crow,card,splash_image,/files/Remembering_Jim_Crow_432x240.jpg,ok,teachinghistory-website/static/files/Remembering_Jim_Crow_432x240.jpg
teachinghistory-website/content/history-content/website-reviews/remembering-nagasaki.md,22779,Remembering Nagasaki,card,splash_image,/files/NagasakiJourney432x240.jpg,ok,teachinghistory-website/static/files/NagasakiJourney432x240.jpg
teachinghistory-website/content/history-content/website-reviews/reston-collection-images.md,23020,Reston Collection Images,card,splash_image,/files/splash-wr-reston.jpg,ok,teachinghistory-website/static/files/splash-wr-reston.jpg
teachinghistory-website/content/history-content/website-reviews/rfk-in-the-land-of-apartheid-a-ripple-of-hope.md,23219,RFK in the Land of Apartheid: A Ripple of Hope,card,splash_image,/files/rippleofhope.jpg,ok,teachinghistory-website/static/files/rippleofhope.jpg
teachinghistory-website/content/history-content/website-reviews/river-of-song.md,23071,River of Song,card,splash_image,/files/splash-wr-riverofsong.jpg,ok,teachinghistory-website/static/files/splash-wr-riverofsong.jpg
teachinghistory-website/content/history-content/website-reviews/riverboats-and-jazz.md,23066,Riverboats and Jazz,card,splash_image,/files/splash-wr-riverboatsandjazz.jpg,ok,teachinghistory-website/static/files/splash-wr-riverboatsandjazz.jpg
teachinghistory-website/content/history-content/website-reviews/rivers-edens-empires-lewis-and-clark-and-the-revealing-of-america.md,14789,"Rivers, Edens, Empires: Lewis and Clark and the Revealing of America",card,splash_image,/files/Rivers_Edens_Empires-_Lewis_and_Clark_and_the_Revealing_of_America_432x240.jpg,ok,teachinghistory-website/static/files/Rivers_Edens_Empires-_Lewis_and_Clark_and_the_Revealing_of_America_432x240.jpg
teachinghistory-website/content/history-content/website-reviews/ronald-reagan-presidential-foundation-and-library.md,24105,Ronald Reagan Presidential Foundation and Library,card,splash_image,/files/splash-wr-reaganlib.jpg,ok,teachinghistory-website/static/files/splash-wr-reaganlib.jpg
teachinghistory-website/content/history-content/website-reviews/roy-rosenzweig-center-for-history-and-new-media.md,22964,Roy Rosenzweig Center for History and New Media,card,splash_image,/files/splash-wr-chnm.jpg,ok,teachinghistory-website/static/files/splash-wr-chnm.jpg
teachinghistory-website/content/history-content/website-reviews/rutgers-oral-history-archives.md,14830,Rutgers Oral History Archives,card,splash_image,/files/Rutgers_Oral_History_Archives_432x240.jpg,ok,teachinghistory-website/static/files/Rutgers_Oral_History_Archives_432x240.jpg
teachinghistory-website/content/history-content/website-reviews/sakura-cherry-blossoms-as-living-symbols-of-friendship.md,25507,Sakura: Cherry Blossoms as Living Symbols of Friendship,card,splash_image,/files/splash-wr-cherry.jpg,ok,teachinghistory-website/static/files/splash-wr-cherry.jpg
teachinghistory-website/content/history-content/website-reviews/salem-witch-trials-documentary-archive-and-transcription-project.md,14606,Salem Witch Trials: Documentary Archive and Transcription Project,card,splash_image,/files/Salem_Witch_Trials_432x240.jpg,ok,teachinghistory-website/static/files/Salem_Witch_Trials_432x240.jpg
teachinghistory-website/content/history-content/website-reviews/salem-witchcraft-hysteria-a-national-geographic-interactive-site.md,23322,Salem Witchcraft Hysteria: A National Geographic Interactive Site,card,splash_image,/files/Salem_Witchcraft_Hysteria-_A_National_Geographic_Interactive_Site_432x240.jpg,ok,teachinghistory-website/static/files/Salem_Witchcraft_Hysteria-_A_National_Geographic_Interactive_Site_432x240.jpg
teachinghistory-website/content/history-content/website-reviews/samuel-f-b-morse-papers-1793-1919.md,23025,"Samuel F. B. Morse Papers, 1793-1919",card,splash_image,/files/splash-wr-morse.jpg,ok,teachinghistory-website/static/files/splash-wr-morse.jpg
teachinghistory-website/content/history-content/website-reviews/samuel-j-may-anti-slavery-collection.md,14809,Samuel J. May Anti-Slavery Collection,card,splash_image,/files/Samuel_J._May_Anti-Slavery_Collection_432x240.jpg,ok,teachinghistory-website/static/files/Samuel_J._May_Anti-Slavery_Collection_432x240.jpg
teachinghistory-website/content/history-content/website-reviews/san-francisco-historical-photograph-collection.md,22973,San Francisco Historical Photograph Collection,card,splash_image,/files/splash-wr-califarchives.jpg,ok,teachinghistory-website/static/files/splash-wr-califarchives.jpg
teachinghistory-website/content/history-content/website-reviews/sanborn-fire-insurance-maps-for-georgia-towns-and-cities-1884-1922.md,22718,"Sanborn® Fire Insurance Maps for Georgia Towns and Cities, 1884-1922",card,splash_image,/files/SanbornFire432x240.jpg,ok,teachinghistory-website/static/files/SanbornFire432x240.jpg
teachinghistory-website/content/history-content/website-reviews/sanborn-fire-insurance-maps-of-south-carolina.md,23402,Sanborn Fire Insurance Maps of South Carolina,card,splash_image,/files/SanbornSC_432x240.jpg,ok,teachinghistory-website/static/files/SanbornSC_432x240.jpg
teachinghistory-website/content/history-content/website-reviews/sanborn-fire-insurance-maps-ut.md,14666,"Sanborn® Fire Insurance Maps, UT",card,splash_image,/files/Sanborn_Fire_Insurance_Maps_UT_432x240.jpg,ok,teachinghistory-website/static/files/Sanborn_Fire_Insurance_Maps_UT_432x240.jpg
teachinghistory-website/content/history-content/website-reviews/savannah-images-project.md,23403,Savannah Images Project,card,splash_image,/files/SavannahProject_432x240.jpg,ok,teachinghistory-website/static/files/SavannahProject_432x240.jpg
teachinghistory-website/content/history-content/website-reviews/say-it-plain-a-century-of-great-african-american-speeches.md,22731,Say it Plain: A Century of Great African American Speeches,card,splash_image,/files/SayItPlain432x240.jpg,ok,teachinghistory-website/static/files/SayItPlain432x240.jpg
teachinghistory-website/content/history-content/website-reviews/sceti-schoenberg-center-for-electronic-text-and-image.md,14786,SCETI: Schoenberg Center for Electronic Text and Image,card,splash_image,/files/SCETI-_Schoenberg_Center_for_Electronic_Text_and_Image_432x240.jpg,ok,teachinghistory-website/static/files/SCETI-_Schoenberg_Center_for_Electronic_Text_and_Image_432x240.jpg
teachinghistory-website/content/history-content/website-reviews/science-technology-and-the-cia.md,23187,"Science, Technology, and the CIA",card,splash_image,/files/cia.jpg,ok,teachinghistory-website/static/files/cia.jpg
teachinghistory-website/content/history-content/website-reviews/scout-report-archives.md,22837,Scout Report Archives,card,splash_image,/files/splash-wr-scoutr.jpg,ok,teachinghistory-website/static/files/splash-wr-scoutr.jpg
teachinghistory-website/content/history-content/website-reviews/sda-survey-documentation-and-analysis.md,23038,SDA: Survey Documentation and Analysis,card,splash_image,/files/splash-wr-statisticssd.jpg,ok,teachinghistory-website/static/files/splash-wr-statisticssd.jpg
teachinghistory-website/content/history-content/website-reviews/seattle-black-panther-party-history-and-memory-project.md,22659,Seattle Black Panther Party History and Memory Project,card,splash_image,/files/SeattleBlackPanther432x240.jpg,ok,teachinghistory-website/static/files/SeattleBlackPanther432x240.jpg
teachinghistory-website/content/history-content/website-reviews/seattle-civil-rights-and-labor-history-project.md,14773,Seattle Civil Rights and Labor History Project,card,splash_image,/files/Seattle_Civil_Rights_and_Labor_History_Project_432x240.jpg,ok,teachinghistory-website/static/files/Seattle_Civil_Rights_and_Labor_History_Project_432x240.jpg
teachinghistory-website/content/history-content/website-reviews/seattle-general-strike-project.md,24035,Seattle General Strike Project,card,splash_image,/files/SeattleStrike_432x240.jpg,ok,teachinghistory-website/static/files/SeattleStrike_432x240.jpg
teachinghistory-website/content/history-content/website-reviews/seattle-power-and-water-supply-collection.md,22712,Seattle Power and Water Supply Collection,card,splash_image,/files/SeattlePower432x240.jpg,ok,teachinghistory-website/static/files/SeattlePower432x240.jpg
teachinghistory-website/content/history-content/website-reviews/selected-civil-war-photographs.md,14613,Selected Civil War Photographs,card,splash_image,/files/SelectedCivilWar432x240.jpg,ok,teachinghistory-website/static/files/SelectedCivilWar432x240.jpg
teachinghistory-website/content/history-content/website-reviews/selected-historical-decennial-census-population-and-housing-counts.md,23240,Selected Historical Decennial Census Population and Housing Counts,card,splash_image,/files/Selected_Historical_Decennial_Census_Population_and_Housing_Counts_432x240.jpg,ok,teachinghistory-website/static/files/Selected_Historical_Decennial_Census_Population_and_Housing_Counts_432x240.jpg
teachinghistory-website/content/history-content/website-reviews/selling-the-computer-revolution-marketing-brochures-in-the-collection.md,14707,Selling the Computer Revolution: Marketing Brochures in the Collection,card,splash_image,/files/Selling_the_Computer_Revolution-_Marketing_Brochures_in_the_Collection_432x240.jpg,ok,teachinghistory-website/static/files/Selling_the_Computer_Revolution-_Marketing_Brochures_in_the_Collection_432x240.jpg
teachinghistory-website/content/history-content/website-reviews/seneca-village.md,22848,Seneca Village,card,splash_image,/files/splash-wr-senecavillage.jpg,ok,teachinghistory-website/static/files/splash-wr-senecavillage.jpg
teachinghistory-website/content/history-content/website-reviews/september-11-2001-attack-on-america.md,23301,"September 11, 2001: Attack on America",card,splash_image,/files/splash-wr-dogs911.jpg,ok,teachinghistory-website/static/files/splash-wr-dogs911.jpg
teachinghistory-website/content/history-content/website-reviews/september-11-2001-documentary-project.md,25043,"September 11, 2001, Documentary Project",card,splash_image,/files/september112001432x240.jpg,ok,teachinghistory-website/static/files/september112001432x240.jpg
teachinghistory-website/content/history-content/website-reviews/september-11-2001-web-archive.md,25044,"September 11, 2001, Web Archive",card,splash_image,/files/september112011432x240.jpg,ok,teachinghistory-website/static/files/september112011432x240.jpg
teachinghistory-website/content/history-content/website-reviews/september-11-digital-archive.md,14631,September 11 Digital Archive,card,splash_image,/files/September_11_Digital_Archive_432x240.jpg,ok,teachinghistory-website/static/files/September_11_Digital_Archive_432x240.jpg
teachinghistory-website/content/history-content/website-reviews/september-11th-sourcebooks.md,25104,September 11th Sourcebooks,card,splash_image,/files/september11thsourcebook432x240.jpg,ok,teachinghistory-website/static/files/september11thsourcebook432x240.jpg
teachinghistory-website/content/history-content/website-reviews/sewall-belmont-house-museum-collections.md,25026,Sewall-Belmont House Museum Collections,card,splash_image,/files/sewall-belmonthouse432x240.jpg,ok,teachinghistory-website/static/files/sewall-belmonthouse432x240.jpg
teachinghistory-website/content/history-content/website-reviews/shaping-the-constitution.md,24994,Shaping the Constitution,card,splash_image,/files/shapingtheconstitution432x240.jpg,ok,teachinghistory-website/static/files/shapingtheconstitution432x240.jpg
teachinghistory-website/content/history-content/website-reviews/shays-rebellion-and-the-making-of-a-nation.md,25158,Shays' Rebellion and the Making of a Nation,card,splash_image,/files/shaysplash.jpg,ok,teachinghistory-website/static/files/shaysplash.jpg
teachinghistory-website/content/history-content/website-reviews/silicon-valley-history-online.md,22687,Silicon Valley History Online,card,splash_image,/files/SiliconValley432x240.jpg,ok,teachinghistory-website/static/files/SiliconValley432x240.jpg
teachinghistory-website/content/history-content/website-reviews/siris-image-gallery.md,14764,SIRIS Image Gallery,card,splash_image,/files/SIRIS_Image_Gallery_432x240.jpg,ok,teachinghistory-website/static/files/SIRIS_Image_Gallery_432x240.jpg
teachinghistory-website/content/history-content/website-reviews/sixties-project-viet-nam-generation.md,22781,Sixties Project & Viet Nam Generation,card,splash_image,/files/SixtiesProject432x240.jpg,ok,teachinghistory-website/static/files/SixtiesProject432x240.jpg
teachinghistory-website/content/history-content/website-reviews/slave-movement-during-the-18th-and-19th-centuries.md,23146,Slave Movement During the 18th and 19th Centuries,card,splash_image,/files/slavemovement.jpg,ok,teachinghistory-website/static/files/slavemovement.jpg
teachinghistory-website/content/history-content/website-reviews/slavery-and-the-making-of-america.md,22728,Slavery and the Making of America,card,splash_image,/files/slaveryandthemaking432x240.jpg,ok,teachinghistory-website/static/files/slaveryandthemaking432x240.jpg
teachinghistory-website/content/history-content/website-reviews/slavery-in-canada.md,24984,Slavery in Canada,card,splash_image,/files/slaveryincanada432x240.jpg,ok,teachinghistory-website/static/files/slaveryincanada432x240.jpg
teachinghistory-website/content/history-content/website-reviews/slavery-in-new-york.md,14731,Slavery in New York,card,splash_image,/files/Slavery_in_New_York_432x240.jpg,ok,teachinghistory-website/static/files/Slavery_in_New_York_432x240.jpg
teachinghistory-website/content/history-content/website-reviews/slaves-and-the-courts-1740-1860.md,14802,"Slaves and the Courts, 1740-1860",card,splash_image,/files/Slaves_and_the_Courts_1740-1860_432x240.jpg,ok,teachinghistory-website/static/files/Slaves_and_the_Courts_1740-1860_432x240.jpg
teachinghistory-website/content/history-content/website-reviews/small-town-america-images-from-the-robert-dennis-collection-1850-1920.md,14664,"Small-Town America: Images from the Robert Dennis Collection, 1850-1920",card,splash_image,/files/Small-Town_America-_Stereoscopic_Views_from_the_Robert_Dennis_Collection_1850-1920_432x240.jpg,ok,teachinghistory-website/static/files/Small-Town_America-_Stereoscopic_Views_from_the_Robert_Dennis_Collection_1850-1920_432x240.jpg
teachinghistory-website/content/history-content/website-reviews/snag-learning.md,24990,Snag Learning,card,splash_image,/files/snaglearning432x240.jpg,ok,teachinghistory-website/static/files/snaglearning432x240.jpg
teachinghistory-website/content/history-content/website-reviews/south-texas-border-1900-1920-the-robert-runyon-collection.md,14620,"South Texas Border, 1900-1920: The Robert Runyon Collection",card,splash_image,/files/South_Texas_Border_432x240.jpg,ok,teachinghistory-website/static/files/South_Texas_Border_432x240.jpg
teachinghistory-website/content/history-content/website-reviews/spain-the-united-states-and-the-american-frontier-historias-paralelas.md,23294,"Spain, The United States, and The American Frontier: Historias Paralelas",card,splash_image,/files/Spain_The_United_States_and_The_American_Frontier-_Historias_Paralelas_432x240.jpg,ok,teachinghistory-website/static/files/Spain_The_United_States_and_The_American_Frontier-_Historias_Paralelas_432x240.jpg
teachinghistory-website/content/history-content/website-reviews/spalding-base-ball-guides-1889-1939.md,23001,"Spalding Base Ball Guides, 1889-1939",card,splash_image,/files/splash-wr-baseball1.jpg,ok,teachinghistory-website/static/files/splash-wr-baseball1.jpg
teachinghistory-website/content/history-content/website-reviews/spanish-american-war-in-motion-pictures.md,14750,Spanish-American War in Motion Pictures,card,splash_image,/files/Spanish-American_War_in_Motion_Pictures_432x240.jpg,ok,teachinghistory-website/static/files/Spanish-American_War_in_Motion_Pictures_432x240.jpg
teachinghistory-website/content/history-content/website-reviews/spy-letters-of-the-american-revolution.md,23159,Spy Letters of the American Revolution,card,splash_image,/files/spyletter.jpg,ok,teachinghistory-website/static/files/spyletter.jpg
teachinghistory-website/content/history-content/website-reviews/st-louis-circuit-court-historical-records-project.md,23050,St. Louis Circuit Court Historical Records Project,card,splash_image,/files/splash-wr-stlouiscircuit.jpg,ok,teachinghistory-website/static/files/splash-wr-stlouiscircuit.jpg
teachinghistory-website/content/history-content/website-reviews/state-of-the-union.md,24153,State of the Union,card,splash_image,/files/splash-wr-stateofunion.jpg,ok,teachinghistory-website/static/files/splash-wr-stateofunion.jpg
teachinghistory-website/content/history-content/website-reviews/statistics-in-schools.md,25863,Statistics in Schools,card,splash_image,/files/Screen Shot 2019-09-03 at 12.51.14 PM.png,ok,teachinghistory-website/static/files/Screen Shot 2019-09-03 at 12.51.14 PM.png
teachinghistory-website/content/history-content/website-reviews/stephen-fosters-sketchbook.md,22662,Stephen Foster's Sketchbook,card,splash_image,/files/StephenFoster432x240.jpg,ok,teachinghistory-website/static/files/StephenFoster432x240.jpg
teachinghistory-website/content/history-content/website-reviews/still-going-on-celebrating-the-life-and-times-of-william-grant-still.md,22764,Still Going On: Celebrating The Life and Times of William Grant Still,card,splash_image,/files/StillGoingOn432x240.jpg,ok,teachinghistory-website/static/files/StillGoingOn432x240.jpg
teachinghistory-website/content/history-content/website-reviews/storycorps.md,22614,StoryCorps,card,splash_image,/files/StoryCorps432x240.jpg,ok,teachinghistory-website/static/files/StoryCorps432x240.jpg
teachinghistory-website/content/history-content/website-reviews/streetscape-and-townscape-of-metropolitan-new-york-city-1860-1942.md,23249,"Streetscape and Townscape of Metropolitan New York City, 1860-1942",card,splash_image,/files/Streetscape_and_Townscape_of_Metropolitan_New_York_City_1860-1942_432x240.jpg,ok,teachinghistory-website/static/files/Streetscape_and_Townscape_of_Metropolitan_New_York_City_1860-1942_432x240.jpg
teachinghistory-website/content/history-content/website-reviews/student-voices-from-world-war-ii-and-the-mccarthy-era.md,23211,Student Voices from World War II and the McCarthy Era,card,splash_image,/files/studentvoices.jpg,ok,teachinghistory-website/static/files/studentvoices.jpg
teachinghistory-website/content/history-content/website-reviews/studs-terkel-conversations-with-america.md,14784,Studs Terkel: Conversations with America,card,splash_image,/files/Studs_Terkel-_Conversations_with_America_432x240.jpg,ok,teachinghistory-website/static/files/Studs_Terkel-_Conversations_with_America_432x240.jpg
teachinghistory-website/content/history-content/website-reviews/sullivan-clinton-campaign-1779-2005.md,22742,"Sullivan Clinton Campaign, 1779-2005",card,splash_image,/files/SullivanClinton432x240.jpg,ok,teachinghistory-website/static/files/SullivanClinton432x240.jpg
teachinghistory-website/content/history-content/website-reviews/sunday-school-books-shaping-the-values-of-youth-in-19th-century-america.md,14654,Sunday School Books: Shaping the Values of Youth in 19th-Century America,card,splash_image,/files/Sunday_School_Books-_Shaping_the_Values_of_Youth_in_Nineteenth-Century_America_432x240.jpg,ok,teachinghistory-website/static/files/Sunday_School_Books-_Shaping_the_Values_of_Youth_in_Nineteenth-Century_America_432x240.jpg
teachinghistory-website/content/history-content/website-reviews/supreme-court-historical-society.md,22281,Supreme Court Historical Society,card,splash_image,/files/Supreme_Court_Historical_Society_432x240.jpg,ok,teachinghistory-website/static/files/Supreme_Court_Historical_Society_432x240.jpg
teachinghistory-website/content/history-content/website-reviews/surveyors-of-the-west-william-henry-jackson-and-robert-brewster-stanton.md,23157,Surveyors of the West: William Henry Jackson and Robert Brewster Stanton,card,splash_image,/files/surveyors.jpg,ok,teachinghistory-website/static/files/surveyors.jpg
teachinghistory-website/content/history-content/website-reviews/taking-the-long-view-panoramic-photographs-1851-1991.md,14745,"Taking the Long View: Panoramic Photographs, 1851-1991",card,splash_image,/files/Taking_the_Long_View-_Panoramic_Photographs_1851-1991_432x240.jpg,ok,teachinghistory-website/static/files/Taking_the_Long_View-_Panoramic_Photographs_1851-1991_432x240.jpg
teachinghistory-website/content/history-content/website-reviews/taking-the-mystery-out-of-copyright.md,24989,Taking the Mystery out of Copyright,card,splash_image,/files/takethemystery432x240.jpg,ok,teachinghistory-website/static/files/takethemystery432x240.jpg
teachinghistory-website/content/history-content/website-reviews/talking-history-with-bryan-lebeau.md,23325,Talking History with Bryan LeBeau,card,splash_image,/files/Talking_History_with_Bryan_LeBeau_432x240.jpg,ok,teachinghistory-website/static/files/Talking_History_with_Bryan_LeBeau_432x240.jpg
teachinghistory-website/content/history-content/website-reviews/tangled-roots.md,14716,Tangled Roots,card,splash_image,/files/Tangled_Roots-_A_Project_Exploring_the_Histories_of_Americans_of_Irish_Heritage_and_Americans_of_African_Heritage_432x240.jpg,ok,teachinghistory-website/static/files/Tangled_Roots-_A_Project_Exploring_the_Histories_of_Americans_of_Irish_Heritage_and_Americans_of_African_Heritage_432x240.jpg
teachinghistory-website/content/history-content/website-reviews/teach-womens-history-project.md,14776,Teach Women's History Project,card,splash_image,/files/Teach_Womens_History_Project_432x240.jpg,ok,teachinghistory-website/static/files/Teach_Womens_History_Project_432x240.jpg
teachinghistory-website/content/history-content/website-reviews/teacherserve.md,24356,TeacherServe,card,splash_image,/files/splash-wr-teacherserve.jpg,ok,teachinghistory-website/static/files/splash-wr-teacherserve.jpg
teachinghistory-website/content/history-content/website-reviews/teaching-future-historians-us-history-lesson-plans-using-primary-documents.md,22689,Teaching Future Historians: U.S. History Lesson Plans Using Primary Documents,card,splash_image,/files/TeachingFuture432x240.jpg,ok,teachinghistory-website/static/files/TeachingFuture432x240.jpg
teachinghistory-website/content/history-content/website-reviews/teaching-with-laurel-grove-school.md,22519,Teaching with Laurel Grove School,card,splash_image,/files/Teaching_at_Laurel_Grove_432x240.jpg,ok,teachinghistory-website/static/files/Teaching_at_Laurel_Grove_432x240.jpg
teachinghistory-website/content/history-content/website-reviews/television-news-of-the-civil-rights-era.md,14774,Television News of the Civil Rights Era,card,splash_image,/files/Television_News_of_the_Civil_Rights_Era_1950-1970_432x240.jpg,ok,teachinghistory-website/static/files/Television_News_of_the_Civil_Rights_Era_1950-1970_432x240.jpg
teachinghistory-website/content/history-content/website-reviews/tending-the-commons-folklife-and-landscape-in-southern-west-virginia.md,23349,Tending the Commons: Folklife and Landscape in Southern West Virginia,card,splash_image,/files/Tending_the_Commons-_Folklife_and_Landscape_in_Southern_West_Virginia_432x240.jpg,ok,teachinghistory-website/static/files/Tending_the_Commons-_Folklife_and_Landscape_in_Southern_West_Virginia_432x240.jpg
teachinghistory-website/content/history-content/website-reviews/tennessee-4-me.md,23887,Tennessee 4 Me,card,splash_image,/files/Tennessee4Me_432x240.jpg,ok,teachinghistory-website/static/files/Tennessee4Me_432x240.jpg
teachinghistory-website/content/history-content/website-reviews/tennessee-documentary-history-collection-1796-1850.md,22666,"Tennessee Documentary History Collection, 1796-1850",card,splash_image,/files/TennesseeDocumentary432x240.jpg,ok,teachinghistory-website/static/files/TennesseeDocumentary432x240.jpg
teachinghistory-website/content/history-content/website-reviews/tennessee-encyclopedia-of-history-and-culture.md,25281,Tennessee Encyclopedia of History and Culture,card,splash_image,/files/tnsplash.jpg,ok,teachinghistory-website/static/files/tnsplash.jpg
teachinghistory-website/content/history-content/website-reviews/territorial-kansas-online.md,14744,Territorial Kansas Online,card,splash_image,/files/Territorial_Kansas_Online_432x240.jpg,ok,teachinghistory-website/static/files/Territorial_Kansas_Online_432x240.jpg
teachinghistory-website/content/history-content/website-reviews/texas-archive-of-the-moving-image.md,25011,Texas Archive of the Moving Image,card,splash_image,/files/texasarchiveof432x240.jpg,ok,teachinghistory-website/static/files/texasarchiveof432x240.jpg
teachinghistory-website/content/history-content/website-reviews/texts-from-collections-of-the-university-of-wisconsin-madison.md,23149,"Texts from Collections of the University of Wisconsin, Madison",card,splash_image,/files/historical.jpg,ok,teachinghistory-website/static/files/historical.jpg
teachinghistory-website/content/history-content/website-reviews/thars-gold-in-them-thar-hills-gold-and-gold-mining-in-georgia-1830s-1940s.md,22667,"Thar's Gold in Them Thar Hills: Gold and Gold Mining in Georgia, 1830s-1940s",card,splash_image,/files/TharsGold432x240.jpg,ok,teachinghistory-website/static/files/TharsGold432x240.jpg
teachinghistory-website/content/history-content/website-reviews/the-1906-san-francisco-earthquake-and-fire.md,14623,The 1906 San Francisco Earthquake and Fire,card,splash_image,/files/The_1906_San_Francisco_Earthquake_432x240.jpg,ok,teachinghistory-website/static/files/The_1906_San_Francisco_Earthquake_432x240.jpg
teachinghistory-website/content/history-content/website-reviews/the-19th-century-in-print-books.md,23083,The 19th Century in Print: Books,card,splash_image,/files/splash-wr-19thcenturyprint.jpg,ok,teachinghistory-website/static/files/splash-wr-19thcenturyprint.jpg
teachinghistory-website/content/history-content/website-reviews/the-19th-century-in-print-periodicals.md,23084,The 19th Century in Print: Periodicals,card,splash_image,/files/splash-wr-19thcenturyperiodicals.jpg,ok,teachinghistory-website/static/files/splash-wr-19thcenturyperiodicals.jpg
teachinghistory-website/content/history-content/website-reviews/the-3cities-project.md,23100,The 3Cities Project,card,splash_image,/files/splash-wr-3cities.jpg,ok,teachinghistory-website/static/files/splash-wr-3cities.jpg
teachinghistory-website/content/history-content/website-reviews/the-aaron-copland-collection-ca-1900-1990.md,23348,"The Aaron Copland Collection, ca. 1900-1990",card,splash_image,/files/The_Aaron_Copland_Collection_ca._1900-1990_432x240.jpg,ok,teachinghistory-website/static/files/The_Aaron_Copland_Collection_ca._1900-1990_432x240.jpg
teachinghistory-website/content/history-content/website-reviews/the-adoption-history-project.md,22599,The Adoption History Project,card,splash_image,/files/Adoption_432x240.jpg,ok,teachinghistory-website/static/files/Adoption_432x240.jpg
teachinghistory-website/content/history-content/website-reviews/the-african-american-mosaic.md,22594,The African-American Mosaic,card,splash_image,/files/AfrAmMosaic_432x240.jpg,ok,teachinghistory-website/static/files/AfrAmMosaic_432x240.jpg
teachinghistory-website/content/history-content/website-reviews/the-african-american-odyssey-a-quest-for-full-citizenship.md,23346,The African American Odyssey: A Quest for Full Citizenship,card,splash_image,/files/The_African_American_Odyssey-_A_Quest_for_Full_Citizenship_432x240.jpg,ok,teachinghistory-website/static/files/The_African_American_Odyssey-_A_Quest_for_Full_Citizenship_432x240.jpg
teachinghistory-website/content/history-content/website-reviews/the-alexis-de-tocqueville-tour-exploring-democracy-in-america.md,22850,The Alexis de Tocqueville Tour: Exploring Democracy in America,card,splash_image,/files/splash-wr-tocqueville.jpg,ok,teachinghistory-website/static/files/splash-wr-tocqueville.jpg
teachinghistory-website/content/history-content/website-reviews/the-american-1890s.md,22751,The American 1890s,card,splash_image,/files/American1890s432x240.jpg,ok,teachinghistory-website/static/files/American1890s432x240.jpg
teachinghistory-website/content/history-content/website-reviews/the-american-colonists-library.md,23345,The American Colonist's Library,card,splash_image,/files/colonistslibrary432x240.jpg,ok,teachinghistory-website/static/files/colonistslibrary432x240.jpg
teachinghistory-website/content/history-content/website-reviews/the-american-experience.md,23065,The American Experience,card,splash_image,/files/splash-wr-amerexper.jpg,ok,teachinghistory-website/static/files/splash-wr-amerexper.jpg
teachinghistory-website/content/history-content/website-reviews/the-american-presidency-a-glorious-burden.md,23029,The American Presidency: A Glorious Burden,card,splash_image,/files/splash-wr-gloriousburden.jpg,ok,teachinghistory-website/static/files/splash-wr-gloriousburden.jpg
teachinghistory-website/content/history-content/website-reviews/the-american-revolution-and-its-era-maps-and-charts.md,23089,The American Revolution and Its Era: Maps and Charts,card,splash_image,/files/splash-wr-americanrevolmap.jpg,ok,teachinghistory-website/static/files/splash-wr-americanrevolmap.jpg
teachinghistory-website/content/history-content/website-reviews/the-annexation-of-hawaii-a-collection-of-documents.md,23289,The Annexation of Hawaii: A Collection of Documents,card,splash_image,/files/The_Annexation_of_Hawaii-_A_Collection_of_Documents_432x240.jpg,ok,teachinghistory-website/static/files/The_Annexation_of_Hawaii-_A_Collection_of_Documents_432x240.jpg
teachinghistory-website/content/history-content/website-reviews/the-atomic-bomb-and-the-end-of-world-war-ii.md,22682,The Atomic Bomb and the End of World War II,card,splash_image,/files/TheAtomicBomb432x240.jpg,ok,teachinghistory-website/static/files/TheAtomicBomb432x240.jpg
teachinghistory-website/content/history-content/website-reviews/the-barbara-mcclintock-papers.md,23032,The Barbara McClintock Papers,card,splash_image,/files/splash-wr-mcclintock.jpg,ok,teachinghistory-website/static/files/splash-wr-mcclintock.jpg
teachinghistory-website/content/history-content/website-reviews/the-blues-black-vaudeville-and-the-silver-screen-1912-1930s.md,22618,"The Blues, Black Vaudeville, and the Silver Screen, 1912-1930s",card,splash_image,/files/TheBlues432x240.jpg,ok,teachinghistory-website/static/files/TheBlues432x240.jpg
teachinghistory-website/content/history-content/website-reviews/the-capital-and-the-bay-ca-1600-1925.md,23163,"The Capital and the Bay, ca. 1600-1925",card,splash_image,/files/capital.jpg,ok,teachinghistory-website/static/files/capital.jpg
teachinghistory-website/content/history-content/website-reviews/the-case-of-sacco-and-vanzetti.md,22598,The Case of Sacco and Vanzetti,card,splash_image,/files/splash-for-Sacco.jpg,ok,teachinghistory-website/static/files/splash-for-Sacco.jpg
teachinghistory-website/content/history-content/website-reviews/the-challenge-of-democracy-lbj-in-the-oval-office-johnsons-vietnam-anguish.md,23328,The Challenge of Democracy: LBJ in the Oval Office: Johnson's Vietnam Anguish,card,splash_image,/files/The_Challenge_of_Democracy-_LBJ_in_the_Oval_Office-_Johnsons_Vietnam_Anguish_432x240.jpg,ok,teachinghistory-website/static/files/The_Challenge_of_Democracy-_LBJ_in_the_Oval_Office-_Johnsons_Vietnam_Anguish_432x240.jpg
teachinghistory-website/content/history-content/website-reviews/the-church-in-the-southern-black-community-1780-1925.md,23040,"The Church in the Southern Black Community, 1780-1925",card,splash_image,/files/splash-wr-southernchurches.jpg,ok,teachinghistory-website/static/files/splash-wr-southernchurches.jpg
teachinghistory-website/content/history-content/website-reviews/the-commercial-closet.md,23195,The Commercial Closet,card,splash_image,/files/commercialcloset.jpg,ok,teachinghistory-website/static/files/commercialcloset.jpg
teachinghistory-website/content/history-content/website-reviews/the-crisis-of-the-union.md,23297,The Crisis of the Union,card,splash_image,/files/The_Crisis_of_the_Union_432x240.jpg,ok,teachinghistory-website/static/files/The_Crisis_of_the_Union_432x240.jpg
teachinghistory-website/content/history-content/website-reviews/the-cuban-missile-crisis-1962-the-40th-anniversary.md,23097,"The Cuban Missile Crisis, 1962: The 40th Anniversary",card,splash_image,/files/CubanMissile.jpg,ok,teachinghistory-website/static/files/CubanMissile.jpg
teachinghistory-website/content/history-content/website-reviews/the-daguerreian-society.md,23137,The Daguerreian Society,card,splash_image,/files/daguerrian.jpg,ok,teachinghistory-website/static/files/daguerrian.jpg
teachinghistory-website/content/history-content/website-reviews/the-deadly-virus-the-influenza-epidemic-of-1918.md,24022,The Deadly Virus: The Influenza Epidemic of 1918,card,splash_image,/files/Influenza1919_432x240.jpg,ok,teachinghistory-website/static/files/Influenza1919_432x240.jpg
teachinghistory-website/content/history-content/website-reviews/the-dick-thornburgh-papers.md,22609,The Dick Thornburgh Papers,card,splash_image,/files/DickThornburgh432x240.jpg,ok,teachinghistory-website/static/files/DickThornburgh432x240.jpg
teachinghistory-website/content/history-content/website-reviews/the-digital-classroom.md,22836,The Digital Classroom,card,splash_image,/files/splash-wr-nara.jpg,ok,teachinghistory-website/static/files/splash-wr-nara.jpg
teachinghistory-website/content/history-content/website-reviews/the-dramas-of-haymarket.md,23410,The Dramas of Haymarket,card,splash_image,/files/Haymarket_432x240.jpg,ok,teachinghistory-website/static/files/Haymarket_432x240.jpg
teachinghistory-website/content/history-content/website-reviews/the-eastman-project-images-of-california-life.md,22664,The Eastman Project: Images of California Life,card,splash_image,/files/EastmanProject432x240.jpg,ok,teachinghistory-website/static/files/EastmanProject432x240.jpg
teachinghistory-website/content/history-content/website-reviews/the-eleanor-roosevelt-papers-project.md,22520,The Eleanor Roosevelt Papers Project,card,splash_image,/files/The_Eleanor_Roosevelt_Papers_Project_432x240.jpg,ok,teachinghistory-website/static/files/The_Eleanor_Roosevelt_Papers_Project_432x240.jpg
teachinghistory-website/content/history-content/website-reviews/the-encyclopedia-of-arkansas-history-and-culture.md,25277,The Encyclopedia of Arkansas History and Culture,card,splash_image,/files/arsplash.jpg,ok,teachinghistory-website/static/files/arsplash.jpg
teachinghistory-website/content/history-content/website-reviews/the-five-points-site.md,22835,The Five Points Site,card,splash_image,/files/splash-wr-fivepoints.jpg,ok,teachinghistory-website/static/files/splash-wr-fivepoints.jpg
teachinghistory-website/content/history-content/website-reviews/the-franklin-county-publication-archives-index.md,22583,The Franklin County Publication Archives Index,card,splash_image,/files/The_Franklin_County_Publication_Archives_Index_432x240.jpg,ok,teachinghistory-website/static/files/The_Franklin_County_Publication_Archives_Index_432x240.jpg
teachinghistory-website/content/history-content/website-reviews/the-great-depression-to-world-war-ii-photos-from-the-fsa-owi.md,14624,The Great Depression to World War II: Photos from the FSA-OWI,card,splash_image,/files/America_from_the_Great_Depression_to_World_War_II_432x240.jpg,ok,teachinghistory-website/static/files/America_from_the_Great_Depression_to_World_War_II_432x240.jpg
teachinghistory-website/content/history-content/website-reviews/the-great-seattle-fire.md,22602,The Great Seattle Fire,card,splash_image,/files/The_Great_Seattle_Fire_432x240.jpg,ok,teachinghistory-website/static/files/The_Great_Seattle_Fire_432x240.jpg
teachinghistory-website/content/history-content/website-reviews/the-hartford-black-history-project.md,23207,The Hartford Black History Project,card,splash_image,/files/hartford.jpg,ok,teachinghistory-website/static/files/hartford.jpg
teachinghistory-website/content/history-content/website-reviews/the-history-box.md,22711,The History Box,card,splash_image,/files/HistoryBox432x240.jpg,ok,teachinghistory-website/static/files/HistoryBox432x240.jpg
teachinghistory-website/content/history-content/website-reviews/the-history-of-sanitary-sewers.md,23016,The History of Sanitary Sewers,card,splash_image,/files/splash-wr-sewers.jpg,ok,teachinghistory-website/static/files/splash-wr-sewers.jpg
teachinghistory-website/content/history-content/website-reviews/the-history-of-social-security.md,14827,The History of Social Security,card,splash_image,/files/The_History_of_Social_Security_432x240.jpg,ok,teachinghistory-website/static/files/The_History_of_Social_Security_432x240.jpg
teachinghistory-website/content/history-content/website-reviews/the-history-of-vaccines.md,25778,The History of Vaccines,card,splash_image,/files/vaccinesplash.jpg,ok,teachinghistory-website/static/files/vaccinesplash.jpg
teachinghistory-website/content/history-content/website-reviews/the-internet-african-american-history-challenge.md,22856,The Internet African-American History Challenge,card,splash_image,/files/splash-wr-aframerquiz.jpg,ok,teachinghistory-website/static/files/splash-wr-aframerquiz.jpg
teachinghistory-website/content/history-content/website-reviews/the-irving-fine-collection-ca-1914-1962.md,23160,"The Irving Fine Collection, Ca. 1914-1962",card,splash_image,/files/irvingfine.jpg,ok,teachinghistory-website/static/files/irvingfine.jpg
teachinghistory-website/content/history-content/website-reviews/the-jack-london-online-collection.md,14837,The Jack London Online Collection,card,splash_image,/files/Jack_Londons_Writings_432x240.jpg,ok,teachinghistory-website/static/files/Jack_Londons_Writings_432x240.jpg
teachinghistory-website/content/history-content/website-reviews/the-japanese-american-exhibit-and-access-project.md,22752,The Japanese American Exhibit and Access Project,card,splash_image,/files/JapaneseAmerican432x240.jpg,ok,teachinghistory-website/static/files/JapaneseAmerican432x240.jpg
teachinghistory-website/content/history-content/website-reviews/the-jewish-americans.md,25228,The Jewish Americans,card,splash_image,/files/jewishamericanssplash.jpg,ok,teachinghistory-website/static/files/jewishamericanssplash.jpg
teachinghistory-website/content/history-content/website-reviews/the-john-and-ruby-lomax-1939-southern-states-recording-trip.md,14687,The John and Ruby Lomax 1939 Southern States Recording Trip,card,splash_image,/files/Southern_Mosaic-_The_John_and_Ruby_Lomax_1939_Southern_States_Recording_Trip_432x240.jpg,ok,teachinghistory-website/static/files/Southern_Mosaic-_The_John_and_Ruby_Lomax_1939_Southern_States_Recording_Trip_432x240.jpg
teachinghistory-website/content/history-content/website-reviews/the-joshua-lederberg-papers.md,23227,The Joshua Lederberg Papers,card,splash_image,/files/ledderberg.jpg,ok,teachinghistory-website/static/files/ledderberg.jpg
teachinghistory-website/content/history-content/website-reviews/the-kraus-collection-of-sir-francis-drake.md,14644,The Kraus Collection of Sir Francis Drake,card,splash_image,/files/The_Kraus_Collection_of_Sir_Francis_Drake_432x240.jpg,ok,teachinghistory-website/static/files/The_Kraus_Collection_of_Sir_Francis_Drake_432x240.jpg
teachinghistory-website/content/history-content/website-reviews/the-last-days-of-a-president-films-of-mckinley-1901.md,23351,"The Last Days of a President: Films of McKinley, 1901",card,splash_image,/files/The_Last_Days_of_a_President-_Films_of_McKinley_and_the_Pan-American_Exposition_1901_432x240.jpg,ok,teachinghistory-website/static/files/The_Last_Days_of_a_President-_Films_of_McKinley_and_the_Pan-American_Exposition_1901_432x240.jpg
teachinghistory-website/content/history-content/website-reviews/the-leonard-bernstein-collection-ca1920-1989.md,23393,"The Leonard Bernstein Collection, ca.1920-1989",card,splash_image,/files/The_Leonard_Bernstein_Collection_ca.1920-1989_432x240.jpg,ok,teachinghistory-website/static/files/The_Leonard_Bernstein_Collection_ca.1920-1989_432x240.jpg
teachinghistory-website/content/history-content/website-reviews/the-life-of-a-city-early-films-of-new-york-1898-1906.md,23082,"The Life of a City: Early Films of New York, 1898-1906",card,splash_image,/files/splash-wr-newyorkfilms.jpg,ok,teachinghistory-website/static/files/splash-wr-newyorkfilms.jpg
teachinghistory-website/content/history-content/website-reviews/the-lincoln-institute.md,22605,The Lincoln Institute,card,splash_image,/files/The_Lincoln_Institute_432x240.jpg,ok,teachinghistory-website/static/files/The_Lincoln_Institute_432x240.jpg
teachinghistory-website/content/history-content/website-reviews/the-lindbergh-case-the-trial-of-the-century.md,22763,The Lindbergh Case: The Trial of the Century,card,splash_image,/files/LindberghTrial432x240.jpg,ok,teachinghistory-website/static/files/LindberghTrial432x240.jpg
teachinghistory-website/content/history-content/website-reviews/the-lives-and-writings-of-antebellum-students-at-unc.md,22690,The Lives and Writings of Antebellum Students at UNC,card,splash_image,/files/trueandcandid432x240.jpg,ok,teachinghistory-website/static/files/trueandcandid432x240.jpg
teachinghistory-website/content/history-content/website-reviews/the-lone-woman-and-last-indians-digital-archive.md,25825,The Lone Woman and Last Indians Digital Archive,card,splash_image,/files/Splash-Image-Lone-Woman.png,ok,teachinghistory-website/static/files/Splash-Image-Lone-Woman.png
teachinghistory-website/content/history-content/website-reviews/the-luso-hispanic-world-in-maps.md,23191,The Luso-Hispanic World in Maps,card,splash_image,/files/lusohispanic.jpg,ok,teachinghistory-website/static/files/lusohispanic.jpg
teachinghistory-website/content/history-content/website-reviews/the-malcolm-x-project.md,22706,The Malcolm X Project,card,splash_image,/files/MalcolmX432x240.jpg,ok,teachinghistory-website/static/files/MalcolmX432x240.jpg
teachinghistory-website/content/history-content/website-reviews/the-march-on-milwaukee-civil-rights-history-project.md,25766,The March on Milwaukee Civil Rights History Project,card,splash_image,/files/screen-shot-2012-11-15-at-3.56.32-pm.jpg,ok,teachinghistory-website/static/files/screen-shot-2012-11-15-at-3.56.32-pm.jpg
teachinghistory-website/content/history-content/website-reviews/the-mercury-theater-on-the-air.md,23352,The Mercury Theater on the Air,card,splash_image,/files/The_Mercury_Theater_on_the_Air_432x240.jpg,ok,teachinghistory-website/static/files/The_Mercury_Theater_on_the_Air_432x240.jpg
teachinghistory-website/content/history-content/website-reviews/the-montgomery-bus-boycott-they-changed-the-world.md,25806,The Montgomery Bus Boycott: They Changed the World,card,image,/files/website_image/screen_shot_2013-09-26_at_1.48_0.jpg,ok,teachinghistory-website/static/files/website_image/screen_shot_2013-09-26_at_1.48_0.jpg
teachinghistory-website/content/history-content/website-reviews/the-mountain-meadows-massacre-in-public-discourse.md,23908,The Mountain Meadows Massacre in Public Discourse,card,splash_image,/files/MountainMassacre_432x240.jpg,ok,teachinghistory-website/static/files/MountainMassacre_432x240.jpg
teachinghistory-website/content/history-content/website-reviews/the-museum-of-broadcast-communications.md,24155,The Museum of Broadcast Communications,card,splash_image,/files/splash-wr-broadcast.jpg,ok,teachinghistory-website/static/files/splash-wr-broadcast.jpg
teachinghistory-website/content/history-content/website-reviews/the-new-georgia-encyclopedia.md,23000,The New Georgia Encyclopedia,card,splash_image,/files/splash-wr-peaches.jpg,ok,teachinghistory-website/static/files/splash-wr-peaches.jpg
teachinghistory-website/content/history-content/website-reviews/the-object-of-history.md,24594,The Object of History,card,splash_image,/files/objectsplash.jpg,ok,teachinghistory-website/static/files/objectsplash.jpg
teachinghistory-website/content/history-content/website-reviews/the-official-george-and-ira-gershwin-website.md,23287,The Official George and Ira Gershwin Website,card,splash_image,/files/The_Official_George_and_Ira_Gershwin_Website_432x240.jpg,ok,teachinghistory-website/static/files/The_Official_George_and_Ira_Gershwin_Website_432x240.jpg
teachinghistory-website/content/history-content/website-reviews/the-official-leonard-bernstein-site.md,23280,The Official Leonard Bernstein Site,card,splash_image,/files/The_Official_Leonard_Bernstein_Site_432x240.jpg,ok,teachinghistory-website/static/files/The_Official_Leonard_Bernstein_Site_432x240.jpg
teachinghistory-website/content/history-content/website-reviews/the-oregon-encyclopedia.md,25280,The Oregon Encyclopedia,card,splash_image,/files/or_splash.jpg,ok,teachinghistory-website/static/files/or_splash.jpg
teachinghistory-website/content/history-content/website-reviews/the-papers-of-george-washington.md,23379,The Papers of George Washington,card,splash_image,/files/The_Papers_of_George_Washington_432x240.jpg,ok,teachinghistory-website/static/files/The_Papers_of_George_Washington_432x240.jpg
teachinghistory-website/content/history-content/website-reviews/the-perilous-fight-americas-world-war-ii-in-color.md,23288,The Perilous Fight: America's World War II in Color,card,splash_image,/files/The_Perilous_Fight-_Americas_World_War_II_in_Color_432x240.jpg,ok,teachinghistory-website/static/files/The_Perilous_Fight-_Americas_World_War_II_in_Color_432x240.jpg
teachinghistory-website/content/history-content/website-reviews/the-pilgrims-in-american-culture-thanksgiving.md,23269,The Pilgrims in American Culture: Thanksgiving,card,splash_image,/files/The_Pilgrims_in_American_Culture-_Thanksgiving_432x240.jpg,ok,teachinghistory-website/static/files/The_Pilgrims_in_American_Culture-_Thanksgiving_432x240.jpg
teachinghistory-website/content/history-content/website-reviews/the-pill.md,23005,The Pill,card,splash_image,/files/splash-wr-birthcontrolpill.jpg,ok,teachinghistory-website/static/files/splash-wr-birthcontrolpill.jpg
teachinghistory-website/content/history-content/website-reviews/the-president-john-f-kennedy-assassination-records-collection.md,22855,The President John F. Kennedy Assassination Records Collection,card,splash_image,/files/splash-wr-jfkassass.jpg,ok,teachinghistory-website/static/files/splash-wr-jfkassass.jpg
teachinghistory-website/content/history-content/website-reviews/the-presidents.md,14714,The Presidents,card,splash_image,/files/The_Presidents_432x240.jpg,ok,teachinghistory-website/static/files/The_Presidents_432x240.jpg
teachinghistory-website/content/history-content/website-reviews/the-primeline-midi-library.md,23026,The Primeline Midi Library,card,splash_image,/files/splash-wr-midiarchive.jpg,ok,teachinghistory-website/static/files/splash-wr-midiarchive.jpg
teachinghistory-website/content/history-content/website-reviews/the-social-museum-collection-at-harvard-university.md,23619,The Social Museum Collection at Harvard University,card,splash_image,/files/SocialMuseum_432x240.jpg,ok,teachinghistory-website/static/files/SocialMuseum_432x240.jpg
teachinghistory-website/content/history-content/website-reviews/the-sonic-memorial-project.md,22584,The Sonic Memorial Project,card,splash_image,/files/The_Sonic_Memorial_Project_432x240.jpg,ok,teachinghistory-website/static/files/The_Sonic_Memorial_Project_432x240.jpg
teachinghistory-website/content/history-content/website-reviews/the-star-spangled-banner.md,23030,The Star-Spangled Banner,card,splash_image,/files/splash-wr-starspangled.jpg,ok,teachinghistory-website/static/files/splash-wr-starspangled.jpg
teachinghistory-website/content/history-content/website-reviews/the-stars-and-stripes-1918-1919.md,14622,"The Stars and Stripes, 1918-1919",card,splash_image,/files/Stars_and_Stripes-_The_American_Soldiers_Newspaper_of_WWI_432x240.jpg,ok,teachinghistory-website/static/files/Stars_and_Stripes-_The_American_Soldiers_Newspaper_of_WWI_432x240.jpg
teachinghistory-website/content/history-content/website-reviews/the-story-of-virginia.md,22975,The Story of Virginia,card,splash_image,/files/splash-wr-virginians.jpg,ok,teachinghistory-website/static/files/splash-wr-virginians.jpg
teachinghistory-website/content/history-content/website-reviews/the-supreme-court.md,25023,The Supreme Court,card,splash_image,/files/SupremeCourt432x240.jpg,ok,teachinghistory-website/static/files/SupremeCourt432x240.jpg
teachinghistory-website/content/history-content/website-reviews/the-tax-history-project.md,14781,The Tax History Project,card,splash_image,/files/The_Tax_History_Project_432x240.jpg,ok,teachinghistory-website/static/files/The_Tax_History_Project_432x240.jpg
teachinghistory-website/content/history-content/website-reviews/the-texas-constitutions-digitization-project.md,23079,The Texas Constitutions Digitization Project,card,splash_image,/files/splash-wr-texasconstitutions.jpg,ok,teachinghistory-website/static/files/splash-wr-texasconstitutions.jpg
teachinghistory-website/content/history-content/website-reviews/the-underground-railroad.md,23340,The Underground Railroad,card,splash_image,/files/The_Underground_Railroad_432x240.jpg,ok,teachinghistory-website/static/files/The_Underground_Railroad_432x240.jpg
teachinghistory-website/content/history-content/website-reviews/the-united-states-and-brazil-expanding-frontiers-comparing-cultures.md,22990,"The United States and Brazil: Expanding Frontiers, Comparing Cultures",card,splash_image,/files/splash-wr-brazil.jpg,ok,teachinghistory-website/static/files/splash-wr-brazil.jpg
teachinghistory-website/content/history-content/website-reviews/the-urban-landscape.md,22801,The Urban Landscape,card,splash_image,/files/urbanlandscape432x240.jpg,ok,teachinghistory-website/static/files/urbanlandscape432x240.jpg
teachinghistory-website/content/history-content/website-reviews/the-us-house-of-representatives-remembers-september-11.md,25171,The U.S. House of Representatives Remembers September 11,card,splash_image,/files/septsplash.jpg,ok,teachinghistory-website/static/files/septsplash.jpg
teachinghistory-website/content/history-content/website-reviews/the-uses-abuses-of-the-constitution.md,23047,The Uses & Abuses of the Constitution,card,splash_image,/files/splash-wr-commonplace_0.jpg,ok,teachinghistory-website/static/files/splash-wr-commonplace_0.jpg
teachinghistory-website/content/history-content/website-reviews/the-vault.md,14818,The Vault,card,splash_image,/files/Freedom_of_Information_Act_Electronic_Reading_Room_432x240.jpg,ok,teachinghistory-website/static/files/Freedom_of_Information_Act_Electronic_Reading_Room_432x240.jpg
teachinghistory-website/content/history-content/website-reviews/the-vietnam-project.md,22992,The Vietnam Project,card,splash_image,/files/splash-wr-vietnamproject.jpg,ok,teachinghistory-website/static/files/splash-wr-vietnamproject.jpg
teachinghistory-website/content/history-content/website-reviews/the-vietnam-war-declassification-project.md,23375,The Vietnam War Declassification Project,card,splash_image,/files/The_Vietnam_War_Declassification_Project_432x240.jpg,ok,teachinghistory-website/static/files/The_Vietnam_War_Declassification_Project_432x240.jpg
teachinghistory-website/content/history-content/website-reviews/the-wars-for-vietnam-1945-1975.md,22758,The Wars for Vietnam: 1945-1975,card,splash_image,/files/WarsforVietnam432x240.jpg,ok,teachinghistory-website/static/files/WarsforVietnam432x240.jpg
teachinghistory-website/content/history-content/website-reviews/the-whole-world-was-watching-an-oral-history-of-1968.md,23334,The Whole World Was Watching: An Oral History of 1968,card,splash_image,/files/The_Whole_World_Was_Watching-_An_Oral_History_of_1968_432x240.jpg,ok,teachinghistory-website/static/files/The_Whole_World_Was_Watching-_An_Oral_History_of_1968_432x240.jpg
teachinghistory-website/content/history-content/website-reviews/the-wizard-of-oz-an-american-fairy-tale.md,14667,The Wizard of Oz: An American Fairy Tale,card,splash_image,/files/The_Wizard_of_Oz-_An_American_Fairy_Tale_432x240.jpg,ok,teachinghistory-website/static/files/The_Wizard_of_Oz-_An_American_Fairy_Tale_432x240.jpg
teachinghistory-website/content/history-content/website-reviews/the-woodrow-wilson-presidential-library-elibrary.md,23618,The Woodrow Wilson Presidential Library eLibrary,card,splash_image,/files/WilsonLibrary_432x240.jpg,ok,teachinghistory-website/static/files/WilsonLibrary_432x240.jpg
teachinghistory-website/content/history-content/website-reviews/the-world-of-1898-the-spanish-american-war.md,14680,The World of 1898: The Spanish-American War,card,splash_image,/files/The_World_of_1898-_The_Spanish-American_War_432x240.jpg,ok,teachinghistory-website/static/files/The_World_of_1898-_The_Spanish-American_War_432x240.jpg
teachinghistory-website/content/history-content/website-reviews/the-wright-brothers-in-photographs.md,23039,The Wright Brothers in Photographs,card,splash_image,/files/splash-wr-wrightcollection.jpg,ok,teachinghistory-website/static/files/splash-wr-wrightcollection.jpg
teachinghistory-website/content/history-content/website-reviews/the-yale-map-collection-online-maps.md,23190,The Yale Map Collection: Online Maps,card,splash_image,/files/yalemap.jpg,ok,teachinghistory-website/static/files/yalemap.jpg
teachinghistory-website/content/history-content/website-reviews/the-zora-neale-hurston-plays.md,22979,The Zora Neale Hurston Plays,card,splash_image,/files/splash-wr-zoranh.jpg,ok,teachinghistory-website/static/files/splash-wr-zoranh.jpg
teachinghistory-website/content/history-content/website-reviews/theodore-roosevelt-his-life-and-times-on-film.md,23090,Theodore Roosevelt: His Life and Times on Film,card,splash_image,/files/splash-wr-tronfilm.jpg,ok,teachinghistory-website/static/files/splash-wr-tronfilm.jpg
teachinghistory-website/content/history-content/website-reviews/third-person-first-person-slave-voices.md,22825,"Third Person, First Person: Slave Voices",card,splash_image,/files/splash-fwr-thirdper.jpg,ok,teachinghistory-website/static/files/splash-fwr-thirdper.jpg
teachinghistory-website/content/history-content/website-reviews/thomas-a-edison-papers.md,14671,Thomas A. Edison Papers,card,splash_image,/files/Thomas_A._Edison_Papers_432x240.jpg,ok,teachinghistory-website/static/files/Thomas_A._Edison_Papers_432x240.jpg
teachinghistory-website/content/history-content/website-reviews/thomas-eakins-american-realist.md,23242,Thomas Eakins: American Realist,card,splash_image,/files/Thomas_Eakins-_American_Realist_432x240.jpg,ok,teachinghistory-website/static/files/Thomas_Eakins-_American_Realist_432x240.jpg
teachinghistory-website/content/history-content/website-reviews/thomas-jefferson-digital-archive.md,14610,Thomas Jefferson Digital Archive,card,splash_image,/files/Thomas_Jefferson_Digital_Archive_432x240.jpg,ok,teachinghistory-website/static/files/Thomas_Jefferson_Digital_Archive_432x240.jpg
teachinghistory-website/content/history-content/website-reviews/thomas-jefferson-on-politics-and-government.md,22786,Thomas Jefferson on Politics and Government,card,splash_image,/files/tjandpolitics432x240.jpg,ok,teachinghistory-website/static/files/tjandpolitics432x240.jpg
teachinghistory-website/content/history-content/website-reviews/thomas-jefferson-papers-library-of-congress.md,23389,Thomas Jefferson Papers,card,splash_image,/files/Thomas_Jefferson_Papers_432x240.jpg,ok,teachinghistory-website/static/files/Thomas_Jefferson_Papers_432x240.jpg
teachinghistory-website/content/history-content/website-reviews/thomas-jefferson-papers.md,23201,Thomas Jefferson Papers,card,splash_image,/files/jeffersonpapers.jpg,ok,teachinghistory-website/static/files/jeffersonpapers.jpg
teachinghistory-website/content/history-content/website-reviews/thomas-jeffersons-library.md,23591,Thomas Jefferson's Library,card,splash_image,/files/TJefferson_Library_432x240.jpg,ok,teachinghistory-website/static/files/TJefferson_Library_432x240.jpg
teachinghistory-website/content/history-content/website-reviews/thomas-paine-national-historical-association.md,14734,Thomas Paine National Historical Association,card,splash_image,/files/Thomas_Paine_National_Historical_Association_432x240.jpg,ok,teachinghistory-website/static/files/Thomas_Paine_National_Historical_Association_432x240.jpg
teachinghistory-website/content/history-content/website-reviews/through-our-parents-eyes-tucsons-diverse-community.md,23319,Through Our Parent's Eyes: Tucson's Diverse Community,card,splash_image,/files/Through_Our_Parents_Eyes-_Tucsons_Diverse_Community_432x240.jpg,ok,teachinghistory-website/static/files/Through_Our_Parents_Eyes-_Tucsons_Diverse_Community_432x240.jpg
teachinghistory-website/content/history-content/website-reviews/throughout-the-ages.md,25003,Throughout the Ages,card,splash_image,/files/throughouttheages432x240.jpg,ok,teachinghistory-website/static/files/throughouttheages432x240.jpg
teachinghistory-website/content/history-content/website-reviews/time-archive-1923-to-present.md,14838,"Time Archive, 1923 to Present",card,splash_image,/files/Time_Archive_1923_to_Present_432x240.jpg,ok,teachinghistory-website/static/files/Time_Archive_1923_to_Present_432x240.jpg
teachinghistory-website/content/history-content/website-reviews/to-the-moon.md,23120,To the Moon,card,splash_image,/files/tothemoon.jpg,ok,teachinghistory-website/static/files/tothemoon.jpg
teachinghistory-website/content/history-content/website-reviews/today-in-history-web-resources.md,23171,Today in History Web Resources,card,splash_image,/files/daysofhistory.jpg,ok,teachinghistory-website/static/files/daysofhistory.jpg
teachinghistory-website/content/history-content/website-reviews/today-in-history.md,23331,Today in History,card,splash_image,/files/Today_in_History_432x240.jpg,ok,teachinghistory-website/static/files/Today_in_History_432x240.jpg
teachinghistory-website/content/history-content/website-reviews/toledos-attic-a-virtual-museum-of-toledo-ohio.md,23073,"Toledo's Attic: A Virtual Museum of Toledo, Ohio",card,splash_image,/files/splash-wr-toledoohio.jpg,ok,teachinghistory-website/static/files/splash-wr-toledoohio.jpg
teachinghistory-website/content/history-content/website-reviews/toolbox-library-primary-resources-in-us-history-and-literature.md,23598,Toolbox Library: Primary Resources in U.S. History and Literature,card,splash_image,/files/_Toolbox_Library-_Primary_Resources_in_U.S._History_and_Literature_432x240.jpg,ok,teachinghistory-website/static/files/_Toolbox_Library-_Primary_Resources_in_U.S._History_and_Literature_432x240.jpg
teachinghistory-website/content/history-content/website-reviews/touring-turn-of-the-century-america.md,14741,Touring Turn-of-the-Century America,card,splash_image,/files/Touring_Turn-of-the-Century_America-_Photographs_from_the_Detroit_Publishing_Company_1880-1920_432x240.jpg,ok,teachinghistory-website/static/files/Touring_Turn-of-the-Century_America-_Photographs_from_the_Detroit_Publishing_Company_1880-1920_432x240.jpg
teachinghistory-website/content/history-content/website-reviews/traders-voices-from-the-trading-post.md,23152,Traders: Voices from the Trading Post,card,splash_image,/files/voices.jpg,ok,teachinghistory-website/static/files/voices.jpg
teachinghistory-website/content/history-content/website-reviews/trails-to-utah-and-the-pacific-diaries-and-letters-1846-1869.md,14653,"Trails to Utah and the Pacific: Diaries and Letters, 1846-1869",card,splash_image,/files/Trails_to_Utah_and_the_Pacific-_Diaries_and_Letters_1846-1869_432x240.jpg,ok,teachinghistory-website/static/files/Trails_to_Utah_and_the_Pacific-_Diaries_and_Letters_1846-1869_432x240.jpg
teachinghistory-website/content/history-content/website-reviews/travel-tourism-and-urban-growth-in-greater-miami-a-digital-archive.md,22603,"Travel, Tourism, and Urban Growth in Greater Miami: A Digital Archive",card,splash_image,/files/Travel_Tourism_and_Urban_Growth_in_Greater_Miami-_A_Digital_Archive_432x240.jpg,ok,teachinghistory-website/static/files/Travel_Tourism_and_Urban_Growth_in_Greater_Miami-_A_Digital_Archive_432x240.jpg
teachinghistory-website/content/history-content/website-reviews/traveling-culture-circuit-chautauqua-in-the-twentieth-century.md,23113,Traveling Culture: Circuit Chautauqua in the Twentieth Century,card,splash_image,/files/TravelingCulture.jpg,ok,teachinghistory-website/static/files/TravelingCulture.jpg
teachinghistory-website/content/history-content/website-reviews/trial-of-the-chicago-seven.md,23398,Trial of The Chicago Seven,card,splash_image,/files/Trial_of_The_Chicago_Seven_432x240.jpg,ok,teachinghistory-website/static/files/Trial_of_The_Chicago_Seven_432x240.jpg
teachinghistory-website/content/history-content/website-reviews/triangle-shirtwaist-factory-fire.md,14756,Triangle Shirtwaist Factory Fire,card,splash_image,/files/Triangle_Shirtwaist_Factory_Fire_432x240.jpg,ok,teachinghistory-website/static/files/Triangle_Shirtwaist_Factory_Fire_432x240.jpg
teachinghistory-website/content/history-content/website-reviews/truman-presidential-museum-and-library.md,14771,Truman Presidential Museum and Library,card,splash_image,/files/Truman_Presidential_Museum_and_Library_432x240.jpg,ok,teachinghistory-website/static/files/Truman_Presidential_Museum_and_Library_432x240.jpg
teachinghistory-website/content/history-content/website-reviews/trust-territory-of-the-pacific-islands.md,22686,Trust Territory of the Pacific Islands,card,splash_image,/files/TrustTerritory432x240.jpg,ok,teachinghistory-website/static/files/TrustTerritory432x240.jpg
teachinghistory-website/content/history-content/website-reviews/tupperware.md,22984,TUPPERWARE!,card,splash_image,/files/splash-wr-tupper.jpg,ok,teachinghistory-website/static/files/splash-wr-tupper.jpg
teachinghistory-website/content/history-content/website-reviews/turning-points-in-wisconsin-history.md,22675,Turning Points in Wisconsin History,card,splash_image,/files/TurningPoints432x240.jpg,ok,teachinghistory-website/static/files/TurningPoints432x240.jpg
teachinghistory-website/content/history-content/website-reviews/ulysses-s-grant-digital-archive.md,23958,Ulysses S. Grant Digital Archive,card,splash_image,/files/UlyssesSGrant_432x240.jpg,ok,teachinghistory-website/static/files/UlyssesSGrant_432x240.jpg
teachinghistory-website/content/history-content/website-reviews/uncle-toms-cabin-and-american-culture.md,14658,Uncle Tom's Cabin and American Culture,card,splash_image,/files/Freedmens_Bureau_Online_432x240_0.jpg,ok,teachinghistory-website/static/files/Freedmens_Bureau_Online_432x240_0.jpg
teachinghistory-website/content/history-content/website-reviews/understanding-911-a-television-news-archive.md,25389,Understanding 9/11: A Television News Archive,card,splash_image,/files/understanding911original432x240.jpg,ok,teachinghistory-website/static/files/understanding911original432x240.jpg
teachinghistory-website/content/history-content/website-reviews/unforgivable-blackness-the-rise-and-fall-of-jack-johnson.md,24096,Unforgivable Blackness: The Rise and Fall of Jack Johnson,card,splash_image,/files/UnforgivableBlackness432x240.jpg,ok,teachinghistory-website/static/files/UnforgivableBlackness432x240.jpg
teachinghistory-website/content/history-content/website-reviews/unified-vision-the-architecture-and-design-of-the-prairie-school.md,22651,Unified Vision: The Architecture and Design of the Prairie School,card,splash_image,/files/UnifiedVision432x240.jpg,ok,teachinghistory-website/static/files/UnifiedVision432x240.jpg
teachinghistory-website/content/history-content/website-reviews/union-army-project.md,14743,Union Army Project,card,splash_image,/files/Union_Army_Project_432x240.jpg,ok,teachinghistory-website/static/files/Union_Army_Project_432x240.jpg
teachinghistory-website/content/history-content/website-reviews/union-or-secession-virginians-decide.md,24531,Union or Secession: Virginians Decide,card,splash_image,/files/splash-wr-unionsecess.jpg,ok,teachinghistory-website/static/files/splash-wr-unionsecess.jpg
teachinghistory-website/content/history-content/website-reviews/united-states-early-radio-history.md,23283,United States Early Radio History,card,splash_image,/files/United_States_Early_Radio_History_432x240.jpg,ok,teachinghistory-website/static/files/United_States_Early_Radio_History_432x240.jpg
teachinghistory-website/content/history-content/website-reviews/university-of-california-history-digital-archives.md,23006,University of California History Digital Archives,card,splash_image,/files/_University_of_California_History_Digital_Archives_432x240.jpg,ok,teachinghistory-website/static/files/_University_of_California_History_Digital_Archives_432x240.jpg
teachinghistory-website/content/history-content/website-reviews/university-of-missouri-columbia-digital-library-collections.md,23273,University of Missouri-Columbia: Digital Library Collections,card,splash_image,/files/University_of_Missouri-Columbia-_Digital_Library_Collections_432x240.jpg,ok,teachinghistory-website/static/files/University_of_Missouri-Columbia-_Digital_Library_Collections_432x240.jpg
teachinghistory-website/content/history-content/website-reviews/university-of-washington-libraries-moving-image-collection.md,24015,University of Washington Libraries: Moving Image Collection,card,splash_image,/files/UWA_moving_images_432x240.jpg,ok,teachinghistory-website/static/files/UWA_moving_images_432x240.jpg
teachinghistory-website/content/history-content/website-reviews/university-of-wyoming-digital-collections.md,23968,University of Wyoming Digital Collections,card,splash_image,/files/Wyoming_digital_initiative_432x240.jpg,ok,teachinghistory-website/static/files/Wyoming_digital_initiative_432x240.jpg
teachinghistory-website/content/history-content/website-reviews/urban-experience-in-chicago-hull-house-and-its-neighborhoods-1889-1963.md,14677,"Urban Experience in Chicago: Hull-House and Its Neighborhoods, 1889-1963",card,splash_image,/files/Urban_Experience_in_Chicago-_Hull-House_and_Its_Neighborhoods_1889-1963_432x240.jpg,ok,teachinghistory-website/static/files/Urban_Experience_in_Chicago-_Hull-House_and_Its_Neighborhoods_1889-1963_432x240.jpg
teachinghistory-website/content/history-content/website-reviews/urban-planning-1794-1918-an-international-anthology.md,23257,"Urban Planning, 1794-1918: An International Anthology",card,splash_image,/files/Urban_Planning_1794-1918-_An_International_Anthology_of_Articles_Conference_Papers_and_Reports_432x240.jpg,ok,teachinghistory-website/static/files/Urban_Planning_1794-1918-_An_International_Anthology_of_Articles_Conference_Papers_and_Reports_432x240.jpg
teachinghistory-website/content/history-content/website-reviews/us-army-signal-corps-photograph-collection.md,23222,U.S. Army Signal Corps Photograph Collection,card,splash_image,/files/signalcorps.jpg,ok,teachinghistory-website/static/files/signalcorps.jpg
teachinghistory-website/content/history-content/website-reviews/us-congressional-serial-set-1817-1994.md,23599,"U.S. Congressional Serial Set, 1817-1994",card,splash_image,/files/SerialSet1pic-432x240.jpg,ok,teachinghistory-website/static/files/SerialSet1pic-432x240.jpg
teachinghistory-website/content/history-content/website-reviews/us-electoral-college.md,23378,U.S. Electoral College,card,splash_image,/files/U.S._Electoral_College_432x240.jpg,ok,teachinghistory-website/static/files/U.S._Electoral_College_432x240.jpg
teachinghistory-website/content/history-content/website-reviews/us-holocaust-memorial-museum-website.md,14625,U.S. Holocaust Memorial Museum Website,card,splash_image,/files/U.S._Holocaust_Memorial_Museum_432x240.jpg,ok,teachinghistory-website/static/files/U.S._Holocaust_Memorial_Museum_432x240.jpg
teachinghistory-website/content/history-content/website-reviews/us-intelligence-policy-documentation-project.md,23235,U.S. Intelligence Policy Documentation Project,card,splash_image,/files/defense.jpg,ok,teachinghistory-website/static/files/defense.jpg
teachinghistory-website/content/history-content/website-reviews/us-senate-historical-office.md,23374,U.S. Senate Historical Office,card,splash_image,/files/U.S._Senate_Historical_Office_432x240.jpg,ok,teachinghistory-website/static/files/U.S._Senate_Historical_Office_432x240.jpg
teachinghistory-website/content/history-content/website-reviews/us-steel-gary-works-photograph-collection-1906-1971.md,23205,"U.S. Steel Gary Works Photograph Collection, 1906-1971",card,splash_image,/files/steelworkers.jpg,ok,teachinghistory-website/static/files/steelworkers.jpg
teachinghistory-website/content/history-content/website-reviews/us-womens-history-workshop.md,23317,U.S. Women's History Workshop,card,splash_image,/files/U.S._Womens_History_Workshop_432x240.jpg,ok,teachinghistory-website/static/files/U.S._Womens_History_Workshop_432x240.jpg
teachinghistory-website/content/history-content/website-reviews/usc-archival-research-center.md,14720,USC Archival Research Center,card,splash_image,/files/USC_Archival_Research_Center_432x240.jpg,ok,teachinghistory-website/static/files/USC_Archival_Research_Center_432x240.jpg
teachinghistory-website/content/history-content/website-reviews/utah-digital-newspapers.md,22986,Utah Digital Newspapers,card,splash_image,/files/splash-wr-utahpapers.jpg,ok,teachinghistory-website/static/files/splash-wr-utahpapers.jpg
teachinghistory-website/content/history-content/website-reviews/valley-of-the-shadow-two-communities-in-the-american-civil-war.md,14614,Valley of the Shadow: Two Communities in the American Civil War,card,splash_image,/files/Valley_of_the_Shadow_432x240.jpg,ok,teachinghistory-website/static/files/Valley_of_the_Shadow_432x240.jpg
teachinghistory-website/content/history-content/website-reviews/vietnam-center-and-archive.md,14705,Vietnam Center and Archive,card,splash_image,/files/Vietnam_Center_and_Archive_432x240.jpg,ok,teachinghistory-website/static/files/Vietnam_Center_and_Archive_432x240.jpg
teachinghistory-website/content/history-content/website-reviews/vietnam-online.md,23335,Vietnam Online,card,splash_image,/files/The_American_Experience-_Vietnam_Online_432x240.jpg,ok,teachinghistory-website/static/files/The_American_Experience-_Vietnam_Online_432x240.jpg
teachinghistory-website/content/history-content/website-reviews/vietnam-war-era-ephemera-collection.md,22741,Vietnam War Era Ephemera Collection,card,splash_image,/files/VietnamWar432x240.jpg,ok,teachinghistory-website/static/files/VietnamWar432x240.jpg
teachinghistory-website/content/history-content/website-reviews/views-of-the-famine.md,22783,Views of the Famine,card,splash_image,/files/ViewsoftheIrish432x240.jpg,ok,teachinghistory-website/static/files/ViewsoftheIrish432x240.jpg
teachinghistory-website/content/history-content/website-reviews/vincentian-postcards.md,22719,Vincentian Postcards,card,splash_image,/files/VincentianPostcards.jpg,ok,teachinghistory-website/static/files/VincentianPostcards.jpg
teachinghistory-website/content/history-content/website-reviews/virginia-historical-inventory-vhi.md,23166,Virginia Historical Inventory (VHI),card,splash_image,/files/vhi.jpg,ok,teachinghistory-website/static/files/vhi.jpg
teachinghistory-website/content/history-content/website-reviews/virginia-historical-society.md,23384,Virginia Historical Society,card,splash_image,/files/Virginia_Historical_Society_432x240.jpg,ok,teachinghistory-website/static/files/Virginia_Historical_Society_432x240.jpg
teachinghistory-website/content/history-content/website-reviews/virginia-memory.md,24530,Virginia Memory,card,splash_image,/files/splash-wr-vamem.jpg,ok,teachinghistory-website/static/files/splash-wr-vamem.jpg
teachinghistory-website/content/history-content/website-reviews/virtual-jamestown.md,14645,Virtual Jamestown,card,splash_image,/files/Virtual_Jamestown_432x240.jpg,ok,teachinghistory-website/static/files/Virtual_Jamestown_432x240.jpg
teachinghistory-website/content/history-content/website-reviews/virtual-museum-and-archive-of-the-sec-and-securities-history.md,22680,Virtual Museum and Archive of the SEC and Securities History,card,splash_image,/files/VirtualMuseum432x240.jpg,ok,teachinghistory-website/static/files/VirtualMuseum432x240.jpg
teachinghistory-website/content/history-content/website-reviews/voces-oral-history-project.md,25382,VOCES Oral History Project,card,splash_image,/files/vocesoralhistory432x240b.jpg,ok,teachinghistory-website/static/files/vocesoralhistory432x240b.jpg
teachinghistory-website/content/history-content/website-reviews/voice-of-the-shuttle-web-page-for-humanities-research.md,22869,Voice of the Shuttle: Web Page for Humanities Research,card,splash_image,/files/splash-wr-humanitiesshuttle.jpg,ok,teachinghistory-website/static/files/splash-wr-humanitiesshuttle.jpg
teachinghistory-website/content/history-content/website-reviews/voices-from-the-days-of-slavery-former-slaves-tell-their-stories.md,22980,Voices from the Days of Slavery: Former Slaves Tell Their Stories,card,splash_image,/files/splash-wr-voicesfs.jpg,ok,teachinghistory-website/static/files/splash-wr-voicesfs.jpg
teachinghistory-website/content/history-content/website-reviews/voices-from-the-dust-bowl-1940-1941.md,14816,Voices from the Dust Bowl: 1940-1941,card,splash_image,/files/Voices_from_the_Dust_Bowl-_The_Charles_L._Todd_and_Robert_Sonkin_Migrant_Worker_Collection_1940-1941_432x240.jpg,ok,teachinghistory-website/static/files/Voices_from_the_Dust_Bowl-_The_Charles_L._Todd_and_Robert_Sonkin_Migrant_Worker_Collection_1940-1941_432x240.jpg
teachinghistory-website/content/history-content/website-reviews/voices-from-the-gaps-women-writers-and-artists-of-color.md,22826,Voices from the Gaps: Women Writers and Artists of Color,card,splash_image,/files/splash-wr-octavia.jpg,ok,teachinghistory-website/static/files/splash-wr-octavia.jpg
teachinghistory-website/content/history-content/website-reviews/voices-of-the-colorado-plateau.md,23189,Voices of the Colorado Plateau,card,splash_image,/files/coloradoplateau.jpg,ok,teachinghistory-website/static/files/coloradoplateau.jpg
teachinghistory-website/content/history-content/website-reviews/votes-for-women-selections-from-the-nawsa-1848-1921.md,14752,"Votes for Women: Selections from the NAWSA, 1848-1921",card,splash_image,/files/Votes_for_Women-_Selections_from_the_National_American_Woman_Suffrage_Association_Collection_1848-1921_432x240.jpg,ok,teachinghistory-website/static/files/Votes_for_Women-_Selections_from_the_National_American_Woman_Suffrage_Association_Collection_1848-1921_432x240.jpg
teachinghistory-website/content/history-content/website-reviews/walt-whitman-archive.md,22671,Walt Whitman Archive,card,splash_image,/files/WaltWhitmanArchive432x240.jpg,ok,teachinghistory-website/static/files/WaltWhitmanArchive432x240.jpg
teachinghistory-website/content/history-content/website-reviews/washington-as-it-was-photographs-by-theodor-horydczak-1923-1959.md,22815,"Washington As It Was: Photographs by Theodor Horydczak, 1923-1959",card,splash_image,/files/Washington_As_It_Was-_Photographs_by_Theodor_Horydczak_1923-1959_432x240.jpg,ok,teachinghistory-website/static/files/Washington_As_It_Was-_Photographs_by_Theodor_Horydczak_1923-1959_432x240.jpg
teachinghistory-website/content/history-content/website-reviews/washington-during-the-civil-war-the-diary-of-horatio-nelson-taft-1861-1865.md,23200,"Washington During the Civil War: The Diary of Horatio Nelson Taft, 1861-1865",card,splash_image,/files/washingtoncivil.jpg,ok,teachinghistory-website/static/files/washingtoncivil.jpg
teachinghistory-website/content/history-content/website-reviews/washington-history.md,23013,Washington History,card,splash_image,/files/splash-wr-washingtonhistory.jpg,ok,teachinghistory-website/static/files/splash-wr-washingtonhistory.jpg
teachinghistory-website/content/history-content/website-reviews/washington-state-digital-archives.md,23969,Washington State Digital Archives,card,splash_image,/files/Downriver_Bridge_432x240.jpg,ok,teachinghistory-website/static/files/Downriver_Bridge_432x240.jpg
teachinghistory-website/content/history-content/website-reviews/watergate-revisited.md,14629,Watergate Revisited,card,splash_image,/files/Watergate_Revisited_432x240.jpg,ok,teachinghistory-website/static/files/Watergate_Revisited_432x240.jpg
teachinghistory-website/content/history-content/website-reviews/we-shall-overcome-historic-places-of-the-civil-rights-movement.md,23168,We Shall Overcome: Historic Places of the Civil Rights Movement,card,splash_image,/files/weshall.jpg,ok,teachinghistory-website/static/files/weshall.jpg
teachinghistory-website/content/history-content/website-reviews/web-de-anza.md,23070,Web de Anza,card,splash_image,/files/splash-wr-anza.jpg,ok,teachinghistory-website/static/files/splash-wr-anza.jpg
teachinghistory-website/content/history-content/website-reviews/western-history-photography-collection.md,22678,Western History Photography Collection,card,splash_image,/files/WesternHistory432x240.jpg,ok,teachinghistory-website/static/files/WesternHistory432x240.jpg
teachinghistory-website/content/history-content/website-reviews/westweb-western-studies-and-research-resources.md,22834,WestWeb: Western Studies and Research Resources,card,splash_image,/files/splash-wr-westweb.jpg,ok,teachinghistory-website/static/files/splash-wr-westweb.jpg
teachinghistory-website/content/history-content/website-reviews/wet-with-blood-the-investigation-of-mary-todd-lincolns-cloak.md,23376,Wet With Blood: The Investigation of Mary Todd Lincoln's Cloak,card,splash_image,/files/Wet_with_Blood-_The_Investigation_of_Mary_Todd_Lincolns_Cloak_432x240.jpg,ok,teachinghistory-website/static/files/Wet_with_Blood-_The_Investigation_of_Mary_Todd_Lincolns_Cloak_432x240.jpg
teachinghistory-website/content/history-content/website-reviews/what-exit-new-jersey-and-its-turnpike.md,22989,What Exit? New Jersey and Its Turnpike,card,splash_image,/files/splash-wr-whatexit.jpg,ok,teachinghistory-website/static/files/splash-wr-whatexit.jpg
teachinghistory-website/content/history-content/website-reviews/when-nixon-met-elvis.md,22788,When Nixon Met Elvis,card,splash_image,/files/WhenNixonMetElvis432x240.jpg,ok,teachinghistory-website/static/files/WhenNixonMetElvis432x240.jpg
teachinghistory-website/content/history-content/website-reviews/when-they-were-young-a-photographic-retrospective-of-childhood.md,23275,When They Were Young: A Photographic Retrospective of Childhood,card,splash_image,/files/When_They_Were_Young-_A_Photographic_Retrospective_of_Childhood_432x240.jpg,ok,teachinghistory-website/static/files/When_They_Were_Young-_A_Photographic_Retrospective_of_Childhood_432x240.jpg
teachinghistory-website/content/history-content/website-reviews/white-house-historical-association.md,25500,White House Historical Association,card,splash_image,/files/whitehousehistorical432x240.jpg,ok,teachinghistory-website/static/files/whitehousehistorical432x240.jpg
teachinghistory-website/content/history-content/website-reviews/white-trash-the-construction-of-an-american-scapegoat.md,23356,White Trash: The Construction of an American Scapegoat,card,splash_image,/files/White_Trash-_The_Construction_of_an_American_Scapegoat_432x240.jpg,ok,teachinghistory-website/static/files/White_Trash-_The_Construction_of_an_American_Scapegoat_432x240.jpg
teachinghistory-website/content/history-content/website-reviews/wilbur-and-orville-wright-papers.md,23302,Wilbur and Orville Wright Papers,card,splash_image,/files/Wilbur_and_Orville_Wright_Papers_432x240.jpg,ok,teachinghistory-website/static/files/Wilbur_and_Orville_Wright_Papers_432x240.jpg
teachinghistory-website/content/history-content/website-reviews/willa-cather-archive.md,14815,Willa Cather Archive,card,splash_image,/files/Willa_Cather_Archive_432x240.jpg,ok,teachinghistory-website/static/files/Willa_Cather_Archive_432x240.jpg
teachinghistory-website/content/history-content/website-reviews/william-gedney-photographs-and-writings.md,23134,William Gedney Photographs and Writings,card,splash_image,/files/gedney.jpg,ok,teachinghistory-website/static/files/gedney.jpg
teachinghistory-website/content/history-content/website-reviews/william-p-gottlieb-photographs-from-the-golden-age-of-jazz.md,14828,William P. Gottlieb: Photographs from the Golden Age of Jazz,card,splash_image,/files/William_P._Gottlieb-_Photographs_from_the_Golden_Age_of_Jazz_432x240.jpg,ok,teachinghistory-website/static/files/William_P._Gottlieb-_Photographs_from_the_Golden_Age_of_Jazz_432x240.jpg
teachinghistory-website/content/history-content/website-reviews/william-steinway-diary-1861-1896.md,24993,"William Steinway Diary, 1861-1896",card,splash_image,/files/williamsteinwaydiary432x240.jpg,ok,teachinghistory-website/static/files/williamsteinwaydiary432x240.jpg
teachinghistory-website/content/history-content/website-reviews/wisconsin-historical-society-freedoms-journal.md,23606,Wisconsin Historical Society: Freedom's Journal,card,splash_image,/files/Wisconsin_Historical_Society-_Freedoms_Journal_432x240.jpg,ok,teachinghistory-website/static/files/Wisconsin_Historical_Society-_Freedoms_Journal_432x240.jpg
teachinghistory-website/content/history-content/website-reviews/wisconsin-local-history-and-biography-articles-collection.md,22713,Wisconsin Local History and Biography Articles Collection,card,splash_image,/files/WisconsinLocal432x240.jpg,ok,teachinghistory-website/static/files/WisconsinLocal432x240.jpg
teachinghistory-website/content/history-content/website-reviews/wisconsin-magazine-of-history.md,22725,Wisconsin Magazine of History,card,splash_image,/files/WisconsinMagazine432x240.jpg,ok,teachinghistory-website/static/files/WisconsinMagazine432x240.jpg
teachinghistory-website/content/history-content/website-reviews/wisconsin-state-historical-society-online-collections.md,23970,Wisconsin State Historical Society Online Collections,card,splash_image,/files/WI_Historical_432x240.jpg,ok,teachinghistory-website/static/files/WI_Historical_432x240.jpg
teachinghistory-website/content/history-content/website-reviews/with-an-even-hand-brown-v-board-at-fifty.md,23008,With an Even Hand: Brown v. Board at Fifty,card,splash_image,/files/Brown_v._Board_of_Education_0.jpg,ok,teachinghistory-website/static/files/Brown_v._Board_of_Education_0.jpg
teachinghistory-website/content/history-content/website-reviews/without-sanctuary-photographs-and-postcards-of-lynching-in-america.md,14676,Without Sanctuary: Photographs and Postcards of Lynching in America,card,splash_image,/files/Without_Sanctuary-_Photographs_and_Postcards_of_Lynching_in_America_432x240.jpg,ok,teachinghistory-website/static/files/Without_Sanctuary-_Photographs_and_Postcards_of_Lynching_in_America_432x240.jpg
teachinghistory-website/content/history-content/website-reviews/witness-and-response-september-11-acquisitions-at-the-library-of-congress.md,25367,Witness and Response: September 11 Acquisitions at the Library of Congress,card,splash_image,/files/witnessandresponse432x240.jpg,ok,teachinghistory-website/static/files/witnessandresponse432x240.jpg
teachinghistory-website/content/history-content/website-reviews/womans-legal-history-biography-project.md,23010,Woman's Legal History Biography Project,card,splash_image,/files/splash-wr-womenlegal.jpg,ok,teachinghistory-website/static/files/splash-wr-womenlegal.jpg
teachinghistory-website/content/history-content/website-reviews/women-and-social-movements-in-the-united-states-1600-2000.md,14712,"Women and Social Movements in the United States, 1600-2000",card,splash_image,/files/Women_and_Social_Movements_in_the_United_States_1600-2000_432x240.jpg,ok,teachinghistory-website/static/files/Women_and_Social_Movements_in_the_United_States_1600-2000_432x240.jpg
teachinghistory-website/content/history-content/website-reviews/women-artists-of-the-american-west.md,23129,Women Artists of the American West,card,splash_image,/files/womensartists.jpg,ok,teachinghistory-website/static/files/womensartists.jpg
teachinghistory-website/content/history-content/website-reviews/women-in-america-1820-to-1842.md,22774,Women in America: 1820 to 1842,card,splash_image,/files/womeninamerica432x240.jpg,ok,teachinghistory-website/static/files/womeninamerica432x240.jpg
teachinghistory-website/content/history-content/website-reviews/women-in-journalism.md,14695,Women in Journalism,card,splash_image,/files/Women_in_Journalism_432x240.jpg,ok,teachinghistory-website/static/files/Women_in_Journalism_432x240.jpg
teachinghistory-website/content/history-content/website-reviews/women-of-protest-images-from-the-records-of-the-national-womans-party.md,22684,Women of Protest: Images from the Records of the National Woman's Party,card,splash_image,/files/womenofprotest432x240.jpg,ok,teachinghistory-website/static/files/womenofprotest432x240.jpg
teachinghistory-website/content/history-content/website-reviews/women-of-valor.md,22985,Women of Valor,card,splash_image,/files/splash-wr-forcefulwom.jpg,ok,teachinghistory-website/static/files/splash-wr-forcefulwom.jpg
teachinghistory-website/content/history-content/website-reviews/women-working-1800-1930.md,23003,"Women Working, 1800-1930",card,splash_image,/files/splash-wr-homeeca.jpg,ok,teachinghistory-website/static/files/splash-wr-homeeca.jpg
teachinghistory-website/content/history-content/website-reviews/womens-history-the-1850-worcester-convention.md,22847,Women's History: The 1850 Worcester Convention,card,splash_image,/files/splash-wr-wpw.jpg,ok,teachinghistory-website/static/files/splash-wr-wpw.jpg
teachinghistory-website/content/history-content/website-reviews/womens-studies-database.md,22769,Women's Studies Database,card,splash_image,/files/WomensStudies432x240.jpg,ok,teachinghistory-website/static/files/WomensStudies432x240.jpg
teachinghistory-website/content/history-content/website-reviews/woody-guthrie-and-the-archive-of-american-folk-song-1940-1950.md,23192,Woody Guthrie and the Archive of American Folk Song: 1940-1950,card,splash_image,/files/woodyguthrie.jpg,ok,teachinghistory-website/static/files/woodyguthrie.jpg
teachinghistory-website/content/history-content/website-reviews/words-and-deeds-in-american-history.md,22816,Words and Deeds in American History,card,splash_image,/files/Words_and_Deeds_in_American_History-_Selected_Documents_Celebrating_the_Manuscript_Divisions_First_100_Years_432x240.jpg,ok,teachinghistory-website/static/files/Words_and_Deeds_in_American_History-_Selected_Documents_Celebrating_the_Manuscript_Divisions_First_100_Years_432x240.jpg
teachinghistory-website/content/history-content/website-reviews/working-in-paterson-occupational-heritage-in-an-urban-setting.md,23236,Working in Paterson: Occupational Heritage in an Urban Setting,card,splash_image,/files/workinginpatterson.jpg,ok,teachinghistory-website/static/files/workinginpatterson.jpg
teachinghistory-website/content/history-content/website-reviews/world-trade-center-rescue-recovery-response.md,25383,"World Trade Center: Rescue, Recovery, Response",card,splash_image,/files/worldtradecenter432x240.jpg,ok,teachinghistory-website/static/files/worldtradecenter432x240.jpg
teachinghistory-website/content/history-content/website-reviews/world-war-i-document-archive.md,14753,World War I Document Archive,card,splash_image,/files/World-War-I-image.jpg,ok,teachinghistory-website/static/files/World-War-I-image.jpg
teachinghistory-website/content/history-content/website-reviews/world-war-i-history-commission-questionnaires.md,23220,World War I History Commission Questionnaires,card,splash_image,/files/questionnaire.jpg,ok,teachinghistory-website/static/files/questionnaire.jpg
teachinghistory-website/content/history-content/website-reviews/world-war-i-sheet-music.md,22673,World War I Sheet Music,card,splash_image,/files/WorldWarI.jpg,ok,teachinghistory-website/static/files/WorldWarI.jpg
teachinghistory-website/content/history-content/website-reviews/world-war-i-trenches-on-the-web.md,22759,World War I: Trenches on the Web,card,splash_image,/files/WorldWarI432x240.jpg,ok,teachinghistory-website/static/files/WorldWarI432x240.jpg
teachinghistory-website/content/history-content/website-reviews/worthington-memory-online-scrapbook.md,23238,"Worthington Memory, Online Scrapbook",card,splash_image,/files/worthington.jpg,ok,teachinghistory-website/static/files/worthington.jpg
teachinghistory-website/content/history-content/website-reviews/wpa-life-histories-virginia-interviews.md,23223,"WPA Life Histories, Virginia Interviews",card,splash_image,/files/lifehistory.jpg,ok,teachinghistory-website/static/files/lifehistory.jpg
teachinghistory-website/content/history-content/website-reviews/wra-photographs-of-japanese-american-evacuation-and-resettlement.md,22982,WRA Photographs of Japanese-American Evacuation and Resettlement,card,splash_image,/files/splash-wr-jareloc.jpg,ok,teachinghistory-website/static/files/splash-wr-jareloc.jpg
teachinghistory-website/content/history-content/website-reviews/wright-american-fiction-1851-1875.md,14820,"Wright American Fiction, 1851-1875",card,splash_image,/files/Wright_American_Fiction_1851-1875_432x240.jpg,ok,teachinghistory-website/static/files/Wright_American_Fiction_1851-1875_432x240.jpg
teachinghistory-website/content/history-content/website-reviews/wright-on-the-web.md,22668,Wright on the Web,card,splash_image,/files/WrightontheWeb432x240.jpg,ok,teachinghistory-website/static/files/WrightontheWeb432x240.jpg
teachinghistory-website/content/history-content/website-reviews/wto-history-project.md,23043,WTO History Project,card,splash_image,/files/splash-wr-wto.jpg,ok,teachinghistory-website/static/files/splash-wr-wto.jpg
teachinghistory-website/content/history-content/website-reviews/www-virtual-library-history-central-catalogue.md,22819,"WWW-Virtual Library, History Central Catalogue",card,splash_image,/files/WWW-Virtual_Library_History_Central_Catalogue_432x240.jpg,ok,teachinghistory-website/static/files/WWW-Virtual_Library_History_Central_Catalogue_432x240.jpg
teachinghistory-website/content/history-content/website-reviews/yale-digital-commons.md,25002,Yale Digital Commons,card,splash_image,/files/yaledigitalcommons432x240.jpg,ok,teachinghistory-website/static/files/yaledigitalcommons432x240.jpg
teachinghistory-website/content/history-content/website-reviews/zinn-education-project.md,24527,Zinn Education Project,card,splash_image,/files/zinneducation432x240.jpg,ok,teachinghistory-website/static/files/zinneducation432x240.jpg
teachinghistory-website/content/middle-quick-links/quick-links-for-middle-school-teachers.md,24284,Middle School Teachers,card,,,fallback_no_image,
teachinghistory-website/content/page/about-the-project.md,14865,About the Project,card,,,fallback_no_image,
teachinghistory-website/content/page/dc-museum-collaborative.md,25453,DC Museum Collaborative,card,,,fallback_no_image,
teachinghistory-website/content/page/digital-classroom-introduction.md,24406,Digital Classroom Introduction,card,,,fallback_no_image,
teachinghistory-website/content/page/digital-classroom-introduction.md,24406,Digital Classroom Introduction,inline,body,/files/Voicethread150x113.jpg,ok,teachinghistory-website/static/files/Voicethread150x113.jpg
teachinghistory-website/content/page/digital-classroom-introduction.md,24406,Digital Classroom Introduction,inline,body,/files/capital.jpg,ok,teachinghistory-website/static/files/capital.jpg
teachinghistory-website/content/page/digital-classroom-introduction.md,24406,Digital Classroom Introduction,inline,body,/files/splash-btc-facebookfan.jpeg,ok,teachinghistory-website/static/files/splash-btc-facebookfan.jpeg
teachinghistory-website/content/page/elementary-introduction.md,24408,Elementary Introduction,card,,,fallback_no_image,
teachinghistory-website/content/page/english-language-learners.md,23859,English Language Learners,card,,,fallback_no_image,
teachinghistory-website/content/page/frequently-asked-questions.md,24623,Frequently Asked Questions,card,,,fallback_no_image,
teachinghistory-website/content/page/glossary-of-commonly-used-terms.md,24624,Glossary of Commonly Used Terms,card,,,fallback_no_image,
teachinghistory-website/content/page/high-school-introduction.md,24410,High School Introduction,card,,,fallback_no_image,
teachinghistory-website/content/page/lesson-plan-reviews-introduction.md,24412,Lesson Plan Reviews Introduction,card,,,fallback_no_image,
teachinghistory-website/content/page/middle-school-introduction.md,24409,Middle School Introduction,card,,,fallback_no_image,
teachinghistory-website/content/page/nhec-contributors.md,14872,NHEC Contributors,card,,,fallback_no_image,
teachinghistory-website/content/page/partners.md,14871,Partners,card,,,fallback_no_image,
teachinghistory-website/content/page/print-and-web-logos-for-download.md,24593,Print and Web Logos for Download,card,,,fallback_no_image,
teachinghistory-website/content/page/print-and-web-logos-for-download.md,24593,Print and Web Logos for Download,inline,body,/files/th-review-badge.png,ok,teachinghistory-website/static/files/th-review-badge.png
teachinghistory-website/content/page/print-and-web-logos-for-download.md,24593,Print and Web Logos for Download,inline,body,/files/th-logo-badge.png,ok,teachinghistory-website/static/files/th-logo-badge.png
teachinghistory-website/content/page/print-and-web-logos-for-download.md,24593,Print and Web Logos for Download,inline,body,/files/th-logo-full-color.png,ok,teachinghistory-website/static/files/th-logo-full-color.png
teachinghistory-website/content/page/print-and-web-logos-for-download.md,24593,Print and Web Logos for Download,inline,body,/files/th-logo-full-color.png,ok,teachinghistory-website/static/files/th-logo-full-color.png
teachinghistory-website/content/page/print-and-web-logos-for-download.md,24593,Print and Web Logos for Download,inline,body,/files/th-logo-full-gray.png,ok,teachinghistory-website/static/files/th-logo-full-gray.png
teachinghistory-website/content/page/print-and-web-logos-for-download.md,24593,Print and Web Logos for Download,inline,body,/files/th-wordmark-only-color.png,ok,teachinghistory-website/static/files/th-wordmark-only-color.png
teachinghistory-website/content/page/print-and-web-logos-for-download.md,24593,Print and Web Logos for Download,inline,body,/files/th-wordmark-only-color.png,ok,teachinghistory-website/static/files/th-wordmark-only-color.png
teachinghistory-website/content/page/print-and-web-logos-for-download.md,24593,Print and Web Logos for Download,inline,body,/files/th-wordmark-only-gray.png,ok,teachinghistory-website/static/files/th-wordmark-only-gray.png
teachinghistory-website/content/page/print-materials.md,24625,Print Materials,card,,,fallback_no_image,
teachinghistory-website/content/page/print-materials.md,24625,Print Materials,inline,body,/files/teachinghistory-d8/sites/default/files/cw-poster-thumb.jpg,missing,teachinghistory-website/static/files/teachinghistory-d8/sites/default/files/cw-poster-thumb.jpg
teachinghistory-website/content/page/print-materials.md,24625,Print Materials,inline,body,/files/teachinghistory-d8/sites/default/files/ht_poster.jpg,missing,teachinghistory-website/static/files/teachinghistory-d8/sites/default/files/ht_poster.jpg
teachinghistory-website/content/page/print-materials.md,24625,Print Materials,inline,body,/files/teachinghistory-d8/sites/default/files/rubric-thumb.png,missing,teachinghistory-website/static/files/teachinghistory-d8/sites/default/files/rubric-thumb.png
teachinghistory-website/content/page/print-materials.md,24625,Print Materials,inline,body,/files/teachinghistory-d8/sites/default/files/nhe_flyer_thumb.png,missing,teachinghistory-website/static/files/teachinghistory-d8/sites/default/files/nhe_flyer_thumb.png
teachinghistory-website/content/page/privacy-policy.md,23854,Privacy Policy,card,,,fallback_no_image,
teachinghistory-website/content/page/quiz-rules.md,23855,Quiz Rules,card,,,fallback_no_image,
teachinghistory-website/content/page/staff.md,14869,Staff,card,,,fallback_no_image,
teachinghistory-website/content/page/teacher-representatives.md,24576,Teacher Representatives,card,,,fallback_no_image,
teachinghistory-website/content/page/teacher-representatives.md,24576,Teacher Representatives,inline,body,/files/Beuke2.jpg,ok,teachinghistory-website/static/files/Beuke2.jpg
teachinghistory-website/content/page/teacher-representatives.md,24576,Teacher Representatives,inline,body,/files/DiLollo.jpg,ok,teachinghistory-website/static/files/DiLollo.jpg
teachinghistory-website/content/page/teacher-representatives.md,24576,Teacher Representatives,inline,body,/files/Federspiel.jpg,ok,teachinghistory-website/static/files/Federspiel.jpg
teachinghistory-website/content/page/teacher-representatives.md,24576,Teacher Representatives,inline,body,/files/Galdamez.jpg,ok,teachinghistory-website/static/files/Galdamez.jpg
teachinghistory-website/content/page/teacher-representatives.md,24576,Teacher Representatives,inline,body,/files/Hardin.jpg,ok,teachinghistory-website/static/files/Hardin.jpg
teachinghistory-website/content/page/teacher-representatives.md,24576,Teacher Representatives,inline,body,/files/McDougall.jpg,ok,teachinghistory-website/static/files/McDougall.jpg
teachinghistory-website/content/page/teacher-representatives.md,24576,Teacher Representatives,inline,body,/files/Orr.jpg,ok,teachinghistory-website/static/files/Orr.jpg
teachinghistory-website/content/page/teacher-representatives.md,24576,Teacher Representatives,inline,body,/files/Roach2.JPG,ok,teachinghistory-website/static/files/Roach2.JPG
teachinghistory-website/content/page/teacher-representatives.md,24576,Teacher Representatives,inline,body,/files/Swihart.jpg,ok,teachinghistory-website/static/files/Swihart.jpg
teachinghistory-website/content/page/teacher-representatives.md,24576,Teacher Representatives,inline,body,/files/Zanten.jpg,ok,teachinghistory-website/static/files/Zanten.jpg
teachinghistory-website/content/page/teacher-representatives.md,24576,Teacher Representatives,inline,body,/files/Vojslavek.jpg,ok,teachinghistory-website/static/files/Vojslavek.jpg
teachinghistory-website/content/page/teachinghistoryorg-terms-of-use.md,24866,Teachinghistory.org Terms of Use,card,,,fallback_no_image,
teachinghistory-website/content/page/teachinghistoryorg-terms-of-use.md,24866,Teachinghistory.org Terms of Use,inline,body,http://i.creativecommons.org/l/by-nc-sa/3.0/88x31.png,external,
teachinghistory-website/content/page/technical-working-group.md,14870,Technical Working Group,card,,,fallback_no_image,
teachinghistory-website/content/page/what-is-historical-thinking.md,24407,What is Historical Thinking?,card,,,fallback_no_image,
teachinghistory-website/content/privacy.md,,Privacy Policy,card,,,fallback_no_image,
teachinghistory-website/content/sitemap.md,,Site Map,card,,,fallback_no_image,
teachinghistory-website/content/teaching-materials/ask-a-master-teacher/a-larger-global-or-interregional-story.md,24069,A Larger Global or Interregional Story,card,splash_image,/files/TeachingDetail432x240.jpg,ok,teachinghistory-website/static/files/TeachingDetail432x240.jpg
teachinghistory-website/content/teaching-materials/ask-a-master-teacher/a-larger-global-or-interregional-story.md,24069,A Larger Global or Interregional Story,author,author_image,/files/author_image/author_harris_0.jpg,ok,teachinghistory-website/static/files/author_image/author_harris_0.jpg
teachinghistory-website/content/teaching-materials/ask-a-master-teacher/advice-for-the-student-teacher.md,25321,Advice for the Student Teacher,card,splash_image,/files/studentteachersplash.jpg,ok,teachinghistory-website/static/files/studentteachersplash.jpg
teachinghistory-website/content/teaching-materials/ask-a-master-teacher/america-the-story-of-us.md,24087,America: The Story of US,card,splash_image,/files/AmericaStoryofUS432x240.jpg,ok,teachinghistory-website/static/files/AmericaStoryofUS432x240.jpg
teachinghistory-website/content/teaching-materials/ask-a-master-teacher/apparts-strategy-origins-and-implementation.md,24711,APPARTS Strategy: Origins and Implementation,card,splash_image,/files/apsplash.jpg,ok,teachinghistory-website/static/files/apsplash.jpg
teachinghistory-website/content/teaching-materials/ask-a-master-teacher/apparts-strategy-origins-and-implementation.md,24711,APPARTS Strategy: Origins and Implementation,author,author_image,/files/author_image/hierl_photo.jpg,ok,teachinghistory-website/static/files/author_image/hierl_photo.jpg
teachinghistory-website/content/teaching-materials/ask-a-master-teacher/brain-based-research.md,25187,Brain-based Research,card,splash_image,/files/brainsplash.jpg,ok,teachinghistory-website/static/files/brainsplash.jpg
teachinghistory-website/content/teaching-materials/ask-a-master-teacher/bridging-the-gap-between-ancient-and-modern-democracies.md,24965,Bridging the Gap Between Ancient and Modern Democracies,card,splash_image,/files/bridgingthegap432x240.jpg,ok,teachinghistory-website/static/files/bridgingthegap432x240.jpg
teachinghistory-website/content/teaching-materials/ask-a-master-teacher/bridging-the-gap-between-ancient-and-modern-democracies.md,24965,Bridging the Gap Between Ancient and Modern Democracies,author,author_image,/files/author_image/anthonyarzateauthorimage.jpg,ok,teachinghistory-website/static/files/author_image/anthonyarzateauthorimage.jpg
teachinghistory-website/content/teaching-materials/ask-a-master-teacher/bridging-the-gap-between-ancient-and-modern-democracies.md,24965,Bridging the Gap Between Ancient and Modern Democracies,inline,body,/files/riseofmoderndemocracy.jpg,ok,teachinghistory-website/static/files/riseofmoderndemocracy.jpg
teachinghistory-website/content/teaching-materials/ask-a-master-teacher/bridging-the-gap-between-ancient-and-modern-democracies.md,24965,Bridging the Gap Between Ancient and Modern Democracies,inline,body,/files/riseofmoderndemocracy.jpg,ok,teachinghistory-website/static/files/riseofmoderndemocracy.jpg
teachinghistory-website/content/teaching-materials/ask-a-master-teacher/bridging-the-language-barrier.md,19448,Bridging the Language Barrier,card,splash_image,/files/PrimarySourceSplash.jpg,ok,teachinghistory-website/static/files/PrimarySourceSplash.jpg
teachinghistory-website/content/teaching-materials/ask-a-master-teacher/building-a-class-on-native-american-history.md,23998,Building a Class on Native American History,card,splash_image,/files/NatAmCourse.jpg,ok,teachinghistory-website/static/files/NatAmCourse.jpg
teachinghistory-website/content/teaching-materials/ask-a-master-teacher/building-background-knowledge-for-english-language-learners.md,25522,Building Background Knowledge for English Language Learners,card,splash_image,/files/ellsplash.jpg,ok,teachinghistory-website/static/files/ellsplash.jpg
teachinghistory-website/content/teaching-materials/ask-a-master-teacher/challenging-gifted-10th-graders.md,19252,Challenging Gifted 10th Graders,card,splash_image,/files/splash-aamt-gt.jpg,ok,teachinghistory-website/static/files/splash-aamt-gt.jpg
teachinghistory-website/content/teaching-materials/ask-a-master-teacher/changes-in-teaching-history-over-the-past-10-years.md,20298,Changes in Teaching History Over the Past 10 Years,card,splash_image,/files/splash-aamt-changes.jpg,ok,teachinghistory-website/static/files/splash-aamt-changes.jpg
teachinghistory-website/content/teaching-materials/ask-a-master-teacher/constructivism-actively-building-knowledge.md,23896,Constructivism: Actively Building Knowledge,card,splash_image,/files/Constructivism432x240.jpg,ok,teachinghistory-website/static/files/Constructivism432x240.jpg
teachinghistory-website/content/teaching-materials/ask-a-master-teacher/contingency.md,24118,Contingency,card,splash_image,/files/Contingency432x240.jpg,ok,teachinghistory-website/static/files/Contingency432x240.jpg
teachinghistory-website/content/teaching-materials/ask-a-master-teacher/data-on-students-knowledge-of-american-history.md,21786,Data on Students' Knowledge of American History,card,splash_image,/files/splash-aamt-tests.jpg,ok,teachinghistory-website/static/files/splash-aamt-tests.jpg
teachinghistory-website/content/teaching-materials/ask-a-master-teacher/deciphering-primary-source-documents.md,24270,Deciphering Primary Source Documents,card,splash_image,/files/addedimage7.jpg,ok,teachinghistory-website/static/files/addedimage7.jpg
teachinghistory-website/content/teaching-materials/ask-a-master-teacher/elementary-military-history-resources.md,23577,Elementary Military History Resources,card,splash_image,/files/splash-aamt-milit.jpg,ok,teachinghistory-website/static/files/splash-aamt-milit.jpg
teachinghistory-website/content/teaching-materials/ask-a-master-teacher/establishing-connections-teaching-the-progressive-era.md,25595,Establishing Connections: Teaching the Progressive Era,card,splash_image,/files/progressivesplash_0.jpg,ok,teachinghistory-website/static/files/progressivesplash_0.jpg
teachinghistory-website/content/teaching-materials/ask-a-master-teacher/establishing-connections-teaching-the-progressive-era.md,25595,Establishing Connections: Teaching the Progressive Era,author,author_image,/files/author_image/author_myers_0.jpg,ok,teachinghistory-website/static/files/author_image/author_myers_0.jpg
teachinghistory-website/content/teaching-materials/ask-a-master-teacher/exploring-historical-fiction.md,25626,Exploring Historical Fiction,card,splash_image,/files/fictionsplash.jpg,ok,teachinghistory-website/static/files/fictionsplash.jpg
teachinghistory-website/content/teaching-materials/ask-a-master-teacher/finding-local-history-resources.md,22471,Finding Local History Resources,card,splash_image,/files/splash-aamt-local.jpg,ok,teachinghistory-website/static/files/splash-aamt-local.jpg
teachinghistory-website/content/teaching-materials/ask-a-master-teacher/follow-the-line.md,24483,Follow the Line,card,splash_image,/files/followsplash.jpg,ok,teachinghistory-website/static/files/followsplash.jpg
teachinghistory-website/content/teaching-materials/ask-a-master-teacher/follow-the-line.md,24483,Follow the Line,author,author_image,/files/author_image/Jacks_photo2_1.jpg,ok,teachinghistory-website/static/files/author_image/Jacks_photo2_1.jpg
teachinghistory-website/content/teaching-materials/ask-a-master-teacher/forming-lesson-plans-around-state-mandates.md,24302,Forming Lesson Plans Around State Mandates,card,splash_image,/files/dix_splash.jpg,ok,teachinghistory-website/static/files/dix_splash.jpg
teachinghistory-website/content/teaching-materials/ask-a-master-teacher/forming-lesson-plans-around-state-mandates.md,24302,Forming Lesson Plans Around State Mandates,author,author_image,/files/author_image/Fogo_crop.jpg,ok,teachinghistory-website/static/files/author_image/Fogo_crop.jpg
teachinghistory-website/content/teaching-materials/ask-a-master-teacher/head-start-expectations.md,24473,Head Start Expectations,card,splash_image,/files/headstartsplash.jpg,ok,teachinghistory-website/static/files/headstartsplash.jpg
teachinghistory-website/content/teaching-materials/ask-a-master-teacher/head-start-expectations.md,24473,Head Start Expectations,author,author_image,/files/author_image/Viet_Photo.jpg,ok,teachinghistory-website/static/files/author_image/Viet_Photo.jpg
teachinghistory-website/content/teaching-materials/ask-a-master-teacher/historic-stories-fictional-accounts-achieving-multiperspectivity.md,25362,"Historic Stories, Fictional Accounts: Achieving Multiperspectivity",card,splash_image,/files/fiction-nonfictionsplash.jpg,ok,teachinghistory-website/static/files/fiction-nonfictionsplash.jpg
teachinghistory-website/content/teaching-materials/ask-a-master-teacher/history-is-all-around-us.md,22893,History is All Around Us,card,splash_image,/files/HistoryAllAroundSplash.jpg,ok,teachinghistory-website/static/files/HistoryAllAroundSplash.jpg
teachinghistory-website/content/teaching-materials/ask-a-master-teacher/integrating-technology-into-the-classroom.md,23634,Integrating Technology into the Classroom,card,splash_image,/files/splash-aamt-tic.jpg,ok,teachinghistory-website/static/files/splash-aamt-tic.jpg
teachinghistory-website/content/teaching-materials/ask-a-master-teacher/interactive-world-history.md,24319,Interactive World History,card,splash_image,/files/mastersplash.jpg,ok,teachinghistory-website/static/files/mastersplash.jpg
teachinghistory-website/content/teaching-materials/ask-a-master-teacher/interactive-world-history.md,24319,Interactive World History,author,author_image,/files/author_image/Weiss_photo2.jpg,ok,teachinghistory-website/static/files/author_image/Weiss_photo2.jpg
teachinghistory-website/content/teaching-materials/ask-a-master-teacher/lets-get-folky.md,24330,Let's Get Folky,card,splash_image,/files/folksplash.jpg,ok,teachinghistory-website/static/files/folksplash.jpg
teachinghistory-website/content/teaching-materials/ask-a-master-teacher/lets-get-folky.md,24330,Let's Get Folky,author,author_image,/files/author_image/Jacks_photo2_0.jpg,ok,teachinghistory-website/static/files/author_image/Jacks_photo2_0.jpg
teachinghistory-website/content/teaching-materials/ask-a-master-teacher/locating-resources-on-teachinghistoryorg.md,25457,Locating Resources on Teachinghistory.org,card,splash_image,/files/locatingsplash.jpg,ok,teachinghistory-website/static/files/locatingsplash.jpg
teachinghistory-website/content/teaching-materials/ask-a-master-teacher/lower-level-learners-teaching-their-way.md,24111,Lower Level Learners: Teaching Their Way,card,splash_image,/files/LowerLevelLearners432x240.jpg,ok,teachinghistory-website/static/files/LowerLevelLearners432x240.jpg
teachinghistory-website/content/teaching-materials/ask-a-master-teacher/making-personal-connections-to-the-past-by-finding-historians.md,24537,Making Personal Connections to the Past by Finding Historians,card,splash_image,/files/skypesplash_0.jpg,ok,teachinghistory-website/static/files/skypesplash_0.jpg
teachinghistory-website/content/teaching-materials/ask-a-master-teacher/making-personal-connections-to-the-past-by-finding-historians.md,24537,Making Personal Connections to the Past by Finding Historians,author,author_image,/files/author_image/PercocoBioImage_0_0.jpg,ok,teachinghistory-website/static/files/author_image/PercocoBioImage_0_0.jpg
teachinghistory-website/content/teaching-materials/ask-a-master-teacher/making-the-most-of-maps.md,24966,Making the Most of Maps,card,splash_image,/files/makingthemost432x240.jpg,ok,teachinghistory-website/static/files/makingthemost432x240.jpg
teachinghistory-website/content/teaching-materials/ask-a-master-teacher/making-the-most-of-maps.md,24966,Making the Most of Maps,author,author_image,/files/author_image/authorphotojanekon.jpg,ok,teachinghistory-website/static/files/author_image/authorphotojanekon.jpg
teachinghistory-website/content/teaching-materials/ask-a-master-teacher/meshing-history-and-montessori-method.md,23900,Meshing History and Montessori Method,card,splash_image,/files/Montessori-432x240.jpg,ok,teachinghistory-website/static/files/Montessori-432x240.jpg
teachinghistory-website/content/teaching-materials/ask-a-master-teacher/multiperspectivity-what-is-it-and-why-use-it.md,23610,"Multiperspectivity: What Is It, and Why Use It?",card,splash_image,/files/splash-aamt-multi.jpg,ok,teachinghistory-website/static/files/splash-aamt-multi.jpg
teachinghistory-website/content/teaching-materials/ask-a-master-teacher/national-history-day-in-kentucky.md,25188,National History Day in Kentucky,card,splash_image,/files/ktsplash.jpg,ok,teachinghistory-website/static/files/ktsplash.jpg
teachinghistory-website/content/teaching-materials/ask-a-master-teacher/national-history-day-in-kentucky.md,25188,National History Day in Kentucky,author,author_image,/files/author_image/jacks_photo2_0_0_0.jpg,ok,teachinghistory-website/static/files/author_image/jacks_photo2_0_0_0.jpg
teachinghistory-website/content/teaching-materials/ask-a-master-teacher/national-history-day-project-the-civil-rights-act-of-1964.md,24616,National History Day Project: The Civil Rights Act of 1964,card,splash_image,/files/crowsplash.jpg,ok,teachinghistory-website/static/files/crowsplash.jpg
teachinghistory-website/content/teaching-materials/ask-a-master-teacher/north-carolina-historytechnology.md,25263,North Carolina History+Technology,card,splash_image,/files/nc-history-splash.jpg,ok,teachinghistory-website/static/files/nc-history-splash.jpg
teachinghistory-website/content/teaching-materials/ask-a-master-teacher/north-carolina-historytechnology.md,25263,North Carolina History+Technology,author,author_image,/files/author_image/author_johnson.jpg,ok,teachinghistory-website/static/files/author_image/author_johnson.jpg
teachinghistory-website/content/teaching-materials/ask-a-master-teacher/online-us-history-textbooks.md,22276,Online U.S. History Textbooks,card,splash_image,/files/splash-aamt-computer.jpg,ok,teachinghistory-website/static/files/splash-aamt-computer.jpg
teachinghistory-website/content/teaching-materials/ask-a-master-teacher/performance-assessments-requiring-historical-analysis.md,23416,Performance Assessments Requiring Historical Analysis,card,splash_image,/files/splash-aamt-dbqs.jpg,ok,teachinghistory-website/static/files/splash-aamt-dbqs.jpg
teachinghistory-website/content/teaching-materials/ask-a-master-teacher/picking-civics-textbooks.md,25062,Picking Civics Textbooks,card,splash_image,/files/pickingcivicstextbooks432x240.jpg,ok,teachinghistory-website/static/files/pickingcivicstextbooks432x240.jpg
teachinghistory-website/content/teaching-materials/ask-a-master-teacher/picking-civics-textbooks.md,25062,Picking Civics Textbooks,author,author_image,/files/author_image/author_0.jpg,ok,teachinghistory-website/static/files/author_image/author_0.jpg
teachinghistory-website/content/teaching-materials/ask-a-master-teacher/picturing-the-american-revolution.md,24378,Picturing the American Revolution,card,splash_image,/files/picturingsplash2.jpg,ok,teachinghistory-website/static/files/picturingsplash2.jpg
teachinghistory-website/content/teaching-materials/ask-a-master-teacher/picturing-the-american-revolution.md,24378,Picturing the American Revolution,author,author_image,/files/author_image/AUTHOR.jpg,ok,teachinghistory-website/static/files/author_image/AUTHOR.jpg
teachinghistory-website/content/teaching-materials/ask-a-master-teacher/realizing-the-value-of-primary-sources.md,22963,Realizing the Value of Primary Sources,card,splash_image,/files/RealizingtheValueSplash.jpg,ok,teachinghistory-website/static/files/RealizingtheValueSplash.jpg
teachinghistory-website/content/teaching-materials/ask-a-master-teacher/researching-adolescent-immigrant-history.md,25493,Researching Adolescent Immigrant History,card,splash_image,/files/youngimmssplash_0.jpg,ok,teachinghistory-website/static/files/youngimmssplash_0.jpg
teachinghistory-website/content/teaching-materials/ask-a-master-teacher/researching-for-a-research-topic.md,24248,Researching for a Research Topic,card,splash_image,/files/spyshadow_splash.jpg,ok,teachinghistory-website/static/files/spyshadow_splash.jpg
teachinghistory-website/content/teaching-materials/ask-a-master-teacher/researching-the-mexican-american-war.md,24615,Researching the Mexican American War,card,splash_image,/files/mexwarsplash.jpg,ok,teachinghistory-website/static/files/mexwarsplash.jpg
teachinghistory-website/content/teaching-materials/ask-a-master-teacher/researching-the-mexican-american-war.md,24615,Researching the Mexican American War,author,author_image,/files/author_image/Jacks_photo2_0_0.jpg,ok,teachinghistory-website/static/files/author_image/Jacks_photo2_0_0.jpg
teachinghistory-website/content/teaching-materials/ask-a-master-teacher/researching-the-role-of-the-map-in-history-teaching.md,24974,Researching the Role of the Map in History Teaching,card,splash_image,/files/researchingtherole432x240.jpg,ok,teachinghistory-website/static/files/researchingtherole432x240.jpg
teachinghistory-website/content/teaching-materials/ask-a-master-teacher/researching-the-role-of-the-map-in-history-teaching.md,24974,Researching the Role of the Map in History Teaching,author,author_image,/files/author_image/authorphotojanekon_0.jpg,ok,teachinghistory-website/static/files/author_image/authorphotojanekon_0.jpg
teachinghistory-website/content/teaching-materials/ask-a-master-teacher/resources-for-teaching-local-history.md,25208,Resources for Teaching Local History,card,splash_image,/files/localhistorysplash.jpg,ok,teachinghistory-website/static/files/localhistorysplash.jpg
teachinghistory-website/content/teaching-materials/ask-a-master-teacher/resources-for-teaching-local-history.md,25208,Resources for Teaching Local History,author,author_image,/files/author_image/jacks_photo2_0_0_1.jpg,ok,teachinghistory-website/static/files/author_image/jacks_photo2_0_0_1.jpg
teachinghistory-website/content/teaching-materials/ask-a-master-teacher/resources-for-units-on-early-american-government.md,23613,Resources for Units on Early American Government,card,splash_image,/files/splash-aamt-paulr.jpg,ok,teachinghistory-website/static/files/splash-aamt-paulr.jpg
teachinghistory-website/content/teaching-materials/ask-a-master-teacher/resources-on-native-american-history.md,22901,Resources on Native American History,card,splash_image,/files/ResourcesonNative.jpg,ok,teachinghistory-website/static/files/ResourcesonNative.jpg
teachinghistory-website/content/teaching-materials/ask-a-master-teacher/rubrics-for-learning-menus.md,25477,Rubrics for Learning Menus,card,splash_image,/files/rubricssplash.jpg,ok,teachinghistory-website/static/files/rubricssplash.jpg
teachinghistory-website/content/teaching-materials/ask-a-master-teacher/rubrics-for-learning-menus.md,25477,Rubrics for Learning Menus,author,author_image,/files/author_image/author_wormeli.jpg,ok,teachinghistory-website/static/files/author_image/author_wormeli.jpg
teachinghistory-website/content/teaching-materials/ask-a-master-teacher/seeking-simulations.md,23691,Seeking Simulations,card,splash_image,/files/SeekingSimulationsSplash.jpg,ok,teachinghistory-website/static/files/SeekingSimulationsSplash.jpg
teachinghistory-website/content/teaching-materials/ask-a-master-teacher/seeking-us-history-books-for-9th-and-11th-graders.md,20685,Seeking U.S. History Books for 9th and 11th Graders,card,splash_image,/files/splash-longjohnsilver.jpg,ok,teachinghistory-website/static/files/splash-longjohnsilver.jpg
teachinghistory-website/content/teaching-materials/ask-a-master-teacher/setting-the-tone-introducing-students-to-world-war-ii.md,24712,Setting the Tone: Introducing Students to World War II,card,splash_image,/files/SettingtheTone432x240.jpg,ok,teachinghistory-website/static/files/SettingtheTone432x240.jpg
teachinghistory-website/content/teaching-materials/ask-a-master-teacher/setting-the-tone-introducing-students-to-world-war-ii.md,24712,Setting the Tone: Introducing Students to World War II,author,author_image,/files/author_image/Fogo_crop_1.jpg,ok,teachinghistory-website/static/files/author_image/Fogo_crop_1.jpg
teachinghistory-website/content/teaching-materials/ask-a-master-teacher/sifting-for-sources.md,25326,Sifting for Sources,card,splash_image,/files/sourcessplash.jpg,ok,teachinghistory-website/static/files/sourcessplash.jpg
teachinghistory-website/content/teaching-materials/ask-a-master-teacher/sifting-for-sources.md,25326,Sifting for Sources,author,author_image,/files/author_image/fillpot_1_0_0_0.jpg,ok,teachinghistory-website/static/files/author_image/fillpot_1_0_0_0.jpg
teachinghistory-website/content/teaching-materials/ask-a-master-teacher/slave-badges.md,25146,Slave Badges,card,splash_image,/files/badgessplash.jpg,ok,teachinghistory-website/static/files/badgessplash.jpg
teachinghistory-website/content/teaching-materials/ask-a-master-teacher/slave-badges.md,25146,Slave Badges,author,author_image,/files/author_image/Jacks_photo2_0_0.jpg,ok,teachinghistory-website/static/files/author_image/Jacks_photo2_0_0.jpg
teachinghistory-website/content/teaching-materials/ask-a-master-teacher/stop-and-source.md,25320,Stop and Source!,card,splash_image,/files/stopsplash_0.jpg,ok,teachinghistory-website/static/files/stopsplash_0.jpg
teachinghistory-website/content/teaching-materials/ask-a-master-teacher/stop-and-source.md,25320,Stop and Source!,author,author_image,/files/author_image/fillpot_1_0_0.jpg,ok,teachinghistory-website/static/files/author_image/fillpot_1_0_0.jpg
teachinghistory-website/content/teaching-materials/ask-a-master-teacher/storytelling-with-scrapbooks.md,24676,Storytelling with Scrapbooks,card,splash_image,/files/scrapbooksplash.jpg,ok,teachinghistory-website/static/files/scrapbooksplash.jpg
teachinghistory-website/content/teaching-materials/ask-a-master-teacher/tackling-tough-topics.md,23901,Tackling Tough Topics,card,splash_image,/files/TacklingToughTopics432x240.jpg,ok,teachinghistory-website/static/files/TacklingToughTopics432x240.jpg
teachinghistory-website/content/teaching-materials/ask-a-master-teacher/tall-tales-the-west-as-legend.md,23429,Tall Tales: The West as Legend,card,splash_image,/files/splash-aamt-ww.jpg,ok,teachinghistory-website/static/files/splash-aamt-ww.jpg
teachinghistory-website/content/teaching-materials/ask-a-master-teacher/teaching-high-school-history-at-home.md,25161,Teaching High School History at Home,card,splash_image,/files/splash2.jpg,ok,teachinghistory-website/static/files/splash2.jpg
teachinghistory-website/content/teaching-materials/ask-a-master-teacher/teaching-imperialism-incorporating-learning-activities-and-state-standards.md,24534,Teaching Imperialism: Incorporating Learning Activities and State Standards,card,splash_image,/files/imperialsplash.jpg,ok,teachinghistory-website/static/files/imperialsplash.jpg
teachinghistory-website/content/teaching-materials/ask-a-master-teacher/teaching-imperialism-incorporating-learning-activities-and-state-standards.md,24534,Teaching Imperialism: Incorporating Learning Activities and State Standards,author,author_image,/files/author_image/Fogo_crop_0.jpg,ok,teachinghistory-website/static/files/author_image/Fogo_crop_0.jpg
teachinghistory-website/content/teaching-materials/ask-a-master-teacher/teaching-public-issues-in-the-classroom.md,23458,Teaching Public Issues in the Classroom,card,splash_image,/files/OxfamSplash.jpg,ok,teachinghistory-website/static/files/OxfamSplash.jpg
teachinghistory-website/content/teaching-materials/ask-a-master-teacher/teaching-public-issues-in-the-classroom.md,23458,Teaching Public Issues in the Classroom,author,author_image,/files/author_image/yell_75.jpg,ok,teachinghistory-website/static/files/author_image/yell_75.jpg
teachinghistory-website/content/teaching-materials/ask-a-master-teacher/teaching-the-declaration-without-overwhelming-students.md,21770,Teaching the Declaration without Overwhelming Students,card,splash_image,/files/addedimage4.jpg,ok,teachinghistory-website/static/files/addedimage4.jpg
teachinghistory-website/content/teaching-materials/ask-a-master-teacher/teaching-the-history-of-teaching-history.md,24405,Teaching the History of Teaching History,card,splash_image,/files/historyofteachingsplash.jpg,ok,teachinghistory-website/static/files/historyofteachingsplash.jpg
teachinghistory-website/content/teaching-materials/ask-a-master-teacher/teaching-the-homebound-or-hospitalized.md,19447,Teaching the Homebound or Hospitalized,card,splash_image,/files/splash-aamt-sick.jpg,ok,teachinghistory-website/static/files/splash-aamt-sick.jpg
teachinghistory-website/content/teaching-materials/ask-a-master-teacher/teaching-the-transcontinental-railroad.md,24076,Teaching the Transcontinental Railroad,card,splash_image,/files/TeachingTrans432x240.jpg,ok,teachinghistory-website/static/files/TeachingTrans432x240.jpg
teachinghistory-website/content/teaching-materials/ask-a-master-teacher/teaching-with-lectures-and-documents.md,19393,Teaching with Lectures and Documents,card,splash_image,/files/splash-aamt-dal.jpg,ok,teachinghistory-website/static/files/splash-aamt-dal.jpg
teachinghistory-website/content/teaching-materials/ask-a-master-teacher/teaching-world-history-an-idea-guide.md,25420,Teaching World History: An Idea Guide,card,splash_image,/files/worldhistorysplash.jpg,ok,teachinghistory-website/static/files/worldhistorysplash.jpg
teachinghistory-website/content/teaching-materials/ask-a-master-teacher/teaching-world-history-an-idea-guide.md,25420,Teaching World History: An Idea Guide,author,author_image,/files/author_image/author_harris.jpg,ok,teachinghistory-website/static/files/author_image/author_harris.jpg
teachinghistory-website/content/teaching-materials/ask-a-master-teacher/tennessees-social-studies-curriculum.md,23437,Tennessee's Social Studies Curriculum,card,splash_image,/files/teacherscrapnypl_0.jpg,ok,teachinghistory-website/static/files/teacherscrapnypl_0.jpg
teachinghistory-website/content/teaching-materials/ask-a-master-teacher/the-ipad-a-digital-history-gateway.md,25597,The iPad: A Digital History Gateway,card,splash_image,/files/ipadsplash_0.jpg,ok,teachinghistory-website/static/files/ipadsplash_0.jpg
teachinghistory-website/content/teaching-materials/ask-a-master-teacher/the-progressive-era-a-group-effort.md,24309,The Progressive Era: A Group Effort,card,splash_image,/files/progressivesplash.jpg,ok,teachinghistory-website/static/files/progressivesplash.jpg
teachinghistory-website/content/teaching-materials/ask-a-master-teacher/the-progressive-era-a-group-effort.md,24309,The Progressive Era: A Group Effort,author,author_image,/files/author_image/Jacks_photo2.jpg,ok,teachinghistory-website/static/files/author_image/Jacks_photo2.jpg
teachinghistory-website/content/teaching-materials/ask-a-master-teacher/tips-and-tricks-for-using-graphic-organizers.md,25149,Tips and Tricks for Using Graphic Organizers,card,splash_image,/files/organizersplash_0.jpg,ok,teachinghistory-website/static/files/organizersplash_0.jpg
teachinghistory-website/content/teaching-materials/ask-a-master-teacher/two-year-high-school-us-history-programs.md,23680,Two-Year High School U.S. History Programs,card,splash_image,/files/splash-aat-hs.jpg,ok,teachinghistory-website/static/files/splash-aat-hs.jpg
teachinghistory-website/content/teaching-materials/ask-a-master-teacher/understanding-civic-republicanism.md,25360,Understanding Civic Republicanism,card,splash_image,/files/republicanismsplash.jpg,ok,teachinghistory-website/static/files/republicanismsplash.jpg
teachinghistory-website/content/teaching-materials/ask-a-master-teacher/understanding-civic-republicanism.md,25360,Understanding Civic Republicanism,author,author_image,/files/author_image/Matlock_Photo.jpg,ok,teachinghistory-website/static/files/author_image/Matlock_Photo.jpg
teachinghistory-website/content/teaching-materials/ask-a-master-teacher/using-document-based-questions-with-struggling-readers.md,14958,Using Document Based Questions with Struggling Readers,card,splash_image,/files/HowDoIUseDBQsSplash.jpg,ok,teachinghistory-website/static/files/HowDoIUseDBQsSplash.jpg
teachinghistory-website/content/teaching-materials/ask-a-master-teacher/using-visual-fine-arts-to-enrich-understanding.md,24271,Using Visual Fine Arts to Enrich Understanding,card,splash_image,/files/WPAposter_splash.jpg,ok,teachinghistory-website/static/files/WPAposter_splash.jpg
teachinghistory-website/content/teaching-materials/ask-a-master-teacher/web-resources-for-controversial-issues.md,24471,Web Resources for Controversial Issues,card,splash_image,/files/issuessplash.jpg,ok,teachinghistory-website/static/files/issuessplash.jpg
teachinghistory-website/content/teaching-materials/ask-a-master-teacher/web-resources-for-controversial-issues.md,24471,Web Resources for Controversial Issues,author,author_image,/files/author_image/AUTHOR.jpg,ok,teachinghistory-website/static/files/author_image/AUTHOR.jpg
teachinghistory-website/content/teaching-materials/ask-a-master-teacher/world-war-and-literature.md,25505,World War and Literature,card,splash_image,/files/splash-aamt-hf.jpg,ok,teachinghistory-website/static/files/splash-aamt-hf.jpg
teachinghistory-website/content/teaching-materials/ask-a-master-teacher/world-war-and-literature.md,25505,World War and Literature,author,author_image,/files/author_image/author_lombard.jpg,ok,teachinghistory-website/static/files/author_image/author_lombard.jpg
teachinghistory-website/content/teaching-materials/ask-a-master-teacher/writing-critiques-of-primary-and-secondary-sources.md,24472,Writing Critiques of Primary and Secondary Sources,card,splash_image,/files/critiquesplash.jpg,ok,teachinghistory-website/static/files/critiquesplash.jpg
teachinghistory-website/content/teaching-materials/english-language-learners/americas-heritage-an-adventure-in-liberty.md,24132,America's Heritage: An Adventure in Liberty,card,splash_image,/files/amheritage_img1.jpg,ok,teachinghistory-website/static/files/amheritage_img1.jpg
teachinghistory-website/content/teaching-materials/english-language-learners/bracero-history-archive.md,24136,Bracero History Archive,card,splash_image,/files/bracero_img1.jpg,ok,teachinghistory-website/static/files/bracero_img1.jpg
teachinghistory-website/content/teaching-materials/english-language-learners/electronic-schoolhouse-la-escuela-electronica.md,24133,Electronic Schoolhouse / La Escuela Electronica,card,splash_image,/files/schoolhouse_img1.jpg,ok,teachinghistory-website/static/files/schoolhouse_img1.jpg
teachinghistory-website/content/teaching-materials/english-language-learners/google-translate.md,24604,Google Translate,card,splash_image,/files/googletranssplash.jpg,ok,teachinghistory-website/static/files/googletranssplash.jpg
teachinghistory-website/content/teaching-materials/english-language-learners/great-unsolved-mysteries-in-canadian-history.md,24137,Great Unsolved Mysteries in Canadian History,card,splash_image,/files/mysteries_img2.jpg,ok,teachinghistory-website/static/files/mysteries_img2.jpg
teachinghistory-website/content/teaching-materials/english-language-learners/hispano-music-culture-of-the-northern-rio-grande.md,24134,Hispano Music & Culture of the Northern Rio Grande,card,splash_image,/files/rael_img1.jpg,ok,teachinghistory-website/static/files/rael_img1.jpg
teachinghistory-website/content/teaching-materials/english-language-learners/historical-thinking-matters.md,24128,Historical Thinking Matters,card,splash_image,/files/HTM_432x240.jpg,ok,teachinghistory-website/static/files/HTM_432x240.jpg
teachinghistory-website/content/teaching-materials/english-language-learners/increasing-participation-in-whole-class-discussions.md,25699,Increasing Participation in Whole-Class Discussions,card,splash_image,/files/increasingsplash.jpg,ok,teachinghistory-website/static/files/increasingsplash.jpg
teachinghistory-website/content/teaching-materials/english-language-learners/increasing-participation-in-whole-class-discussions.md,25699,Increasing Participation in Whole-Class Discussions,author,author_image,/files/author_image/enright.jpeg,ok,teachinghistory-website/static/files/author_image/enright.jpeg
teachinghistory-website/content/teaching-materials/english-language-learners/life-liberty-and-property-whats-the-big-idea.md,24139,"Life, Liberty and Property: What’s the Big Idea?",card,splash_image,/files/long_image2.jpg,ok,teachinghistory-website/static/files/long_image2.jpg
teachinghistory-website/content/teaching-materials/english-language-learners/life-liberty-and-property-whats-the-big-idea.md,24139,"Life, Liberty and Property: What’s the Big Idea?",author,author_image,/files/author_image/Long.jpg,ok,teachinghistory-website/static/files/author_image/Long.jpg
teachinghistory-website/content/teaching-materials/english-language-learners/reframing-english-language-development.md,24138,Reframing English Language Development,card,splash_image,/files/mexamwar_image.jpg,ok,teachinghistory-website/static/files/mexamwar_image.jpg
teachinghistory-website/content/teaching-materials/english-language-learners/reframing-english-language-development.md,24138,Reframing English Language Development,author,author_image,/files/author_image/carey.jpg,ok,teachinghistory-website/static/files/author_image/carey.jpg
teachinghistory-website/content/teaching-materials/english-language-learners/responding-to-english-learners-writing-with-the-3-ps.md,24141,Responding to English Learners’ Writing with the 3 P’s,card,splash_image,/files/writing_image1.jpg,ok,teachinghistory-website/static/files/writing_image1.jpg
teachinghistory-website/content/teaching-materials/english-language-learners/responding-to-english-learners-writing-with-the-3-ps.md,24141,Responding to English Learners’ Writing with the 3 P’s,author,author_image,/files/author_image/enright_0.jpg,ok,teachinghistory-website/static/files/author_image/enright_0.jpg
teachinghistory-website/content/teaching-materials/english-language-learners/scaffolding-with-graphic-organizers.md,24130,Scaffolding with Graphic Organizers,card,splash_image,/files/compare_contrast.jpg,ok,teachinghistory-website/static/files/compare_contrast.jpg
teachinghistory-website/content/teaching-materials/english-language-learners/sq3r-survey-question-read-review-recite.md,24140,"SQ3R: Survey, Question, Read, Review, Recite",card,splash_image,/files/sq3r_image3.jpg,ok,teachinghistory-website/static/files/sq3r_image3.jpg
teachinghistory-website/content/teaching-materials/english-language-learners/summarizing-and-paraphrasing.md,24438,Summarizing and Paraphrasing,card,splash_image,/files/splash-ell-paraphrase.jpg,ok,teachinghistory-website/static/files/splash-ell-paraphrase.jpg
teachinghistory-website/content/teaching-materials/english-language-learners/supporting-text-comprehension-and-vocabulary-development-using-wordsift.md,24552,Supporting Text Comprehension and Vocabulary Development Using WordSift,card,splash_image,/files/wordshiftsplash.jpg,ok,teachinghistory-website/static/files/wordshiftsplash.jpg
teachinghistory-website/content/teaching-materials/english-language-learners/talking-history.md,24617,Talking History,card,splash_image,/files/talkingsplash.jpg,ok,teachinghistory-website/static/files/talkingsplash.jpg
teachinghistory-website/content/teaching-materials/english-language-learners/talking-history.md,24617,Talking History,author,author_image,/files/author_image/carey_0.jpg,ok,teachinghistory-website/static/files/author_image/carey_0.jpg
teachinghistory-website/content/teaching-materials/english-language-learners/targeting-content-and-english-language-objectives.md,24439,Targeting Content and English Language Objectives,card,splash_image,/files/splash-ell-edl.jpg,ok,teachinghistory-website/static/files/splash-ell-edl.jpg
teachinghistory-website/content/teaching-materials/english-language-learners/the-struggle-for-time-using-persuasive-essays-to-teach-elementary-history.md,25708,The Struggle for Time: Using Persuasive Essays to Teach Elementary History,card,splash_image,/files/strugglesplash.jpg,ok,teachinghistory-website/static/files/strugglesplash.jpg
teachinghistory-website/content/teaching-materials/english-language-learners/the-struggle-for-time-using-persuasive-essays-to-teach-elementary-history.md,25708,The Struggle for Time: Using Persuasive Essays to Teach Elementary History,author,author_image,/files/author_image/author_2.jpg,ok,teachinghistory-website/static/files/author_image/author_2.jpg
teachinghistory-website/content/teaching-materials/english-language-learners/uncovering-human-agency.md,25588,Uncovering Human Agency,card,splash_image,/files/humanagencysplash.jpg,ok,teachinghistory-website/static/files/humanagencysplash.jpg
teachinghistory-website/content/teaching-materials/english-language-learners/uncovering-human-agency.md,25588,Uncovering Human Agency,author,author_image,/files/author_image/author_oliviera.jpg,ok,teachinghistory-website/static/files/author_image/author_oliviera.jpg
teachinghistory-website/content/teaching-materials/english-language-learners/using-non-linguistic-representations-to-strengthen-historical-thinking.md,25458,Using Non-Linguistic Representations to Strengthen Historical Thinking,card,splash_image,/files/representationssplash.jpg,ok,teachinghistory-website/static/files/representationssplash.jpg
teachinghistory-website/content/teaching-materials/english-language-learners/using-non-linguistic-representations-to-strengthen-historical-thinking.md,25458,Using Non-Linguistic Representations to Strengthen Historical Thinking,author,author_image,/files/author_image/author_kovacic.jpg,ok,teachinghistory-website/static/files/author_image/author_kovacic.jpg
teachinghistory-website/content/teaching-materials/english-language-learners/using-primary-sources-with-english-language-learners.md,24129,Using Primary Sources with English Language Learners,card,splash_image,/files/Hall_img1.jpg,ok,teachinghistory-website/static/files/Hall_img1.jpg
teachinghistory-website/content/teaching-materials/english-language-learners/using-primary-sources-with-english-language-learners.md,24129,Using Primary Sources with English Language Learners,author,author_image,/files/author_image/Hall.jpg,ok,teachinghistory-website/static/files/author_image/Hall.jpg
teachinghistory-website/content/teaching-materials/english-language-learners/using-visuals-to-build-interest-and-understanding.md,24143,Using Visuals to Build Interest and Understanding,card,splash_image,/files/flowermaking_splash.jpg,ok,teachinghistory-website/static/files/flowermaking_splash.jpg
teachinghistory-website/content/teaching-materials/english-language-learners/why-did-it-happen-making-claims-about-cause-and-effect.md,24142,Why Did It Happen? Making Claims about Cause and Effect,card,splash_image,/files/cause_image2.jpg,ok,teachinghistory-website/static/files/cause_image2.jpg
teachinghistory-website/content/teaching-materials/english-language-learners/why-did-it-happen-making-claims-about-cause-and-effect.md,24142,Why Did It Happen? Making Claims about Cause and Effect,author,author_image,/files/author_image/enright.jpg,ok,teachinghistory-website/static/files/author_image/enright.jpg
teachinghistory-website/content/teaching-materials/english-language-learners/world-digital-library.md,24131,World Digital Library,card,splash_image,/files/wdl_image1.jpg,ok,teachinghistory-website/static/files/wdl_image1.jpg
teachinghistory-website/content/teaching-materials/lesson-plan-reviews/a-look-at-slavery-through-posters-and-broadsides.md,19262,A Look at Slavery through Posters and Broadsides,card,splash_image,/files/splash-lpr-slaveryposters.jpg,ok,teachinghistory-website/static/files/splash-lpr-slaveryposters.jpg
teachinghistory-website/content/teaching-materials/lesson-plan-reviews/abraham-lincoln-and-the-jews.md,25865,Abraham Lincoln and the Jews,card,splash_image,/files/lincolnsplash.jpg,ok,teachinghistory-website/static/files/lincolnsplash.jpg
teachinghistory-website/content/teaching-materials/lesson-plan-reviews/abraham-lincoln.md,20012,Abraham Lincoln,card,splash_image,/files/AbrahamLincoln432x240.jpg,ok,teachinghistory-website/static/files/AbrahamLincoln432x240.jpg
teachinghistory-website/content/teaching-materials/lesson-plan-reviews/american-presidents.md,19230,American Presidents,card,splash_image,/files/splash-lpr-presidents.jpg,ok,teachinghistory-website/static/files/splash-lpr-presidents.jpg
teachinghistory-website/content/teaching-materials/lesson-plan-reviews/american-tourists-and-the-holy-land-1865-1900.md,25864,"American Tourists and the Holy Land, 1865-1900",card,splash_image,/files/Train_ticket.jpg,ok,teachinghistory-website/static/files/Train_ticket.jpg
teachinghistory-website/content/teaching-materials/lesson-plan-reviews/building-the-erie-canal.md,23944,Building the Erie Canal,card,splash_image,/files/ErieCanal432x240.jpg,ok,teachinghistory-website/static/files/ErieCanal432x240.jpg
teachinghistory-website/content/teaching-materials/lesson-plan-reviews/causation-the-war-of-1812-and-the-star-spangled-banner.md,24315,Causation: The War of 1812 and the Star-Spangled Banner,card,splash_image,/files/1812splash.jpg,ok,teachinghistory-website/static/files/1812splash.jpg
teachinghistory-website/content/teaching-materials/lesson-plan-reviews/civil-rights-and-incarceration.md,20013,Civil Rights and Incarceration,card,splash_image,/files/Incarceration432x240.jpg,ok,teachinghistory-website/static/files/Incarceration432x240.jpg
teachinghistory-website/content/teaching-materials/lesson-plan-reviews/civil-war-photos-what-do-you-see.md,24272,Civil War Photos: What Do You See?,card,splash_image,/files/confederatecannon_splash.jpg,ok,teachinghistory-website/static/files/confederatecannon_splash.jpg
teachinghistory-website/content/teaching-materials/lesson-plan-reviews/civilian-conservation-corps.md,21874,Civilian Conservation Corps,card,splash_image,/files/CCCSplash.jpg,ok,teachinghistory-website/static/files/CCCSplash.jpg
teachinghistory-website/content/teaching-materials/lesson-plan-reviews/declaration-of-independence-rough-draft-to-proclamation.md,19572,Declaration of Independence: Rough Draft to Proclamation,card,splash_image,/files/Declaration.jpg,ok,teachinghistory-website/static/files/Declaration.jpg
teachinghistory-website/content/teaching-materials/lesson-plan-reviews/decoding-us-foreign-policy-the-iran-contra-affair.md,25491,Decoding U.S. Foreign Policy: The Iran-Contra Affair,card,splash_image,/files/iranaffairsplash.jpg,ok,teachinghistory-website/static/files/iranaffairsplash.jpg
teachinghistory-website/content/teaching-materials/lesson-plan-reviews/discovering-angel-island-the-story-behind-the-poems.md,22063,Discovering Angel Island: The Story Behind the Poems,card,splash_image,/files/splash-lpr-angeli.jpg,ok,teachinghistory-website/static/files/splash-lpr-angeli.jpg
teachinghistory-website/content/teaching-materials/lesson-plan-reviews/divining-america-religion-in-american-history.md,24586,Divining America: Religion in American History,card,splash_image,/files/jewsplash.jpg,ok,teachinghistory-website/static/files/jewsplash.jpg
teachinghistory-website/content/teaching-materials/lesson-plan-reviews/evaluating-the-validity-of-information.md,22057,Evaluating the Validity of Information,card,splash_image,/files/splash-lpr-china.jpg,ok,teachinghistory-website/static/files/splash-lpr-china.jpg
teachinghistory-website/content/teaching-materials/lesson-plan-reviews/examining-the-korean-war.md,24538,Examining the Korean War,card,splash_image,/files/koreansplash.jpg,ok,teachinghistory-website/static/files/koreansplash.jpg
teachinghistory-website/content/teaching-materials/lesson-plan-reviews/immigration.md,22534,Immigration,card,splash_image,/files/ImmigrationSplash.jpg,ok,teachinghistory-website/static/files/ImmigrationSplash.jpg
teachinghistory-website/content/teaching-materials/lesson-plan-reviews/jamestown-the-starving-time.md,24214,Jamestown: The Starving Time,card,splash_image,/files/replacementsplash.jpg,ok,teachinghistory-website/static/files/replacementsplash.jpg
teachinghistory-website/content/teaching-materials/lesson-plan-reviews/john-f-kennedy-and-service.md,25866,John F. Kennedy and Service,card,splash_image,/files/JFKwritingSplash.jpeg,ok,teachinghistory-website/static/files/JFKwritingSplash.jpeg
teachinghistory-website/content/teaching-materials/lesson-plan-reviews/labor-unions-in-the-cotton-mills.md,25683,Labor Unions in the Cotton Mills,card,splash_image,/files/cottonlaborsplash.jpg,ok,teachinghistory-website/static/files/cottonlaborsplash.jpg
teachinghistory-website/content/teaching-materials/lesson-plan-reviews/lewis-and-clark-same-place-different-perspectives.md,19429,"Lewis and Clark: Same Place, Different Perspectives",card,splash_image,/files/LewisandClark432x240.jpg,ok,teachinghistory-website/static/files/LewisandClark432x240.jpg
teachinghistory-website/content/teaching-materials/lesson-plan-reviews/locate-yourself-on-a-map-of-the-americas.md,24672,Locate Yourself on a Map of the Americas,card,splash_image,/files/mapssplash.jpg,ok,teachinghistory-website/static/files/mapssplash.jpg
teachinghistory-website/content/teaching-materials/lesson-plan-reviews/marbury-v-madison.md,21873,Marbury v. Madison,card,splash_image,/files/MarburyMadison432x240.jpg,ok,teachinghistory-website/static/files/MarburyMadison432x240.jpg
teachinghistory-website/content/teaching-materials/lesson-plan-reviews/messages-of-houses-and-their-contents-1780-1820.md,20572,"Messages of Houses and Their Contents, 1780-1820",card,splash_image,/files/splash-lpr-buildings.jpg,ok,teachinghistory-website/static/files/splash-lpr-buildings.jpg
teachinghistory-website/content/teaching-materials/lesson-plan-reviews/midnight-ride-of-paul-revere-fact-fiction-and-artistic-license.md,23941,"Midnight Ride of Paul Revere: Fact, Fiction, and Artistic License",card,splash_image,/files/PReverebandw.jpg,ok,teachinghistory-website/static/files/PReverebandw.jpg
teachinghistory-website/content/teaching-materials/lesson-plan-reviews/my-history-at-school.md,24075,My History at School,card,splash_image,/files/MyHistory432x240.jpg,ok,teachinghistory-website/static/files/MyHistory432x240.jpg
teachinghistory-website/content/teaching-materials/lesson-plan-reviews/my-piece-of-history.md,25649,My Piece of History,card,splash_image,/files/mypiecesplash.jpg,ok,teachinghistory-website/static/files/mypiecesplash.jpg
teachinghistory-website/content/teaching-materials/lesson-plan-reviews/new-jerseys-quakers-and-the-american-revolution.md,24049,New Jersey's Quakers and the American Revolution,card,splash_image,/files/LibertyvsSlavery432x240.jpg,ok,teachinghistory-website/static/files/LibertyvsSlavery432x240.jpg
teachinghistory-website/content/teaching-materials/lesson-plan-reviews/opening-up-the-textbook-rosa-parks.md,19430,Opening Up the Textbook: Rosa Parks,card,splash_image,/files/RosaParks.jpg,ok,teachinghistory-website/static/files/RosaParks.jpg
teachinghistory-website/content/teaching-materials/lesson-plan-reviews/organizing-history-through-images.md,25572,Organizing History Through Images,card,splash_image,/files/holosplash.jpg,ok,teachinghistory-website/static/files/holosplash.jpg
teachinghistory-website/content/teaching-materials/lesson-plan-reviews/prequel-to-independence.md,25525,Prequel to Independence,card,splash_image,/files/presplash.jpg,ok,teachinghistory-website/static/files/presplash.jpg
teachinghistory-website/content/teaching-materials/lesson-plan-reviews/propaganda-and-world-war-ii.md,25185,Propaganda and World War II,card,splash_image,/files/ww2splash.jpg,ok,teachinghistory-website/static/files/ww2splash.jpg
teachinghistory-website/content/teaching-materials/lesson-plan-reviews/roads-to-antietam.md,23729,Roads to Antietam,card,splash_image,/files/Antietam.jpg,ok,teachinghistory-website/static/files/Antietam.jpg
teachinghistory-website/content/teaching-materials/lesson-plan-reviews/tenement-life.md,25575,Tenement Life,card,splash_image,/files/tenlifesplash.jpg,ok,teachinghistory-website/static/files/tenlifesplash.jpg
teachinghistory-website/content/teaching-materials/lesson-plan-reviews/the-boston-massacre-fact-fiction-or-bad-memory.md,22395,"The Boston Massacre: Fact, Fiction, or Bad Memory",card,splash_image,/files/BostonMassacre.jpg,ok,teachinghistory-website/static/files/BostonMassacre.jpg
teachinghistory-website/content/teaching-materials/lesson-plan-reviews/the-cost-of-industrialization.md,24229,The Cost of Industrialization,card,splash_image,/files/triangle_splash.jpg,ok,teachinghistory-website/static/files/triangle_splash.jpg
teachinghistory-website/content/teaching-materials/lesson-plan-reviews/the-debate-in-the-united-states-over-the-league-of-nations.md,20190,The Debate in the United States over the League of Nations,card,splash_image,/files/splash-lpr-lon.jpg,ok,teachinghistory-website/static/files/splash-lpr-lon.jpg
teachinghistory-website/content/teaching-materials/lesson-plan-reviews/the-multiple-dilemmas-of-abraham-lincoln.md,24311,The Multiple Dilemmas of Abraham Lincoln,card,splash_image,/files/lincolnsplash.jpg,ok,teachinghistory-website/static/files/lincolnsplash.jpg
teachinghistory-website/content/teaching-materials/lesson-plan-reviews/the-progressive-era.md,23942,The Progressive Era,card,splash_image,/files/Progressive432x240.jpg,ok,teachinghistory-website/static/files/Progressive432x240.jpg
teachinghistory-website/content/teaching-materials/lesson-plan-reviews/the-road-to-pearl-harbor.md,25315,The Road to Pearl Harbor,card,splash_image,/files/splash-lpr-pearlharbor.jpg,ok,teachinghistory-website/static/files/splash-lpr-pearlharbor.jpg
teachinghistory-website/content/teaching-materials/lesson-plan-reviews/the-short-handled-hoe.md,25625,The Short-Handled Hoe,card,splash_image,/files/hoesplash.jpg,ok,teachinghistory-website/static/files/hoesplash.jpg
teachinghistory-website/content/teaching-materials/lesson-plan-reviews/theodore-roosevelt-and-the-1912-election.md,25867,Theodore Roosevelt and the 1912 Election,card,splash_image,/files/TRPaintingSplash.jpeg,ok,teachinghistory-website/static/files/TRPaintingSplash.jpeg
teachinghistory-website/content/teaching-materials/lesson-plan-reviews/three-perspectives-on-native-american-removal-and-westward-expansion.md,20054,Three Perspectives on Native American Removal and Westward Expansion,card,splash_image,/files/ThreePerspectivesSplash.jpg,ok,teachinghistory-website/static/files/ThreePerspectivesSplash.jpg
teachinghistory-website/content/teaching-materials/lesson-plan-reviews/transportation-past-present-and-future.md,25736,"Transportation: Past, Present and Future",card,splash_image,/files/transportsplash.jpg,ok,teachinghistory-website/static/files/transportsplash.jpg
teachinghistory-website/content/teaching-materials/lesson-plan-reviews/watergate-and-the-constitution.md,23952,Watergate and the Constitution,card,splash_image,/files/Watergate.jpg,ok,teachinghistory-website/static/files/Watergate.jpg
teachinghistory-website/content/teaching-materials/lesson-plan-reviews/what-do-you-mean-how-language-changes-over-time.md,24682,What Do You Mean?: How Language Changes Over Time,card,splash_image,/files/languagesplash.jpg,ok,teachinghistory-website/static/files/languagesplash.jpg
teachinghistory-website/content/teaching-materials/lesson-plan-reviews/what-events-led-to-lincolns-assassination.md,22269,What Events Led to Lincoln's Assassination?,card,splash_image,/files/splash-lpr-assassination.jpg,ok,teachinghistory-website/static/files/splash-lpr-assassination.jpg
teachinghistory-website/content/teaching-materials/lesson-plan-reviews/what-really-happened-comparing-stories-of-the-first-thanksgiving.md,25034,What Really Happened? Comparing Stories of the First Thanksgiving,card,splash_image,/files/whatreallyhappened432x240.jpg,ok,teachinghistory-website/static/files/whatreallyhappened432x240.jpg
teachinghistory-website/content/teaching-materials/lesson-plan-reviews/woman-suffrage-and-the-19th-amendment.md,23943,Woman Suffrage and the 19th Amendment,card,splash_image,/files/Woman-Suffrage432x240.jpg,ok,teachinghistory-website/static/files/Woman-Suffrage432x240.jpg
teachinghistory-website/content/teaching-materials/teaching-guides/1916-childrens-code-of-morality-a-guide-for-pre-service-teachers.md,25871,1916 Children's Code of Morality: A Guide for Pre-Service Teachers,card,splash_image,/files/MoralsSplash.jpg,ok,teachinghistory-website/static/files/MoralsSplash.jpg
teachinghistory-website/content/teaching-materials/teaching-guides/1916-childrens-code-of-morality-a-guide-for-pre-service-teachers.md,25871,1916 Children's Code of Morality: A Guide for Pre-Service Teachers,author,author_image,/files/author_image/NATE_SLEETER (1)_3.JPG,ok,teachinghistory-website/static/files/author_image/NATE_SLEETER (1)_3.JPG
teachinghistory-website/content/teaching-materials/teaching-guides/911-and-commemoration-a-guide-for-pre-service-teachers.md,25877,9/11 and Commemoration: A Guide for Pre-Service Teachers,card,splash_image,/files/service-pnp-highsm-16100-16128v.jpg,ok,teachinghistory-website/static/files/service-pnp-highsm-16100-16128v.jpg
teachinghistory-website/content/teaching-materials/teaching-guides/911-and-commemoration-a-guide-for-pre-service-teachers.md,25877,9/11 and Commemoration: A Guide for Pre-Service Teachers,author,author_image,/files/author_image/NATE_SLEETER (1)_0.jpeg,ok,teachinghistory-website/static/files/author_image/NATE_SLEETER (1)_0.jpeg
teachinghistory-website/content/teaching-materials/teaching-guides/911-and-commemoration-a-guide-for-pre-service-teachers.md,25877,9/11 and Commemoration: A Guide for Pre-Service Teachers,inline,body,/files/inline-images/iiif-service_pnp_highsm_09800_09899-full-pct_25-0-default_0.jpg,ok,teachinghistory-website/static/files/inline-images/iiif-service_pnp_highsm_09800_09899-full-pct_25-0-default_0.jpg
teachinghistory-website/content/teaching-materials/teaching-guides/911-and-commemoration-a-guide-for-pre-service-teachers.md,25877,9/11 and Commemoration: A Guide for Pre-Service Teachers,inline,body,/files/inline-images/Aerial%20Lincoln%20Memorial.jpg,ok,teachinghistory-website/static/files/inline-images/Aerial Lincoln Memorial.jpg
teachinghistory-website/content/teaching-materials/teaching-guides/911-and-commemoration-a-guide-for-pre-service-teachers.md,25877,9/11 and Commemoration: A Guide for Pre-Service Teachers,inline,body,/files/inline-images/Vietnam%20Memorial%20Washington%20DC.jpg,ok,teachinghistory-website/static/files/inline-images/Vietnam Memorial Washington DC.jpg
teachinghistory-website/content/teaching-materials/teaching-guides/911-and-commemoration-a-guide-for-pre-service-teachers.md,25877,9/11 and Commemoration: A Guide for Pre-Service Teachers,inline,body,/files/inline-images/Screenshot%202024-10-17%20at%209.55.15%E2%80%AFAM.png,ok,teachinghistory-website/static/files/inline-images/Screenshot 2024-10-17 at 9.55.15 AM.png
teachinghistory-website/content/teaching-materials/teaching-guides/911-and-commemoration-a-guide-for-pre-service-teachers.md,25877,9/11 and Commemoration: A Guide for Pre-Service Teachers,inline,body,/files/inline-images/Overland%20Park%20Kansas%209%3A11.jpg,ok,teachinghistory-website/static/files/inline-images/Overland Park Kansas 9:11.jpg
teachinghistory-website/content/teaching-materials/teaching-guides/911-and-commemoration-a-guide-for-pre-service-teachers.md,25877,9/11 and Commemoration: A Guide for Pre-Service Teachers,inline,body,/files/inline-images/service-pnp-highsm-13300-13306v.jpg,ok,teachinghistory-website/static/files/inline-images/service-pnp-highsm-13300-13306v.jpg
teachinghistory-website/content/teaching-materials/teaching-guides/911-and-commemoration-a-guide-for-pre-service-teachers.md,25877,9/11 and Commemoration: A Guide for Pre-Service Teachers,inline,body,/files/inline-images/Shanksville%20Angels.jpg,ok,teachinghistory-website/static/files/inline-images/Shanksville Angels.jpg
teachinghistory-website/content/teaching-materials/teaching-guides/911-and-commemoration-a-guide-for-pre-service-teachers.md,25877,9/11 and Commemoration: A Guide for Pre-Service Teachers,inline,body,/files/inline-images/Steel%20Beam%20Milwaukee.jpg,ok,teachinghistory-website/static/files/inline-images/Steel Beam Milwaukee.jpg
teachinghistory-website/content/teaching-materials/teaching-guides/911-and-commemoration-a-guide-for-pre-service-teachers.md,25877,9/11 and Commemoration: A Guide for Pre-Service Teachers,inline,body,/files/inline-images/Citizen%20Artwork%20Shanksville.jpg,ok,teachinghistory-website/static/files/inline-images/Citizen Artwork Shanksville.jpg
teachinghistory-website/content/teaching-materials/teaching-guides/911-and-commemoration-a-guide-for-pre-service-teachers.md,25877,9/11 and Commemoration: A Guide for Pre-Service Teachers,inline,body,/files/inline-images/South%20Bend%209%3A11%20Fire%20Memorial.jpg,ok,teachinghistory-website/static/files/inline-images/South Bend 9:11 Fire Memorial.jpg
teachinghistory-website/content/teaching-materials/teaching-guides/911-and-commemoration-a-guide-for-pre-service-teachers.md,25877,9/11 and Commemoration: A Guide for Pre-Service Teachers,inline,body,/files/inline-images/9%3A11%20Steel%20Austin%20TX.jpg,ok,teachinghistory-website/static/files/inline-images/9:11 Steel Austin TX.jpg
teachinghistory-website/content/teaching-materials/teaching-guides/911-and-commemoration-a-guide-for-pre-service-teachers.md,25877,9/11 and Commemoration: A Guide for Pre-Service Teachers,inline,body,/files/inline-images/9%3A11%20Memorial%20Gate.jpg,ok,teachinghistory-website/static/files/inline-images/9:11 Memorial Gate.jpg
teachinghistory-website/content/teaching-materials/teaching-guides/911-and-commemoration-a-guide-for-pre-service-teachers.md,25877,9/11 and Commemoration: A Guide for Pre-Service Teachers,inline,body,/files/inline-images/Shanksville%20Angels%203.jpg,ok,teachinghistory-website/static/files/inline-images/Shanksville Angels 3.jpg
teachinghistory-website/content/teaching-materials/teaching-guides/911-and-commemoration-a-guide-for-pre-service-teachers.md,25877,9/11 and Commemoration: A Guide for Pre-Service Teachers,inline,body,/files/inline-images/Zoomed%20Memorial%20Gate.jpg,ok,teachinghistory-website/static/files/inline-images/Zoomed Memorial Gate.jpg
teachinghistory-website/content/teaching-materials/teaching-guides/911-and-commemoration-a-guide-for-pre-service-teachers.md,25877,9/11 and Commemoration: A Guide for Pre-Service Teachers,inline,body,/files/inline-images/Portland%20Maine%209%3A11%20Memorial.jpg,ok,teachinghistory-website/static/files/inline-images/Portland Maine 9:11 Memorial.jpg
teachinghistory-website/content/teaching-materials/teaching-guides/911-and-commemoration-a-guide-for-pre-service-teachers.md,25877,9/11 and Commemoration: A Guide for Pre-Service Teachers,inline,body,/files/inline-images/Steel%20Beam%20Gila%20Bend%20AZ.jpg,ok,teachinghistory-website/static/files/inline-images/Steel Beam Gila Bend AZ.jpg
teachinghistory-website/content/teaching-materials/teaching-guides/911-and-commemoration-a-guide-for-pre-service-teachers.md,25877,9/11 and Commemoration: A Guide for Pre-Service Teachers,inline,body,/files/inline-images/Calatrava%27s%20Oculus.jpg,ok,teachinghistory-website/static/files/inline-images/Calatrava's Oculus.jpg
teachinghistory-website/content/teaching-materials/teaching-guides/911-and-commemoration-a-guide-for-pre-service-teachers.md,25877,9/11 and Commemoration: A Guide for Pre-Service Teachers,inline,body,/files/inline-images/World%20Trade%20Center%20Memorial.jpg,ok,teachinghistory-website/static/files/inline-images/World Trade Center Memorial.jpg
teachinghistory-website/content/teaching-materials/teaching-guides/911-and-commemoration-a-guide-for-pre-service-teachers.md,25877,9/11 and Commemoration: A Guide for Pre-Service Teachers,inline,body,/files/inline-images/Interior%20view%20of%20World%20Trade%20Center%20Memorial%2C%20Manhattan.jpg,ok,"teachinghistory-website/static/files/inline-images/Interior view of World Trade Center Memorial, Manhattan.jpg"
teachinghistory-website/content/teaching-materials/teaching-guides/911-and-commemoration-a-guide-for-pre-service-teachers.md,25877,9/11 and Commemoration: A Guide for Pre-Service Teachers,inline,body,/files/inline-images/Memorial%20photo%20wall.jpg,ok,teachinghistory-website/static/files/inline-images/Memorial photo wall.jpg
teachinghistory-website/content/teaching-materials/teaching-guides/911-and-commemoration-a-guide-for-pre-service-teachers.md,25877,9/11 and Commemoration: A Guide for Pre-Service Teachers,inline,body,/files/inline-images/Angel%20Memorial%2C%20Shanksville%20PA.jpg,ok,"teachinghistory-website/static/files/inline-images/Angel Memorial, Shanksville PA.jpg"
teachinghistory-website/content/teaching-materials/teaching-guides/911-and-commemoration-a-guide-for-pre-service-teachers.md,25877,9/11 and Commemoration: A Guide for Pre-Service Teachers,inline,body,/files/inline-images/Wreath%20Memorial%20Shanksville%2C%20PA.jpg,ok,"teachinghistory-website/static/files/inline-images/Wreath Memorial Shanksville, PA.jpg"
teachinghistory-website/content/teaching-materials/teaching-guides/911-and-commemoration-a-guide-for-pre-service-teachers.md,25877,9/11 and Commemoration: A Guide for Pre-Service Teachers,inline,body,/files/inline-images/Sculptor%20Sassona%20Norton%27s%209%3A11%20Memorial.jpg,ok,teachinghistory-website/static/files/inline-images/Sculptor Sassona Norton's 9:11 Memorial.jpg
teachinghistory-website/content/teaching-materials/teaching-guides/911-and-commemoration-a-guide-for-pre-service-teachers.md,25877,9/11 and Commemoration: A Guide for Pre-Service Teachers,inline,body,/files/inline-images/9-11%20Memorial%2C%20Indiana%20University%20Pennsylvania_0.jpg,ok,"teachinghistory-website/static/files/inline-images/9-11 Memorial, Indiana University Pennsylvania_0.jpg"
teachinghistory-website/content/teaching-materials/teaching-guides/911-and-commemoration-a-guide-for-pre-service-teachers.md,25877,9/11 and Commemoration: A Guide for Pre-Service Teachers,inline,body,/files/inline-images/Tower%20of%20Voices%20Flight%2093%20Memorial_0.jpg,ok,teachinghistory-website/static/files/inline-images/Tower of Voices Flight 93 Memorial_0.jpg
teachinghistory-website/content/teaching-materials/teaching-guides/911-and-commemoration-a-guide-for-pre-service-teachers.md,25877,9/11 and Commemoration: A Guide for Pre-Service Teachers,inline,body,/files/inline-images/9-11%20Memorial%20Pentagon%20City.jpg,ok,teachinghistory-website/static/files/inline-images/9-11 Memorial Pentagon City.jpg
teachinghistory-website/content/teaching-materials/teaching-guides/911-and-commemoration-a-guide-for-pre-service-teachers.md,25877,9/11 and Commemoration: A Guide for Pre-Service Teachers,inline,body,/files/inline-images/Poster%20Memorial%20at%20the%20Pentagon.jpg,ok,teachinghistory-website/static/files/inline-images/Poster Memorial at the Pentagon.jpg
teachinghistory-website/content/teaching-materials/teaching-guides/911-and-commemoration-a-guide-for-pre-service-teachers.md,25877,9/11 and Commemoration: A Guide for Pre-Service Teachers,inline,body,/files/inline-images/Pentagon%209-11%20Memorial%20.jpg,ok,teachinghistory-website/static/files/inline-images/Pentagon 9-11 Memorial .jpg
teachinghistory-website/content/teaching-materials/teaching-guides/911-and-commemoration-a-guide-for-pre-service-teachers.md,25877,9/11 and Commemoration: A Guide for Pre-Service Teachers,inline,body,/files/inline-images/Pentagon%20Flag%20Memorial%20--2%20.jpg,ok,teachinghistory-website/static/files/inline-images/Pentagon Flag Memorial --2 .jpg
teachinghistory-website/content/teaching-materials/teaching-guides/911-and-commemoration-a-guide-for-pre-service-teachers.md,25877,9/11 and Commemoration: A Guide for Pre-Service Teachers,inline,body,/files/inline-images/Matthew%20Diaz%20Memorial.jpg,ok,teachinghistory-website/static/files/inline-images/Matthew Diaz Memorial.jpg
teachinghistory-website/content/teaching-materials/teaching-guides/911-and-commemoration-a-guide-for-pre-service-teachers.md,25877,9/11 and Commemoration: A Guide for Pre-Service Teachers,inline,body,/files/inline-images/9-11%20Memorial%20Manhattan.jpg,ok,teachinghistory-website/static/files/inline-images/9-11 Memorial Manhattan.jpg
teachinghistory-website/content/teaching-materials/teaching-guides/adapting-documents-for-the-classroom-equity-and-access.md,23560,Adapting Documents for the Classroom: Equity and Access,card,splash_image,/files/AdaptingDocumentsSplash.jpg,ok,teachinghistory-website/static/files/AdaptingDocumentsSplash.jpg
teachinghistory-website/content/teaching-materials/teaching-guides/adapting-documents-for-the-classroom-equity-and-access.md,23560,Adapting Documents for the Classroom: Equity and Access,author,author_image,/files/author_image/Logo SHEG.jpg,ok,teachinghistory-website/static/files/author_image/Logo SHEG.jpg
teachinghistory-website/content/teaching-materials/teaching-guides/applying-kwl-guides-to-sources-with-elementary-students.md,21806,Applying KWL Guides to Sources with Elementary Students,card,splash_image,/files/kwl_0.jpg,ok,teachinghistory-website/static/files/kwl_0.jpg
teachinghistory-website/content/teaching-materials/teaching-guides/applying-kwl-guides-to-sources-with-elementary-students.md,21806,Applying KWL Guides to Sources with Elementary Students,author,author_image,/files/author_image/fillpot_1.jpg,ok,teachinghistory-website/static/files/author_image/fillpot_1.jpg
teachinghistory-website/content/teaching-materials/teaching-guides/comanche-nation-and-manifest-destiny-a-guide-for-pre-service-teachers.md,25873,"Comanche Nation and ""Manifest Destiny"":  A Guide for Pre-Service Teachers",card,splash_image,/files/service-pnp-cph-3b40000-3b44000-3b44200-3b44254v.jpeg,ok,teachinghistory-website/static/files/service-pnp-cph-3b40000-3b44000-3b44200-3b44254v.jpeg
teachinghistory-website/content/teaching-materials/teaching-guides/comanche-nation-and-manifest-destiny-a-guide-for-pre-service-teachers.md,25873,"Comanche Nation and ""Manifest Destiny"":  A Guide for Pre-Service Teachers",author,author_image,/files/author_image/NATE_SLEETER (1)_0_1.JPG,ok,teachinghistory-website/static/files/author_image/NATE_SLEETER (1)_0_1.JPG
teachinghistory-website/content/teaching-materials/teaching-guides/comanche-nation-and-manifest-destiny-a-guide-for-pre-service-teachers.md,25873,"Comanche Nation and ""Manifest Destiny"":  A Guide for Pre-Service Teachers",inline,body,/files/inline-images/Sherman1.png,ok,teachinghistory-website/static/files/inline-images/Sherman1.png
teachinghistory-website/content/teaching-materials/teaching-guides/comanche-nation-and-manifest-destiny-a-guide-for-pre-service-teachers.md,25873,"Comanche Nation and ""Manifest Destiny"":  A Guide for Pre-Service Teachers",inline,body,/files/inline-images/Sherman2.png,ok,teachinghistory-website/static/files/inline-images/Sherman2.png
teachinghistory-website/content/teaching-materials/teaching-guides/comanche-nation-and-manifest-destiny-a-guide-for-pre-service-teachers.md,25873,"Comanche Nation and ""Manifest Destiny"":  A Guide for Pre-Service Teachers",inline,body,/files/inline-images/Sherman3.png,ok,teachinghistory-website/static/files/inline-images/Sherman3.png
teachinghistory-website/content/teaching-materials/teaching-guides/comanche-nation-and-manifest-destiny-a-guide-for-pre-service-teachers.md,25873,"Comanche Nation and ""Manifest Destiny"":  A Guide for Pre-Service Teachers",inline,body,/files/inline-images/Sherman4.png,ok,teachinghistory-website/static/files/inline-images/Sherman4.png
teachinghistory-website/content/teaching-materials/teaching-guides/concept-formation.md,25184,Concept Formation,card,splash_image,/files/constructionsplash.jpg,ok,teachinghistory-website/static/files/constructionsplash.jpg
teachinghistory-website/content/teaching-materials/teaching-guides/concept-formation.md,25184,Concept Formation,author,author_image,/files/author_image/author_parker.jpg,ok,teachinghistory-website/static/files/author_image/author_parker.jpg
teachinghistory-website/content/teaching-materials/teaching-guides/crop-it.md,25697,Crop It,card,splash_image,/files/cropitsplash.jpg,ok,teachinghistory-website/static/files/cropitsplash.jpg
teachinghistory-website/content/teaching-materials/teaching-guides/crop-it.md,25697,Crop It,author,author_image,/files/author_image/author_bondie.png,ok,teachinghistory-website/static/files/author_image/author_bondie.png
teachinghistory-website/content/teaching-materials/teaching-guides/crop-it.md,25697,Crop It,inline,body,/files/cropitchart2.jpg,ok,teachinghistory-website/static/files/cropitchart2.jpg
teachinghistory-website/content/teaching-materials/teaching-guides/document-based-whole-class-discussion.md,25620,Document-Based Whole-Class Discussion,card,splash_image,/files/discussionsplash.jpg,ok,teachinghistory-website/static/files/discussionsplash.jpg
teachinghistory-website/content/teaching-materials/teaching-guides/document-based-whole-class-discussion.md,25620,Document-Based Whole-Class Discussion,author,author_image,/files/author_image/author_4.jpg,ok,teachinghistory-website/static/files/author_image/author_4.jpg
teachinghistory-website/content/teaching-materials/teaching-guides/four-reads-learning-to-read-primary-documents.md,25690,Four Reads: Learning to Read Primary Documents,card,splash_image,/files/foursplash.jpg,ok,teachinghistory-website/static/files/foursplash.jpg
teachinghistory-website/content/teaching-materials/teaching-guides/four-reads-learning-to-read-primary-documents.md,25690,Four Reads: Learning to Read Primary Documents,author,author_image,/files/author_image/author_faithful.png,ok,teachinghistory-website/static/files/author_image/author_faithful.png
teachinghistory-website/content/teaching-materials/teaching-guides/historical-agency-in-history-book-sets-hbs.md,22365,Historical Agency in History Book Sets (HBS),card,splash_image,/files/UsingHistoryBooksSplash.jpg,ok,teachinghistory-website/static/files/UsingHistoryBooksSplash.jpg
teachinghistory-website/content/teaching-materials/teaching-guides/historical-agency-in-history-book-sets-hbs.md,22365,Historical Agency in History Book Sets (HBS),author,author_image,/files/author_image/s-levstik_0_0.jpg,ok,teachinghistory-website/static/files/author_image/s-levstik_0_0.jpg
teachinghistory-website/content/teaching-materials/teaching-guides/history-of-education-and-indigenous-americans-a-guide-for-pre-service-teachers.md,25875,History of Education and Indigenous Americans: A Guide for Pre-Service Teachers,card,splash_image,/files/service-pnp-yan-1a38000-1a38500-1a38537v.jpg,ok,teachinghistory-website/static/files/service-pnp-yan-1a38000-1a38500-1a38537v.jpg
teachinghistory-website/content/teaching-materials/teaching-guides/history-of-education-and-indigenous-americans-a-guide-for-pre-service-teachers.md,25875,History of Education and Indigenous Americans: A Guide for Pre-Service Teachers,author,author_image,/files/author_image/NATE_SLEETER (1)_0_3.JPG,ok,teachinghistory-website/static/files/author_image/NATE_SLEETER (1)_0_3.JPG
teachinghistory-website/content/teaching-materials/teaching-guides/history-of-higher-education-a-guide-for-pre-service-teachers.md,25879,History of Higher Education: A Guide for Pre-Service Teachers,card,splash_image,/files/Clock.jpg,ok,teachinghistory-website/static/files/Clock.jpg
teachinghistory-website/content/teaching-materials/teaching-guides/history-of-higher-education-a-guide-for-pre-service-teachers.md,25879,History of Higher Education: A Guide for Pre-Service Teachers,author,author_image,/files/author_image/NATE_SLEETER (1)_0_1.jpeg,ok,teachinghistory-website/static/files/author_image/NATE_SLEETER (1)_0_1.jpeg
teachinghistory-website/content/teaching-materials/teaching-guides/history-of-higher-education-a-guide-for-pre-service-teachers.md,25879,History of Higher Education: A Guide for Pre-Service Teachers,inline,body,/files/inline-images/Emily%20Williston%20Library%2C%20Mount%20Holyoke.jpg,ok,"teachinghistory-website/static/files/inline-images/Emily Williston Library, Mount Holyoke.jpg"
teachinghistory-website/content/teaching-materials/teaching-guides/history-of-higher-education-a-guide-for-pre-service-teachers.md,25879,History of Higher Education: A Guide for Pre-Service Teachers,inline,body,/files/inline-images/Mount%20Holyoke%20College%2C%20MA.jpg,ok,"teachinghistory-website/static/files/inline-images/Mount Holyoke College, MA.jpg"
teachinghistory-website/content/teaching-materials/teaching-guides/history-of-higher-education-a-guide-for-pre-service-teachers.md,25879,History of Higher Education: A Guide for Pre-Service Teachers,inline,body,/files/inline-images/Mount%20Holyoke%20College.jpg,ok,teachinghistory-website/static/files/inline-images/Mount Holyoke College.jpg
teachinghistory-website/content/teaching-materials/teaching-guides/history-of-higher-education-a-guide-for-pre-service-teachers.md,25879,History of Higher Education: A Guide for Pre-Service Teachers,inline,body,/files/inline-images/Boathouse%2C%20Smith%20College.jpg,ok,"teachinghistory-website/static/files/inline-images/Boathouse, Smith College.jpg"
teachinghistory-website/content/teaching-materials/teaching-guides/history-of-higher-education-a-guide-for-pre-service-teachers.md,25879,History of Higher Education: A Guide for Pre-Service Teachers,inline,body,/files/inline-images/Smith%20College%20Botnic%20Garden.jpg,ok,teachinghistory-website/static/files/inline-images/Smith College Botnic Garden.jpg
teachinghistory-website/content/teaching-materials/teaching-guides/history-of-higher-education-a-guide-for-pre-service-teachers.md,25879,History of Higher Education: A Guide for Pre-Service Teachers,inline,body,/files/inline-images/Smith%20College%20Pond%20and%20Conservatory%20.jpg,ok,teachinghistory-website/static/files/inline-images/Smith College Pond and Conservatory .jpg
teachinghistory-website/content/teaching-materials/teaching-guides/history-of-higher-education-a-guide-for-pre-service-teachers.md,25879,History of Higher Education: A Guide for Pre-Service Teachers,inline,body,/files/inline-images/Gillett%20Memorial%20Hall%2C%20Elmira%20College.jpg,ok,"teachinghistory-website/static/files/inline-images/Gillett Memorial Hall, Elmira College.jpg"
teachinghistory-website/content/teaching-materials/teaching-guides/history-of-higher-education-a-guide-for-pre-service-teachers.md,25879,History of Higher Education: A Guide for Pre-Service Teachers,inline,body,/files/inline-images/Entrance%20arch%20Elmira%20College.jpg,ok,teachinghistory-website/static/files/inline-images/Entrance arch Elmira College.jpg
teachinghistory-website/content/teaching-materials/teaching-guides/history-of-higher-education-a-guide-for-pre-service-teachers.md,25879,History of Higher Education: A Guide for Pre-Service Teachers,inline,body,/files/inline-images/G%20Sculpture%2C%20Grambling%20State%20University.jpg,ok,"teachinghistory-website/static/files/inline-images/G Sculpture, Grambling State University.jpg"
teachinghistory-website/content/teaching-materials/teaching-guides/history-of-higher-education-a-guide-for-pre-service-teachers.md,25879,History of Higher Education: A Guide for Pre-Service Teachers,inline,body,/files/inline-images/McCall%20Dining%20Center%2C%20Grambling%20State%20University.jpg,ok,"teachinghistory-website/static/files/inline-images/McCall Dining Center, Grambling State University.jpg"
teachinghistory-website/content/teaching-materials/teaching-guides/history-of-higher-education-a-guide-for-pre-service-teachers.md,25879,History of Higher Education: A Guide for Pre-Service Teachers,inline,body,/files/inline-images/Frederick%20Hodby%20Assembly%20Center%2C%20Grambling%20State.jpg,ok,"teachinghistory-website/static/files/inline-images/Frederick Hodby Assembly Center, Grambling State.jpg"
teachinghistory-website/content/teaching-materials/teaching-guides/history-of-higher-education-a-guide-for-pre-service-teachers.md,25879,History of Higher Education: A Guide for Pre-Service Teachers,inline,body,/files/inline-images/Eddie%20Robinson%20Stadium%2C%20Gramblig%20State.jpg,ok,"teachinghistory-website/static/files/inline-images/Eddie Robinson Stadium, Gramblig State.jpg"
teachinghistory-website/content/teaching-materials/teaching-guides/history-of-higher-education-a-guide-for-pre-service-teachers.md,25879,History of Higher Education: A Guide for Pre-Service Teachers,inline,body,/files/inline-images/University%20of%20Arkansas%20at%20Pine%20Bluff%20Sign%20and%20sculpture.jpg,ok,teachinghistory-website/static/files/inline-images/University of Arkansas at Pine Bluff Sign and sculpture.jpg
teachinghistory-website/content/teaching-materials/teaching-guides/history-of-higher-education-a-guide-for-pre-service-teachers.md,25879,History of Higher Education: A Guide for Pre-Service Teachers,inline,body,/files/inline-images/Walker%20Center%20multipurpose%20hall%20University%20of%20Arkansas%20Pine%20Bluff.jpg,ok,teachinghistory-website/static/files/inline-images/Walker Center multipurpose hall University of Arkansas Pine Bluff.jpg
teachinghistory-website/content/teaching-materials/teaching-guides/history-of-higher-education-a-guide-for-pre-service-teachers.md,25879,History of Higher Education: A Guide for Pre-Service Teachers,inline,body,/files/inline-images/Dawson-Hicks%20Hall%2C%20University%20of%20Arkansas%20Pine%20Bluff.jpg,ok,"teachinghistory-website/static/files/inline-images/Dawson-Hicks Hall, University of Arkansas Pine Bluff.jpg"
teachinghistory-website/content/teaching-materials/teaching-guides/history-of-higher-education-a-guide-for-pre-service-teachers.md,25879,History of Higher Education: A Guide for Pre-Service Teachers,inline,body,/files/inline-images/Clock%20tower%2C%20University%20of%20Arkansas%20Pine%20Bluff.jpg,ok,"teachinghistory-website/static/files/inline-images/Clock tower, University of Arkansas Pine Bluff.jpg"
teachinghistory-website/content/teaching-materials/teaching-guides/history-of-higher-education-a-guide-for-pre-service-teachers.md,25879,History of Higher Education: A Guide for Pre-Service Teachers,inline,body,/files/inline-images/Lion%20Sculpture_University%20of%20Arkansas%20Pine%20Bluff.jpg,ok,teachinghistory-website/static/files/inline-images/Lion Sculpture_University of Arkansas Pine Bluff.jpg
teachinghistory-website/content/teaching-materials/teaching-guides/history-of-higher-education-a-guide-for-pre-service-teachers.md,25879,History of Higher Education: A Guide for Pre-Service Teachers,inline,body,/files/inline-images/Southern%20Oregon%20University%2C%20Spring.jpg,ok,"teachinghistory-website/static/files/inline-images/Southern Oregon University, Spring.jpg"
teachinghistory-website/content/teaching-materials/teaching-guides/history-of-higher-education-a-guide-for-pre-service-teachers.md,25879,History of Higher Education: A Guide for Pre-Service Teachers,inline,body,/files/inline-images/Cyclist%20at%20library%2C%20Southern%20Oregon%20University.jpg,ok,"teachinghistory-website/static/files/inline-images/Cyclist at library, Southern Oregon University.jpg"
teachinghistory-website/content/teaching-materials/teaching-guides/history-of-higher-education-a-guide-for-pre-service-teachers.md,25879,History of Higher Education: A Guide for Pre-Service Teachers,inline,body,/files/inline-images/Stone%20artwork%2C%20Southern%20Oregon%20University.jpg,ok,"teachinghistory-website/static/files/inline-images/Stone artwork, Southern Oregon University.jpg"
teachinghistory-website/content/teaching-materials/teaching-guides/history-of-higher-education-a-guide-for-pre-service-teachers.md,25879,History of Higher Education: A Guide for Pre-Service Teachers,inline,body,/files/inline-images/Metal-art%20sculpture%20Southern%20Oregon%20University.jpg,ok,teachinghistory-website/static/files/inline-images/Metal-art sculpture Southern Oregon University.jpg
teachinghistory-website/content/teaching-materials/teaching-guides/history-of-higher-education-a-guide-for-pre-service-teachers.md,25879,History of Higher Education: A Guide for Pre-Service Teachers,inline,body,/files/inline-images/Campus%20building%20University%20of%20Texas-El%20Paso.jpg,ok,teachinghistory-website/static/files/inline-images/Campus building University of Texas-El Paso.jpg
teachinghistory-website/content/teaching-materials/teaching-guides/history-of-higher-education-a-guide-for-pre-service-teachers.md,25879,History of Higher Education: A Guide for Pre-Service Teachers,inline,body,/files/inline-images/Campus%20building%2C%20University%20of%20Texas%20El-Paso.jpg,ok,"teachinghistory-website/static/files/inline-images/Campus building, University of Texas El-Paso.jpg"
teachinghistory-website/content/teaching-materials/teaching-guides/history-of-higher-education-a-guide-for-pre-service-teachers.md,25879,History of Higher Education: A Guide for Pre-Service Teachers,inline,body,/files/inline-images/University%20of%20Texas%20El%20Paso%20Building.jpg,ok,teachinghistory-website/static/files/inline-images/University of Texas El Paso Building.jpg
teachinghistory-website/content/teaching-materials/teaching-guides/history-of-higher-education-a-guide-for-pre-service-teachers.md,25879,History of Higher Education: A Guide for Pre-Service Teachers,inline,body,/files/inline-images/Chihuahuan%20Desert%20Garden%2C%20University%20of%20Texas%20El%20Paso.jpg,ok,"teachinghistory-website/static/files/inline-images/Chihuahuan Desert Garden, University of Texas El Paso.jpg"
teachinghistory-website/content/teaching-materials/teaching-guides/history-of-higher-education-a-guide-for-pre-service-teachers.md,25879,History of Higher Education: A Guide for Pre-Service Teachers,inline,body,/files/inline-images/Glass%20wall%20and%20stairway%20at%20University%20of%20Texas%20El%20Paso.jpg,ok,teachinghistory-website/static/files/inline-images/Glass wall and stairway at University of Texas El Paso.jpg
teachinghistory-website/content/teaching-materials/teaching-guides/history-of-higher-education-a-guide-for-pre-service-teachers.md,25879,History of Higher Education: A Guide for Pre-Service Teachers,inline,body,/files/inline-images/Closeup%20Glass%20wall%2C%20University%20of%20Texas%20El%20Paso.jpg,ok,"teachinghistory-website/static/files/inline-images/Closeup Glass wall, University of Texas El Paso.jpg"
teachinghistory-website/content/teaching-materials/teaching-guides/history-of-higher-education-a-guide-for-pre-service-teachers.md,25879,History of Higher Education: A Guide for Pre-Service Teachers,inline,body,/files/inline-images/University%20of%20Texas%20at%20El%20Paso%20sign.jpg,ok,teachinghistory-website/static/files/inline-images/University of Texas at El Paso sign.jpg
teachinghistory-website/content/teaching-materials/teaching-guides/history-of-higher-education-a-guide-for-pre-service-teachers.md,25879,History of Higher Education: A Guide for Pre-Service Teachers,inline,body,/files/inline-images/Ram%20Statue%2C%20West%20Chester%20University.jpg,ok,"teachinghistory-website/static/files/inline-images/Ram Statue, West Chester University.jpg"
teachinghistory-website/content/teaching-materials/teaching-guides/history-of-higher-education-a-guide-for-pre-service-teachers.md,25879,History of Higher Education: A Guide for Pre-Service Teachers,inline,body,/files/inline-images/Ram%20statue%20from%20the%20front%2C%20West%20Chester%20University.jpg,ok,"teachinghistory-website/static/files/inline-images/Ram statue from the front, West Chester University.jpg"
teachinghistory-website/content/teaching-materials/teaching-guides/history-of-higher-education-a-guide-for-pre-service-teachers.md,25879,History of Higher Education: A Guide for Pre-Service Teachers,inline,body,/files/inline-images/Old%20Library%20Building%2C%20West%20Chester%20University.jpg,ok,"teachinghistory-website/static/files/inline-images/Old Library Building, West Chester University.jpg"
teachinghistory-website/content/teaching-materials/teaching-guides/history-of-higher-education-a-guide-for-pre-service-teachers.md,25879,History of Higher Education: A Guide for Pre-Service Teachers,inline,body,/files/inline-images/Ariel%20view%20of%20University%20of%20Michigan.jpg,ok,teachinghistory-website/static/files/inline-images/Ariel view of University of Michigan.jpg
teachinghistory-website/content/teaching-materials/teaching-guides/history-of-higher-education-a-guide-for-pre-service-teachers.md,25879,History of Higher Education: A Guide for Pre-Service Teachers,inline,body,/files/inline-images/Ann%20Arbor%20Tower.jpg,ok,teachinghistory-website/static/files/inline-images/Ann Arbor Tower.jpg
teachinghistory-website/content/teaching-materials/teaching-guides/history-of-higher-education-a-guide-for-pre-service-teachers.md,25879,History of Higher Education: A Guide for Pre-Service Teachers,inline,body,/files/inline-images/Power%20Center%20Ann%20Arbor.jpg,ok,teachinghistory-website/static/files/inline-images/Power Center Ann Arbor.jpg
teachinghistory-website/content/teaching-materials/teaching-guides/history-of-higher-education-a-guide-for-pre-service-teachers.md,25879,History of Higher Education: A Guide for Pre-Service Teachers,inline,body,/files/inline-images/Angell%20Hall_0.jpg,ok,teachinghistory-website/static/files/inline-images/Angell Hall_0.jpg
teachinghistory-website/content/teaching-materials/teaching-guides/history-of-higher-education-a-guide-for-pre-service-teachers.md,25879,History of Higher Education: A Guide for Pre-Service Teachers,inline,body,/files/inline-images/Burton%20Memorial%20Tower.jpg,ok,teachinghistory-website/static/files/inline-images/Burton Memorial Tower.jpg
teachinghistory-website/content/teaching-materials/teaching-guides/history-of-higher-education-a-guide-for-pre-service-teachers.md,25879,History of Higher Education: A Guide for Pre-Service Teachers,inline,body,/files/inline-images/Alumni%20Hall.jpg,ok,teachinghistory-website/static/files/inline-images/Alumni Hall.jpg
teachinghistory-website/content/teaching-materials/teaching-guides/history-of-higher-education-a-guide-for-pre-service-teachers.md,25879,History of Higher Education: A Guide for Pre-Service Teachers,inline,body,/files/inline-images/Orian.jpg,ok,teachinghistory-website/static/files/inline-images/Orian.jpg
teachinghistory-website/content/teaching-materials/teaching-guides/history-of-higher-education-a-guide-for-pre-service-teachers.md,25879,History of Higher Education: A Guide for Pre-Service Teachers,inline,body,/files/inline-images/Laramie.jpg,ok,teachinghistory-website/static/files/inline-images/Laramie.jpg
teachinghistory-website/content/teaching-materials/teaching-guides/history-of-higher-education-a-guide-for-pre-service-teachers.md,25879,History of Higher Education: A Guide for Pre-Service Teachers,inline,body,/files/inline-images/Knight%27s%20Tyrannosaurus.jpg,ok,teachinghistory-website/static/files/inline-images/Knight's Tyrannosaurus.jpg
teachinghistory-website/content/teaching-materials/teaching-guides/history-of-higher-education-a-guide-for-pre-service-teachers.md,25879,History of Higher Education: A Guide for Pre-Service Teachers,inline,body,/files/inline-images/Cooper%20House.jpg,ok,teachinghistory-website/static/files/inline-images/Cooper House.jpg
teachinghistory-website/content/teaching-materials/teaching-guides/history-of-higher-education-a-guide-for-pre-service-teachers.md,25879,History of Higher Education: A Guide for Pre-Service Teachers,inline,body,/files/inline-images/Breakin%20Through.jpg,ok,teachinghistory-website/static/files/inline-images/Breakin Through.jpg
teachinghistory-website/content/teaching-materials/teaching-guides/history-of-higher-education-a-guide-for-pre-service-teachers.md,25879,History of Higher Education: A Guide for Pre-Service Teachers,inline,body,/files/inline-images/Gateway%20Center.jpg,ok,teachinghistory-website/static/files/inline-images/Gateway Center.jpg
teachinghistory-website/content/teaching-materials/teaching-guides/history-of-higher-education-a-guide-for-pre-service-teachers.md,25879,History of Higher Education: A Guide for Pre-Service Teachers,inline,body,/files/inline-images/Engineering%20Hall.jpg,ok,teachinghistory-website/static/files/inline-images/Engineering Hall.jpg
teachinghistory-website/content/teaching-materials/teaching-guides/history-of-higher-education-a-guide-for-pre-service-teachers.md,25879,History of Higher Education: A Guide for Pre-Service Teachers,inline,body,/files/inline-images/Laramie%20Art%20and%20Science.jpg,ok,teachinghistory-website/static/files/inline-images/Laramie Art and Science.jpg
teachinghistory-website/content/teaching-materials/teaching-guides/history-of-higher-education-a-guide-for-pre-service-teachers.md,25879,History of Higher Education: A Guide for Pre-Service Teachers,inline,body,/files/inline-images/Laramie%20Architecture.jpg,ok,teachinghistory-website/static/files/inline-images/Laramie Architecture.jpg
teachinghistory-website/content/teaching-materials/teaching-guides/history-of-higher-education-a-guide-for-pre-service-teachers.md,25879,History of Higher Education: A Guide for Pre-Service Teachers,inline,body,/files/inline-images/Laramie%20Business.jpg,ok,teachinghistory-website/static/files/inline-images/Laramie Business.jpg
teachinghistory-website/content/teaching-materials/teaching-guides/history-of-higher-education-a-guide-for-pre-service-teachers.md,25879,History of Higher Education: A Guide for Pre-Service Teachers,inline,body,/files/inline-images/Louise%20Pound%20Hall.jpg,ok,teachinghistory-website/static/files/inline-images/Louise Pound Hall.jpg
teachinghistory-website/content/teaching-materials/teaching-guides/history-of-higher-education-a-guide-for-pre-service-teachers.md,25879,History of Higher Education: A Guide for Pre-Service Teachers,inline,body,/files/inline-images/Richards%20Hall.jpg,ok,teachinghistory-website/static/files/inline-images/Richards Hall.jpg
teachinghistory-website/content/teaching-materials/teaching-guides/history-of-higher-education-a-guide-for-pre-service-teachers.md,25879,History of Higher Education: A Guide for Pre-Service Teachers,inline,body,/files/inline-images/Van%20Brunt%20Visitors%20Center.jpg,ok,teachinghistory-website/static/files/inline-images/Van Brunt Visitors Center.jpg
teachinghistory-website/content/teaching-materials/teaching-guides/history-of-higher-education-a-guide-for-pre-service-teachers.md,25879,History of Higher Education: A Guide for Pre-Service Teachers,inline,body,/files/inline-images/Sheldon%20Museum%20of%20Art.jpg,ok,teachinghistory-website/static/files/inline-images/Sheldon Museum of Art.jpg
teachinghistory-website/content/teaching-materials/teaching-guides/history-of-higher-education-a-guide-for-pre-service-teachers.md,25879,History of Higher Education: A Guide for Pre-Service Teachers,inline,body,/files/inline-images/Harvest_0.jpg,ok,teachinghistory-website/static/files/inline-images/Harvest_0.jpg
teachinghistory-website/content/teaching-materials/teaching-guides/history-of-higher-education-a-guide-for-pre-service-teachers.md,25879,History of Higher Education: A Guide for Pre-Service Teachers,inline,body,/files/inline-images/Four%20Columns.jpg,ok,teachinghistory-website/static/files/inline-images/Four Columns.jpg
teachinghistory-website/content/teaching-materials/teaching-guides/history-of-higher-education-a-guide-for-pre-service-teachers.md,25879,History of Higher Education: A Guide for Pre-Service Teachers,inline,body,/files/inline-images/Sheldon%20Steps.jpg,ok,teachinghistory-website/static/files/inline-images/Sheldon Steps.jpg
teachinghistory-website/content/teaching-materials/teaching-guides/history-of-higher-education-a-guide-for-pre-service-teachers.md,25879,History of Higher Education: A Guide for Pre-Service Teachers,inline,body,/files/inline-images/Quadrangle.jpg,ok,teachinghistory-website/static/files/inline-images/Quadrangle.jpg
teachinghistory-website/content/teaching-materials/teaching-guides/history-of-higher-education-a-guide-for-pre-service-teachers.md,25879,History of Higher Education: A Guide for Pre-Service Teachers,inline,body,/files/inline-images/Keefe%20Campus%20Center.jpg,ok,teachinghistory-website/static/files/inline-images/Keefe Campus Center.jpg
teachinghistory-website/content/teaching-materials/teaching-guides/history-of-higher-education-a-guide-for-pre-service-teachers.md,25879,History of Higher Education: A Guide for Pre-Service Teachers,inline,body,/files/inline-images/Keefe%20Campus%20C.jpg,ok,teachinghistory-website/static/files/inline-images/Keefe Campus C.jpg
teachinghistory-website/content/teaching-materials/teaching-guides/history-of-higher-education-a-guide-for-pre-service-teachers.md,25879,History of Higher Education: A Guide for Pre-Service Teachers,inline,body,/files/inline-images/Davis%20and%20Elkins%20College%20.jpg,ok,teachinghistory-website/static/files/inline-images/Davis and Elkins College .jpg
teachinghistory-website/content/teaching-materials/teaching-guides/history-of-higher-education-a-guide-for-pre-service-teachers.md,25879,History of Higher Education: A Guide for Pre-Service Teachers,inline,body,/files/inline-images/Davis%20and%20Elkins%20Side.jpg,ok,teachinghistory-website/static/files/inline-images/Davis and Elkins Side.jpg
teachinghistory-website/content/teaching-materials/teaching-guides/history-of-higher-education-a-guide-for-pre-service-teachers.md,25879,History of Higher Education: A Guide for Pre-Service Teachers,inline,body,/files/inline-images/Graceland%20mansion.jpg,ok,teachinghistory-website/static/files/inline-images/Graceland mansion.jpg
teachinghistory-website/content/teaching-materials/teaching-guides/history-of-higher-education-a-guide-for-pre-service-teachers.md,25879,History of Higher Education: A Guide for Pre-Service Teachers,inline,body,/files/inline-images/Halliehurst%20Mansion.jpg,ok,teachinghistory-website/static/files/inline-images/Halliehurst Mansion.jpg
teachinghistory-website/content/teaching-materials/teaching-guides/history-of-higher-education-a-guide-for-pre-service-teachers.md,25879,History of Higher Education: A Guide for Pre-Service Teachers,inline,body,/files/inline-images/Booth%20Library.jpg,ok,teachinghistory-website/static/files/inline-images/Booth Library.jpg
teachinghistory-website/content/teaching-materials/teaching-guides/history-of-higher-education-a-guide-for-pre-service-teachers.md,25879,History of Higher Education: A Guide for Pre-Service Teachers,inline,body,/files/inline-images/St%20Olaf%20Fall.jpg,ok,teachinghistory-website/static/files/inline-images/St Olaf Fall.jpg
teachinghistory-website/content/teaching-materials/teaching-guides/history-of-higher-education-a-guide-for-pre-service-teachers.md,25879,History of Higher Education: A Guide for Pre-Service Teachers,inline,body,/files/inline-images/Fall%20SO.jpg,ok,teachinghistory-website/static/files/inline-images/Fall SO.jpg
teachinghistory-website/content/teaching-materials/teaching-guides/history-of-higher-education-a-guide-for-pre-service-teachers.md,25879,History of Higher Education: A Guide for Pre-Service Teachers,inline,body,/files/inline-images/St%20Olaf%20yellow%20chair_0.jpg,ok,teachinghistory-website/static/files/inline-images/St Olaf yellow chair_0.jpg
teachinghistory-website/content/teaching-materials/teaching-guides/history-of-higher-education-a-guide-for-pre-service-teachers.md,25879,History of Higher Education: A Guide for Pre-Service Teachers,inline,body,/files/inline-images/Boe%20Memorial%20Chapel.jpg,ok,teachinghistory-website/static/files/inline-images/Boe Memorial Chapel.jpg
teachinghistory-website/content/teaching-materials/teaching-guides/history-of-higher-education-a-guide-for-pre-service-teachers.md,25879,History of Higher Education: A Guide for Pre-Service Teachers,inline,body,/files/inline-images/Boe%20Memorial%20Chapel%20Sidewalks.jpg,ok,teachinghistory-website/static/files/inline-images/Boe Memorial Chapel Sidewalks.jpg
teachinghistory-website/content/teaching-materials/teaching-guides/history-of-higher-education-a-guide-for-pre-service-teachers.md,25879,History of Higher Education: A Guide for Pre-Service Teachers,inline,body,/files/inline-images/Mellby%20Hall.jpg,ok,teachinghistory-website/static/files/inline-images/Mellby Hall.jpg
teachinghistory-website/content/teaching-materials/teaching-guides/history-of-higher-education-a-guide-for-pre-service-teachers.md,25879,History of Higher Education: A Guide for Pre-Service Teachers,inline,body,/files/inline-images/Mellby%20otherview.jpg,ok,teachinghistory-website/static/files/inline-images/Mellby otherview.jpg
teachinghistory-website/content/teaching-materials/teaching-guides/history-of-higher-education-a-guide-for-pre-service-teachers.md,25879,History of Higher Education: A Guide for Pre-Service Teachers,inline,body,/files/inline-images/Boe%20Memorial%20Front.jpg,ok,teachinghistory-website/static/files/inline-images/Boe Memorial Front.jpg
teachinghistory-website/content/teaching-materials/teaching-guides/history-of-higher-education-a-guide-for-pre-service-teachers.md,25879,History of Higher Education: A Guide for Pre-Service Teachers,inline,body,/files/inline-images/St%20Olaf%20Theater.jpg,ok,teachinghistory-website/static/files/inline-images/St Olaf Theater.jpg
teachinghistory-website/content/teaching-materials/teaching-guides/history-of-higher-education-a-guide-for-pre-service-teachers.md,25879,History of Higher Education: A Guide for Pre-Service Teachers,inline,body,/files/inline-images/Western%20Wyoming%20CC.jpg,ok,teachinghistory-website/static/files/inline-images/Western Wyoming CC.jpg
teachinghistory-website/content/teaching-materials/teaching-guides/history-of-higher-education-a-guide-for-pre-service-teachers.md,25879,History of Higher Education: A Guide for Pre-Service Teachers,inline,body,/files/inline-images/WW%20Rock%20Springs.jpg,ok,teachinghistory-website/static/files/inline-images/WW Rock Springs.jpg
teachinghistory-website/content/teaching-materials/teaching-guides/history-of-higher-education-a-guide-for-pre-service-teachers.md,25879,History of Higher Education: A Guide for Pre-Service Teachers,inline,body,/files/inline-images/WW%20Building.jpg,ok,teachinghistory-website/static/files/inline-images/WW Building.jpg
teachinghistory-website/content/teaching-materials/teaching-guides/history-of-higher-education-a-guide-for-pre-service-teachers.md,25879,History of Higher Education: A Guide for Pre-Service Teachers,inline,body,/files/inline-images/Davis%20Hall.jpg,ok,teachinghistory-website/static/files/inline-images/Davis Hall.jpg
teachinghistory-website/content/teaching-materials/teaching-guides/history-of-higher-education-a-guide-for-pre-service-teachers.md,25879,History of Higher Education: A Guide for Pre-Service Teachers,inline,body,/files/inline-images/Science%20Hall%20PSC.jpg,ok,teachinghistory-website/static/files/inline-images/Science Hall PSC.jpg
teachinghistory-website/content/teaching-materials/teaching-guides/history-of-higher-education-a-guide-for-pre-service-teachers.md,25879,History of Higher Education: A Guide for Pre-Service Teachers,inline,body,/files/inline-images/Catamount%20Country.jpg,ok,teachinghistory-website/static/files/inline-images/Catamount Country.jpg
teachinghistory-website/content/teaching-materials/teaching-guides/history-of-higher-education-a-guide-for-pre-service-teachers.md,25879,History of Higher Education: A Guide for Pre-Service Teachers,inline,body,/files/inline-images/Academy%20Hall.jpg,ok,teachinghistory-website/static/files/inline-images/Academy Hall.jpg
teachinghistory-website/content/teaching-materials/teaching-guides/history-of-higher-education-a-guide-for-pre-service-teachers.md,25879,History of Higher Education: A Guide for Pre-Service Teachers,inline,body,/files/inline-images/Reynolds%20Hall.jpg,ok,teachinghistory-website/static/files/inline-images/Reynolds Hall.jpg
teachinghistory-website/content/teaching-materials/teaching-guides/history-of-higher-education-a-guide-for-pre-service-teachers.md,25879,History of Higher Education: A Guide for Pre-Service Teachers,inline,body,/files/inline-images/Vintage%20Admin.jpg,ok,teachinghistory-website/static/files/inline-images/Vintage Admin.jpg
teachinghistory-website/content/teaching-materials/teaching-guides/history-of-higher-education-a-guide-for-pre-service-teachers.md,25879,History of Higher Education: A Guide for Pre-Service Teachers,inline,body,/files/inline-images/Shipper%20Library.jpg,ok,teachinghistory-website/static/files/inline-images/Shipper Library.jpg
teachinghistory-website/content/teaching-materials/teaching-guides/history-of-higher-education-a-guide-for-pre-service-teachers.md,25879,History of Higher Education: A Guide for Pre-Service Teachers,inline,body,/files/inline-images/Keyser%20PSC.jpg,ok,teachinghistory-website/static/files/inline-images/Keyser PSC.jpg
teachinghistory-website/content/teaching-materials/teaching-guides/history-of-higher-education-a-guide-for-pre-service-teachers.md,25879,History of Higher Education: A Guide for Pre-Service Teachers,inline,body,/files/inline-images/PSC%20Keyser.jpg,ok,teachinghistory-website/static/files/inline-images/PSC Keyser.jpg
teachinghistory-website/content/teaching-materials/teaching-guides/housing-and-houselessness-a-guide-for-pre-service-teachers.md,25876,Housing and Houselessness: A Guide for Pre-Service Teachers,card,splash_image,/files/HousingStruggleSplash.jpg,ok,teachinghistory-website/static/files/HousingStruggleSplash.jpg
teachinghistory-website/content/teaching-materials/teaching-guides/housing-and-houselessness-a-guide-for-pre-service-teachers.md,25876,Housing and Houselessness: A Guide for Pre-Service Teachers,author,author_image,/files/author_image/AMBER-PELHAM-650x650.jpg,ok,teachinghistory-website/static/files/author_image/AMBER-PELHAM-650x650.jpg
teachinghistory-website/content/teaching-materials/teaching-guides/housing-and-houselessness-a-guide-for-pre-service-teachers.md,25876,Housing and Houselessness: A Guide for Pre-Service Teachers,inline,body,/files/inline-images/Typical%20Housing%20in%20Greenbelt%2C%20Maryland.jpg,ok,"teachinghistory-website/static/files/inline-images/Typical Housing in Greenbelt, Maryland.jpg"
teachinghistory-website/content/teaching-materials/teaching-guides/housing-and-houselessness-a-guide-for-pre-service-teachers.md,25876,Housing and Houselessness: A Guide for Pre-Service Teachers,inline,body,/files/inline-images/Housing%20Developments%2C%20Gilbert%2C%20Arizona.jpg,ok,"teachinghistory-website/static/files/inline-images/Housing Developments, Gilbert, Arizona.jpg"
teachinghistory-website/content/teaching-materials/teaching-guides/housing-and-houselessness-a-guide-for-pre-service-teachers.md,25876,Housing and Houselessness: A Guide for Pre-Service Teachers,inline,body,/files/inline-images/Housing%20Development%20Private%20Lake%2C%20Indianapolis%20.jpg,ok,"teachinghistory-website/static/files/inline-images/Housing Development Private Lake, Indianapolis .jpg"
teachinghistory-website/content/teaching-materials/teaching-guides/housing-and-houselessness-a-guide-for-pre-service-teachers.md,25876,Housing and Houselessness: A Guide for Pre-Service Teachers,inline,body,/files/inline-images/Abandoned%20Public%20Housing%2C%20Miami%20.jpg,ok,"teachinghistory-website/static/files/inline-images/Abandoned Public Housing, Miami .jpg"
teachinghistory-website/content/teaching-materials/teaching-guides/housing-and-houselessness-a-guide-for-pre-service-teachers.md,25876,Housing and Houselessness: A Guide for Pre-Service Teachers,inline,body,/files/inline-images/Program%20Objectives%20Diagram.jpg,ok,teachinghistory-website/static/files/inline-images/Program Objectives Diagram.jpg
teachinghistory-website/content/teaching-materials/teaching-guides/housing-and-houselessness-a-guide-for-pre-service-teachers.md,25876,Housing and Houselessness: A Guide for Pre-Service Teachers,inline,body,/files/inline-images/Housing%20Struggle%20in%20Crisis%20Poster.jpg,ok,teachinghistory-website/static/files/inline-images/Housing Struggle in Crisis Poster.jpg
teachinghistory-website/content/teaching-materials/teaching-guides/housing-and-houselessness-a-guide-for-pre-service-teachers.md,25876,Housing and Houselessness: A Guide for Pre-Service Teachers,inline,body,/files/inline-images/Bulletin%20board%20at%20Johnson%20House.jpg,ok,teachinghistory-website/static/files/inline-images/Bulletin board at Johnson House.jpg
teachinghistory-website/content/teaching-materials/teaching-guides/immigration-from-asia-post-1970-a-guide-for-pre-service-teachers.md,25878,Immigration from Asia Post-1970: A Guide for Pre-Service Teachers,card,splash_image,/files/AutocareBig.jpg,ok,teachinghistory-website/static/files/AutocareBig.jpg
teachinghistory-website/content/teaching-materials/teaching-guides/immigration-from-asia-post-1970-a-guide-for-pre-service-teachers.md,25878,Immigration from Asia Post-1970: A Guide for Pre-Service Teachers,author,author_image,/files/author_image/NATE_SLEETER (1)_0_0.jpeg,ok,teachinghistory-website/static/files/author_image/NATE_SLEETER (1)_0_0.jpeg
teachinghistory-website/content/teaching-materials/teaching-guides/immigration-from-asia-post-1970-a-guide-for-pre-service-teachers.md,25878,Immigration from Asia Post-1970: A Guide for Pre-Service Teachers,inline,body,/files/inline-images/SuitsBig.jpg,ok,teachinghistory-website/static/files/inline-images/SuitsBig.jpg
teachinghistory-website/content/teaching-materials/teaching-guides/immigration-from-asia-post-1970-a-guide-for-pre-service-teachers.md,25878,Immigration from Asia Post-1970: A Guide for Pre-Service Teachers,inline,body,/files/inline-images/cards.jpg,ok,teachinghistory-website/static/files/inline-images/cards.jpg
teachinghistory-website/content/teaching-materials/teaching-guides/immigration-from-asia-post-1970-a-guide-for-pre-service-teachers.md,25878,Immigration from Asia Post-1970: A Guide for Pre-Service Teachers,inline,body,/files/inline-images/hookah.jpg,ok,teachinghistory-website/static/files/inline-images/hookah.jpg
teachinghistory-website/content/teaching-materials/teaching-guides/immigration-from-asia-post-1970-a-guide-for-pre-service-teachers.md,25878,Immigration from Asia Post-1970: A Guide for Pre-Service Teachers,inline,body,/files/inline-images/InteriorDesign.jpg,ok,teachinghistory-website/static/files/inline-images/InteriorDesign.jpg
teachinghistory-website/content/teaching-materials/teaching-guides/immigration-from-asia-post-1970-a-guide-for-pre-service-teachers.md,25878,Immigration from Asia Post-1970: A Guide for Pre-Service Teachers,inline,body,/files/inline-images/barber.jpg,ok,teachinghistory-website/static/files/inline-images/barber.jpg
teachinghistory-website/content/teaching-materials/teaching-guides/immigration-from-asia-post-1970-a-guide-for-pre-service-teachers.md,25878,Immigration from Asia Post-1970: A Guide for Pre-Service Teachers,inline,body,/files/inline-images/WomensGarments.jpg,ok,teachinghistory-website/static/files/inline-images/WomensGarments.jpg
teachinghistory-website/content/teaching-materials/teaching-guides/immigration-from-asia-post-1970-a-guide-for-pre-service-teachers.md,25878,Immigration from Asia Post-1970: A Guide for Pre-Service Teachers,inline,body,/files/inline-images/NailCare.jpg,ok,teachinghistory-website/static/files/inline-images/NailCare.jpg
teachinghistory-website/content/teaching-materials/teaching-guides/immigration-from-asia-post-1970-a-guide-for-pre-service-teachers.md,25878,Immigration from Asia Post-1970: A Guide for Pre-Service Teachers,inline,body,/files/inline-images/FruitMarket.jpg,ok,teachinghistory-website/static/files/inline-images/FruitMarket.jpg
teachinghistory-website/content/teaching-materials/teaching-guides/immigration-from-asia-post-1970-a-guide-for-pre-service-teachers.md,25878,Immigration from Asia Post-1970: A Guide for Pre-Service Teachers,inline,body,/files/inline-images/AutoShop.jpg,ok,teachinghistory-website/static/files/inline-images/AutoShop.jpg
teachinghistory-website/content/teaching-materials/teaching-guides/immigration-from-asia-post-1970-a-guide-for-pre-service-teachers.md,25878,Immigration from Asia Post-1970: A Guide for Pre-Service Teachers,inline,body,/files/inline-images/Pizza.jpg,ok,teachinghistory-website/static/files/inline-images/Pizza.jpg
teachinghistory-website/content/teaching-materials/teaching-guides/immigration-from-asia-post-1970-a-guide-for-pre-service-teachers.md,25878,Immigration from Asia Post-1970: A Guide for Pre-Service Teachers,inline,body,/files/inline-images/IceCream.jpg,ok,teachinghistory-website/static/files/inline-images/IceCream.jpg
teachinghistory-website/content/teaching-materials/teaching-guides/immigration-from-asia-post-1970-a-guide-for-pre-service-teachers.md,25878,Immigration from Asia Post-1970: A Guide for Pre-Service Teachers,inline,body,/files/inline-images/Masjidun-Nur.jpg,ok,teachinghistory-website/static/files/inline-images/Masjidun-Nur.jpg
teachinghistory-website/content/teaching-materials/teaching-guides/immigration-from-asia-post-1970-a-guide-for-pre-service-teachers.md,25878,Immigration from Asia Post-1970: A Guide for Pre-Service Teachers,inline,body,/files/inline-images/ClothingStore.jpg,ok,teachinghistory-website/static/files/inline-images/ClothingStore.jpg
teachinghistory-website/content/teaching-materials/teaching-guides/immigration-from-asia-post-1970-a-guide-for-pre-service-teachers.md,25878,Immigration from Asia Post-1970: A Guide for Pre-Service Teachers,inline,body,/files/inline-images/Uber_0.jpg,ok,teachinghistory-website/static/files/inline-images/Uber_0.jpg
teachinghistory-website/content/teaching-materials/teaching-guides/immigration-from-asia-post-1970-a-guide-for-pre-service-teachers.md,25878,Immigration from Asia Post-1970: A Guide for Pre-Service Teachers,inline,body,/files/inline-images/Temple_0.jpg,ok,teachinghistory-website/static/files/inline-images/Temple_0.jpg
teachinghistory-website/content/teaching-materials/teaching-guides/immigration-from-asia-post-1970-a-guide-for-pre-service-teachers.md,25878,Immigration from Asia Post-1970: A Guide for Pre-Service Teachers,inline,body,/files/inline-images/TempleSculpture.jpg,ok,teachinghistory-website/static/files/inline-images/TempleSculpture.jpg
teachinghistory-website/content/teaching-materials/teaching-guides/immigration-from-asia-post-1970-a-guide-for-pre-service-teachers.md,25878,Immigration from Asia Post-1970: A Guide for Pre-Service Teachers,inline,body,/files/inline-images/OkBoss.jpg,ok,teachinghistory-website/static/files/inline-images/OkBoss.jpg
teachinghistory-website/content/teaching-materials/teaching-guides/immigration-from-asia-post-1970-a-guide-for-pre-service-teachers.md,25878,Immigration from Asia Post-1970: A Guide for Pre-Service Teachers,inline,body,/files/inline-images/ChineseStoreChicago.jpg,ok,teachinghistory-website/static/files/inline-images/ChineseStoreChicago.jpg
teachinghistory-website/content/teaching-materials/teaching-guides/immigration-from-asia-post-1970-a-guide-for-pre-service-teachers.md,25878,Immigration from Asia Post-1970: A Guide for Pre-Service Teachers,inline,body,/files/inline-images/Yoga.jpg,ok,teachinghistory-website/static/files/inline-images/Yoga.jpg
teachinghistory-website/content/teaching-materials/teaching-guides/immigration-from-asia-post-1970-a-guide-for-pre-service-teachers.md,25878,Immigration from Asia Post-1970: A Guide for Pre-Service Teachers,inline,body,/files/inline-images/Chinese%20Women%20Playing%20Cards_0.jpg,ok,teachinghistory-website/static/files/inline-images/Chinese Women Playing Cards_0.jpg
teachinghistory-website/content/teaching-materials/teaching-guides/immigration-from-asia-post-1970-a-guide-for-pre-service-teachers.md,25878,Immigration from Asia Post-1970: A Guide for Pre-Service Teachers,inline,body,/files/inline-images/Men%20Play%20Chinese%20Chess_0.jpg,ok,teachinghistory-website/static/files/inline-images/Men Play Chinese Chess_0.jpg
teachinghistory-website/content/teaching-materials/teaching-guides/immigration-from-asia-post-1970-a-guide-for-pre-service-teachers.md,25878,Immigration from Asia Post-1970: A Guide for Pre-Service Teachers,inline,body,/files/inline-images/Jollybee%20Restaurant.jpg,ok,teachinghistory-website/static/files/inline-images/Jollybee Restaurant.jpg
teachinghistory-website/content/teaching-materials/teaching-guides/immigration-from-asia-post-1970-a-guide-for-pre-service-teachers.md,25878,Immigration from Asia Post-1970: A Guide for Pre-Service Teachers,inline,body,/files/inline-images/Filipino%20Street%20Vendors.jpg,ok,teachinghistory-website/static/files/inline-images/Filipino Street Vendors.jpg
teachinghistory-website/content/teaching-materials/teaching-guides/immigration-from-asia-post-1970-a-guide-for-pre-service-teachers.md,25878,Immigration from Asia Post-1970: A Guide for Pre-Service Teachers,inline,body,/files/inline-images/Baptism%20Celebration.jpg,ok,teachinghistory-website/static/files/inline-images/Baptism Celebration.jpg
teachinghistory-website/content/teaching-materials/teaching-guides/immigration-from-asia-post-1970-a-guide-for-pre-service-teachers.md,25878,Immigration from Asia Post-1970: A Guide for Pre-Service Teachers,inline,body,/files/inline-images/Fil%20Am%20Parade%20Float_0.jpg,ok,teachinghistory-website/static/files/inline-images/Fil Am Parade Float_0.jpg
teachinghistory-website/content/teaching-materials/teaching-guides/immigration-from-asia-post-1970-a-guide-for-pre-service-teachers.md,25878,Immigration from Asia Post-1970: A Guide for Pre-Service Teachers,inline,body,/files/inline-images/Vietnamese%20Laudromat%20and%20Pizzeria.jpg,ok,teachinghistory-website/static/files/inline-images/Vietnamese Laudromat and Pizzeria.jpg
teachinghistory-website/content/teaching-materials/teaching-guides/immigration-from-asia-post-1970-a-guide-for-pre-service-teachers.md,25878,Immigration from Asia Post-1970: A Guide for Pre-Service Teachers,inline,body,/files/inline-images/Vietnames%20Laundromat%20and%20Mexican%20Taqueria_0.jpg,ok,teachinghistory-website/static/files/inline-images/Vietnames Laundromat and Mexican Taqueria_0.jpg
teachinghistory-website/content/teaching-materials/teaching-guides/immigration-from-asia-post-1970-a-guide-for-pre-service-teachers.md,25878,Immigration from Asia Post-1970: A Guide for Pre-Service Teachers,inline,body,/files/inline-images/Korean%20Musicians%20Newark.jpg,ok,teachinghistory-website/static/files/inline-images/Korean Musicians Newark.jpg
teachinghistory-website/content/teaching-materials/teaching-guides/immigration-from-asia-post-1970-a-guide-for-pre-service-teachers.md,25878,Immigration from Asia Post-1970: A Guide for Pre-Service Teachers,inline,body,/files/inline-images/Assi%20Plaza.jpg,ok,teachinghistory-website/static/files/inline-images/Assi Plaza.jpg
teachinghistory-website/content/teaching-materials/teaching-guides/immigration-from-asia-post-1970-a-guide-for-pre-service-teachers.md,25878,Immigration from Asia Post-1970: A Guide for Pre-Service Teachers,inline,body,/files/inline-images/Chinatown%20Manhattan.jpg,ok,teachinghistory-website/static/files/inline-images/Chinatown Manhattan.jpg
teachinghistory-website/content/teaching-materials/teaching-guides/immigration-from-asia-post-1970-a-guide-for-pre-service-teachers.md,25878,Immigration from Asia Post-1970: A Guide for Pre-Service Teachers,inline,body,/files/inline-images/GV%20Trading%20Chinatown.jpg,ok,teachinghistory-website/static/files/inline-images/GV Trading Chinatown.jpg
teachinghistory-website/content/teaching-materials/teaching-guides/immigration-from-asia-post-1970-a-guide-for-pre-service-teachers.md,25878,Immigration from Asia Post-1970: A Guide for Pre-Service Teachers,inline,body,/files/inline-images/SeaFood%20Corps%20China%20Town.jpg,ok,teachinghistory-website/static/files/inline-images/SeaFood Corps China Town.jpg
teachinghistory-website/content/teaching-materials/teaching-guides/immigration-from-asia-post-1970-a-guide-for-pre-service-teachers.md,25878,Immigration from Asia Post-1970: A Guide for Pre-Service Teachers,inline,body,/files/inline-images/Huang%20Jin%20Vegetable%20China%20Town%20Manhattan.jpg,ok,teachinghistory-website/static/files/inline-images/Huang Jin Vegetable China Town Manhattan.jpg
teachinghistory-website/content/teaching-materials/teaching-guides/immigration-from-asia-post-1970-a-guide-for-pre-service-teachers.md,25878,Immigration from Asia Post-1970: A Guide for Pre-Service Teachers,inline,body,/files/inline-images/China%20Town%20Seafood%20Market.jpg,ok,teachinghistory-website/static/files/inline-images/China Town Seafood Market.jpg
teachinghistory-website/content/teaching-materials/teaching-guides/immigration-from-asia-post-1970-a-guide-for-pre-service-teachers.md,25878,Immigration from Asia Post-1970: A Guide for Pre-Service Teachers,inline,body,/files/inline-images/Vivi%20Bubble%20Tea%20China%20Town.jpg,ok,teachinghistory-website/static/files/inline-images/Vivi Bubble Tea China Town.jpg
teachinghistory-website/content/teaching-materials/teaching-guides/immigration-from-asia-post-1970-a-guide-for-pre-service-teachers.md,25878,Immigration from Asia Post-1970: A Guide for Pre-Service Teachers,inline,body,/files/inline-images/NG%20Fook%20Funeral%20Services%2C%20China%20Town.jpg,ok,"teachinghistory-website/static/files/inline-images/NG Fook Funeral Services, China Town.jpg"
teachinghistory-website/content/teaching-materials/teaching-guides/immigration-from-asia-post-1970-a-guide-for-pre-service-teachers.md,25878,Immigration from Asia Post-1970: A Guide for Pre-Service Teachers,inline,body,/files/inline-images/Store%20fronts%20in%20China%20Town%2C%20Manhattan.jpg,ok,"teachinghistory-website/static/files/inline-images/Store fronts in China Town, Manhattan.jpg"
teachinghistory-website/content/teaching-materials/teaching-guides/immigration-from-asia-post-1970-a-guide-for-pre-service-teachers.md,25878,Immigration from Asia Post-1970: A Guide for Pre-Service Teachers,inline,body,/files/inline-images/China%20Town%20Fish%20Market.jpg,ok,teachinghistory-website/static/files/inline-images/China Town Fish Market.jpg
teachinghistory-website/content/teaching-materials/teaching-guides/immigration-from-asia-post-1970-a-guide-for-pre-service-teachers.md,25878,Immigration from Asia Post-1970: A Guide for Pre-Service Teachers,inline,body,/files/inline-images/China%20Town%20Produce%20Stand.jpg,ok,teachinghistory-website/static/files/inline-images/China Town Produce Stand.jpg
teachinghistory-website/content/teaching-materials/teaching-guides/immigration-from-asia-post-1970-a-guide-for-pre-service-teachers.md,25878,Immigration from Asia Post-1970: A Guide for Pre-Service Teachers,inline,body,/files/inline-images/Man%20in%20China%20Town%20Manhattan.jpg,ok,teachinghistory-website/static/files/inline-images/Man in China Town Manhattan.jpg
teachinghistory-website/content/teaching-materials/teaching-guides/immigration-from-asia-post-1970-a-guide-for-pre-service-teachers.md,25878,Immigration from Asia Post-1970: A Guide for Pre-Service Teachers,inline,body,/files/inline-images/Manhattan%20China%20Town_0.jpg,ok,teachinghistory-website/static/files/inline-images/Manhattan China Town_0.jpg
teachinghistory-website/content/teaching-materials/teaching-guides/immigration-from-asia-post-1970-a-guide-for-pre-service-teachers.md,25878,Immigration from Asia Post-1970: A Guide for Pre-Service Teachers,inline,body,/files/inline-images/Hmong_New_Year.jpg,ok,teachinghistory-website/static/files/inline-images/Hmong_New_Year.jpg
teachinghistory-website/content/teaching-materials/teaching-guides/incorporating-20th-century-us-environmental-history-in-the-6-12-classroom.md,25882,Incorporating 20th Century US Environmental History in the 6-12 Classroom,card,splash_image,/files/NMAH-YWCA Camp for Girls.jpg,ok,teachinghistory-website/static/files/NMAH-YWCA Camp for Girls.jpg
teachinghistory-website/content/teaching-materials/teaching-guides/incorporating-20th-century-us-environmental-history-in-the-6-12-classroom.md,25882,Incorporating 20th Century US Environmental History in the 6-12 Classroom,author,author_image,/files/author_image/Annabelle and Hannah.png,ok,teachinghistory-website/static/files/author_image/Annabelle and Hannah.png
teachinghistory-website/content/teaching-materials/teaching-guides/incorporating-20th-century-us-environmental-history-in-the-6-12-classroom.md,25882,Incorporating 20th Century US Environmental History in the 6-12 Classroom,inline,body,/files/inline-images/Screenshot%202024-12-17%20at%209.33.12%E2%80%AFAM_1.png,ok,teachinghistory-website/static/files/inline-images/Screenshot 2024-12-17 at 9.33.12 AM_1.png
teachinghistory-website/content/teaching-materials/teaching-guides/incorporating-20th-century-us-environmental-history-in-the-6-12-classroom.md,25882,Incorporating 20th Century US Environmental History in the 6-12 Classroom,inline,body,/files/inline-images/Screenshot%202024-12-17%20at%2012.09.25%E2%80%AFPM_1.png,ok,teachinghistory-website/static/files/inline-images/Screenshot 2024-12-17 at 12.09.25 PM_1.png
teachinghistory-website/content/teaching-materials/teaching-guides/incorporating-20th-century-us-environmental-history-in-the-6-12-classroom.md,25882,Incorporating 20th Century US Environmental History in the 6-12 Classroom,inline,body,/files/inline-images/Screenshot%202024-12-17%20at%2012.26.57%E2%80%AFPM.png,ok,teachinghistory-website/static/files/inline-images/Screenshot 2024-12-17 at 12.26.57 PM.png
teachinghistory-website/content/teaching-materials/teaching-guides/incorporating-20th-century-us-environmental-history-in-the-6-12-classroom.md,25882,Incorporating 20th Century US Environmental History in the 6-12 Classroom,inline,body,/files/inline-images/Screenshot%202024-12-17%20at%2012.35.13%E2%80%AFPM.png,ok,teachinghistory-website/static/files/inline-images/Screenshot 2024-12-17 at 12.35.13 PM.png
teachinghistory-website/content/teaching-materials/teaching-guides/incorporating-20th-century-us-environmental-history-in-the-6-12-classroom.md,25882,Incorporating 20th Century US Environmental History in the 6-12 Classroom,inline,body,/files/inline-images/Screenshot%202024-12-17%20at%2012.39.38%E2%80%AFPM.png,ok,teachinghistory-website/static/files/inline-images/Screenshot 2024-12-17 at 12.39.38 PM.png
teachinghistory-website/content/teaching-materials/teaching-guides/incorporating-20th-century-us-environmental-history-in-the-6-12-classroom.md,25882,Incorporating 20th Century US Environmental History in the 6-12 Classroom,inline,body,/files/inline-images/Screenshot%202024-12-17%20at%2012.45.30%E2%80%AFPM.png,ok,teachinghistory-website/static/files/inline-images/Screenshot 2024-12-17 at 12.45.30 PM.png
teachinghistory-website/content/teaching-materials/teaching-guides/incorporating-20th-century-us-environmental-history-in-the-6-12-classroom.md,25882,Incorporating 20th Century US Environmental History in the 6-12 Classroom,inline,body,/files/inline-images/Screenshot%202024-12-17%20at%2012.55.14%E2%80%AFPM.png,ok,teachinghistory-website/static/files/inline-images/Screenshot 2024-12-17 at 12.55.14 PM.png
teachinghistory-website/content/teaching-materials/teaching-guides/incorporating-20th-century-us-environmental-history-in-the-6-12-classroom.md,25882,Incorporating 20th Century US Environmental History in the 6-12 Classroom,inline,body,/files/inline-images/Screenshot%202024-12-17%20at%2012.56.36%E2%80%AFPM.png,ok,teachinghistory-website/static/files/inline-images/Screenshot 2024-12-17 at 12.56.36 PM.png
teachinghistory-website/content/teaching-materials/teaching-guides/incorporating-20th-century-us-environmental-history-in-the-6-12-classroom.md,25882,Incorporating 20th Century US Environmental History in the 6-12 Classroom,inline,body,/files/inline-images/Screenshot%202024-12-17%20at%201.29.27%E2%80%AFPM_0.png,ok,teachinghistory-website/static/files/inline-images/Screenshot 2024-12-17 at 1.29.27 PM_0.png
teachinghistory-website/content/teaching-materials/teaching-guides/incorporating-20th-century-us-environmental-history-in-the-6-12-classroom.md,25882,Incorporating 20th Century US Environmental History in the 6-12 Classroom,inline,body,/files/inline-images/Screenshot%202024-12-17%20at%201.29.41%E2%80%AFPM_0.png,ok,teachinghistory-website/static/files/inline-images/Screenshot 2024-12-17 at 1.29.41 PM_0.png
teachinghistory-website/content/teaching-materials/teaching-guides/incorporating-20th-century-us-environmental-history-in-the-6-12-classroom.md,25882,Incorporating 20th Century US Environmental History in the 6-12 Classroom,inline,body,/files/inline-images/DDT%20Poster.png,ok,teachinghistory-website/static/files/inline-images/DDT Poster.png
teachinghistory-website/content/teaching-materials/teaching-guides/incorporating-20th-century-us-environmental-history-in-the-6-12-classroom.md,25882,Incorporating 20th Century US Environmental History in the 6-12 Classroom,inline,body,/files/inline-images/A%20Fable%20for%20Tomorrow%20Page%201.png,ok,teachinghistory-website/static/files/inline-images/A Fable for Tomorrow Page 1.png
teachinghistory-website/content/teaching-materials/teaching-guides/incorporating-20th-century-us-environmental-history-in-the-6-12-classroom.md,25882,Incorporating 20th Century US Environmental History in the 6-12 Classroom,inline,body,/files/inline-images/March%20to%20wounded%20knee%20poster.jpg,ok,teachinghistory-website/static/files/inline-images/March to wounded knee poster.jpg
teachinghistory-website/content/teaching-materials/teaching-guides/incorporating-20th-century-us-environmental-history-in-the-k-5-classroom.md,25883,Incorporating 20th Century US Environmental History in the K-5 Classroom,card,splash_image,/files/PoliticalCartoonNYTribune.png,ok,teachinghistory-website/static/files/PoliticalCartoonNYTribune.png
teachinghistory-website/content/teaching-materials/teaching-guides/incorporating-20th-century-us-environmental-history-in-the-k-5-classroom.md,25883,Incorporating 20th Century US Environmental History in the K-5 Classroom,author,author_image,/files/author_image/Annabelle and Hannah_0.png,ok,teachinghistory-website/static/files/author_image/Annabelle and Hannah_0.png
teachinghistory-website/content/teaching-materials/teaching-guides/incorporating-20th-century-us-environmental-history-in-the-k-5-classroom.md,25883,Incorporating 20th Century US Environmental History in the K-5 Classroom,inline,body,/files/inline-images/Everybody%20Plant%20a%20Garden%20Article%20.png,ok,teachinghistory-website/static/files/inline-images/Everybody Plant a Garden Article .png
teachinghistory-website/content/teaching-materials/teaching-guides/incorporating-20th-century-us-environmental-history-in-the-k-5-classroom.md,25883,Incorporating 20th Century US Environmental History in the K-5 Classroom,inline,body,/files/inline-images/JN%20Darling%20Political%20Cartoon.png,ok,teachinghistory-website/static/files/inline-images/JN Darling Political Cartoon.png
teachinghistory-website/content/teaching-materials/teaching-guides/incorporating-20th-century-us-environmental-history-in-the-k-5-classroom.md,25883,Incorporating 20th Century US Environmental History in the K-5 Classroom,inline,body,/files/inline-images/Yule%20Exhibits%20Article.png,ok,teachinghistory-website/static/files/inline-images/Yule Exhibits Article.png
teachinghistory-website/content/teaching-materials/teaching-guides/incorporating-20th-century-us-environmental-history-in-the-k-5-classroom.md,25883,Incorporating 20th Century US Environmental History in the K-5 Classroom,inline,body,/files/inline-images/Screenshot%202024-12-17%20at%2012.39.38%E2%80%AFPM_0.png,ok,teachinghistory-website/static/files/inline-images/Screenshot 2024-12-17 at 12.39.38 PM_0.png
teachinghistory-website/content/teaching-materials/teaching-guides/incorporating-20th-century-us-environmental-history-in-the-k-5-classroom.md,25883,Incorporating 20th Century US Environmental History in the K-5 Classroom,inline,body,/files/inline-images/Screenshot%202024-12-17%20at%2012.55.14%E2%80%AFPM_0.png,ok,teachinghistory-website/static/files/inline-images/Screenshot 2024-12-17 at 12.55.14 PM_0.png
teachinghistory-website/content/teaching-materials/teaching-guides/incorporating-20th-century-us-environmental-history-in-the-k-5-classroom.md,25883,Incorporating 20th Century US Environmental History in the K-5 Classroom,inline,body,/files/inline-images/Screenshot%202024-12-17%20at%2012.56.36%E2%80%AFPM_0.png,ok,teachinghistory-website/static/files/inline-images/Screenshot 2024-12-17 at 12.56.36 PM_0.png
teachinghistory-website/content/teaching-materials/teaching-guides/incorporating-20th-century-us-environmental-history-in-the-k-5-classroom.md,25883,Incorporating 20th Century US Environmental History in the K-5 Classroom,inline,body,/files/inline-images/Screenshot%202024-12-17%20at%201.29.27%E2%80%AFPM.png,ok,teachinghistory-website/static/files/inline-images/Screenshot 2024-12-17 at 1.29.27 PM.png
teachinghistory-website/content/teaching-materials/teaching-guides/incorporating-20th-century-us-environmental-history-in-the-k-5-classroom.md,25883,Incorporating 20th Century US Environmental History in the K-5 Classroom,inline,body,/files/inline-images/Screenshot%202024-12-17%20at%201.29.41%E2%80%AFPM.png,ok,teachinghistory-website/static/files/inline-images/Screenshot 2024-12-17 at 1.29.41 PM.png
teachinghistory-website/content/teaching-materials/teaching-guides/incorporating-20th-century-us-environmental-history-in-the-k-5-classroom.md,25883,Incorporating 20th Century US Environmental History in the K-5 Classroom,inline,body,/files/inline-images/Screenshot%202024-12-17%20at%201.45.20%E2%80%AFPM.png,ok,teachinghistory-website/static/files/inline-images/Screenshot 2024-12-17 at 1.45.20 PM.png
teachinghistory-website/content/teaching-materials/teaching-guides/incorporating-20th-century-us-environmental-history-in-the-k-5-classroom.md,25883,Incorporating 20th Century US Environmental History in the K-5 Classroom,inline,body,/files/inline-images/Screenshot%202024-12-17%20at%201.53.56%E2%80%AFPM.png,ok,teachinghistory-website/static/files/inline-images/Screenshot 2024-12-17 at 1.53.56 PM.png
teachinghistory-website/content/teaching-materials/teaching-guides/internationalizing-history.md,25741,Internationalizing History,card,splash_image,/files/internationalsplash.jpg,ok,teachinghistory-website/static/files/internationalsplash.jpg
teachinghistory-website/content/teaching-materials/teaching-guides/internationalizing-history.md,25741,Internationalizing History,author,author_image,/files/author_image/author_green.jpg,ok,teachinghistory-website/static/files/author_image/author_green.jpg
teachinghistory-website/content/teaching-materials/teaching-guides/interpreting-political-cartoons-in-the-history-classroom.md,21733,Interpreting Political Cartoons in the History Classroom,card,splash_image,/files/UnderstandingPoli.jpg,ok,teachinghistory-website/static/files/UnderstandingPoli.jpg
teachinghistory-website/content/teaching-materials/teaching-guides/interpreting-political-cartoons-in-the-history-classroom.md,21733,Interpreting Political Cartoons in the History Classroom,author,author_image,/files/author_image/burak_1_0.jpg,ok,teachinghistory-website/static/files/author_image/burak_1_0.jpg
teachinghistory-website/content/teaching-materials/teaching-guides/mormons-and-westward-expansion-a-guide-for-pre-service-teachers.md,25870,Mormons and Westward Expansion: A Guide for Pre-Service Teachers,card,splash_image,/files/MormonRouteMapsplash.jpg,ok,teachinghistory-website/static/files/MormonRouteMapsplash.jpg
teachinghistory-website/content/teaching-materials/teaching-guides/mormons-and-westward-expansion-a-guide-for-pre-service-teachers.md,25870,Mormons and Westward Expansion: A Guide for Pre-Service Teachers,author,author_image,/files/author_image/NATE_SLEETER (1)_2.JPG,ok,teachinghistory-website/static/files/author_image/NATE_SLEETER (1)_2.JPG
teachinghistory-website/content/teaching-materials/teaching-guides/mystery-strategy-for-elementary-students.md,24295,Mystery Strategy for Elementary Students,card,splash_image,/files/splash-tg-mystery.jpg,ok,teachinghistory-website/static/files/splash-tg-mystery.jpg
teachinghistory-website/content/teaching-materials/teaching-guides/mystery-strategy-for-elementary-students.md,24295,Mystery Strategy for Elementary Students,author,author_image,/files/author_image/LisaCooper_Photo.jpg,ok,teachinghistory-website/static/files/author_image/LisaCooper_Photo.jpg
teachinghistory-website/content/teaching-materials/teaching-guides/native-women-and-suffrage-beyond-the-19th-amendment-a-guide-for-pre-service-teachers.md,25874,Native Women and Suffrage - Beyond the 19th Amendment: A Guide for Pre-Service Teachers,card,splash_image,/files/Baldwin2.jpg,ok,teachinghistory-website/static/files/Baldwin2.jpg
teachinghistory-website/content/teaching-materials/teaching-guides/native-women-and-suffrage-beyond-the-19th-amendment-a-guide-for-pre-service-teachers.md,25874,Native Women and Suffrage - Beyond the 19th Amendment: A Guide for Pre-Service Teachers,author,author_image,/files/author_image/NATE_SLEETER (1)_0_2.JPG,ok,teachinghistory-website/static/files/author_image/NATE_SLEETER (1)_0_2.JPG
teachinghistory-website/content/teaching-materials/teaching-guides/religion-and-the-civil-war-a-guide-for-pre-service-teachers.md,25868,Religion and the Civil War: A Guide for Pre-Service Teachers,card,splash_image,/files/BattleSplash.jpeg,ok,teachinghistory-website/static/files/BattleSplash.jpeg
teachinghistory-website/content/teaching-materials/teaching-guides/religion-and-the-civil-war-a-guide-for-pre-service-teachers.md,25868,Religion and the Civil War: A Guide for Pre-Service Teachers,author,author_image,/files/author_image/NATE_SLEETER (1)_0.JPG,ok,teachinghistory-website/static/files/author_image/NATE_SLEETER (1)_0.JPG
teachinghistory-website/content/teaching-materials/teaching-guides/religion-and-the-labor-movement-a-guide-for-pre-service-teachers.md,25869,Religion and the Labor Movement: A Guide for Pre-Service Teachers,card,splash_image,/files/DayBookSplash.jpg,ok,teachinghistory-website/static/files/DayBookSplash.jpg
teachinghistory-website/content/teaching-materials/teaching-guides/religion-and-the-labor-movement-a-guide-for-pre-service-teachers.md,25869,Religion and the Labor Movement: A Guide for Pre-Service Teachers,author,author_image,/files/author_image/NATE_SLEETER (1)_1.JPG,ok,teachinghistory-website/static/files/author_image/NATE_SLEETER (1)_1.JPG
teachinghistory-website/content/teaching-materials/teaching-guides/rethinking-westward-expansion-a-guide-for-preservice-teachers.md,25872,"Rethinking ""Westward Expansion"": A Guide for Preservice Teachers",card,splash_image,/files/Zitkala-Sa-Portrait-2-scaled.jpg,ok,teachinghistory-website/static/files/Zitkala-Sa-Portrait-2-scaled.jpg
teachinghistory-website/content/teaching-materials/teaching-guides/rethinking-westward-expansion-a-guide-for-preservice-teachers.md,25872,"Rethinking ""Westward Expansion"": A Guide for Preservice Teachers",author,author_image,/files/author_image/NATE_SLEETER (1)_0_0.JPG,ok,teachinghistory-website/static/files/author_image/NATE_SLEETER (1)_0_0.JPG
teachinghistory-website/content/teaching-materials/teaching-guides/stating-your-case-writing-thesis-statements-effectively.md,22206,Stating Your Case: Writing Thesis Statements Effectively,card,splash_image,/files/StatingYourCaseSplash.jpg,ok,teachinghistory-website/static/files/StatingYourCaseSplash.jpg
teachinghistory-website/content/teaching-materials/teaching-guides/stating-your-case-writing-thesis-statements-effectively.md,22206,Stating Your Case: Writing Thesis Statements Effectively,author,author_image,/files/author_image/burak_1_1.jpg,ok,teachinghistory-website/static/files/author_image/burak_1_1.jpg
teachinghistory-website/content/teaching-materials/teaching-guides/stop-action-and-assess-alternatives.md,24466,Stop Action and Assess Alternatives,card,splash_image,/files/stopsplash.jpg,ok,teachinghistory-website/static/files/stopsplash.jpg
teachinghistory-website/content/teaching-materials/teaching-guides/stop-action-and-assess-alternatives.md,24466,Stop Action and Assess Alternatives,author,author_image,/files/author_image/shallerimage.jpg,ok,teachinghistory-website/static/files/author_image/shallerimage.jpg
teachinghistory-website/content/teaching-materials/teaching-guides/structured-academic-controversy-sac.md,21731,Structured Academic Controversy (SAC),card,splash_image,/files/StructuredAcademicSplash.jpg,ok,teachinghistory-website/static/files/StructuredAcademicSplash.jpg
teachinghistory-website/content/teaching-materials/teaching-guides/students-working-in-local-historic-preservation.md,24264,Students Working in Local Historic Preservation,card,splash_image,/files/museum_crop.jpg,ok,teachinghistory-website/static/files/museum_crop.jpg
teachinghistory-website/content/teaching-materials/teaching-guides/students-working-in-local-historic-preservation.md,24264,Students Working in Local Historic Preservation,author,author_image,/files/author_image/Lichatinn_crop.jpg,ok,teachinghistory-website/static/files/author_image/Lichatinn_crop.jpg
teachinghistory-website/content/teaching-materials/teaching-guides/teaching-with-timelines.md,24347,Teaching with Timelines,card,splash_image,/files/timelinesplash.jpg,ok,teachinghistory-website/static/files/timelinesplash.jpg
teachinghistory-website/content/teaching-materials/teaching-guides/teaching-with-timelines.md,24347,Teaching with Timelines,author,author_image,/files/author_image/fillpot_1_0.jpg,ok,teachinghistory-website/static/files/author_image/fillpot_1_0.jpg
teachinghistory-website/content/teaching-materials/teaching-guides/the-research-paper-developing-historical-questions.md,25516,The Research Paper:  Developing Historical Questions,card,splash_image,/files/researchsplash_0.jpg,ok,teachinghistory-website/static/files/researchsplash_0.jpg
teachinghistory-website/content/teaching-materials/teaching-guides/the-research-paper-developing-historical-questions.md,25516,The Research Paper:  Developing Historical Questions,author,author_image,/files/author_image/john.jpg,ok,teachinghistory-website/static/files/author_image/john.jpg
teachinghistory-website/content/teaching-materials/teaching-guides/tramping-through-history-crafting-individual-field-trips.md,23480,Tramping Through History: Crafting Individual Field Trips,card,splash_image,/files/TrampingThroughHistorySplash.jpg,ok,teachinghistory-website/static/files/TrampingThroughHistorySplash.jpg
teachinghistory-website/content/teaching-materials/teaching-guides/tramping-through-history-crafting-individual-field-trips.md,23480,Tramping Through History: Crafting Individual Field Trips,author,author_image,/files/author_image/PercocoBioImage.jpg,ok,teachinghistory-website/static/files/author_image/PercocoBioImage.jpg
teachinghistory-website/content/teaching-materials/teaching-guides/truth-in-transit-crafting-meaningful-field-trips.md,23826,Truth in Transit: Crafting Meaningful Field Trips,card,splash_image,/files/PercocoSplash.jpg,ok,teachinghistory-website/static/files/PercocoSplash.jpg
teachinghistory-website/content/teaching-materials/teaching-guides/truth-in-transit-crafting-meaningful-field-trips.md,23826,Truth in Transit: Crafting Meaningful Field Trips,author,author_image,/files/author_image/PercocoBioImage_0.jpg,ok,teachinghistory-website/static/files/author_image/PercocoBioImage_0.jpg
teachinghistory-website/content/teaching-materials/teaching-guides/truth-in-transit-crafting-meaningful-field-trips.md,23826,Truth in Transit: Crafting Meaningful Field Trips,inline,body,/files/Truth-in-Transit2-150x113.jpg,ok,teachinghistory-website/static/files/Truth-in-Transit2-150x113.jpg
teachinghistory-website/content/teaching-materials/teaching-guides/truth-in-transit-crafting-meaningful-field-trips.md,23826,Truth in Transit: Crafting Meaningful Field Trips,inline,body,/files/Truth-in-Transit-3-150x113.jpg,ok,teachinghistory-website/static/files/Truth-in-Transit-3-150x113.jpg
teachinghistory-website/content/teaching-materials/teaching-guides/using-blogs-in-a-history-classroom.md,22261,Using Blogs in a History Classroom,card,splash_image,/files/UsingBlogs.jpg,ok,teachinghistory-website/static/files/UsingBlogs.jpg
teachinghistory-website/content/teaching-materials/teaching-guides/using-blogs-in-a-history-classroom.md,22261,Using Blogs in a History Classroom,inline,body,/files/blogger2.jpg,ok,teachinghistory-website/static/files/blogger2.jpg
teachinghistory-website/content/teaching-materials/teaching-guides/using-blogs-in-a-history-classroom.md,22261,Using Blogs in a History Classroom,inline,body,/files/comments.jpg,ok,teachinghistory-website/static/files/comments.jpg
teachinghistory-website/content/teaching-materials/teaching-guides/using-blogs-in-a-history-classroom.md,22261,Using Blogs in a History Classroom,inline,body,/files/blog3.jpg,ok,teachinghistory-website/static/files/blog3.jpg
teachinghistory-website/content/teaching-materials/teaching-guides/using-blogs-in-a-history-classroom.md,22261,Using Blogs in a History Classroom,inline,body,/files/blog4.jpg,ok,teachinghistory-website/static/files/blog4.jpg
teachinghistory-website/content/teaching-materials/teaching-guides/using-historical-ephemera-in-the-classroom.md,25028,Using Historical Ephemera in the Classroom,card,splash_image,/files/learninghistorywith432x240.jpg,ok,teachinghistory-website/static/files/learninghistorywith432x240.jpg
teachinghistory-website/content/teaching-materials/teaching-guides/using-historical-ephemera-in-the-classroom.md,25028,Using Historical Ephemera in the Classroom,author,author_image,/files/author_image/authorphotojohnlee75x75.jpg,ok,teachinghistory-website/static/files/author_image/authorphotojohnlee75x75.jpg
teachinghistory-website/content/teaching-materials/teaching-guides/using-old-maps-as-tools-to-explore-our-world.md,24070,Using Old Maps as Tools to Explore Our World,card,splash_image,/files/UsingOld432x240.jpg,ok,teachinghistory-website/static/files/UsingOld432x240.jpg
teachinghistory-website/content/teaching-materials/teaching-guides/using-old-maps-as-tools-to-explore-our-world.md,24070,Using Old Maps as Tools to Explore Our World,author,author_image,/files/author_image/AuthorPhotoDanzer.jpg,ok,teachinghistory-website/static/files/author_image/AuthorPhotoDanzer.jpg
teachinghistory-website/content/teaching-materials/teaching-guides/webquest-inquiry-and-lincolns-views-on-technology.md,25343,"Webquest, Inquiry, and Lincoln’s Views on Technology",card,splash_image,/files/webquestsplash.jpg,ok,teachinghistory-website/static/files/webquestsplash.jpg
teachinghistory-website/content/teaching-materials/teaching-guides/webquest-inquiry-and-lincolns-views-on-technology.md,25343,"Webquest, Inquiry, and Lincoln’s Views on Technology",author,author_image,/files/author_image/authorphotojohnlee75x75_0.jpg,ok,teachinghistory-website/static/files/author_image/authorphotojohnlee75x75_0.jpg
teachinghistory-website/content/teaching-materials/teaching-guides/well-behaved-women-and-men-seldom-make-history.md,21867,Well-behaved Women [and Men] Seldom Make History,card,splash_image,/files/WellBehaved432x240.jpg,ok,teachinghistory-website/static/files/WellBehaved432x240.jpg
teachinghistory-website/content/teaching-materials/teaching-guides/well-behaved-women-and-men-seldom-make-history.md,21867,Well-behaved Women [and Men] Seldom Make History,author,author_image,/files/author_image/zarnowski_0.jpg,ok,teachinghistory-website/static/files/author_image/zarnowski_0.jpg
teachinghistory-website/content/teaching-materials/teaching-guides/well-behaved-women-and-men-seldom-make-history.md,21867,Well-behaved Women [and Men] Seldom Make History,inline,body,/files/guidevwchart.jpg,ok,teachinghistory-website/static/files/guidevwchart.jpg
teachinghistory-website/content/teaching-materials/teaching-guides/well-behaved-women-and-men-seldom-make-history.md,21867,Well-behaved Women [and Men] Seldom Make History,inline,body,/files/newpic.jpg,ok,teachinghistory-website/static/files/newpic.jpg
teachinghistory-website/content/teaching-materials/teaching-guides/what-is-an-inquiry-lesson.md,24123,"What Is an ""Inquiry Lesson""?",card,splash_image,/files/TeachingHistoricalInquiry432x240.jpg,ok,teachinghistory-website/static/files/TeachingHistoricalInquiry432x240.jpg
teachinghistory-website/content/teaching-materials/teaching-guides/what-is-an-inquiry-lesson.md,24123,"What Is an ""Inquiry Lesson""?",author,author_image,/files/author_image/Logo_SHEG_1.jpg,ok,teachinghistory-website/static/files/author_image/Logo_SHEG_1.jpg
teachinghistory-website/content/teaching-materials/teaching-guides/writing-to-learn-history-annotations-and-mini-writes.md,23554,Writing to Learn History: Annotations and Mini-Writes,card,splash_image,/files/ManatDeskWriting.jpg,ok,teachinghistory-website/static/files/ManatDeskWriting.jpg
teachinghistory-website/content/teaching-materials/teaching-guides/writing-to-learn-history-annotations-and-mini-writes.md,23554,Writing to Learn History: Annotations and Mini-Writes,author,author_image,/files/author_image/Monte-Sano.jpg,ok,teachinghistory-website/static/files/author_image/Monte-Sano.jpg
teachinghistory-website/content/teaching-revolution.md,,Teaching the American Revolution,card,,,fallback_no_image,
