section,subsection,page_title,page_url,source_file,total_links,live,dead_A,rebrand_probably_broken,rebrand_probably_fine,rebrand_needs_human,soft404_B,blocked_unknown,needs_human,bulk_delete_candidates,broken_with_wayback,broken_no_wayback,suggested_page_action
best-practices,examples-of-historical-thinking,John Brown's Body,/best-practices/examples-of-historical-thinking/25095,best-practices/examples-of-historical-thinking/john-browns-body-25095.md,1,0,0,1,0,0,0,0,0,0,0,1,fix-links-only
best-practices,examples-of-historical-thinking,John Smith Map,/best-practices/examples-of-historical-thinking/25096,best-practices/examples-of-historical-thinking/john-smith-map-25096.md,1,0,0,1,0,0,0,0,0,0,0,1,fix-links-only
best-practices,examples-of-historical-thinking,Massive Resistance Political Cartoons,/best-practices/examples-of-historical-thinking/25097,best-practices/examples-of-historical-thinking/massive-resistance-political-cartoons-25097.md,1,0,0,1,0,0,0,0,0,0,0,1,fix-links-only
best-practices,examples-of-historical-thinking,My Lai Massacre Political Cartoon,/best-practices/examples-of-historical-thinking/24171,best-practices/examples-of-historical-thinking/my-lai-massacre-political-cartoon-24171.md,1,0,0,1,0,0,0,0,0,0,0,1,fix-links-only
best-practices,examples-of-historical-thinking,Scenes in the Life of Harriet Tubman,/best-practices/examples-of-historical-thinking/25379,best-practices/examples-of-historical-thinking/scenes-in-the-life-of-harriet-tubman-25379.md,1,0,1,0,0,0,0,0,0,0,0,1,fix-links-only
best-practices,examples-of-historical-thinking,Slave Receipts,/best-practices/examples-of-historical-thinking/23641,best-practices/examples-of-historical-thinking/slave-receipts-23641.md,1,0,0,0,0,0,0,1,0,0,0,0,fix-links-only
best-practices,examples-of-historical-thinking,The Iran Hostage Crisis: Diary of Robert Ode,/best-practices/examples-of-historical-thinking/25318,best-practices/examples-of-historical-thinking/the-iran-hostage-crisis-diary-of-robert-ode-25318.md,1,0,1,0,0,0,0,0,0,0,0,1,fix-links-only
best-practices,teaching-in-action,Exploring Historical Texts in a Discussion-Based Class,/best-practices/teaching-in-action/20374,best-practices/teaching-in-action/exploring-historical-texts-in-a-discussion-based-class-20374.md,4,2,1,0,1,0,0,0,0,0,0,1,fix-links-only
best-practices,teaching-in-action,FDR's Fireside Chats,/best-practices/teaching-in-action/24176,best-practices/teaching-in-action/fdrs-fireside-chats-24176.md,1,0,0,0,0,0,0,1,0,0,0,0,fix-links-only
best-practices,teaching-in-action,Foundations of American History: John Brown Song,/best-practices/teaching-in-action/22158,best-practices/teaching-in-action/foundations-of-american-history-john-brown-song-22158.md,8,5,0,3,0,0,0,0,0,0,0,3,fix-links-only
best-practices,teaching-in-action,Massive Resistance through Political Cartoons,/best-practices/teaching-in-action/23894,best-practices/teaching-in-action/massive-resistance-through-political-cartoons-23894.md,4,3,0,1,0,0,0,0,0,0,0,1,fix-links-only
best-practices,teaching-in-action,Opening up the Textbook: Voices from My Lai,/best-practices/teaching-in-action/23893,best-practices/teaching-in-action/opening-up-the-textbook-voices-from-my-lai-23893.md,2,1,0,0,0,0,0,1,0,0,0,0,fix-links-only
best-practices,teaching-in-action,Organize Your Thinking to Critically Analyze Text,/best-practices/teaching-in-action/25461,best-practices/teaching-in-action/organize-your-thinking-to-critically-analyze-text-25461.md,1,0,1,0,0,0,0,0,0,0,0,1,fix-links-only
best-practices,teaching-in-action,Prologue to Studying the Emancipation Proclamation,/best-practices/teaching-in-action/21706,best-practices/teaching-in-action/prologue-to-studying-the-emancipation-proclamation-21706.md,5,0,0,0,0,0,0,5,0,0,0,0,fix-links-only
best-practices,teaching-in-action,Reading and Thinking Aloud to Understand,/best-practices/teaching-in-action/20795,best-practices/teaching-in-action/reading-and-thinking-aloud-to-understand-20795.md,5,4,0,1,0,0,0,0,0,0,0,1,fix-links-only
best-practices,teaching-in-action,Using Maps as Primary Sources,/best-practices/teaching-in-action/15772,best-practices/teaching-in-action/using-maps-as-primary-sources-15772.md,1,0,0,1,0,0,0,0,0,0,0,1,fix-links-only
best-practices,teaching-in-action,What Does It Mean to Be an American?,/best-practices/teaching-in-action/22440,best-practices/teaching-in-action/what-does-it-mean-to-be-an-american-22440.md,1,0,0,1,0,0,0,0,0,0,0,1,fix-links-only
best-practices,teaching-with-textbooks,Children’s Voices from the Civil War,/best-practices/teaching-with-textbooks/22467,best-practices/teaching-with-textbooks/childrens-voices-from-the-civil-war-22467.md,3,1,1,0,0,0,0,1,0,1,0,1,fix-links-only
best-practices,teaching-with-textbooks,Learning Menus: Textbooks a la Carte,/best-practices/teaching-with-textbooks/25584,best-practices/teaching-with-textbooks/learning-menus-textbooks-a-la-carte-25584.md,3,1,2,0,0,0,0,0,0,0,0,2,fix-links-only
best-practices,teaching-with-textbooks,Questioning Textbook Authority,/best-practices/teaching-with-textbooks/20571,best-practices/teaching-with-textbooks/questioning-textbook-authority-20571.md,5,2,3,0,0,0,0,0,0,0,0,3,fix-links-only
best-practices,teaching-with-textbooks,The Grammar of History Textbooks Part II: Questioning the Text,/best-practices/teaching-with-textbooks/20574,best-practices/teaching-with-textbooks/the-grammar-of-history-textbooks-part-ii-questioning-the-text-20574.md,4,1,1,0,0,0,0,2,0,0,0,1,fix-links-only
best-practices,teaching-with-textbooks,Using Historiography to Analyze the Mexican-American War,/best-practices/teaching-with-textbooks/20424,best-practices/teaching-with-textbooks/using-historiography-to-analyze-the-mexican-american-war-20424.md,6,4,1,0,0,0,0,1,0,1,0,1,fix-links-only
best-practices,using-primary-sources,Analyzing Composition in Paintings,/best-practices/using-primary-sources/24327,best-practices/using-primary-sources/analyzing-composition-in-paintings-24327.md,2,0,0,0,0,0,0,0,2,0,0,0,fix-links-only
best-practices,using-primary-sources,"George Washington, A National Treasure",/best-practices/using-primary-sources/24464,best-practices/using-primary-sources/george-washington-a-national-treasure-24464.md,2,1,1,0,0,0,0,0,0,0,1,0,fix-links-only
best-practices,using-primary-sources,Integrating Material Culture into the Classroom,/best-practices/using-primary-sources/19699,best-practices/using-primary-sources/integrating-material-culture-into-the-classroom-19699.md,1,0,1,0,0,0,0,0,0,0,0,1,fix-links-only
best-practices,using-primary-sources,Interactivity,/best-practices/using-primary-sources/24462,best-practices/using-primary-sources/interactivity-24462.md,2,1,1,0,0,0,0,0,0,0,0,1,fix-links-only
best-practices,using-primary-sources,Making Sense of American Popular Songs,/best-practices/using-primary-sources/14567,best-practices/using-primary-sources/making-sense-of-american-popular-songs-14567.md,1,0,0,0,0,0,0,1,0,0,0,0,fix-links-only
best-practices,using-primary-sources,Making Sense of Films,/best-practices/using-primary-sources/14562,best-practices/using-primary-sources/making-sense-of-films-14562.md,1,0,0,0,0,0,0,1,0,0,0,0,fix-links-only
best-practices,using-primary-sources,Making Sense of Letters and Diaries,/best-practices/using-primary-sources/14565,best-practices/using-primary-sources/making-sense-of-letters-and-diaries-14565.md,1,0,0,0,0,0,0,1,0,0,0,0,fix-links-only
best-practices,using-primary-sources,Making Sense of Maps,/best-practices/using-primary-sources/14563,best-practices/using-primary-sources/making-sense-of-maps-14563.md,1,0,0,0,0,0,0,1,0,0,0,0,fix-links-only
best-practices,using-primary-sources,Online Primary Source Collections,/best-practices/using-primary-sources/24491,best-practices/using-primary-sources/online-primary-source-collections-24491.md,7,6,0,0,1,0,0,0,0,4,0,0,fix-links-only
best-practices,using-primary-sources,Picturing America,/best-practices/using-primary-sources/24325,best-practices/using-primary-sources/picturing-america-24325.md,5,2,2,0,1,0,0,0,0,0,1,1,fix-links-only
best-practices,using-primary-sources,Primary Source Sets on the Web,/best-practices/using-primary-sources/24490,best-practices/using-primary-sources/primary-source-sets-on-the-web-24490.md,10,6,1,0,1,0,0,2,0,3,0,1,fix-links-only
best-practices,using-primary-sources,Reading Like a Historian,/best-practices/using-primary-sources/24001,best-practices/using-primary-sources/reading-like-a-historian-24001.md,1,0,1,0,0,0,0,0,0,0,1,0,fix-links-only
best-practices,using-primary-sources,SCIM-C: Historical Source Analysis,/best-practices/using-primary-sources/23513,best-practices/using-primary-sources/scim-c-historical-source-analysis-23513.md,4,3,1,0,0,0,0,0,0,0,0,1,fix-links-only
best-practices,using-primary-sources,The Civil War in Art: Teaching and Learning Through Chicago Collections,/best-practices/using-primary-sources/25742,best-practices/using-primary-sources/the-civil-war-in-art-teaching-and-learning-through-chicago-collections-25742.md,4,0,1,0,0,0,0,0,3,0,0,1,fix-links-only
blog,,150 Years Ago Today...,/nhec-blog/24465,blog/150-years-ago-today-24465.md,22,14,5,0,0,0,0,3,0,0,0,5,fix-links-only
blog,,236 Years Since the Boston Tea Party,/nhec-blog/23603,blog/236-years-since-the-boston-tea-party-23603.md,17,10,6,0,1,0,0,0,0,0,0,6,fix-links-only
blog,,"A Day On, Not a Day Off",/nhec-blog/24456,blog/a-day-on-not-a-day-off-24456.md,17,8,5,2,2,0,0,0,0,2,0,7,fix-links-only
blog,,A National Plan for Educational Technology,/nhec-blog/23672,blog/a-national-plan-for-educational-technology-23672.md,4,3,1,0,0,0,0,0,0,0,0,1,fix-links-only
blog,,A New Look at Abraham Lincoln,/nhec-blog/20291,blog/a-new-look-at-abraham-lincoln-20291.md,15,7,3,0,2,0,0,3,0,0,1,2,fix-links-only
blog,,A Roundup of Resources,/nhec-blog/23602,blog/a-roundup-of-resources-23602.md,13,6,2,0,0,0,0,5,0,2,0,2,fix-links-only
blog,,"Abraham Lincoln, Vampire Hunter?",/nhec-blog/25664,blog/abraham-lincoln-vampire-hunter-25664.md,2,1,1,0,0,0,0,0,0,1,0,1,fix-links-only
blog,,Adams Family Papers: Letters Behind an HBO Miniseries,/nhec-blog/19126,blog/adams-family-papers-letters-behind-an-hbo-miniseries-19126.md,4,2,2,0,0,0,0,0,0,0,0,2,fix-links-only
blog,,African American History Month 2011,/nhec-blog/24502,blog/african-american-history-month-2011-24502.md,11,4,2,1,2,0,0,2,0,6,0,3,fix-links-only
blog,,American Civil War Center at Historic Tredegar Launches Education Web Companion,/nhec-blog/19122,blog/american-civil-war-center-at-historic-tredegar-launches-education-web-companion-19122.md,4,2,2,0,0,0,0,0,0,0,0,2,fix-links-only
blog,,Amy Trenkle on Glogging Class Greats,/nhec-blog/24841,blog/amy-trenkle-on-glogging-class-greats-24841.md,7,4,0,0,0,0,0,3,0,7,0,0,fix-links-only
blog,,Amy Trenkle on National History Day—It's More than Just a Day…and It's More than Just History,/nhec-blog/24695,blog/amy-trenkle-on-national-history-dayits-more-than-just-a-dayand-its-more-than-just-history-24695.md,4,3,0,1,0,0,0,0,0,0,0,1,fix-links-only
blog,,An Ear for the Past: The National Jukebox,/nhec-blog/24817,blog/an-ear-for-the-past-the-national-jukebox-24817.md,8,1,1,0,0,0,0,6,0,3,0,1,fix-links-only
blog,,Another Kind of American Idol,/nhec-blog/21739,blog/another-kind-of-american-idol-21739.md,7,0,0,0,0,0,0,7,0,2,0,0,fix-links-only
blog,,Anthony Pellegrino on Teaching Segregated History,/nhec-blog/24714,blog/anthony-pellegrino-on-teaching-segregated-history-24714.md,3,1,0,0,0,0,0,2,0,2,0,0,fix-links-only
blog,,Anthony Pellegrino's Into the Weeds: Harnessing the Power of Music to Teach Social Studies,/nhec-blog/24532,blog/anthony-pellegrinos-into-the-weeds-harnessing-the-power-of-music-to-teach-social-studies-24532.md,1,0,1,0,0,0,0,0,0,0,1,0,fix-links-only
blog,,Architecture as a Primary Source in the Classroom,/nhec-blog/19085,blog/architecture-as-a-primary-source-in-the-classroom-19085.md,2,0,2,0,0,0,0,0,0,0,0,2,fix-links-only
blog,,Asian Pacific American Heritage Month 2011,/nhec-blog/24692,blog/asian-pacific-american-heritage-month-2011-24692.md,3,2,0,1,0,0,0,0,0,0,0,1,fix-links-only
blog,,August 1945: Hiroshima and Nagasaki,/nhec-blog/22461,blog/august-1945-hiroshima-and-nagasaki-22461.md,22,17,3,0,0,0,0,2,0,6,0,3,fix-links-only
blog,,Black Americans in Congress,/nhec-blog/19983,blog/black-americans-in-congress-19983.md,2,0,2,0,0,0,0,0,0,0,0,2,fix-links-only
blog,,"Bookmark This! America, the Story of Us on History Channel",/nhec-blog/23967,blog/bookmark-this-america-the-story-of-us-on-history-channel-23967.md,9,6,2,0,0,0,0,1,0,0,0,2,fix-links-only
blog,,Bookmark This! Beneath the Surface of Wikipedia,/nhec-blog/22028,blog/bookmark-this-beneath-the-surface-of-wikipedia-22028.md,7,6,1,0,0,0,0,0,0,0,0,1,fix-links-only
blog,,Bookmark This! Blogs for History Teachers Worth a Visit,/nhec-blog/22442,blog/bookmark-this-blogs-for-history-teachers-worth-a-visit-22442.md,7,5,2,0,0,0,0,0,0,0,0,2,fix-links-only
blog,,Bookmark This! Contests for Students and Teachers,/nhec-blog/23710,blog/bookmark-this-contests-for-students-and-teachers-23710.md,6,2,1,0,0,0,0,2,1,0,0,1,fix-links-only
blog,,Bookmark This! Gilder Lehrman's History Now,/nhec-blog/22907,blog/bookmark-this-gilder-lehrmans-history-now-22907.md,7,1,0,0,0,0,0,6,0,0,0,0,fix-links-only
blog,,Bookmark This! History and Headlines,/nhec-blog/23530,blog/bookmark-this-history-and-headlines-23530.md,11,0,0,0,0,0,0,11,0,0,0,0,fix-links-only
blog,,Bookmark This! New and Improved Websites and Lesson Plans,/nhec-blog/22466,blog/bookmark-this-new-and-improved-websites-and-lesson-plans-22466.md,7,2,2,0,3,0,0,0,0,0,0,2,fix-links-only
blog,,Bookmark This! Our Courts Especially for Middle School Students,/nhec-blog/22482,blog/bookmark-this-our-courts-especially-for-middle-school-students-22482.md,6,5,1,0,0,0,0,0,0,0,1,0,fix-links-only
blog,,Bookmark This! Teacher Resources at the Library of Congress,/nhec-blog/22366,blog/bookmark-this-teacher-resources-at-the-library-of-congress-22366.md,11,5,6,0,0,0,0,0,0,2,0,6,fix-links-only
blog,,"Bookmark This! Teachers, Teens, and Technology",/nhec-blog/24065,blog/bookmark-this-teachers-teens-and-technology-24065.md,7,5,2,0,0,0,0,0,0,0,2,0,fix-links-only
blog,,Bookmark This! Teaching Mexican American History with the Bracero Program,/nhec-blog/22879,blog/bookmark-this-teaching-mexican-american-history-with-the-bracero-program-22879.md,4,2,1,0,0,0,0,1,0,1,1,0,fix-links-only
blog,,Bookmark This! Virtual Fieldtrips,/nhec-blog/22950,blog/bookmark-this-virtual-fieldtrips-22950.md,10,6,2,0,0,0,1,1,0,0,0,2,fix-links-only
blog,,Bookmark This! World War II Interactive Collection: Free From Footnote (December only),/nhec-blog/23632,blog/bookmark-this-world-war-ii-interactive-collection-free-from-footnote-december-only-23632.md,14,10,3,0,0,1,0,0,0,3,0,3,fix-links-only
blog,,"Bring ""The National Parks: America's Best Idea"" into the Classroom",/nhec-blog/23431,blog/bring-the-national-parks-americas-best-idea-into-the-classroom-23431.md,10,9,0,0,0,0,0,1,0,0,0,0,fix-links-only
blog,,Bringing National Parks into the Classroom,/nhec-blog/19549,blog/bringing-national-parks-into-the-classroom-19549.md,3,2,1,0,0,0,0,0,0,0,0,1,fix-links-only
blog,,Bringing Primary Sources into the Classroom,/nhec-blog/23898,blog/bringing-primary-sources-into-the-classroom-23898.md,9,7,1,0,1,0,0,0,0,4,0,1,fix-links-only
blog,,"Chronicling America Newspaper Site Adds More Pages, Features",/nhec-blog/19123,blog/chronicling-america-newspaper-site-adds-more-pages-features-19123.md,5,2,0,0,2,0,0,1,0,5,0,0,fix-links-only
blog,,Cintia Cabib's Interdisciplinary Gardening,/nhec-blog/24668,blog/cintia-cabibs-interdisciplinary-gardening-24668.md,5,3,2,0,0,0,0,0,0,0,0,2,fix-links-only
blog,,Classroom Resources: Presidential Inaugurals,/nhec-blog/20576,blog/classroom-resources-presidential-inaugurals-20576.md,25,17,6,0,1,0,0,1,0,6,0,6,fix-links-only
blog,,Comic Books in the History Classroom,/nhec-blog/24707,blog/comic-books-in-the-history-classroom-24707.md,6,3,1,0,1,0,0,1,0,2,0,1,fix-links-only
blog,,Comment Period Begins on Changes to Selection Criteria for Teaching American History Grants,/nhec-blog/20296,blog/comment-period-begins-on-changes-to-selection-criteria-for-teaching-american-history-grants-20296.md,1,0,0,0,0,0,0,1,0,0,0,0,fix-links-only
blog,,Conference-going for the Educational Professional,/nhec-blog/24469,blog/conference-going-for-the-educational-professional-24469.md,8,4,2,0,0,1,0,1,0,0,0,2,fix-links-only
blog,,Constitution Day 2010,/nhec-blog/24230,blog/constitution-day-2010-24230.md,15,7,5,0,3,0,0,0,0,6,0,5,fix-links-only
blog,,Constitution Day 2012: Founding Documents,/nhec-blog/25715,blog/constitution-day-2012-founding-documents-25715.md,1,0,0,0,1,0,0,0,0,1,0,0,fix-links-only
blog,,Copyright: Finding Images to Tell the Story of History,/nhec-blog/24592,blog/copyright-finding-images-to-tell-the-story-of-history-24592.md,11,10,1,0,0,0,0,0,0,8,0,1,fix-links-only
blog,,Department of Education Announces TAH Grant Awards,/nhec-blog/22431,blog/department-of-education-announces-tah-grant-awards-22431.md,2,1,0,0,0,0,0,1,0,0,0,0,fix-links-only
blog,,Department of Education Publishes 2009 Teaching American History Grant Notice,/nhec-blog/20536,blog/department-of-education-publishes-2009-teaching-american-history-grant-notice-20536.md,2,1,0,0,1,0,0,0,0,0,0,0,fix-links-only
blog,,Diana Laufenberg on Teaching History Thematically,/nhec-blog/24585,blog/diana-laufenberg-on-teaching-history-thematically-24585.md,11,5,6,0,0,0,0,0,0,0,0,6,fix-links-only
blog,,Diana Laufenberg on the Power of Visuals,/nhec-blog/24716,blog/diana-laufenberg-on-the-power-of-visuals-24716.md,13,11,1,0,0,1,0,0,0,0,0,1,fix-links-only
blog,,Dozens of Distinctive Destinations,/nhec-blog/19433,blog/dozens-of-distinctive-destinations-19433.md,2,1,1,0,0,0,0,0,0,0,0,1,fix-links-only
blog,,Elizabeth Glynn on Using Art to Create Interdisciplinary Classrooms,/nhec-blog/24980,blog/elizabeth-glynn-on-using-art-to-create-interdisciplinary-classrooms-24980.md,1,0,1,0,0,0,0,0,0,1,0,1,fix-links-only
blog,,Elizabeth Schaefer on the Interactive Declaration of Independence,/nhec-blog/24320,blog/elizabeth-schaefer-on-the-interactive-declaration-of-independence-24320.md,1,0,1,0,0,0,0,0,0,1,0,1,fix-links-only
blog,,Especially for New Teachers,/nhec-blog/19268,blog/especially-for-new-teachers-19268.md,9,5,4,0,0,0,0,0,0,0,0,4,fix-links-only
blog,,Especially for Secondary School Teachers: American History on Facebook,/nhec-blog/22928,blog/especially-for-secondary-school-teachers-american-history-on-facebook-22928.md,15,14,1,0,0,0,0,0,0,3,0,1,fix-links-only
blog,,Especially for Teachers: Annenberg Media's Online U.S. History Textbook,/nhec-blog/22562,blog/especially-for-teachers-annenberg-medias-online-us-history-textbook-22562.md,3,2,1,0,0,0,0,0,0,0,0,1,fix-links-only
blog,,Family History and the 1940 Census,/nhec-blog/25641,blog/family-history-and-the-1940-census-25641.md,5,3,1,0,1,0,0,0,0,1,0,1,fix-links-only
blog,,Fee Free Days for National Parks,/nhec-blog/25696,blog/fee-free-days-for-national-parks-25696.md,3,2,1,0,0,0,0,0,0,2,0,1,fix-links-only
blog,,Film Review: Gods and Generals,/nhec-blog/25077,blog/film-review-gods-and-generals-25077.md,1,0,0,0,0,0,0,1,0,0,0,0,fix-links-only
blog,,Film Review: Ken Burns's Jazz,/nhec-blog/24840,blog/film-review-ken-burnss-jazz-24840.md,1,0,0,0,0,0,0,1,0,0,0,0,fix-links-only
blog,,Film Review: The Aviator,/nhec-blog/25061,blog/film-review-the-aviator-25061.md,1,0,0,0,0,0,0,1,0,0,0,0,fix-links-only
blog,,Film Review: The Tenth Inning,/nhec-blog/25076,blog/film-review-the-tenth-inning-25076.md,1,0,0,0,0,0,0,1,0,0,0,0,fix-links-only
blog,,Film Review: Titanic,/nhec-blog/24557,blog/film-review-titanic-24557.md,1,0,0,0,0,0,0,1,0,0,0,0,fix-links-only
blog,,Finding Professional Development,/nhec-blog/24336,blog/finding-professional-development-24336.md,16,5,9,0,0,0,0,2,0,3,0,9,fix-links-only
blog,,Flickr Update: The Commons,/nhec-blog/19981,blog/flickr-update-the-commons-19981.md,14,13,1,0,0,0,0,0,0,12,0,1,fix-links-only
blog,,Forty Years Ago: One Giant Leap for Mankind,/nhec-blog/22394,blog/forty-years-ago-one-giant-leap-for-mankind-22394.md,15,9,1,1,1,0,0,3,0,4,0,2,fix-links-only
blog,,Happy Presidents Day,/nhec-blog/21725,blog/happy-presidents-day-21725.md,8,7,0,1,0,0,0,0,0,0,0,1,fix-links-only
blog,,Highlights from the American Historical Association,/nhec-blog/19267,blog/highlights-from-the-american-historical-association-19267.md,3,2,0,0,0,0,0,1,0,0,0,0,fix-links-only
blog,,Hispanic Heritage Month,/nhec-blog/22561,blog/hispanic-heritage-month-22561.md,14,7,4,0,0,0,0,3,0,7,0,4,fix-links-only
blog,,"History Hitting Home: Children's History, Local History, and Digital Storytelling",/nhec-blog/25790,blog/history-hitting-home-childrens-history-local-history-and-digital-storytelling-25790.md,1,0,1,0,0,0,0,0,0,0,0,1,fix-links-only
blog,,"Howard Zinn, the People's Historian, Dies at 87",/nhec-blog/23816,blog/howard-zinn-the-peoples-historian-dies-at-87-23816.md,11,9,2,0,0,0,0,0,0,1,0,2,fix-links-only
blog,,IF . . . the Omnibus Spending Bill,/nhec-blog/21760,blog/if-the-omnibus-spending-bill-21760.md,1,0,0,0,0,0,0,1,0,0,0,0,fix-links-only
blog,,"In Remembrance: September 11, 2001",/nhec-blog/25078,blog/in-remembrance-september-11-2001-25078.md,22,14,4,0,2,1,0,1,0,2,0,4,fix-links-only
blog,,Interactive Exhibit from the American Art Museum,/nhec-blog/21991,blog/interactive-exhibit-from-the-american-art-museum-21991.md,9,7,2,0,0,0,0,0,0,2,0,2,fix-links-only
blog,,International Aid: How and When the U.S. Helps,/nhec-blog/24581,blog/international-aid-how-and-when-the-us-helps-24581.md,14,7,7,0,0,0,0,0,0,3,0,7,fix-links-only
blog,,Jennifer Orr on Questioning Columbus,/nhec-blog/24279,blog/jennifer-orr-on-questioning-columbus-24279.md,4,2,1,0,0,0,0,1,0,4,0,1,fix-links-only
blog,,Jennifer Orr on Teaching Thanksgiving,/nhec-blog/24377,blog/jennifer-orr-on-teaching-thanksgiving-24377.md,7,5,1,0,0,0,0,1,0,2,0,1,fix-links-only
blog,,Jennifer Orr Wins ISTE Kay L. Bitter Vision Award,/nhec-blog/25642,blog/jennifer-orr-wins-iste-kay-l-bitter-vision-award-25642.md,2,1,1,0,0,0,0,0,0,0,0,1,fix-links-only
blog,,Jeremiah McCall on Activities and Assessments for Simulation Games,/nhec-blog/25451,blog/jeremiah-mccall-on-activities-and-assessments-for-simulation-games-25451.md,5,2,2,0,0,0,0,0,1,0,0,2,fix-links-only
blog,,Jeremiah McCall on Evaluating Simulation Games for Classroom Use,/nhec-blog/25225,blog/jeremiah-mccall-on-evaluating-simulation-games-for-classroom-use-25225.md,6,4,2,0,0,0,0,0,0,0,1,1,fix-links-only
blog,,Joe Jelen: Old Newspapers Find a Home in New Technology,/nhec-blog/25157,blog/joe-jelen-old-newspapers-find-a-home-in-new-technology-25157.md,8,6,0,0,0,1,0,1,0,3,0,0,fix-links-only
blog,,Joe Jelen on Digital Timelines,/nhec-blog/24425,blog/joe-jelen-on-digital-timelines-24425.md,2,1,1,0,0,0,0,0,0,0,0,1,fix-links-only
blog,,Joe Jelen on Discovering History Through Student Genealogy Research,/nhec-blog/25372,blog/joe-jelen-on-discovering-history-through-student-genealogy-research-25372.md,7,6,1,0,0,0,0,0,0,0,0,1,fix-links-only
blog,,Joe Jelen on Document Cameras,/nhec-blog/24326,blog/joe-jelen-on-document-cameras-24326.md,3,2,1,0,0,0,0,0,0,0,0,1,fix-links-only
blog,,Joe Jelen on Google's Art Project,/nhec-blog/24540,blog/joe-jelen-on-googles-art-project-24540.md,5,3,1,0,0,0,0,1,0,2,0,1,fix-links-only
blog,,Joe Jelen on Political Cartoons 2.0,/nhec-blog/25415,blog/joe-jelen-on-political-cartoons-20-25415.md,13,11,1,0,0,0,0,0,1,6,0,1,fix-links-only
blog,,Joe Jelen on the New York Public Library Digital Gallery,/nhec-blog/24595,blog/joe-jelen-on-the-new-york-public-library-digital-gallery-24595.md,5,2,0,3,0,0,0,0,0,0,0,3,fix-links-only
blog,,Joe Jelen's Ads as Primary Sources: The Ad Council's Historic Campaigns,/nhec-blog/24697,blog/joe-jelens-ads-as-primary-sources-the-ad-councils-historic-campaigns-24697.md,5,2,3,0,0,0,0,0,0,1,1,2,fix-links-only
blog,,"John Brown, Harpers Ferry, Students, History and Technology",/nhec-blog/22339,blog/john-brown-harpers-ferry-students-history-and-technology-22339.md,4,3,0,1,0,0,0,0,0,0,0,1,fix-links-only
blog,,"John Hope Franklin, 1915-2009",/nhec-blog/21879,blog/john-hope-franklin-1915-2009-21879.md,15,9,5,0,0,0,0,1,0,2,1,4,fix-links-only
blog,,Join the Clearinghouse on Facebook and Twitter!,/nhec-blog/21849,blog/join-the-clearinghouse-on-facebook-and-twitter-21849.md,3,0,1,0,0,1,1,0,0,0,1,0,fix-links-only
blog,,Journal of the Association for History and Computing,/nhec-blog/19348,blog/journal-of-the-association-for-history-and-computing-19348.md,5,0,0,0,0,0,0,5,0,0,0,0,fix-links-only
blog,,Laura Bush Presents 2008 Preserve America History Teacher of the Year Award,/nhec-blog/20293,blog/laura-bush-presents-2008-preserve-america-history-teacher-of-the-year-award-20293.md,3,0,1,0,0,0,0,2,0,0,0,1,fix-links-only
blog,,Learn About Mexican American History,/nhec-blog/19592,blog/learn-about-mexican-american-history-19592.md,6,2,1,0,0,0,0,3,0,2,0,1,fix-links-only
blog,,"Left, Right, and Center: Teaching about Conservatism",/nhec-blog/23938,blog/left-right-and-center-teaching-about-conservatism-23938.md,16,9,2,0,0,2,0,3,0,5,0,2,fix-links-only
blog,,Lincoln Bicentennial,/nhec-blog/19950,blog/lincoln-bicentennial-19950.md,3,2,0,1,0,0,0,0,0,0,0,1,fix-links-only
blog,,Lincoln Bicentennial: A Teachable Moment (updated February 24),/nhec-blog/20737,blog/lincoln-bicentennial-a-teachable-moment-updated-february-24-20737.md,16,6,7,0,0,0,0,3,0,4,0,7,fix-links-only
blog,,Lincoln on the Big Screen,/nhec-blog/25767,blog/lincoln-on-the-big-screen-25767.md,5,3,1,0,0,0,0,1,0,0,1,0,fix-links-only
blog,,Maps: They're Not Just for Geography Any More,/nhec-blog/23617,blog/maps-theyre-not-just-for-geography-any-more-23617.md,9,7,0,0,1,0,0,1,0,1,0,0,fix-links-only
blog,,Maps: They're Not Just for Geography Any More,/nhec-blog/23897,blog/maps-theyre-not-just-for-geography-any-more-23897.md,17,11,2,0,2,0,1,1,0,1,0,2,fix-links-only
blog,,March is Women's History Month,/nhec-blog/14912,blog/march-is-womens-history-month-14912.md,10,3,7,0,0,0,0,0,0,1,0,7,fix-links-only
blog,,Mark Smith on Using Constructivist Video Production,/nhec-blog/25183,blog/mark-smith-on-using-constructivist-video-production-25183.md,13,11,2,0,0,0,0,0,0,0,0,2,fix-links-only
blog,,Meg Griffin on Google Docs,/nhec-blog/25300,blog/meg-griffin-on-google-docs-25300.md,9,4,2,0,0,0,0,0,3,0,0,2,fix-links-only
blog,,Memorializing Veterans: Teaching with Place,/nhec-blog/24307,blog/memorializing-veterans-teaching-with-place-24307.md,3,2,1,0,0,0,0,0,0,2,0,1,fix-links-only
blog,,Michael Yell on Using DVDs/Video Segments in the History Classroom,/nhec-blog/25039,blog/michael-yell-on-using-dvdsvideo-segments-in-the-history-classroom-25039.md,2,1,0,0,1,0,0,0,0,0,0,0,fix-links-only
blog,,Michael Yell's Strategies for Using Primary Sources in Your Classroom,/nhec-blog/24651,blog/michael-yells-strategies-for-using-primary-sources-in-your-classroom-24651.md,4,3,1,0,0,0,0,0,0,0,0,1,fix-links-only
blog,,Molly Myers on Tweeting Towards Success,/nhec-blog/25518,blog/molly-myers-on-tweeting-towards-success-25518.md,5,0,4,1,0,0,0,0,0,0,0,5,fix-links-only
blog,,More Resources for Teaching about Elections,/nhec-blog/19506,blog/more-resources-for-teaching-about-elections-19506.md,15,13,0,1,1,0,0,0,0,0,0,1,fix-links-only
blog,,National Council for Social Studies: Building Community with Ning,/nhec-blog/22390,blog/national-council-for-social-studies-building-community-with-ning-22390.md,2,1,0,0,0,0,1,0,0,0,0,0,fix-links-only
blog,,National History Club: Having Fun AND Doing History,/nhec-blog/22406,blog/national-history-club-having-fun-and-doing-history-22406.md,7,5,1,0,0,0,0,1,0,0,0,1,fix-links-only
blog,,National History Day 2010,/nhec-blog/23731,blog/national-history-day-2010-23731.md,19,12,5,1,0,0,0,1,0,3,0,6,fix-links-only
blog,,National History Day Wins 2011 National Humanities Medal,/nhec-blog/25449,blog/national-history-day-wins-2011-national-humanities-medal-25449.md,3,2,1,0,0,0,0,0,0,0,0,1,fix-links-only
blog,,National Museum of American History,/nhec-blog/19586,blog/national-museum-of-american-history-19586.md,6,2,1,0,0,0,0,3,0,3,1,0,fix-links-only
blog,,New Visitor's Center Opens at Monticello,/nhec-blog/21984,blog/new-visitors-center-opens-at-monticello-21984.md,15,5,2,0,0,0,0,8,0,4,1,1,fix-links-only
blog,,News from the Bill of Rights Institute: For Educators and High School Students,/nhec-blog/20430,blog/news-from-the-bill-of-rights-institute-for-educators-and-high-school-students-20430.md,3,2,1,0,0,0,0,0,0,1,0,1,fix-links-only
blog,,Nominations Open for Gilder Lehrman Teacher of the Year Award!,/nhec-blog/24437,blog/nominations-open-for-gilder-lehrman-teacher-of-the-year-award-24437.md,1,0,0,0,0,0,0,1,0,0,0,0,fix-links-only
blog,,Olympic Spirit: Teaching with the Olympics,/nhec-blog/25632,blog/olympic-spirit-teaching-with-the-olympics-25632.md,8,6,1,0,0,0,0,1,0,0,0,1,fix-links-only
blog,,"Omnibus Spending Bill, FY '09 Passes: Good News for History",/nhec-blog/21823,blog/omnibus-spending-bill-fy-09-passes-good-news-for-history-21823.md,4,3,0,0,0,0,0,1,0,0,0,0,fix-links-only
blog,,Online Professional Development through the Library of Congress,/nhec-blog/22900,blog/online-professional-development-through-the-library-of-congress-22900.md,6,4,1,0,0,0,0,1,0,6,0,1,fix-links-only
blog,,Organization of American Historians: Highlights of the August Newsletter,/nhec-blog/19500,blog/organization-of-american-historians-highlights-of-the-august-newsletter-19500.md,5,0,0,0,0,0,0,5,0,0,0,0,fix-links-only
blog,,Patents as Primary Sources,/nhec-blog/24215,blog/patents-as-primary-sources-24215.md,6,2,3,0,0,0,0,1,0,0,0,3,fix-links-only
blog,,PBS Television Specials Celebrate African American Lives,/nhec-blog/14873,blog/pbs-television-specials-celebrate-african-american-lives-14873.md,3,2,1,0,0,0,0,0,0,0,1,0,fix-links-only
blog,,Picturing America Program Unveiled at White House,/nhec-blog/14883,blog/picturing-america-program-unveiled-at-white-house-14883.md,3,2,1,0,0,0,0,0,0,0,1,0,fix-links-only
blog,,Picturing America: Round Two,/nhec-blog/19533,blog/picturing-america-round-two-19533.md,3,1,2,0,0,0,0,0,0,0,0,2,fix-links-only
blog,,Plan Ahead for Professional Development in Spring 2013,/nhec-blog/25695,blog/plan-ahead-for-professional-development-in-spring-2013-25695.md,11,5,4,0,0,0,0,2,0,1,0,4,fix-links-only
blog,,Preparing for the Days of Remembrance,/nhec-blog/25508,blog/preparing-for-the-days-of-remembrance-25508.md,19,2,17,0,0,0,0,0,0,0,0,17,fix-links-only
blog,,Presidential Campaign Commercials 1952-2008,/nhec-blog/19826,blog/presidential-campaign-commercials-1952-2008-19826.md,3,2,1,0,0,0,0,0,0,0,0,1,fix-links-only
blog,,Presidents in the Library,/nhec-blog/24528,blog/presidents-in-the-library-24528.md,26,18,3,1,0,0,0,3,1,6,0,4,fix-links-only
blog,,Primary Sources: 100 Milestone Documents,/nhec-blog/22940,blog/primary-sources-100-milestone-documents-22940.md,8,2,1,0,5,0,0,0,0,5,0,1,fix-links-only
blog,,"Primary Sources, Historical Reenactments, and Twitter",/nhec-blog/23628,blog/primary-sources-historical-reenactments-and-twitter-23628.md,9,7,2,0,0,0,0,0,0,0,0,2,fix-links-only
blog,,Questioning History Using the Census,/nhec-blog/24708,blog/questioning-history-using-the-census-24708.md,6,2,2,1,0,0,1,0,0,0,0,3,fix-links-only
blog,,"Recession, Depression, Hard Times, New Deal: Classroom Resources (updated April 7)",/nhec-blog/21783,blog/recession-depression-hard-times-new-deal-classroom-resources-updated-april-7-21783.md,27,16,5,0,2,0,0,4,0,2,0,5,fix-links-only
blog,,Remember the Ladies—But Not Just in March,/nhec-blog/21712,blog/remember-the-ladiesbut-not-just-in-march-21712.md,40,32,6,0,1,0,0,1,0,10,1,5,fix-links-only
blog,,Remembering Pearl Harbor: Resources for the 70th Anniversary,/nhec-blog/25324,blog/remembering-pearl-harbor-resources-for-the-70th-anniversary-25324.md,12,6,2,0,2,0,0,2,0,5,0,2,fix-links-only
blog,,Report on State of History Education Released!,/nhec-blog/25385,blog/report-on-state-of-history-education-released-25385.md,1,0,0,0,1,0,0,0,0,0,0,0,fix-links-only
blog,,Resources: Asian Pacific American Heritage Month,/nhec-blog/22027,blog/resources-asian-pacific-american-heritage-month-22027.md,10,5,2,0,0,0,0,3,0,5,0,2,fix-links-only
blog,,Resources for African American History Month,/nhec-blog/25378,blog/resources-for-african-american-history-month-25378.md,11,5,2,1,2,0,0,1,0,4,0,3,fix-links-only
blog,,Resources for Asian Pacific American Heritage Month,/nhec-blog/25487,blog/resources-for-asian-pacific-american-heritage-month-25487.md,13,7,2,0,1,0,0,3,0,4,0,2,fix-links-only
blog,,Resources for Earth Day,/nhec-blog/25486,blog/resources-for-earth-day-25486.md,10,6,1,1,0,0,0,2,0,4,0,2,fix-links-only
blog,,Resources for Flag Day,/nhec-blog/25617,blog/resources-for-flag-day-25617.md,10,3,2,0,2,0,0,3,0,7,0,2,fix-links-only
blog,,Resources for Hispanic Heritage Month,/nhec-blog/25745,blog/resources-for-hispanic-heritage-month-25745.md,8,5,2,0,1,0,0,0,0,2,0,2,fix-links-only
blog,,Resources for Independence Day,/nhec-blog/25621,blog/resources-for-independence-day-25621.md,10,6,4,0,0,0,0,0,0,9,0,4,fix-links-only
blog,,Resources for Martin Luther King Jr. Day,/nhec-blog/25376,blog/resources-for-martin-luther-king-jr-day-25376.md,12,4,1,1,3,0,0,3,0,5,0,2,fix-links-only
blog,,Resources for Memorial Day,/nhec-blog/25582,blog/resources-for-memorial-day-25582.md,15,4,2,0,4,0,0,5,0,4,0,2,fix-links-only
blog,,Resources for Presidents Day,/nhec-blog/25419,blog/resources-for-presidents-day-25419.md,13,7,4,0,1,0,0,1,0,4,0,4,fix-links-only
blog,,Resources for Teaching the War of 1812,/nhec-blog/25442,blog/resources-for-teaching-the-war-of-1812-25442.md,15,7,5,0,1,0,1,0,1,2,0,5,fix-links-only
blog,,Resources for the Titanic's Centennial,/nhec-blog/25550,blog/resources-for-the-titanics-centennial-25550.md,14,6,2,0,5,0,0,1,0,8,0,2,fix-links-only
blog,,Resources for Veterans Day,/nhec-blog/25296,blog/resources-for-veterans-day-25296.md,9,5,3,0,1,0,0,0,0,2,0,3,fix-links-only
blog,,Resources for Women's History Month,/nhec-blog/25464,blog/resources-for-womens-history-month-25464.md,12,4,3,0,1,0,0,4,0,3,0,3,fix-links-only
blog,,Ron Gorr on Go to the Source (GTTS) Activities,/nhec-blog/24650,blog/ron-gorr-on-go-to-the-source-gtts-activities-24650.md,2,1,1,0,0,0,0,0,0,0,0,1,fix-links-only
blog,,"Ron Gorr's Trifecta: Primary Sources, Technology, and Student Interaction in One Activity!",/nhec-blog/24426,blog/ron-gorrs-trifecta-primary-sources-technology-and-student-interaction-in-one-activity-24426.md,3,2,0,0,0,0,1,0,0,1,0,0,fix-links-only
blog,,ROTFLOL?* President John Quincy Adams Twittered?,/nhec-blog/22627,blog/rotflol-president-john-quincy-adams-twittered-22627.md,7,2,5,0,0,0,0,0,0,0,0,5,fix-links-only
blog,,School Internet Firewalls: Hindrance or Help?,/nhec-blog/22391,blog/school-internet-firewalls-hindrance-or-help-22391.md,3,1,2,0,0,0,0,0,0,0,1,1,fix-links-only
blog,,Schools and Social Networking Tools,/nhec-blog/19472,blog/schools-and-social-networking-tools-19472.md,3,0,0,0,0,0,0,3,0,0,0,0,fix-links-only
blog,,Searching for Sesquicentennial Sources,/nhec-blog/24599,blog/searching-for-sesquicentennial-sources-24599.md,22,10,8,0,1,1,1,1,0,6,1,7,fix-links-only
blog,,Secrets of the U.S. History Advanced Placement Exam,/nhec-blog/14882,blog/secrets-of-the-us-history-advanced-placement-exam-14882.md,2,0,0,0,0,0,0,2,0,0,0,0,fix-links-only
blog,,Sessions Especially for Teachers at the 123rd American Historical Association Annual Meeting,/nhec-blog/20292,blog/sessions-especially-for-teachers-at-the-123rd-american-historical-association-annual-meeting-20292.md,1,0,1,0,0,0,0,0,0,0,0,1,fix-links-only
blog,,Showcasing Student Work on the U.S. Constitution,/nhec-blog/19756,blog/showcasing-student-work-on-the-us-constitution-19756.md,2,1,1,0,0,0,0,0,0,0,0,1,fix-links-only
blog,,Snips and Shoes and Sealing Wax:  New Publications and Websites,/nhec-blog/20148,blog/snips-and-shoes-and-sealing-wax-new-publications-and-websites-20148.md,11,2,4,0,1,0,0,4,0,0,0,4,fix-links-only
blog,,"Social Studies Education ""Down South""",/nhec-blog/25364,blog/social-studies-education-down-south-25364.md,1,0,0,0,0,0,0,1,0,0,0,0,fix-links-only
blog,,Stand Up and Be Counted: Teaching with the Census,/nhec-blog/23920,blog/stand-up-and-be-counted-teaching-with-the-census-23920.md,14,11,1,0,1,0,0,1,0,0,0,1,fix-links-only
blog,,Start Planning Now for Summer Professional Development,/nhec-blog/25341,blog/start-planning-now-for-summer-professional-development-25341.md,12,5,5,1,0,0,0,1,0,0,0,6,fix-links-only
blog,,Students and Historic Preservation,/nhec-blog/20145,blog/students-and-historic-preservation-20145.md,3,2,1,0,0,0,0,0,0,0,0,1,fix-links-only
blog,,"Summer Reading: Clearinghouse Staff Recommendations, Part II",/nhec-blog/22408,blog/summer-reading-clearinghouse-staff-recommendations-part-ii-22408.md,8,6,2,0,0,0,0,0,0,5,0,2,fix-links-only
blog,,Summer Surfing,/nhec-blog/19269,blog/summer-surfing-19269.md,9,7,0,0,0,0,0,2,0,0,0,0,fix-links-only
blog,,Teaching 9/11,/nhec-blog/19591,blog/teaching-911-19591.md,3,2,1,0,0,0,0,0,0,0,0,1,fix-links-only
blog,,Teaching about Columbus Day: Mythbusters,/nhec-blog/22951,blog/teaching-about-columbus-day-mythbusters-22951.md,18,12,1,0,4,0,0,1,0,3,0,1,fix-links-only
blog,,Teaching About Dr. Martin Luther King,/nhec-blog/23709,blog/teaching-about-dr-martin-luther-king-23709.md,16,8,7,1,0,0,0,0,0,0,0,8,fix-links-only
blog,,Teaching About Haiti,/nhec-blog/23787,blog/teaching-about-haiti-23787.md,30,23,1,0,2,0,0,3,1,2,0,1,fix-links-only
blog,,Teaching about Memorial Day,/nhec-blog/19266,blog/teaching-about-memorial-day-19266.md,10,4,1,0,0,0,0,5,0,5,0,1,fix-links-only
blog,,Teaching about Vietnam,/nhec-blog/23921,blog/teaching-about-vietnam-23921.md,21,9,2,0,1,0,0,9,0,2,0,2,fix-links-only
blog,,Teaching African American History: Do We Still Need a Black History Month?,/nhec-blog/23847,blog/teaching-african-american-history-do-we-still-need-a-black-history-month-23847.md,19,14,2,0,0,0,0,3,0,7,0,2,fix-links-only
blog,,Teaching American History Program Invites 2011 Applications,/nhec-blog/24524,blog/teaching-american-history-program-invites-2011-applications-24524.md,3,2,0,1,0,0,0,0,0,0,0,1,fix-links-only
blog,,Teaching American History Project Directors Conference: Registration Information and Agenda,/nhec-blog/20373,blog/teaching-american-history-project-directors-conference-registration-information-and-agenda-20373.md,3,0,2,0,0,0,0,1,0,0,0,2,fix-links-only
blog,,Teaching American History (TAH) Grant Application Deadlines,/nhec-blog/23785,blog/teaching-american-history-tah-grant-application-deadlines-23785.md,5,4,0,0,1,0,0,0,0,0,0,0,fix-links-only
blog,,Teaching and Learning History in the Digital Age (AHA 2011),/nhec-blog/24526,blog/teaching-and-learning-history-in-the-digital-age-aha-2011-24526.md,29,22,1,0,0,3,0,3,0,2,0,1,fix-links-only
blog,,Teaching History with Archaeology,/nhec-blog/25618,blog/teaching-history-with-archaeology-25618.md,16,8,6,0,0,0,0,2,0,3,0,6,fix-links-only
blog,,Teaching Native American History: I is for Inclusion,/nhec-blog/23490,blog/teaching-native-american-history-i-is-for-inclusion-23490.md,7,3,3,0,0,0,0,1,0,3,0,3,fix-links-only
blog,,Teaching Our Students to Evaluate Websites,/nhec-blog/22560,blog/teaching-our-students-to-evaluate-websites-22560.md,7,6,1,0,0,0,0,0,0,2,0,1,fix-links-only
blog,,Teaching Resources for Constitution Day,/nhec-blog/19505,blog/teaching-resources-for-constitution-day-19505.md,27,16,5,0,5,0,0,1,0,4,0,5,fix-links-only
blog,,Teaching Thanksgiving 2011,/nhec-blog/25309,blog/teaching-thanksgiving-2011-25309.md,9,5,1,0,1,0,0,2,0,3,0,1,fix-links-only
blog,,Teaching the Constitution,/nhec-blog/22886,blog/teaching-the-constitution-22886.md,9,6,2,0,1,0,0,0,0,2,0,2,fix-links-only
blog,,Teaching the Cuban Missile Crisis,/nhec-blog/23484,blog/teaching-the-cuban-missile-crisis-23484.md,13,8,4,0,0,0,1,0,0,3,0,4,fix-links-only
blog,,Teaching the Emancipation Proclamation on Constitution Day,/nhec-blog/25700,blog/teaching-the-emancipation-proclamation-on-constitution-day-25700.md,7,1,6,0,0,0,0,0,0,0,0,6,fix-links-only
blog,,Teaching with Food,/nhec-blog/25729,blog/teaching-with-food-25729.md,5,2,1,1,1,0,0,0,0,2,0,2,fix-links-only
blog,,Teaching without Textbooks?,/nhec-blog/22468,blog/teaching-without-textbooks-22468.md,5,3,1,0,0,0,0,1,0,0,0,1,fix-links-only
blog,,Teachinghistory.org at ISTE,/nhec-blog/24110,blog/teachinghistoryorg-at-iste-24110.md,2,1,1,0,0,0,0,0,0,0,0,1,fix-links-only
blog,,Teachinghistory.org Teacher Representative Wins 2011 National History Teacher of the Year,/nhec-blog/25255,blog/teachinghistoryorg-teacher-representative-wins-2011-national-history-teacher-of-the-year-25255.md,1,0,0,0,0,0,0,1,0,0,0,0,fix-links-only
blog,,Teachinghistory.org’s AHA Workshop: Teaching the Past in a Digital World,/nhec-blog/25380,blog/teachinghistoryorgs-aha-workshop-teaching-the-past-in-a-digital-world-25380.md,6,4,1,0,0,0,0,1,0,0,0,1,fix-links-only
blog,,Tech Tips for Everybody from David Pogue at The New York Times,/nhec-blog/20045,blog/tech-tips-for-everybody-from-david-pogue-at-the-new-york-times-20045.md,3,2,0,0,1,0,0,0,0,0,0,0,fix-links-only
blog,,Thanksgiving: The Real Backstory,/nhec-blog/23572,blog/thanksgiving-the-real-backstory-23572.md,18,12,3,1,0,0,0,2,0,9,0,4,fix-links-only
blog,,The Bicentennial of 1812,/nhec-blog/25365,blog/the-bicentennial-of-1812-25365.md,19,9,7,1,0,0,1,0,1,0,0,8,fix-links-only
blog,,The Connection Between Literacy and History,/nhec-blog/25172,blog/the-connection-between-literacy-and-history-25172.md,1,0,0,0,0,0,0,1,0,0,0,0,fix-links-only
blog,,The Electronic Schoolhouse/LaEscuela Electronica: A Bilingual History Education Resource,/nhec-blog/21719,blog/the-electronic-schoolhouselaescuela-electronica-a-bilingual-history-education-resource-21719.md,2,1,1,0,0,0,0,0,0,0,0,1,fix-links-only
blog,,The Great Depression and Today,/nhec-blog/20044,blog/the-great-depression-and-today-20044.md,12,8,4,0,0,0,0,0,0,0,0,4,fix-links-only
blog,,"The Nation's Report Card: U.S. History, 2010",/nhec-blog/24976,blog/the-nations-report-card-us-history-2010-24976.md,16,13,0,0,2,0,0,1,0,0,0,0,fix-links-only
blog,,"The Smithsonian Commons: Vast, Findable, Shareable, Free",/nhec-blog/24112,blog/the-smithsonian-commons-vast-findable-shareable-free-24112.md,5,2,0,0,0,0,0,3,0,5,0,0,fix-links-only
blog,,The Supreme Court: Connections Between Past and Present,/nhec-blog/22244,blog/the-supreme-court-connections-between-past-and-present-22244.md,17,6,2,1,0,3,0,5,0,0,0,3,fix-links-only
blog,,Third Graders and Local History,/nhec-blog/22515,blog/third-graders-and-local-history-22515.md,1,0,0,0,1,0,0,0,0,0,0,0,fix-links-only
blog,,Tonight's the Night: PBS Broadcasts We Shall Remain,/nhec-blog/21980,blog/tonights-the-night-pbs-broadcasts-we-shall-remain-21980.md,7,6,1,0,0,0,0,0,0,0,0,1,fix-links-only
blog,,"Top Tens, or ""Best Sites for...""",/nhec-blog/24068,blog/top-tens-or-best-sites-for-24068.md,13,9,3,1,0,0,0,0,0,0,0,4,fix-links-only
blog,,Trickle or Tsunami?: Getting Involved with the Common Core Standards,/nhec-blog/25306,blog/trickle-or-tsunami-getting-involved-with-the-common-core-standards-25306.md,7,5,2,0,0,0,0,0,0,0,0,2,fix-links-only
blog,,Turning Students into Historians,/nhec-blog/25782,blog/turning-students-into-historians-25782.md,4,3,1,0,0,0,0,0,0,0,0,1,fix-links-only
blog,,Upcoming Deadlines for Professional Development,/nhec-blog/24458,blog/upcoming-deadlines-for-professional-development-24458.md,3,1,1,0,0,0,0,1,0,0,0,1,fix-links-only
blog,,"Veterans, Oral History, and the Library of Congress",/nhec-blog/23463,blog/veterans-oral-history-and-the-library-of-congress-23463.md,8,5,1,0,0,0,0,2,0,3,0,1,fix-links-only
blog,,We're Listening To,/nhec-blog/19068,blog/were-listening-to-19068.md,9,2,2,0,0,0,0,5,0,5,0,2,fix-links-only
blog,,What's New on the Clearinghouse Site? Lessons Learned on Video,/nhec-blog/22441,blog/whats-new-on-the-clearinghouse-site-lessons-learned-on-video-22441.md,3,1,1,0,0,0,0,1,0,0,0,1,fix-links-only
blog,,When Did July 4 Become the Fourth of July?,/nhec-blog/22379,blog/when-did-july-4-become-the-fourth-of-july-22379.md,6,5,1,0,0,0,0,0,0,3,0,1,fix-links-only
blog,,Women Taking History: Women's History Month 2011,/nhec-blog/24533,blog/women-taking-history-womens-history-month-2011-24533.md,14,5,4,0,4,0,1,0,0,8,0,4,fix-links-only
blog,,Women's History Month:  Historians in the News,/nhec-blog/14943,blog/womens-history-month-historians-in-the-news-14943.md,6,2,3,0,0,0,0,1,0,2,0,3,fix-links-only
digital-classroom,ask-a-digital-historian,Beyond Google Searching,/digital-classroom/ask-a-digital-historian/24089,digital-classroom/ask-a-digital-historian/beyond-google-searching-24089.md,14,12,1,0,0,0,0,1,0,1,0,1,fix-links-only
digital-classroom,ask-a-digital-historian,Crafting Digital Stories,/digital-classroom/ask-a-digital-historian/25587,digital-classroom/ask-a-digital-historian/crafting-digital-stories-25587.md,10,7,3,0,0,0,0,0,0,0,0,3,fix-links-only
digital-classroom,ask-a-digital-historian,Finding Skype Collaborators,/digital-classroom/ask-a-digital-historian/23884,digital-classroom/ask-a-digital-historian/finding-skype-collaborators-23884.md,7,6,0,1,0,0,0,0,0,0,0,1,fix-links-only
digital-classroom,ask-a-digital-historian,Historic Images are Everywhere,/digital-classroom/ask-a-digital-historian/23885,digital-classroom/ask-a-digital-historian/historic-images-are-everywhere-23885.md,10,9,0,0,0,0,0,1,0,7,0,0,fix-links-only
digital-classroom,ask-a-digital-historian,History and New Media,/digital-classroom/ask-a-digital-historian/24122,digital-classroom/ask-a-digital-historian/history-and-new-media-24122.md,10,8,0,0,1,0,0,1,0,2,0,0,fix-links-only
digital-classroom,ask-a-digital-historian,Introducing Students to Interactive Whiteboards,/digital-classroom/ask-a-digital-historian/25035,digital-classroom/ask-a-digital-historian/introducing-students-to-interactive-whiteboards-25035.md,4,0,2,0,1,0,0,1,0,0,0,2,fix-links-only
digital-classroom,ask-a-digital-historian,Is the Internet a Reliable Source for History Content?,/digital-classroom/ask-a-digital-historian/24066,digital-classroom/ask-a-digital-historian/is-the-internet-a-reliable-source-for-history-content-24066.md,4,3,1,0,0,0,0,0,0,0,0,1,fix-links-only
digital-classroom,ask-a-digital-historian,Just Blog About It! (Part 1),/digital-classroom/ask-a-digital-historian/24545,digital-classroom/ask-a-digital-historian/just-blog-about-it-part-1-24545.md,22,18,3,0,1,0,0,0,0,6,0,3,fix-links-only
digital-classroom,ask-a-digital-historian,Just Blog About It! (Part 2),/digital-classroom/ask-a-digital-historian/24546,digital-classroom/ask-a-digital-historian/just-blog-about-it-part-2-24546.md,14,11,1,0,1,0,0,1,0,10,0,1,fix-links-only
digital-classroom,ask-a-digital-historian,Surfing the Web Successfully,/digital-classroom/ask-a-digital-historian/25219,digital-classroom/ask-a-digital-historian/surfing-the-web-successfully-25219.md,8,7,1,0,0,0,0,0,0,0,0,1,fix-links-only
digital-classroom,ask-a-digital-historian,Understanding and Appreciating World War II Veterans,/digital-classroom/ask-a-digital-historian/24328,digital-classroom/ask-a-digital-historian/understanding-and-appreciating-world-war-ii-veterans-24328.md,6,5,1,0,0,0,0,0,0,2,0,1,fix-links-only
digital-classroom,ask-a-digital-historian,Wikipedia: Credible Research Source or Not?,/digital-classroom/ask-a-digital-historian/23863,digital-classroom/ask-a-digital-historian/wikipedia-credible-research-source-or-not-23863.md,9,7,1,0,0,0,0,1,0,0,0,1,fix-links-only
digital-classroom,beyond-the-chalkboard,Advanced Whiteboard Techniques,/digital-classroom/beyond-the-chalkboard/24165,digital-classroom/beyond-the-chalkboard/advanced-whiteboard-techniques-24165.md,2,1,1,0,0,0,0,0,0,0,0,1,fix-links-only
digital-classroom,beyond-the-chalkboard,Choose Your Own Adventure Videos,/digital-classroom/beyond-the-chalkboard/25448,digital-classroom/beyond-the-chalkboard/choose-your-own-adventure-videos-25448.md,1,0,1,0,0,0,0,0,0,0,0,1,fix-links-only
digital-classroom,beyond-the-chalkboard,Twitter in Large Classrooms,/digital-classroom/beyond-the-chalkboard/24162,digital-classroom/beyond-the-chalkboard/twitter-in-large-classrooms-24162.md,1,0,1,0,0,0,0,0,0,0,0,1,fix-links-only
digital-classroom,beyond-the-chalkboard,Using Facebook to Engage with Historical Figures,/digital-classroom/beyond-the-chalkboard/24152,digital-classroom/beyond-the-chalkboard/using-facebook-to-engage-with-historical-figures-24152.md,4,3,0,0,0,1,0,0,0,0,0,0,fix-links-only
digital-classroom,beyond-the-chalkboard,Whiteboard Basics,/digital-classroom/beyond-the-chalkboard/24163,digital-classroom/beyond-the-chalkboard/whiteboard-basics-24163.md,2,0,2,0,0,0,0,0,0,0,1,1,fix-links-only
digital-classroom,tech-for-teachers,Cacoo,/digital-classroom/tech-for-teachers/25304,digital-classroom/tech-for-teachers/cacoo-25304.md,1,0,0,0,0,1,0,0,0,0,0,0,fix-links-only
digital-classroom,tech-for-teachers,Creating Cartoons: Pixton & ToonDoo,/digital-classroom/tech-for-teachers/25056,digital-classroom/tech-for-teachers/creating-cartoons-pixton-toondoo-25056.md,2,1,0,0,0,0,1,0,0,0,0,0,fix-links-only
digital-classroom,tech-for-teachers,Do I Have a Right?,/digital-classroom/tech-for-teachers/24975,digital-classroom/tech-for-teachers/do-i-have-a-right-24975.md,2,1,0,0,1,0,0,0,0,0,0,0,fix-links-only
digital-classroom,tech-for-teachers,Facebook,/digital-classroom/tech-for-teachers/23474,digital-classroom/tech-for-teachers/facebook-23474.md,1,0,0,0,0,0,1,0,0,0,0,0,fix-links-only
digital-classroom,tech-for-teachers,Google Docs,/digital-classroom/tech-for-teachers/14586,digital-classroom/tech-for-teachers/google-docs-14586.md,1,0,0,0,0,1,0,0,0,0,0,0,fix-links-only
digital-classroom,tech-for-teachers,Google Forms,/digital-classroom/tech-for-teachers/25110,digital-classroom/tech-for-teachers/google-forms-25110.md,1,0,0,0,0,1,0,0,0,0,0,0,fix-links-only
digital-classroom,tech-for-teachers,Google Maps,/digital-classroom/tech-for-teachers/24658,digital-classroom/tech-for-teachers/google-maps-24658.md,1,0,0,0,0,1,0,0,0,0,0,0,fix-links-only
digital-classroom,tech-for-teachers,Historypin,/digital-classroom/tech-for-teachers/25830,digital-classroom/tech-for-teachers/historypin-25830.md,1,0,1,0,0,0,0,0,0,0,0,1,fix-links-only
digital-classroom,tech-for-teachers,IWitness,/digital-classroom/tech-for-teachers/25604,digital-classroom/tech-for-teachers/iwitness-25604.md,1,0,0,1,0,0,0,0,0,0,0,1,fix-links-only
digital-classroom,tech-for-teachers,LucidChart,/digital-classroom/tech-for-teachers/24535,digital-classroom/tech-for-teachers/lucidchart-24535.md,2,1,0,0,0,1,0,0,0,0,0,0,fix-links-only
digital-classroom,tech-for-teachers,NewsTrust,/digital-classroom/tech-for-teachers/24886,digital-classroom/tech-for-teachers/newstrust-24886.md,1,0,1,0,0,0,0,0,0,0,1,0,fix-links-only
digital-classroom,tech-for-teachers,Padlet,/digital-classroom/tech-for-teachers/24636,digital-classroom/tech-for-teachers/padlet-24636.md,1,0,0,1,0,0,0,0,0,0,0,1,fix-links-only
digital-classroom,tech-for-teachers,PrimaryAccess,/digital-classroom/tech-for-teachers/14587,digital-classroom/tech-for-teachers/primaryaccess-14587.md,1,0,0,1,0,0,0,0,0,0,0,1,fix-links-only
digital-classroom,tech-for-teachers,Skype,/digital-classroom/tech-for-teachers/23569,digital-classroom/tech-for-teachers/skype-23569.md,1,0,0,0,0,1,0,0,0,0,0,0,fix-links-only
digital-classroom,tech-for-teachers,Social Explorer,/digital-classroom/tech-for-teachers/14588,digital-classroom/tech-for-teachers/social-explorer-14588.md,1,0,1,0,0,0,0,0,0,0,1,0,fix-links-only
digital-classroom,tech-for-teachers,ThingLink,/digital-classroom/tech-for-teachers/25808,digital-classroom/tech-for-teachers/thinglink-25808.md,1,0,0,1,0,0,0,0,0,0,0,1,fix-links-only
digital-classroom,tech-for-teachers,Twitter,/digital-classroom/tech-for-teachers/21851,digital-classroom/tech-for-teachers/twitter-21851.md,1,0,1,0,0,0,0,0,0,0,1,0,fix-links-only
digital-classroom,tech-for-teachers,Web Poster Wizard,/digital-classroom/tech-for-teachers/14589,digital-classroom/tech-for-teachers/web-poster-wizard-14589.md,1,0,0,1,0,0,0,0,0,0,0,1,fix-links-only
digital-classroom,tech-for-teachers,Win the White House,/digital-classroom/tech-for-teachers/25807,digital-classroom/tech-for-teachers/win-the-white-house-25807.md,1,0,0,0,1,0,0,0,0,0,0,0,fix-links-only
digital-classroom,tech-for-teachers,Zotero,/digital-classroom/tech-for-teachers/14585,digital-classroom/tech-for-teachers/zotero-14585.md,1,0,0,1,0,0,0,0,0,0,0,1,fix-links-only
history-content,ask-a-historian,All Wrapped Up in the Flag,/history-content/ask-a-historian/23852,history-content/ask-a-historian/all-wrapped-up-in-the-flag-23852.md,9,7,1,0,0,0,0,1,0,4,0,1,fix-links-only
history-content,ask-a-historian,Alternative Outcomes of World War II,/history-content/ask-a-historian/24107,history-content/ask-a-historian/alternative-outcomes-of-world-war-ii-24107.md,7,0,0,0,0,0,0,7,0,1,0,0,fix-links-only
history-content,ask-a-historian,America Abroad,/history-content/ask-a-historian/23823,history-content/ask-a-historian/america-abroad-23823.md,4,3,0,0,1,0,0,0,0,4,0,0,fix-links-only
history-content,ask-a-historian,American Resistance to a Standing Army,/history-content/ask-a-historian/24671,history-content/ask-a-historian/american-resistance-to-a-standing-army-24671.md,4,3,1,0,0,0,0,0,0,3,0,1,fix-links-only
history-content,ask-a-historian,America's Shifting Western Frontier,/history-content/ask-a-historian/25079,history-content/ask-a-historian/americas-shifting-western-frontier-25079.md,3,2,1,0,0,0,0,0,0,0,0,1,fix-links-only
history-content,ask-a-historian,Are There Instances of Raids Similar to the Boston Tea Party?,/history-content/ask-a-historian/20657,history-content/ask-a-historian/are-there-instances-of-raids-similar-to-the-boston-tea-party-20657.md,3,1,0,1,0,1,0,0,0,3,0,1,fix-links-only
history-content,ask-a-historian,Bank Notes of the Second Bank of the United States,/history-content/ask-a-historian/24101,history-content/ask-a-historian/bank-notes-of-the-second-bank-of-the-united-states-24101.md,3,0,0,0,0,0,0,3,0,3,0,0,fix-links-only
history-content,ask-a-historian,Black Confederates,/history-content/ask-a-historian/24634,history-content/ask-a-historian/black-confederates-24634.md,11,8,2,0,1,0,0,0,0,10,0,2,fix-links-only
history-content,ask-a-historian,Bleeding Kansas,/history-content/ask-a-historian/25650,history-content/ask-a-historian/bleeding-kansas-25650.md,4,1,0,0,2,0,0,1,0,1,0,0,fix-links-only
history-content,ask-a-historian,Booth's Reason for Assassination,/history-content/ask-a-historian/24242,history-content/ask-a-historian/booths-reason-for-assassination-24242.md,3,2,1,0,0,0,0,0,0,1,0,1,fix-links-only
history-content,ask-a-historian,Breaking the News in 1900,/history-content/ask-a-historian/22927,history-content/ask-a-historian/breaking-the-news-in-1900-22927.md,4,3,0,0,1,0,0,0,0,4,0,0,fix-links-only
history-content,ask-a-historian,Civil Rights Sit-in,/history-content/ask-a-historian/24422,history-content/ask-a-historian/civil-rights-sit-in-24422.md,8,4,3,0,0,0,0,1,0,3,1,2,fix-links-only
history-content,ask-a-historian,Civil War Convicts: Unraveling a Misconception,/history-content/ask-a-historian/25223,history-content/ask-a-historian/civil-war-convicts-unraveling-a-misconception-25223.md,1,0,0,0,1,0,0,0,0,1,0,0,fix-links-only
history-content,ask-a-historian,Civilization is All Relative,/history-content/ask-a-historian/24467,history-content/ask-a-historian/civilization-is-all-relative-24467.md,8,6,2,0,0,0,0,0,0,0,1,1,fix-links-only
history-content,ask-a-historian,Cold War Wrestling Match,/history-content/ask-a-historian/24459,history-content/ask-a-historian/cold-war-wrestling-match-24459.md,9,6,0,0,1,2,0,0,0,4,0,0,fix-links-only
history-content,ask-a-historian,Conococheague,/history-content/ask-a-historian/24095,history-content/ask-a-historian/conococheague-24095.md,4,3,0,0,0,0,0,0,1,0,0,0,fix-links-only
history-content,ask-a-historian,Contradictions in John Fremont's Political Chart of the US (1856),/history-content/ask-a-historian/19497,history-content/ask-a-historian/contradictions-in-john-fremonts-political-chart-of-the-us-1856-19497.md,2,0,2,0,0,0,0,0,0,1,1,1,fix-links-only
history-content,ask-a-historian,Defining Dred Scott,/history-content/ask-a-historian/25752,history-content/ask-a-historian/defining-dred-scott-25752.md,4,3,1,0,0,0,0,0,0,0,0,1,fix-links-only
history-content,ask-a-historian,Digitized Newspaper Archives,/history-content/ask-a-historian/24275,history-content/ask-a-historian/digitized-newspaper-archives-24275.md,5,1,1,1,0,0,0,2,0,5,0,2,fix-links-only
history-content,ask-a-historian,Dissent in the Ranks,/history-content/ask-a-historian/24484,history-content/ask-a-historian/dissent-in-the-ranks-24484.md,6,4,1,0,1,0,0,0,0,1,0,1,fix-links-only
history-content,ask-a-historian,Diversity in the 1920s,/history-content/ask-a-historian/24451,history-content/ask-a-historian/diversity-in-the-1920s-24451.md,6,5,1,0,0,0,0,0,0,2,0,1,fix-links-only
history-content,ask-a-historian,Divided Allegiance,/history-content/ask-a-historian/24618,history-content/ask-a-historian/divided-allegiance-24618.md,6,4,1,0,0,0,0,0,1,4,0,1,fix-links-only
history-content,ask-a-historian,East St. Louis Massacre,/history-content/ask-a-historian/24297,history-content/ask-a-historian/east-st-louis-massacre-24297.md,1,0,1,0,0,0,0,0,0,1,0,1,fix-links-only
history-content,ask-a-historian,Everyday Life in the 19th Century,/history-content/ask-a-historian/23835,history-content/ask-a-historian/everyday-life-in-the-19th-century-23835.md,31,14,8,1,3,0,0,4,1,11,1,8,fix-links-only
history-content,ask-a-historian,Forebears’ Furniture,/history-content/ask-a-historian/23947,history-content/ask-a-historian/forebears-furniture-23947.md,2,0,0,0,0,0,0,2,0,0,0,0,fix-links-only
history-content,ask-a-historian,Founding Documents,/history-content/ask-a-historian/22895,history-content/ask-a-historian/founding-documents-22895.md,4,3,0,0,1,0,0,0,0,2,0,0,fix-links-only
history-content,ask-a-historian,Freedom and the National Debt,/history-content/ask-a-historian/23559,history-content/ask-a-historian/freedom-and-the-national-debt-23559.md,7,6,0,0,1,0,0,0,0,4,0,0,fix-links-only
history-content,ask-a-historian,Great Expectations for the Civil War,/history-content/ask-a-historian/24413,history-content/ask-a-historian/great-expectations-for-the-civil-war-24413.md,4,2,1,0,1,0,0,0,0,2,0,1,fix-links-only
history-content,ask-a-historian,Historians Defined,/history-content/ask-a-historian/24120,history-content/ask-a-historian/historians-defined-24120.md,4,3,0,0,0,0,0,1,0,2,0,0,fix-links-only
history-content,ask-a-historian,Home Sales During the Great Depression,/history-content/ask-a-historian/21810,history-content/ask-a-historian/home-sales-during-the-great-depression-21810.md,6,5,0,0,0,1,0,0,0,0,0,0,fix-links-only
history-content,ask-a-historian,How Much Have Federal Census Takers Made Through the Years?,/history-content/ask-a-historian/22517,history-content/ask-a-historian/how-much-have-federal-census-takers-made-through-the-years-22517.md,4,3,1,0,0,0,0,0,0,0,0,1,fix-links-only
history-content,ask-a-historian,Industrializing Women,/history-content/ask-a-historian/25037,history-content/ask-a-historian/industrializing-women-25037.md,9,7,0,0,1,0,0,1,0,5,0,0,fix-links-only
history-content,ask-a-historian,Is the Story of George Washington and the Colt a True Story?,/history-content/ask-a-historian/21573,history-content/ask-a-historian/is-the-story-of-george-washington-and-the-colt-a-true-story-21573.md,1,0,1,0,0,0,0,0,0,1,0,1,fix-links-only
history-content,ask-a-historian,Jefferson versus Hamilton,/history-content/ask-a-historian/24094,history-content/ask-a-historian/jefferson-versus-hamilton-24094.md,2,1,1,0,0,0,0,0,0,0,0,1,fix-links-only
history-content,ask-a-historian,John Adams: Great or Not?,/history-content/ask-a-historian/25010,history-content/ask-a-historian/john-adams-great-or-not-25010.md,7,5,0,0,0,0,0,2,0,7,0,0,fix-links-only
history-content,ask-a-historian,Laboring to Bring Forth Child Labor Statistics,/history-content/ask-a-historian/23929,history-content/ask-a-historian/laboring-to-bring-forth-child-labor-statistics-23929.md,8,4,3,0,1,0,0,0,0,1,0,3,fix-links-only
history-content,ask-a-historian,Lone Wolf v Hitchcock,/history-content/ask-a-historian/24391,history-content/ask-a-historian/lone-wolf-v-hitchcock-24391.md,3,2,0,0,0,0,0,1,0,1,0,0,fix-links-only
history-content,ask-a-historian,Manifest Destiny: Creating an American Identity,/history-content/ask-a-historian/25502,history-content/ask-a-historian/manifest-destiny-creating-an-american-identity-25502.md,3,2,1,0,0,0,0,0,0,2,1,0,fix-links-only
history-content,ask-a-historian,Martha Ballard,/history-content/ask-a-historian/24321,history-content/ask-a-historian/martha-ballard-24321.md,7,6,0,0,0,0,0,1,0,1,0,0,fix-links-only
history-content,ask-a-historian,Mundane Lives and Extreme Adventures,/history-content/ask-a-historian/23928,history-content/ask-a-historian/mundane-lives-and-extreme-adventures-23928.md,2,0,2,0,0,0,0,0,0,0,0,2,fix-links-only
history-content,ask-a-historian,New England Puritans,/history-content/ask-a-historian/24267,history-content/ask-a-historian/new-england-puritans-24267.md,3,2,1,0,0,0,0,0,0,2,0,1,fix-links-only
history-content,ask-a-historian,Old Political Cartoons,/history-content/ask-a-historian/24322,history-content/ask-a-historian/old-political-cartoons-24322.md,6,5,0,1,0,0,0,0,0,2,0,1,fix-links-only
history-content,ask-a-historian,Premonition of Death,/history-content/ask-a-historian/19423,history-content/ask-a-historian/premonition-of-death-19423.md,3,1,0,0,0,0,0,1,1,3,0,0,fix-links-only
history-content,ask-a-historian,Presidential Death During the Election Process,/history-content/ask-a-historian/20431,history-content/ask-a-historian/presidential-death-during-the-election-process-20431.md,4,2,1,0,0,0,0,1,0,3,0,1,fix-links-only
history-content,ask-a-historian,Presidential Patent,/history-content/ask-a-historian/23796,history-content/ask-a-historian/presidential-patent-23796.md,5,3,1,0,0,0,0,1,0,3,1,0,fix-links-only
history-content,ask-a-historian,Quantity of Soldiers—not Quality of Their Aim—Won Battles,/history-content/ask-a-historian/19436,history-content/ask-a-historian/quantity-of-soldiersnot-quality-of-their-aimwon-battles-19436.md,3,0,1,0,1,0,0,1,0,3,0,1,fix-links-only
history-content,ask-a-historian,Quebec City Fire,/history-content/ask-a-historian/24091,history-content/ask-a-historian/quebec-city-fire-24091.md,3,1,2,0,0,0,0,0,0,0,0,2,fix-links-only
history-content,ask-a-historian,Refugees from the American Revolutionary War,/history-content/ask-a-historian/23950,history-content/ask-a-historian/refugees-from-the-american-revolutionary-war-23950.md,1,0,0,0,0,0,0,1,0,0,0,0,fix-links-only
history-content,ask-a-historian,Religious Orders of Women in New France,/history-content/ask-a-historian/23848,history-content/ask-a-historian/religious-orders-of-women-in-new-france-23848.md,5,3,1,0,1,0,0,0,0,2,0,1,fix-links-only
history-content,ask-a-historian,Remember the Alamo,/history-content/ask-a-historian/23741,history-content/ask-a-historian/remember-the-alamo-23741.md,3,2,0,0,1,0,0,0,0,0,0,0,fix-links-only
history-content,ask-a-historian,Robert Gould Shaw,/history-content/ask-a-historian/24185,history-content/ask-a-historian/robert-gould-shaw-24185.md,1,0,0,0,0,0,0,1,0,0,0,0,fix-links-only
history-content,ask-a-historian,Roosevelt's Tree Army,/history-content/ask-a-historian/24601,history-content/ask-a-historian/roosevelts-tree-army-24601.md,7,4,2,0,1,0,0,0,0,1,0,2,fix-links-only
history-content,ask-a-historian,Russian Ships at Pearl Harbor?,/history-content/ask-a-historian/23489,history-content/ask-a-historian/russian-ships-at-pearl-harbor-23489.md,9,8,1,0,0,0,0,0,0,9,0,1,fix-links-only
history-content,ask-a-historian,Separation of Church and State,/history-content/ask-a-historian/24441,history-content/ask-a-historian/separation-of-church-and-state-24441.md,5,3,0,0,0,0,0,2,0,2,0,0,fix-links-only
history-content,ask-a-historian,Significant Changes in Teaching History over the Past Decade,/history-content/ask-a-historian/21576,history-content/ask-a-historian/significant-changes-in-teaching-history-over-the-past-decade-21576.md,2,1,0,0,0,0,0,1,0,2,0,0,fix-links-only
history-content,ask-a-historian,Spy in a Petticoat,/history-content/ask-a-historian/23840,history-content/ask-a-historian/spy-in-a-petticoat-23840.md,9,7,1,0,0,0,0,1,0,1,0,1,fix-links-only
history-content,ask-a-historian,Stonewall Jackson and the Battle of Chancellorsville,/history-content/ask-a-historian/23951,history-content/ask-a-historian/stonewall-jackson-and-the-battle-of-chancellorsville-23951.md,2,1,1,0,0,0,0,0,0,0,0,1,fix-links-only
history-content,ask-a-historian,Supreme Court Nominations,/history-content/ask-a-historian/22435,history-content/ask-a-historian/supreme-court-nominations-22435.md,1,0,0,0,0,0,1,0,0,1,0,0,fix-links-only
history-content,ask-a-historian,Tax Rates of the Mid-20th Century,/history-content/ask-a-historian/24489,history-content/ask-a-historian/tax-rates-of-the-mid-20th-century-24489.md,6,5,0,0,0,0,0,1,0,6,0,0,fix-links-only
history-content,ask-a-historian,Taxation to Revolution,/history-content/ask-a-historian/24415,history-content/ask-a-historian/taxation-to-revolution-24415.md,4,3,1,0,0,0,0,0,0,3,0,1,fix-links-only
history-content,ask-a-historian,Texas and Mexico: Centers for Cultural Collision,/history-content/ask-a-historian/25470,history-content/ask-a-historian/texas-and-mexico-centers-for-cultural-collision-25470.md,4,3,0,0,1,0,0,0,0,0,0,0,fix-links-only
history-content,ask-a-historian,The Era of Reform,/history-content/ask-a-historian/24100,history-content/ask-a-historian/the-era-of-reform-24100.md,4,1,0,0,0,0,0,3,0,4,0,0,fix-links-only
history-content,ask-a-historian,The Memphis Belle,/history-content/ask-a-historian/25098,history-content/ask-a-historian/the-memphis-belle-25098.md,5,4,1,0,0,0,0,0,0,2,0,1,fix-links-only
history-content,ask-a-historian,The Origins of the Service Flag,/history-content/ask-a-historian/25716,history-content/ask-a-historian/the-origins-of-the-service-flag-25716.md,3,2,1,0,0,0,0,0,0,1,0,1,fix-links-only
history-content,ask-a-historian,The Possible Path of Barnard Bee,/history-content/ask-a-historian/24254,history-content/ask-a-historian/the-possible-path-of-barnard-bee-24254.md,3,2,0,0,0,1,0,0,0,0,0,0,fix-links-only
history-content,ask-a-historian,The Proclamation of 1763,/history-content/ask-a-historian/25374,history-content/ask-a-historian/the-proclamation-of-1763-25374.md,5,1,2,1,0,0,0,1,0,1,0,3,fix-links-only
history-content,ask-a-historian,The Ways West,/history-content/ask-a-historian/24501,history-content/ask-a-historian/the-ways-west-24501.md,4,2,1,0,0,0,0,1,0,3,0,1,fix-links-only
history-content,ask-a-historian,Tips to Trappers,/history-content/ask-a-historian/23936,history-content/ask-a-historian/tips-to-trappers-23936.md,2,1,1,0,0,0,0,0,0,2,0,1,fix-links-only
history-content,ask-a-historian,Trailing Lewis and Clark,/history-content/ask-a-historian/24290,history-content/ask-a-historian/trailing-lewis-and-clark-24290.md,1,0,0,0,0,0,0,1,0,1,0,0,fix-links-only
history-content,ask-a-historian,True Americans in the Cold War,/history-content/ask-a-historian/23933,history-content/ask-a-historian/true-americans-in-the-cold-war-23933.md,6,1,3,0,1,0,0,1,0,0,0,3,fix-links-only
history-content,ask-a-historian,Typical in the 1930s,/history-content/ask-a-historian/14559,history-content/ask-a-historian/typical-in-the-1930s-14559.md,1,0,0,1,0,0,0,0,0,1,0,1,fix-links-only
history-content,ask-a-historian,Voting Rights and the 14th Amendment,/history-content/ask-a-historian/23652,history-content/ask-a-historian/voting-rights-and-the-14th-amendment-23652.md,3,2,0,0,0,0,0,1,0,1,0,0,fix-links-only
history-content,ask-a-historian,Who Earned a Medal for Cutting Costs by Starving Confederate Prisoners?,/history-content/ask-a-historian/20632,history-content/ask-a-historian/who-earned-a-medal-for-cutting-costs-by-starving-confederate-prisoners-20632.md,1,0,0,0,1,0,0,0,0,1,0,0,fix-links-only
history-content,ask-a-historian,Who Invented the Telephone?,/history-content/ask-a-historian/22481,history-content/ask-a-historian/who-invented-the-telephone-22481.md,9,3,5,0,1,0,0,0,0,4,2,3,fix-links-only
history-content,ask-a-historian,Why Did President Polk Want War with Mexico?,/history-content/ask-a-historian/22205,history-content/ask-a-historian/why-did-president-polk-want-war-with-mexico-22205.md,1,0,1,0,0,0,0,0,0,1,1,0,fix-links-only
history-content,ask-a-historian,With or Without Slavery?,/history-content/ask-a-historian/23797,history-content/ask-a-historian/with-or-without-slavery-23797.md,1,0,0,0,1,0,0,0,0,0,0,0,fix-links-only
history-content,beyond-the-textbook,Jim Crow Segregation: The Difficult and Anti-Democratic Work of White Supremacy,/history-content/beyond-the-textbook/24693,history-content/beyond-the-textbook/jim-crow-segregation-the-difficult-and-anti-democratic-work-of-white-supremacy-24693.md,2,1,1,0,0,0,0,0,0,0,0,1,fix-links-only
history-content,beyond-the-textbook,The Modern Civil Rights Movement: A River of Purposeful Anger,/history-content/beyond-the-textbook/24317,history-content/beyond-the-textbook/the-modern-civil-rights-movement-a-river-of-purposeful-anger-24317.md,5,2,1,1,0,0,1,0,0,0,0,2,fix-links-only
history-content,national-resources,Anacostia Community Museum,/history-content/national-resources/23496,history-content/national-resources/anacostia-community-museum-23496.md,9,1,1,0,0,0,0,7,0,0,0,1,delete-page-candidate
history-content,national-resources,Architect of the Capitol,/history-content/national-resources/23801,history-content/national-resources/architect-of-the-capitol-23801.md,4,2,2,0,0,0,0,0,0,0,1,1,delete-page-candidate
history-content,national-resources,"Bureau of Alcohol, Tobacco, Firearms, and Explosives",/history-content/national-resources/22889,history-content/national-resources/bureau-of-alcohol-tobacco-firearms-and-explosives-22889.md,2,1,1,0,0,0,0,0,0,0,0,1,delete-page-candidate
history-content,national-resources,Bureau of Justice Statistics,/history-content/national-resources/23824,history-content/national-resources/bureau-of-justice-statistics-23824.md,4,0,0,4,0,0,0,0,0,0,0,4,delete-page-candidate
history-content,national-resources,Bureau of Labor Statistics,/history-content/national-resources/23800,history-content/national-resources/bureau-of-labor-statistics-23800.md,5,0,0,1,4,0,0,0,0,0,0,1,delete-page-candidate
history-content,national-resources,Center for Disease Control and Prevention,/history-content/national-resources/22511,history-content/national-resources/center-for-disease-control-and-prevention-22511.md,8,2,3,0,1,0,0,2,0,0,0,3,delete-page-candidate
history-content,national-resources,Central Intelligence Agency,/history-content/national-resources/22463,history-content/national-resources/central-intelligence-agency-22463.md,14,4,9,0,0,0,0,1,0,0,0,9,delete-page-candidate
history-content,national-resources,Federal Emergency Management Agency,/history-content/national-resources/23424,history-content/national-resources/federal-emergency-management-agency-23424.md,11,7,4,0,0,0,0,0,0,0,1,3,delete-page-candidate
history-content,national-resources,Federal Highway Administration,/history-content/national-resources/22915,history-content/national-resources/federal-highway-administration-22915.md,6,5,0,1,0,0,0,0,0,0,0,1,delete-page-candidate
history-content,national-resources,Federal Judicial Center,/history-content/national-resources/19191,history-content/national-resources/federal-judicial-center-19191.md,6,4,0,0,0,0,2,0,0,0,0,0,fix-links-only
history-content,national-resources,Federal Judiciary,/history-content/national-resources/22888,history-content/national-resources/federal-judiciary-22888.md,8,7,0,0,0,0,0,1,0,0,0,0,fix-links-only
history-content,national-resources,Federal Resources for Educational Excellence,/history-content/national-resources/19198,history-content/national-resources/federal-resources-for-educational-excellence-19198.md,5,3,2,0,0,0,0,0,0,0,1,1,delete-page-candidate
history-content,national-resources,Government Printing Office,/history-content/national-resources/21919,history-content/national-resources/government-printing-office-21919.md,13,7,0,1,0,0,5,0,0,0,0,1,delete-page-candidate
history-content,national-resources,Hirshhorn Museum and Sculpture Garden,/history-content/national-resources/23455,history-content/national-resources/hirshhorn-museum-and-sculpture-garden-23455.md,3,0,0,0,0,0,0,3,0,0,0,0,fix-links-only
history-content,national-resources,Indian Health Service,/history-content/national-resources/22942,history-content/national-resources/indian-health-service-22942.md,6,2,4,0,0,0,0,0,0,0,0,4,delete-page-candidate
history-content,national-resources,James Madison Memorial Fellowship Foundation,/history-content/national-resources/25563,history-content/national-resources/james-madison-memorial-fellowship-foundation-25563.md,3,1,2,0,0,0,0,0,0,0,0,2,delete-page-candidate
history-content,national-resources,Library of Congress,/history-content/national-resources/19183,history-content/national-resources/library-of-congress-19183.md,4,2,1,1,0,0,0,0,0,1,0,2,delete-page-candidate
history-content,national-resources,Los Alamos National Laboratory,/history-content/national-resources/22916,history-content/national-resources/los-alamos-national-laboratory-22916.md,5,4,1,0,0,0,0,0,0,0,0,1,delete-page-candidate
history-content,national-resources,Military History,/history-content/national-resources/19187,history-content/national-resources/military-history-19187.md,10,7,2,0,0,0,0,1,0,0,0,2,delete-page-candidate
history-content,national-resources,Mine Safety and Health Administration,/history-content/national-resources/23789,history-content/national-resources/mine-safety-and-health-administration-23789.md,7,6,1,0,0,0,0,0,0,0,0,1,delete-page-candidate
history-content,national-resources,National Aeronautics and Space Administration,/history-content/national-resources/21780,history-content/national-resources/national-aeronautics-and-space-administration-21780.md,3,1,0,0,2,0,0,0,0,0,0,0,fix-links-only
history-content,national-resources,National Agricultural Statistics Service,/history-content/national-resources/23720,history-content/national-resources/national-agricultural-statistics-service-23720.md,3,2,1,0,0,0,0,0,0,0,0,1,delete-page-candidate
history-content,national-resources,National Air and Space Museum,/history-content/national-resources/23514,history-content/national-resources/national-air-and-space-museum-23514.md,15,14,1,0,0,0,0,0,0,0,1,0,salvage-wayback
history-content,national-resources,National Archives and Records Administration,/history-content/national-resources/19184,history-content/national-resources/national-archives-and-records-administration-19184.md,13,9,0,4,0,0,0,0,0,0,0,4,delete-page-candidate
history-content,national-resources,National Atlas,/history-content/national-resources/22464,history-content/national-resources/national-atlas-22464.md,3,1,0,0,1,0,0,0,1,0,0,0,fix-links-only
history-content,national-resources,National Center for Education Statistics,/history-content/national-resources/22958,history-content/national-resources/national-center-for-education-statistics-22958.md,11,10,0,0,0,0,0,1,0,0,0,0,fix-links-only
history-content,national-resources,National Endowment for the Arts,/history-content/national-resources/23723,history-content/national-resources/national-endowment-for-the-arts-23723.md,6,1,5,0,0,0,0,0,0,0,0,5,delete-page-candidate
history-content,national-resources,National Endowment for the Humanities,/history-content/national-resources/19199,history-content/national-resources/national-endowment-for-the-humanities-19199.md,7,2,0,0,4,0,0,1,0,0,0,0,fix-links-only
history-content,national-resources,National Institute for Literacy,/history-content/national-resources/23784,history-content/national-resources/national-institute-for-literacy-23784.md,6,3,0,0,0,0,3,0,0,0,0,0,fix-links-only
history-content,national-resources,National Institutes of Health,/history-content/national-resources/21784,history-content/national-resources/national-institutes-of-health-21784.md,7,6,1,0,0,0,0,0,0,0,0,1,delete-page-candidate
history-content,national-resources,National Museum of African American History and Culture,/history-content/national-resources/25762,history-content/national-resources/national-museum-of-african-american-history-and-culture-25762.md,8,4,0,0,0,0,0,4,0,3,0,0,fix-links-only
history-content,national-resources,National Museum of African Art,/history-content/national-resources/23486,history-content/national-resources/national-museum-of-african-art-23486.md,10,0,0,0,0,0,0,10,0,0,0,0,fix-links-only
history-content,national-resources,National Museum of American History,/history-content/national-resources/23516,history-content/national-resources/national-museum-of-american-history-23516.md,7,0,2,0,0,0,0,5,0,1,2,0,salvage-wayback
history-content,national-resources,National Museum of Natural History,/history-content/national-resources/23588,history-content/national-resources/national-museum-of-natural-history-23588.md,12,0,9,0,0,0,0,3,0,0,1,8,delete-page-candidate
history-content,national-resources,National Museum of the American Indian,/history-content/national-resources/23584,history-content/national-resources/national-museum-of-the-american-indian-23584.md,2,1,0,0,0,0,0,1,0,0,0,0,fix-links-only
history-content,national-resources,National Oceanic and Atmospheric Administration,/history-content/national-resources/19200,history-content/national-resources/national-oceanic-and-atmospheric-administration-19200.md,5,3,2,0,0,0,0,0,0,0,0,2,delete-page-candidate
history-content,national-resources,National Park Service,/history-content/national-resources/19186,history-content/national-resources/national-park-service-19186.md,8,6,2,0,0,0,0,0,0,0,0,2,delete-page-candidate
history-content,national-resources,National Portrait Gallery,/history-content/national-resources/23612,history-content/national-resources/national-portrait-gallery-23612.md,11,0,1,0,0,0,0,10,0,0,0,1,delete-page-candidate
history-content,national-resources,National Postal Museum,/history-content/national-resources/23457,history-content/national-resources/national-postal-museum-23457.md,15,7,5,0,0,0,3,0,0,0,1,4,delete-page-candidate
history-content,national-resources,Office of Special Education and Rehabilitative Services,/history-content/national-resources/23669,history-content/national-resources/office-of-special-education-and-rehabilitative-services-23669.md,5,4,1,0,0,0,0,0,0,0,0,1,delete-page-candidate
history-content,national-resources,Peace Corps,/history-content/national-resources/23446,history-content/national-resources/peace-corps-23446.md,3,0,1,0,0,0,0,2,0,0,0,1,delete-page-candidate
history-content,national-resources,Preserve America,/history-content/national-resources/19185,history-content/national-resources/preserve-america-19185.md,1,0,1,0,0,0,0,0,0,0,0,1,delete-page-candidate
history-content,national-resources,Presidents of the United States,/history-content/national-resources/19197,history-content/national-resources/presidents-of-the-united-states-19197.md,2,1,1,0,0,0,0,0,0,0,0,1,delete-page-candidate
history-content,national-resources,Selective Service System,/history-content/national-resources/22962,history-content/national-resources/selective-service-system-22962.md,8,5,3,0,0,0,0,0,0,0,1,2,delete-page-candidate
history-content,national-resources,Smithsonian,/history-content/national-resources/19188,history-content/national-resources/smithsonian-19188.md,4,2,1,0,0,0,0,1,0,3,0,1,delete-page-candidate
history-content,national-resources,"Smithsonian Cooper-Hewitt, National Design Museum",/history-content/national-resources/23497,history-content/national-resources/smithsonian-cooper-hewitt-national-design-museum-23497.md,10,6,3,1,0,0,0,0,0,0,0,4,delete-page-candidate
history-content,national-resources,Society for History in the Federal Government,/history-content/national-resources/21785,history-content/national-resources/society-for-history-in-the-federal-government-21785.md,9,6,1,1,1,0,0,0,0,0,0,2,delete-page-candidate
history-content,national-resources,Students Abroad,/history-content/national-resources/23447,history-content/national-resources/students-abroad-23447.md,1,0,0,0,1,0,0,0,0,0,0,0,fix-links-only
history-content,national-resources,Team Ships,/history-content/national-resources/23678,history-content/national-resources/team-ships-23678.md,2,0,2,0,0,0,0,0,0,0,1,1,delete-page-candidate
history-content,national-resources,Tennessee Valley Authority,/history-content/national-resources/23637,history-content/national-resources/tennessee-valley-authority-23637.md,5,1,0,0,0,0,0,4,0,0,0,0,fix-links-only
history-content,national-resources,U.S. Air Force,/history-content/national-resources/22483,history-content/national-resources/us-air-force-22483.md,7,6,1,0,0,0,0,0,0,0,0,1,delete-page-candidate
history-content,national-resources,U.S. Army,/history-content/national-resources/22407,history-content/national-resources/us-army-22407.md,11,10,1,0,0,0,0,0,0,0,0,1,delete-page-candidate
history-content,national-resources,U.S. Census Bureau,/history-content/national-resources/22692,history-content/national-resources/us-census-bureau-22692.md,9,8,1,0,0,0,0,0,0,0,0,1,delete-page-candidate
history-content,national-resources,U.S. Coast Guard,/history-content/national-resources/22462,history-content/national-resources/us-coast-guard-22462.md,17,6,11,0,0,0,0,0,0,0,0,11,delete-page-candidate
history-content,national-resources,U.S. Department of Veterans Affairs,/history-content/national-resources/22641,history-content/national-resources/us-department-of-veterans-affairs-22641.md,4,2,1,1,0,0,0,0,0,0,0,2,delete-page-candidate
history-content,national-resources,U.S. Drug Enforcement Agency,/history-content/national-resources/22624,history-content/national-resources/us-drug-enforcement-agency-22624.md,4,0,0,0,0,0,0,4,0,0,0,0,fix-links-only
history-content,national-resources,U.S. Fire Administration,/history-content/national-resources/23425,history-content/national-resources/us-fire-administration-23425.md,5,3,1,0,1,0,0,0,0,0,1,0,salvage-wayback
history-content,national-resources,U.S. Fish and Wildlife Service,/history-content/national-resources/25605,history-content/national-resources/us-fish-and-wildlife-service-25605.md,15,13,2,0,0,0,0,0,0,0,0,2,delete-page-candidate
history-content,national-resources,U.S. Geological Survey,/history-content/national-resources/22625,history-content/national-resources/us-geological-survey-22625.md,5,3,2,0,0,0,0,0,0,0,0,2,delete-page-candidate
history-content,national-resources,U.S. Holocaust Memorial Museum,/history-content/national-resources/19189,history-content/national-resources/us-holocaust-memorial-museum-19189.md,7,5,2,0,0,0,0,0,0,0,0,2,delete-page-candidate
history-content,national-resources,"U.S. House of Representatives, Office of the Clerk",/history-content/national-resources/19228,history-content/national-resources/us-house-of-representatives-office-of-the-clerk-19228.md,7,6,0,0,0,0,0,1,0,0,0,0,fix-links-only
history-content,national-resources,U.S. Mint,/history-content/national-resources/22477,history-content/national-resources/us-mint-22477.md,6,0,0,0,0,0,0,6,0,0,0,0,fix-links-only
history-content,national-resources,U.S. Navy,/history-content/national-resources/22405,history-content/national-resources/us-navy-22405.md,3,1,2,0,0,0,0,0,0,0,0,2,delete-page-candidate
history-content,national-resources,U.S. Patent and Trademark Office,/history-content/national-resources/21920,history-content/national-resources/us-patent-and-trademark-office-21920.md,10,5,5,0,0,0,0,0,0,0,0,5,delete-page-candidate
history-content,national-resources,U.S. Secret Service,/history-content/national-resources/23639,history-content/national-resources/us-secret-service-23639.md,2,1,1,0,0,0,0,0,0,0,0,1,delete-page-candidate
history-content,national-resources,U.S. Senate Historical Office,/history-content/national-resources/19195,history-content/national-resources/us-senate-historical-office-19195.md,7,4,0,0,0,0,3,0,0,0,0,0,fix-links-only
history-content,website-reviews,"100 Years of Parcels, Packages, and Packets, Oh My!",/history-content/website-reviews/25812,history-content/website-reviews/100-years-of-parcels-packages-and-packets-oh-my-25812.md,1,0,0,0,0,0,0,1,0,0,0,0,fix-links-only
history-content,website-reviews,1939 World's Fair Photograph Collection,/history-content/website-reviews/23221,history-content/website-reviews/1939-worlds-fair-photograph-collection-23221.md,1,0,0,0,1,0,0,0,0,0,0,0,fix-links-only
history-content,website-reviews,9/11 Memorial,/history-content/website-reviews/25042,history-content/website-reviews/911-memorial-25042.md,7,4,3,0,0,0,0,0,0,0,0,3,delete-page-candidate
history-content,website-reviews,A Brush With History: Paintings from the National Portrait Gallery,/history-content/website-reviews/23118,history-content/website-reviews/a-brush-with-history-paintings-from-the-national-portrait-gallery-23118.md,1,0,0,0,0,0,0,1,0,0,0,0,fix-links-only
history-content,website-reviews,A Century of Progress: The 1933-34 Chicago World's Fair,/history-content/website-reviews/22739,history-content/website-reviews/a-century-of-progress-the-1933-34-chicago-worlds-fair-22739.md,1,0,0,0,1,0,0,0,0,0,0,0,fix-links-only
history-content,website-reviews,A Civil War Soldier in the Wild Cat Regiment,/history-content/website-reviews/22999,history-content/website-reviews/a-civil-war-soldier-in-the-wild-cat-regiment-22999.md,1,0,1,0,0,0,0,0,0,0,1,0,salvage-wayback
history-content,website-reviews,A More Perfect Union,/history-content/website-reviews/23033,history-content/website-reviews/a-more-perfect-union-23033.md,1,0,0,0,0,0,0,1,0,0,0,0,fix-links-only
history-content,website-reviews,A Portion of the People: Three Hundred Years of Southern Jewish Life,/history-content/website-reviews/22716,history-content/website-reviews/a-portion-of-the-people-three-hundred-years-of-southern-jewish-life-22716.md,1,0,1,0,0,0,0,0,0,0,0,1,delete-page-candidate
history-content,website-reviews,A Sailor's Life for Me!,/history-content/website-reviews/25377,history-content/website-reviews/a-sailors-life-for-me-25377.md,9,5,4,0,0,0,0,0,0,0,0,4,delete-page-candidate
history-content,website-reviews,A Southern Mill Village: History of Old West Durham,/history-content/website-reviews/23119,history-content/website-reviews/a-southern-mill-village-history-of-old-west-durham-23119.md,1,0,1,0,0,0,0,0,0,0,1,0,salvage-wayback
history-content,website-reviews,"A Visual Journey: Photographs by Lisa Law, 1965-1971",/history-content/website-reviews/23135,history-content/website-reviews/a-visual-journey-photographs-by-lisa-law-1965-1971-23135.md,1,0,0,0,0,0,0,1,0,0,0,0,fix-links-only
history-content,website-reviews,ABMC Education,/history-content/website-reviews/25840,history-content/website-reviews/abmc-education-25840.md,3,0,3,0,0,0,0,0,0,0,1,2,delete-page-candidate
history-content,website-reviews,ABMC War Dead Database,/history-content/website-reviews/25817,history-content/website-reviews/abmc-war-dead-database-25817.md,3,1,1,1,0,0,0,0,0,0,1,1,delete-page-candidate
history-content,website-reviews,Abraham Lincoln Historical Digitization Project,/history-content/website-reviews/14736,history-content/website-reviews/abraham-lincoln-historical-digitization-project-14736.md,1,0,1,0,0,0,0,0,0,0,0,1,delete-page-candidate
history-content,website-reviews,Abraham Lincoln Papers,/history-content/website-reviews/14742,history-content/website-reviews/abraham-lincoln-papers-14742.md,1,0,1,0,0,0,0,0,0,0,0,1,delete-page-candidate
history-content,website-reviews,Abraham Lincoln Presidential Library and Museum,/history-content/website-reviews/23270,history-content/website-reviews/abraham-lincoln-presidential-library-and-museum-23270.md,4,1,0,3,0,0,0,0,0,0,0,3,delete-page-candidate
history-content,website-reviews,Accessible Archives,/history-content/website-reviews/14612,history-content/website-reviews/accessible-archives-14612.md,1,0,1,0,0,0,0,0,0,0,1,0,salvage-wayback
history-content,website-reviews,Ad*Access,/history-content/website-reviews/14675,history-content/website-reviews/adaccess-14675.md,1,0,0,0,1,0,0,0,0,0,0,0,fix-links-only
history-content,website-reviews,AdFlip,/history-content/website-reviews/23155,history-content/website-reviews/adflip-23155.md,1,0,1,0,0,0,0,0,0,0,1,0,salvage-wayback
history-content,website-reviews,African-American Experience in Ohio: From the Ohio Historical Society,/history-content/website-reviews/14822,history-content/website-reviews/african-american-experience-in-ohio-from-the-ohio-historical-society-14822.md,1,0,1,0,0,0,0,0,0,0,0,1,delete-page-candidate
history-content,website-reviews,African-American Perspectives: Pamphlets from 1818-1907,/history-content/website-reviews/14834,history-content/website-reviews/african-american-perspectives-pamphlets-from-1818-1907-14834.md,1,0,1,0,0,0,0,0,0,0,1,0,salvage-wayback
history-content,website-reviews,"African American Sheet Music, 1850-1920",/history-content/website-reviews/23390,history-content/website-reviews/african-american-sheet-music-1850-1920-23390.md,1,0,1,0,0,0,0,0,0,0,1,0,salvage-wayback
history-content,website-reviews,African American Women,/history-content/website-reviews/22798,history-content/website-reviews/african-american-women-22798.md,1,0,1,0,0,0,0,0,0,0,0,1,delete-page-candidate
history-content,website-reviews,African American Women Writers of the 19th Century,/history-content/website-reviews/14832,history-content/website-reviews/african-american-women-writers-of-the-19th-century-14832.md,1,0,0,0,1,0,0,0,0,0,0,0,fix-links-only
history-content,website-reviews,African Americans in the Harmon Foundation Collection,/history-content/website-reviews/23329,history-content/website-reviews/african-americans-in-the-harmon-foundation-collection-23329.md,1,0,0,0,0,0,0,1,0,0,0,0,fix-links-only
history-content,website-reviews,African Americans in the Spanish Civil War,/history-content/website-reviews/22987,history-content/website-reviews/african-americans-in-the-spanish-civil-war-22987.md,1,0,1,0,0,0,0,0,0,0,1,0,salvage-wayback
history-content,website-reviews,After the Day of Infamy,/history-content/website-reviews/14692,history-content/website-reviews/after-the-day-of-infamy-14692.md,1,0,1,0,0,0,0,0,0,0,0,1,delete-page-candidate
history-content,website-reviews,AIDS at 20,/history-content/website-reviews/14778,history-content/website-reviews/aids-at-20-14778.md,1,0,0,0,1,0,0,0,0,0,0,0,fix-links-only
history-content,website-reviews,Alexander Graham Bell Family Papers,/history-content/website-reviews/14833,history-content/website-reviews/alexander-graham-bell-family-papers-14833.md,1,0,1,0,0,0,0,0,0,0,1,0,salvage-wayback
history-content,website-reviews,Alexander Hamilton: The Man Who Made Modern America,/history-content/website-reviews/23014,history-content/website-reviews/alexander-hamilton-the-man-who-made-modern-america-23014.md,1,0,0,0,0,0,0,1,0,0,0,0,fix-links-only
history-content,website-reviews,All Hands on Deck,/history-content/website-reviews/25369,history-content/website-reviews/all-hands-on-deck-25369.md,5,4,1,0,0,0,0,0,0,0,0,1,delete-page-candidate
history-content,website-reviews,"America at Work, America at Leisure: Motion Pictures from 1894-1915",/history-content/website-reviews/14758,history-content/website-reviews/america-at-work-america-at-leisure-motion-pictures-from-1894-1915-14758.md,1,0,1,0,0,0,0,0,0,0,1,0,salvage-wayback
history-content,website-reviews,America: History and Life,/history-content/website-reviews/22649,history-content/website-reviews/america-history-and-life-22649.md,1,0,0,1,0,0,0,0,0,0,0,1,delete-page-candidate
history-content,website-reviews,America Singing: 19th-century Song Sheets,/history-content/website-reviews/23094,history-content/website-reviews/america-singing-19th-century-song-sheets-23094.md,1,0,1,0,0,0,0,0,0,0,1,0,salvage-wayback
history-content,website-reviews,American Archive of Public Broadcasting,/history-content/website-reviews/25816,history-content/website-reviews/american-archive-of-public-broadcasting-25816.md,1,0,1,0,0,0,0,0,0,0,1,0,salvage-wayback
history-content,website-reviews,"American Broadsides and Ephemera, Series I, 1760-1900",/history-content/website-reviews/22612,history-content/website-reviews/american-broadsides-and-ephemera-series-i-1760-1900-22612.md,1,0,1,0,0,0,0,0,0,0,1,0,salvage-wayback
history-content,website-reviews,"American Colonization Society Collection: Maps of Liberia, 1830-1870",/history-content/website-reviews/23162,history-content/website-reviews/american-colonization-society-collection-maps-of-liberia-1830-1870-23162.md,1,0,1,0,0,0,0,0,0,0,1,0,salvage-wayback
history-content,website-reviews,American Family Immigration History Center,/history-content/website-reviews/14669,history-content/website-reviews/american-family-immigration-history-center-14669.md,1,0,0,1,0,0,0,0,0,0,0,1,delete-page-candidate
history-content,website-reviews,American Historical Association,/history-content/website-reviews/22592,history-content/website-reviews/american-historical-association-22592.md,1,0,0,0,0,0,0,1,0,0,0,0,fix-links-only
history-content,website-reviews,American Indians of the Pacific Northwest,/history-content/website-reviews/14616,history-content/website-reviews/american-indians-of-the-pacific-northwest-14616.md,1,0,1,0,0,0,0,0,0,0,0,1,delete-page-candidate
history-content,website-reviews,American Journeys,/history-content/website-reviews/14721,history-content/website-reviews/american-journeys-14721.md,1,0,0,0,1,0,0,0,0,0,0,0,fix-links-only
history-content,website-reviews,"American Landscape and Architectural Design, 1850-1920",/history-content/website-reviews/23312,history-content/website-reviews/american-landscape-and-architectural-design-1850-1920-23312.md,1,0,0,0,1,0,0,0,0,0,0,0,fix-links-only
history-content,website-reviews,American Leaders Speak: Recordings from World War I and the 1920 Election,/history-content/website-reviews/14668,history-content/website-reviews/american-leaders-speak-recordings-from-world-war-i-and-the-1920-election-14668.md,1,0,1,0,0,0,0,0,0,0,1,0,salvage-wayback
history-content,website-reviews,American Memory: Historical Collections for the National Digital Library,/history-content/website-reviews/14632,history-content/website-reviews/american-memory-historical-collections-for-the-national-digital-library-14632.md,2,1,0,0,0,0,0,1,0,0,0,0,fix-links-only
history-content,website-reviews,American Memory Learning Page,/history-content/website-reviews/22996,history-content/website-reviews/american-memory-learning-page-22996.md,1,0,1,0,0,0,0,0,0,0,1,0,salvage-wayback
history-content,website-reviews,American Museum of Photography,/history-content/website-reviews/22832,history-content/website-reviews/american-museum-of-photography-22832.md,12,9,0,3,0,0,0,0,0,0,0,3,delete-page-candidate
history-content,website-reviews,"American Notes: Travels in America, 1750-1920",/history-content/website-reviews/23304,history-content/website-reviews/american-notes-travels-in-america-1750-1920-23304.md,1,0,1,0,0,0,0,0,0,0,1,0,salvage-wayback
history-content,website-reviews,American Photography: A Century of Images,/history-content/website-reviews/22977,history-content/website-reviews/american-photography-a-century-of-images-22977.md,3,0,3,0,0,0,0,0,0,0,0,3,delete-page-candidate
history-content,website-reviews,American Radicalism Collection,/history-content/website-reviews/14812,history-content/website-reviews/american-radicalism-collection-14812.md,1,0,1,0,0,0,0,0,0,0,1,0,salvage-wayback
history-content,website-reviews,AMERICAN REVOLUTION 2019,/history-content/website-reviews/25826,history-content/website-reviews/american-revolution-2019-25826.md,1,0,1,0,0,0,0,0,0,0,1,0,salvage-wayback
history-content,website-reviews,American Slave Narratives,/history-content/website-reviews/22750,history-content/website-reviews/american-slave-narratives-22750.md,1,0,1,0,0,0,0,0,0,0,1,0,salvage-wayback
history-content,website-reviews,"American State Papers, 1789-1838",/history-content/website-reviews/22613,history-content/website-reviews/american-state-papers-1789-1838-22613.md,1,0,1,0,0,0,0,0,0,0,1,0,salvage-wayback
history-content,website-reviews,American Time Capsule: Three Centuries of Broadsides and Printed Ephemera,/history-content/website-reviews/14787,history-content/website-reviews/american-time-capsule-three-centuries-of-broadsides-and-printed-ephemera-14787.md,1,0,1,0,0,0,0,0,0,0,1,0,salvage-wayback
history-content,website-reviews,American Transcendentalism Web,/history-content/website-reviews/14738,history-content/website-reviews/american-transcendentalism-web-14738.md,1,0,0,0,1,0,0,0,0,0,0,0,fix-links-only
history-content,website-reviews,American Turning Point: The Civil War in Virginia,/history-content/website-reviews/25231,history-content/website-reviews/american-turning-point-the-civil-war-in-virginia-25231.md,3,2,1,0,0,0,0,0,0,0,1,0,salvage-wayback
history-content,website-reviews,"American Variety Stage: Vaudeville and Popular Entertainment, 1870-1920",/history-content/website-reviews/14751,history-content/website-reviews/american-variety-stage-vaudeville-and-popular-entertainment-1870-1920-14751.md,2,1,1,0,0,0,0,0,0,1,1,0,salvage-wayback
history-content,website-reviews,American Women,/history-content/website-reviews/23290,history-content/website-reviews/american-women-23290.md,1,0,1,0,0,0,0,0,0,0,1,0,salvage-wayback
history-content,website-reviews,American Women's History: A Research Guide,/history-content/website-reviews/22830,history-content/website-reviews/american-womens-history-a-research-guide-22830.md,1,0,1,0,0,0,0,0,0,0,0,1,delete-page-candidate
history-content,website-reviews,"An American Ballroom Companion: Dance Instruction Manuals, ca. 1490-1920",/history-content/website-reviews/22794,history-content/website-reviews/an-american-ballroom-companion-dance-instruction-manuals-ca-1490-1920-22794.md,1,0,1,0,0,0,0,0,0,0,0,1,delete-page-candidate
history-content,website-reviews,An American Family: The Beecher Tradition,/history-content/website-reviews/23142,history-content/website-reviews/an-american-family-the-beecher-tradition-23142.md,1,0,1,0,0,0,0,0,0,0,1,0,salvage-wayback
history-content,website-reviews,Ancient Architects of the Mississippi,/history-content/website-reviews/22699,history-content/website-reviews/ancient-architects-of-the-mississippi-22699.md,1,0,1,0,0,0,0,0,0,0,1,0,salvage-wayback
history-content,website-reviews,Ansel Adams's Photographs of Japanese-American Internment at Manzanar,/history-content/website-reviews/14626,history-content/website-reviews/ansel-adamss-photographs-of-japanese-american-internment-at-manzanar-14626.md,1,0,1,0,0,0,0,0,0,0,1,0,salvage-wayback
history-content,website-reviews,"Anti-Saloon League, 1893-1933",/history-content/website-reviews/14757,history-content/website-reviews/anti-saloon-league-1893-1933-14757.md,1,0,1,0,0,0,0,0,0,0,1,0,salvage-wayback
history-content,website-reviews,Architecture and Interior Design for America: 1935-1955,/history-content/website-reviews/22809,history-content/website-reviews/architecture-and-interior-design-for-america-1935-1955-22809.md,1,0,1,0,0,0,0,0,0,0,0,1,delete-page-candidate
history-content,website-reviews,Archival Research Catalog (ARC),/history-content/website-reviews/14603,history-content/website-reviews/archival-research-catalog-arc-14603.md,1,0,0,1,0,0,0,0,0,0,0,1,delete-page-candidate
history-content,website-reviews,Archive of Early American Images,/history-content/website-reviews/14605,history-content/website-reviews/archive-of-early-american-images-14605.md,1,0,1,0,0,0,0,0,0,0,1,0,salvage-wayback
history-content,website-reviews,Archives of African American Music and Culture,/history-content/website-reviews/22597,history-content/website-reviews/archives-of-african-american-music-and-culture-22597.md,1,0,0,1,0,0,0,0,0,0,0,1,delete-page-candidate
history-content,website-reviews,"Archives of American Art, Oral History Collections",/history-content/website-reviews/23151,history-content/website-reviews/archives-of-american-art-oral-history-collections-23151.md,1,0,0,0,0,0,0,1,0,0,0,0,fix-links-only
history-content,website-reviews,Archiving Early America,/history-content/website-reviews/22766,history-content/website-reviews/archiving-early-america-22766.md,1,0,0,0,0,1,0,0,0,0,0,0,fix-links-only
history-content,website-reviews,Arizona State Museum,/history-content/website-reviews/23258,history-content/website-reviews/arizona-state-museum-23258.md,4,3,1,0,0,0,0,0,0,0,0,1,delete-page-candidate
history-content,website-reviews,"Around the World in the 1890s: Photographs, 1894-1896",/history-content/website-reviews/14619,history-content/website-reviews/around-the-world-in-the-1890s-photographs-1894-1896-14619.md,1,0,1,0,0,0,0,0,0,0,1,0,salvage-wayback
history-content,website-reviews,Atlanta in the Civil Rights Movement,/history-content/website-reviews/22601,history-content/website-reviews/atlanta-in-the-civil-rights-movement-22601.md,1,0,1,0,0,0,0,0,0,0,1,0,salvage-wayback
history-content,website-reviews,"Augustana College Library, Digital Projects",/history-content/website-reviews/22857,history-content/website-reviews/augustana-college-library-digital-projects-22857.md,2,1,1,0,0,0,0,0,0,0,1,0,salvage-wayback
history-content,website-reviews,Austin Treasures:  Online Exhibits from the Austin History Center,/history-content/website-reviews/23175,history-content/website-reviews/austin-treasures-online-exhibits-from-the-austin-history-center-23175.md,1,0,0,1,0,0,0,0,0,0,0,1,delete-page-candidate
history-content,website-reviews,Ballyhoo!: Posters as Portraiture,/history-content/website-reviews/25027,history-content/website-reviews/ballyhoo-posters-as-portraiture-25027.md,1,0,0,0,0,0,0,1,0,0,0,0,fix-links-only
history-content,website-reviews,Band Music from the Civil War Era,/history-content/website-reviews/23394,history-content/website-reviews/band-music-from-the-civil-war-era-23394.md,1,0,1,0,0,0,0,0,0,0,1,0,salvage-wayback
history-content,website-reviews,"Baseball Cards, 1887-1914",/history-content/website-reviews/23392,history-content/website-reviews/baseball-cards-1887-1914-23392.md,1,0,1,0,0,0,0,0,0,0,0,1,delete-page-candidate
history-content,website-reviews,Battle Lines: Letters from America's Wars,/history-content/website-reviews/14724,history-content/website-reviews/battle-lines-letters-from-americas-wars-14724.md,1,0,0,0,0,0,0,1,0,0,0,0,fix-links-only
history-content,website-reviews,Bay of Pigs Reports,/history-content/website-reviews/23141,history-content/website-reviews/bay-of-pigs-reports-23141.md,1,0,1,0,0,0,0,0,0,0,1,0,salvage-wayback
history-content,website-reviews,Before and After the Earthquake and Fire: Early Films of San Francisco,/history-content/website-reviews/23091,history-content/website-reviews/before-and-after-the-earthquake-and-fire-early-films-of-san-francisco-23091.md,1,0,1,0,0,0,0,0,0,0,1,0,salvage-wayback
history-content,website-reviews,Belgian-American Research Collection,/history-content/website-reviews/23045,history-content/website-reviews/belgian-american-research-collection-23045.md,1,0,0,0,1,0,0,0,0,0,0,0,fix-links-only
history-content,website-reviews,Best of History Websites,/history-content/website-reviews/23245,history-content/website-reviews/best-of-history-websites-23245.md,1,0,1,0,0,0,0,0,0,0,1,0,salvage-wayback
history-content,website-reviews,Betty H. Carter Women Veterans Historical Project,/history-content/website-reviews/25020,history-content/website-reviews/betty-h-carter-women-veterans-historical-project-25020.md,1,0,0,0,1,0,0,0,0,0,0,0,fix-links-only
history-content,website-reviews,Beyond Face Value: Depictions of Slavery in Confederate Currency,/history-content/website-reviews/23408,history-content/website-reviews/beyond-face-value-depictions-of-slavery-in-confederate-currency-23408.md,1,0,1,0,0,0,0,0,0,0,1,0,salvage-wayback
history-content,website-reviews,Beyond Words,/history-content/website-reviews/25823,history-content/website-reviews/beyond-words-25823.md,1,0,0,0,1,0,0,0,0,0,0,0,fix-links-only
history-content,website-reviews,Biddle Edition Archive,/history-content/website-reviews/22658,history-content/website-reviews/biddle-edition-archive-22658.md,1,0,1,0,0,0,0,0,0,0,1,0,salvage-wayback
history-content,website-reviews,Bisbee Deportation of 1917,/history-content/website-reviews/23401,history-content/website-reviews/bisbee-deportation-of-1917-23401.md,1,0,1,0,0,0,0,0,0,0,1,0,salvage-wayback
history-content,website-reviews,Bland County History Archives,/history-content/website-reviews/25024,history-content/website-reviews/bland-county-history-archives-25024.md,2,0,2,0,0,0,0,0,0,0,1,1,delete-page-candidate
history-content,website-reviews,"Born in Slavery: Slave Narratives from the Federal Writers' Project, 1936-1938",/history-content/website-reviews/14803,history-content/website-reviews/born-in-slavery-slave-narratives-from-the-federal-writers-project-1936-1938-14803.md,1,0,1,0,0,0,0,0,0,0,1,0,salvage-wayback
history-content,website-reviews,Boston Streets: Mapping Directory Data,/history-content/website-reviews/23021,history-content/website-reviews/boston-streets-mapping-directory-data-23021.md,5,4,1,0,0,0,0,0,0,0,1,0,salvage-wayback
history-content,website-reviews,"Bound for Glory: America in Color, 1939-1943",/history-content/website-reviews/22710,history-content/website-reviews/bound-for-glory-america-in-color-1939-1943-22710.md,2,1,1,0,0,0,0,0,0,1,1,0,salvage-wayback
history-content,website-reviews,"Brief Timeline of American Literature, Music, and Movies",/history-content/website-reviews/23196,history-content/website-reviews/brief-timeline-of-american-literature-music-and-movies-23196.md,1,0,1,0,0,0,0,0,0,0,1,0,salvage-wayback
history-content,website-reviews,Brittingham Family Lantern Slide Collection,/history-content/website-reviews/22723,history-content/website-reviews/brittingham-family-lantern-slide-collection-22723.md,1,0,0,0,1,0,0,0,0,0,0,0,fix-links-only
history-content,website-reviews,Brooklyn Daily Eagle Online (1841-1902),/history-content/website-reviews/23063,history-content/website-reviews/brooklyn-daily-eagle-online-1841-1902-23063.md,1,0,1,0,0,0,0,0,0,0,1,0,salvage-wayback
history-content,website-reviews,Brooklyn in the Civil War,/history-content/website-reviews/22740,history-content/website-reviews/brooklyn-in-the-civil-war-22740.md,1,0,0,0,1,0,0,0,0,0,0,0,fix-links-only
history-content,website-reviews,Brooklyn's Eighteenth-Century Lott House,/history-content/website-reviews/23177,history-content/website-reviews/brooklyns-eighteenth-century-lott-house-23177.md,2,1,1,0,0,0,0,0,0,0,1,0,salvage-wayback
history-content,website-reviews,Brown v. Board of Education,/history-content/website-reviews/14628,history-content/website-reviews/brown-v-board-of-education-14628.md,1,0,0,0,1,0,0,0,0,0,0,0,fix-links-only
history-content,website-reviews,Brown v. Board of Education 50th Anniversary Digital Archive,/history-content/website-reviews/23007,history-content/website-reviews/brown-v-board-of-education-50th-anniversary-digital-archive-23007.md,2,0,2,0,0,0,0,0,0,0,0,2,delete-page-candidate
history-content,website-reviews,"Buckaroos in Paradise: Ranching Culture in Northern Nevada, 1945-1982",/history-content/website-reviews/22795,history-content/website-reviews/buckaroos-in-paradise-ranching-culture-in-northern-nevada-1945-1982-22795.md,1,0,1,0,0,0,0,0,0,0,0,1,delete-page-candidate
history-content,website-reviews,Built in America: Historic American Buildings Survey and Engineering,/history-content/website-reviews/14782,history-content/website-reviews/built-in-america-historic-american-buildings-survey-and-engineering-14782.md,1,0,1,0,0,0,0,0,0,0,1,0,salvage-wayback
history-content,website-reviews,Business Plan Archive,/history-content/website-reviews/14780,history-content/website-reviews/business-plan-archive-14780.md,1,0,1,0,0,0,0,0,0,0,0,1,delete-page-candidate
history-content,website-reviews,"By Popular Demand: Portraits of the Presidents and First Ladies, 1789-Present",/history-content/website-reviews/22849,history-content/website-reviews/by-popular-demand-portraits-of-the-presidents-and-first-ladies-1789-present-22849.md,1,0,1,0,0,0,0,0,0,0,1,0,salvage-wayback
history-content,website-reviews,"By Popular Demand: ""Votes for Women"" Suffrage Pictures, 1850-1920",/history-content/website-reviews/22814,history-content/website-reviews/by-popular-demand-votes-for-women-suffrage-pictures-1850-1920-22814.md,2,1,1,0,0,0,0,0,0,1,1,0,salvage-wayback
history-content,website-reviews,"California as I Saw It: First-Person Narratives of California, 1849-1900",/history-content/website-reviews/14660,history-content/website-reviews/california-as-i-saw-it-first-person-narratives-of-california-1849-1900-14660.md,1,0,1,0,0,0,0,0,0,0,1,0,salvage-wayback
history-content,website-reviews,California Gold: Northern California Folk Music from the Thirties,/history-content/website-reviews/22588,history-content/website-reviews/california-gold-northern-california-folk-music-from-the-thirties-22588.md,1,0,1,0,0,0,0,0,0,0,1,0,salvage-wayback
history-content,website-reviews,"Calvin Coolidge, 30th President of the United States",/history-content/website-reviews/23255,history-content/website-reviews/calvin-coolidge-30th-president-of-the-united-states-23255.md,1,0,0,1,0,0,0,0,0,0,0,1,delete-page-candidate
history-content,website-reviews,Camping With the Sioux—Fieldwork Diary of Alice Cunningham Fletcher,/history-content/website-reviews/23102,history-content/website-reviews/camping-with-the-siouxfieldwork-diary-of-alice-cunningham-fletcher-23102.md,1,0,0,0,0,0,0,1,0,0,0,0,fix-links-only
history-content,website-reviews,"Centennial Exhibition, Philadelphia 1876",/history-content/website-reviews/14843,history-content/website-reviews/centennial-exhibition-philadelphia-1876-14843.md,1,0,1,0,0,0,0,0,0,0,1,0,salvage-wayback
history-content,website-reviews,Center for the Study of the American South,/history-content/website-reviews/22860,history-content/website-reviews/center-for-the-study-of-the-american-south-22860.md,1,0,0,0,0,0,0,1,0,0,0,0,fix-links-only
history-content,website-reviews,Center for the Study of Upper Midwestern Culture,/history-content/website-reviews/24156,history-content/website-reviews/center-for-the-study-of-upper-midwestern-culture-24156.md,1,0,0,1,0,0,0,0,0,0,0,1,delete-page-candidate
history-content,website-reviews,Center for Working-Class Studies,/history-content/website-reviews/22804,history-content/website-reviews/center-for-working-class-studies-22804.md,1,0,0,0,1,0,0,0,0,0,0,0,fix-links-only
history-content,website-reviews,"Century of Lawmaking: Congressional Documents and Debates, 1774-1873",/history-content/website-reviews/14733,history-content/website-reviews/century-of-lawmaking-congressional-documents-and-debates-1774-1873-14733.md,1,0,1,0,0,0,0,0,0,0,1,0,salvage-wayback
history-content,website-reviews,Charles H. Templeton Sheet Music Collection,/history-content/website-reviews/23265,history-content/website-reviews/charles-h-templeton-sheet-music-collection-23265.md,1,0,1,0,0,0,0,0,0,0,1,0,salvage-wayback
history-content,website-reviews,Chicago Imagebase,/history-content/website-reviews/22852,history-content/website-reviews/chicago-imagebase-22852.md,1,0,1,0,0,0,0,0,0,0,1,0,salvage-wayback
history-content,website-reviews,Chicano/a Movement in Washington State History Project,/history-content/website-reviews/24033,history-content/website-reviews/chicanoa-movement-in-washington-state-history-project-24033.md,6,5,1,0,0,0,0,0,0,0,0,1,delete-page-candidate
history-content,website-reviews,Chickasaw Historical Research Page,/history-content/website-reviews/22829,history-content/website-reviews/chickasaw-historical-research-page-22829.md,2,0,0,0,1,0,0,1,0,0,0,0,fix-links-only
history-content,website-reviews,Children and Youth in History,/history-content/website-reviews/24584,history-content/website-reviews/children-and-youth-in-history-24584.md,1,0,0,1,0,0,0,0,0,0,0,1,delete-page-candidate
history-content,website-reviews,Children in Urban America: A Digital Archive,/history-content/website-reviews/22745,history-content/website-reviews/children-in-urban-america-a-digital-archive-22745.md,1,0,0,0,1,0,0,0,0,0,0,0,fix-links-only
history-content,website-reviews,Children's Lives at Colonial London Town,/history-content/website-reviews/25789,history-content/website-reviews/childrens-lives-at-colonial-london-town-25789.md,2,0,1,0,0,0,0,0,1,0,0,1,delete-page-candidate
history-content,website-reviews,"China and the United States: From Hostility to Engagement, 1960-1998",/history-content/website-reviews/23234,history-content/website-reviews/china-and-the-united-states-from-hostility-to-engagement-1960-1998-23234.md,1,0,0,0,1,0,0,0,0,0,0,0,fix-links-only
history-content,website-reviews,Chronicling America: Historic American Newspapers,/history-content/website-reviews/22714,history-content/website-reviews/chronicling-america-historic-american-newspapers-22714.md,1,0,0,0,0,0,0,1,0,0,0,0,fix-links-only
history-content,website-reviews,CIA and the Vietnam Policy Makers: Three Episodes 1962-1968,/history-content/website-reviews/23309,history-content/website-reviews/cia-and-the-vietnam-policy-makers-three-episodes-1962-1968-23309.md,1,0,1,0,0,0,0,0,0,0,0,1,delete-page-candidate
history-content,website-reviews,CIA Electronic Reading Room,/history-content/website-reviews/14700,history-content/website-reviews/cia-electronic-reading-room-14700.md,1,0,1,0,0,0,0,0,0,0,1,0,salvage-wayback
history-content,website-reviews,Civil Rights in Mississippi Digital Archive,/history-content/website-reviews/14618,history-content/website-reviews/civil-rights-in-mississippi-digital-archive-14618.md,1,0,0,1,0,0,0,0,0,0,0,1,delete-page-candidate
history-content,website-reviews,Civil War in Art,/history-content/website-reviews/25586,history-content/website-reviews/civil-war-in-art-25586.md,6,0,0,0,0,0,0,0,6,0,0,0,fix-links-only
history-content,website-reviews,Civil War Letters of Galutia York,/history-content/website-reviews/22767,history-content/website-reviews/civil-war-letters-of-galutia-york-22767.md,1,0,0,0,1,0,0,0,0,0,0,0,fix-links-only
history-content,website-reviews,Civil War Letters of the Christie Family,/history-content/website-reviews/23148,history-content/website-reviews/civil-war-letters-of-the-christie-family-23148.md,1,0,0,0,1,0,0,0,0,0,0,0,fix-links-only
history-content,website-reviews,Civil War Maps,/history-content/website-reviews/23395,history-content/website-reviews/civil-war-maps-23395.md,1,0,1,0,0,0,0,0,0,0,1,0,salvage-wayback
history-content,website-reviews,Civil War Treasures from the New York Historical Society,/history-content/website-reviews/14821,history-content/website-reviews/civil-war-treasures-from-the-new-york-historical-society-14821.md,1,0,1,0,0,0,0,0,0,0,1,0,salvage-wayback
history-content,website-reviews,Civil War Women,/history-content/website-reviews/22747,history-content/website-reviews/civil-war-women-22747.md,1,0,1,0,0,0,0,0,0,0,1,0,salvage-wayback
history-content,website-reviews,Civilian Public Service Story,/history-content/website-reviews/25371,history-content/website-reviews/civilian-public-service-story-25371.md,1,0,1,0,0,0,0,0,0,0,1,0,salvage-wayback
history-content,website-reviews,Clash of Cultures in the 1910s and 1920s,/history-content/website-reviews/14760,history-content/website-reviews/clash-of-cultures-in-the-1910s-and-1920s-14760.md,1,0,0,0,0,0,0,1,0,0,0,0,fix-links-only
history-content,website-reviews,Cleveland Digital Library,/history-content/website-reviews/23263,history-content/website-reviews/cleveland-digital-library-23263.md,1,0,1,0,0,0,0,0,0,0,1,0,salvage-wayback
history-content,website-reviews,"Club Kaycee, Golden Age of Kansas City Jazz",/history-content/website-reviews/23037,history-content/website-reviews/club-kaycee-golden-age-of-kansas-city-jazz-23037.md,1,0,1,0,0,0,0,0,0,0,1,0,salvage-wayback
history-content,website-reviews,Coal Mining in the Gilded Age and Progressive Era,/history-content/website-reviews/22877,history-content/website-reviews/coal-mining-in-the-gilded-age-and-progressive-era-22877.md,1,0,0,0,0,0,0,1,0,0,0,0,fix-links-only
history-content,website-reviews,"Colonial Connecticut Records, 1636-1776",/history-content/website-reviews/14730,history-content/website-reviews/colonial-connecticut-records-1636-1776-14730.md,1,0,1,0,0,0,0,0,0,0,0,1,delete-page-candidate
history-content,website-reviews,Colonial House,/history-content/website-reviews/22993,history-content/website-reviews/colonial-house-22993.md,1,0,0,0,0,1,0,0,0,0,0,0,fix-links-only
history-content,website-reviews,Colonial Williamsburg,/history-content/website-reviews/23268,history-content/website-reviews/colonial-williamsburg-23268.md,1,0,1,0,0,0,0,0,0,0,1,0,salvage-wayback
history-content,website-reviews,Columbia River Basin Ethnic History Archive,/history-content/website-reviews/22735,history-content/website-reviews/columbia-river-basin-ethnic-history-archive-22735.md,1,0,1,0,0,0,0,0,0,0,1,0,salvage-wayback
history-content,website-reviews,"Coming of Age in the Twentieth Century, Stories from Minnesota and Beyond",/history-content/website-reviews/22654,history-content/website-reviews/coming-of-age-in-the-twentieth-century-stories-from-minnesota-and-beyond-22654.md,1,0,1,0,0,0,0,0,0,0,1,0,salvage-wayback
history-content,website-reviews,Common-Place: The Interactive Journal of Early American Life,/history-content/website-reviews/23067,history-content/website-reviews/common-place-the-interactive-journal-of-early-american-life-23067.md,1,0,0,1,0,0,0,0,0,0,0,1,delete-page-candidate
history-content,website-reviews,Communism in Washington State--History and Memory Project,/history-content/website-reviews/23256,history-content/website-reviews/communism-in-washington-state-history-and-memory-project-23256.md,1,0,1,0,0,0,0,0,0,0,1,0,salvage-wayback
history-content,website-reviews,Connecticut Historical Society,/history-content/website-reviews/22586,history-content/website-reviews/connecticut-historical-society-22586.md,3,2,0,1,0,0,0,0,0,0,0,1,delete-page-candidate
history-content,website-reviews,Conrad W. Chapman: A Confederate Soldier's Paintings of the Defense of Charleston,/history-content/website-reviews/25261,history-content/website-reviews/conrad-w-chapman-a-confederate-soldiers-paintings-of-the-defense-of-charleston-25261.md,1,0,1,0,0,0,0,0,0,0,0,1,delete-page-candidate
history-content,website-reviews,Conservation and Environmental Maps,/history-content/website-reviews/23046,history-content/website-reviews/conservation-and-environmental-maps-23046.md,1,0,1,0,0,0,0,0,0,0,1,0,salvage-wayback
history-content,website-reviews,Conversations with History,/history-content/website-reviews/23068,history-content/website-reviews/conversations-with-history-23068.md,1,0,1,0,0,0,0,0,0,0,0,1,delete-page-candidate
history-content,website-reviews,Core Historical Literature of Agriculture,/history-content/website-reviews/14719,history-content/website-reviews/core-historical-literature-of-agriculture-14719.md,1,0,0,0,0,0,0,1,0,0,0,0,fix-links-only
history-content,website-reviews,CQ Historic Documents Series: Online Edition,/history-content/website-reviews/14777,history-content/website-reviews/cq-historic-documents-series-online-edition-14777.md,1,0,0,1,0,0,0,0,0,0,0,1,delete-page-candidate
history-content,website-reviews,Creating a More Perfect Union: 1861-1865,/history-content/website-reviews/25019,history-content/website-reviews/creating-a-more-perfect-union-1861-1865-25019.md,2,1,1,0,0,0,0,0,0,0,0,1,delete-page-candidate
history-content,website-reviews,"Creative Americans: Portraits by Carl Van Vechten, 1932-1964",/history-content/website-reviews/22813,history-content/website-reviews/creative-americans-portraits-by-carl-van-vechten-1932-1964-22813.md,1,0,1,0,0,0,0,0,0,0,1,0,salvage-wayback
history-content,website-reviews,Crime and Justice Data Online,/history-content/website-reviews/23042,history-content/website-reviews/crime-and-justice-data-online-23042.md,1,0,0,1,0,0,0,0,0,0,0,1,delete-page-candidate
history-content,website-reviews,Crisis at Fort Sumter,/history-content/website-reviews/22844,history-content/website-reviews/crisis-at-fort-sumter-22844.md,1,0,1,0,0,0,0,0,0,0,1,0,salvage-wayback
history-content,website-reviews,Cultural Readings: Colonization and Print in the Americas,/history-content/website-reviews/14728,history-content/website-reviews/cultural-readings-colonization-and-print-in-the-americas-14728.md,1,0,1,0,0,0,0,0,0,0,1,0,salvage-wayback
history-content,website-reviews,"Daguerreotype Portraits and Views, 1839-1864",/history-content/website-reviews/14656,history-content/website-reviews/daguerreotype-portraits-and-views-1839-1864-14656.md,1,0,1,0,0,0,0,0,0,0,1,0,salvage-wayback
history-content,website-reviews,Data & Information Services Center: Online Data Archive,/history-content/website-reviews/23181,history-content/website-reviews/data-information-services-center-online-data-archive-23181.md,4,2,2,0,0,0,0,0,0,0,1,1,delete-page-candidate
history-content,website-reviews,Death of the Dream: Farmhouses in the Heartland,/history-content/website-reviews/23372,history-content/website-reviews/death-of-the-dream-farmhouses-in-the-heartland-23372.md,1,0,1,0,0,0,0,0,0,0,0,1,delete-page-candidate
history-content,website-reviews,Democracy in America: Alexis de Tocqueville,/history-content/website-reviews/22875,history-content/website-reviews/democracy-in-america-alexis-de-tocqueville-22875.md,1,0,1,0,0,0,0,0,0,0,1,0,salvage-wayback
history-content,website-reviews,Department of Transportation: Digital Special Collections,/history-content/website-reviews/23185,history-content/website-reviews/department-of-transportation-digital-special-collections-23185.md,1,0,1,0,0,0,0,0,0,0,1,0,salvage-wayback
history-content,website-reviews,"Diary, Correspondence, and Papers of Robert ""King"" Carter, 1701-1732",/history-content/website-reviews/14798,history-content/website-reviews/diary-correspondence-and-papers-of-robert-king-carter-1701-1732-14798.md,1,0,1,0,0,0,0,0,0,0,0,1,delete-page-candidate
history-content,website-reviews,Diary of a Civil War Nurse,/history-content/website-reviews/25001,history-content/website-reviews/diary-of-a-civil-war-nurse-25001.md,1,0,0,0,0,0,0,1,0,0,0,0,fix-links-only
history-content,website-reviews,Dickinson Electronic Archives,/history-content/website-reviews/22660,history-content/website-reviews/dickinson-electronic-archives-22660.md,1,0,0,1,0,0,0,0,0,0,0,1,delete-page-candidate
history-content,website-reviews,Digital Archive Collections at the University of Hawai'i at Manoa Library,/history-content/website-reviews/14759,history-content/website-reviews/digital-archive-collections-at-the-university-of-hawaii-at-manoa-library-14759.md,1,0,1,0,0,0,0,0,0,0,0,1,delete-page-candidate
history-content,website-reviews,Digital Librarian: A Librarian's Choice of the Best of the [History] Web,/history-content/website-reviews/22822,history-content/website-reviews/digital-librarian-a-librarians-choice-of-the-best-of-the-history-web-22822.md,1,0,1,0,0,0,0,0,0,0,0,1,delete-page-candidate
history-content,website-reviews,Digital Library of Georgia,/history-content/website-reviews/14639,history-content/website-reviews/digital-library-of-georgia-14639.md,1,0,0,1,0,0,0,0,0,0,0,1,delete-page-candidate
history-content,website-reviews,Digital Map Collection,/history-content/website-reviews/23048,history-content/website-reviews/digital-map-collection-23048.md,1,0,1,0,0,0,0,0,0,0,0,1,delete-page-candidate
history-content,website-reviews,Digital Vaults,/history-content/website-reviews/19086,history-content/website-reviews/digital-vaults-19086.md,1,0,1,0,0,0,0,0,0,0,1,0,salvage-wayback
history-content,website-reviews,Dime Novels and Penny Dreadfuls,/history-content/website-reviews/14835,history-content/website-reviews/dime-novels-and-penny-dreadfuls-14835.md,1,0,0,0,0,0,0,1,0,0,0,0,fix-links-only
history-content,website-reviews,Discovery and Exploration [Maps],/history-content/website-reviews/23369,history-content/website-reviews/discovery-and-exploration-maps-23369.md,1,0,1,0,0,0,0,0,0,0,1,0,salvage-wayback
history-content,website-reviews,Documenting Our Past: The Teenie Harris Archive Project,/history-content/website-reviews/22676,history-content/website-reviews/documenting-our-past-the-teenie-harris-archive-project-22676.md,1,0,1,0,0,0,0,0,0,0,1,0,salvage-wayback
history-content,website-reviews,Documents from the Continental Congress and Constitutional Convention,/history-content/website-reviews/14650,history-content/website-reviews/documents-from-the-continental-congress-and-constitutional-convention-14650.md,1,0,1,0,0,0,0,0,0,0,1,0,salvage-wayback
history-content,website-reviews,Documents from the Women's Liberation Movement,/history-content/website-reviews/22796,history-content/website-reviews/documents-from-the-womens-liberation-movement-22796.md,1,0,1,0,0,0,0,0,0,0,1,0,salvage-wayback
history-content,website-reviews,Documents Relating to American Foreign Policy during the Cuban Missile Crisis,/history-content/website-reviews/23104,history-content/website-reviews/documents-relating-to-american-foreign-policy-during-the-cuban-missile-crisis-23104.md,1,0,1,0,0,0,0,0,0,0,0,1,delete-page-candidate
history-content,website-reviews,Dolley Madison Project,/history-content/website-reviews/22720,history-content/website-reviews/dolley-madison-project-22720.md,1,0,0,0,1,0,0,0,0,0,0,0,fix-links-only
history-content,website-reviews,Doris Ulmann Photograph Collection,/history-content/website-reviews/22734,history-content/website-reviews/doris-ulmann-photograph-collection-22734.md,1,0,1,0,0,0,0,0,0,0,1,0,salvage-wayback
history-content,website-reviews,Dox Thrash: An African American Master Printmaker Rediscovered,/history-content/website-reviews/23243,history-content/website-reviews/dox-thrash-an-african-american-master-printmaker-rediscovered-23243.md,1,0,1,0,0,0,0,0,0,0,0,1,delete-page-candidate
history-content,website-reviews,Drawing the Western Frontier: The James E. Taylor Album,/history-content/website-reviews/23064,history-content/website-reviews/drawing-the-western-frontier-the-james-e-taylor-album-23064.md,1,0,0,0,0,0,0,1,0,0,0,0,fix-links-only
history-content,website-reviews,Dred Scott Case,/history-content/website-reviews/14801,history-content/website-reviews/dred-scott-case-14801.md,1,0,0,0,1,0,0,0,0,0,0,0,fix-links-only
history-content,website-reviews,"Duluth Lynchings Online Resource: The Tragic Events of June 15, 1920",/history-content/website-reviews/23825,history-content/website-reviews/duluth-lynchings-online-resource-the-tragic-events-of-june-15-1920-23825.md,1,0,1,0,0,0,0,0,0,0,1,0,salvage-wayback
history-content,website-reviews,Dwight D. Eisenhower Library and Museum,/history-content/website-reviews/23264,history-content/website-reviews/dwight-d-eisenhower-library-and-museum-23264.md,1,0,0,1,0,0,0,0,0,0,0,1,delete-page-candidate
history-content,website-reviews,"Dynamics of Idealism: Volunteers for Civil Rights, 1965-1982",/history-content/website-reviews/14839,history-content/website-reviews/dynamics-of-idealism-volunteers-for-civil-rights-1965-1982-14839.md,1,0,1,0,0,0,0,0,0,0,0,1,delete-page-candidate
history-content,website-reviews,e-WV: The West Virginia Encyclopedia,/history-content/website-reviews/25189,history-content/website-reviews/e-wv-the-west-virginia-encyclopedia-25189.md,5,3,2,0,0,0,0,0,0,0,0,2,delete-page-candidate
history-content,website-reviews,"Early American Imprints, Series II: Shaw-Shoemaker, 1801-1819",/history-content/website-reviews/22615,history-content/website-reviews/early-american-imprints-series-ii-shaw-shoemaker-1801-1819-22615.md,1,0,1,0,0,0,0,0,0,0,0,1,delete-page-candidate
history-content,website-reviews,"Early American Newspapers: Series 1, 1690-1876",/history-content/website-reviews/23574,history-content/website-reviews/early-american-newspapers-series-1-1690-1876-23574.md,1,0,1,0,0,0,0,0,0,0,1,0,salvage-wayback
history-content,website-reviews,Early Recognized Treaties with American Indian Nations,/history-content/website-reviews/22647,history-content/website-reviews/early-recognized-treaties-with-american-indian-nations-22647.md,1,0,1,0,0,0,0,0,0,0,1,0,salvage-wayback
history-content,website-reviews,Early Washington Maps: A Digital Collection,/history-content/website-reviews/23250,history-content/website-reviews/early-washington-maps-a-digital-collection-23250.md,1,0,1,0,0,0,0,0,0,0,1,0,salvage-wayback
history-content,website-reviews,ECHO (Exploring and Collecting the History Online),/history-content/website-reviews/23253,history-content/website-reviews/echo-exploring-and-collecting-the-history-online-23253.md,1,0,1,0,0,0,0,0,0,0,1,0,salvage-wayback
history-content,website-reviews,"Economic Data, Fred II",/history-content/website-reviews/23194,history-content/website-reviews/economic-data-fred-ii-23194.md,1,0,0,1,0,0,0,0,0,0,0,1,delete-page-candidate
history-content,website-reviews,EDSITEment,/history-content/website-reviews/22749,history-content/website-reviews/edsitement-22749.md,3,0,0,0,3,0,0,0,0,0,0,0,fix-links-only
history-content,website-reviews,Education by Design: Using Visual Aids,/history-content/website-reviews/22995,history-content/website-reviews/education-by-design-using-visual-aids-22995.md,1,0,1,0,0,0,0,0,0,0,0,1,delete-page-candidate
history-content,website-reviews,Educational Resources Information Center (ERIC) Resources for Teachers,/history-content/website-reviews/23326,history-content/website-reviews/educational-resources-information-center-eric-resources-for-teachers-23326.md,1,0,1,0,0,0,0,0,0,0,0,1,delete-page-candidate
history-content,website-reviews,Edward S. Curtis's The North American Indian,/history-content/website-reviews/14761,history-content/website-reviews/edward-s-curtiss-the-north-american-indian-14761.md,1,0,0,0,1,0,0,0,0,0,0,0,fix-links-only
history-content,website-reviews,Eisenhower Memorial Commission,/history-content/website-reviews/25821,history-content/website-reviews/eisenhower-memorial-commission-25821.md,4,1,3,0,0,0,0,0,0,0,1,2,delete-page-candidate
history-content,website-reviews,Election Statistics,/history-content/website-reviews/23035,history-content/website-reviews/election-statistics-23035.md,1,0,1,0,0,0,0,0,0,0,1,0,salvage-wayback
history-content,website-reviews,Emergence of Advertising in America: 1850-1920,/history-content/website-reviews/14847,history-content/website-reviews/emergence-of-advertising-in-america-1850-1920-14847.md,1,0,0,0,1,0,0,0,0,0,0,0,fix-links-only
history-content,website-reviews,Emile Berliner and the Birth of the Recording Industry,/history-content/website-reviews/23232,history-content/website-reviews/emile-berliner-and-the-birth-of-the-recording-industry-23232.md,1,0,1,0,0,0,0,0,0,0,1,0,salvage-wayback
history-content,website-reviews,Emma Goldman Papers,/history-content/website-reviews/14806,history-content/website-reviews/emma-goldman-papers-14806.md,1,0,0,0,1,0,0,0,0,0,0,0,fix-links-only
history-content,website-reviews,Encyclopedia Britannica,/history-content/website-reviews/22864,history-content/website-reviews/encyclopedia-britannica-22864.md,1,0,0,1,0,0,0,0,0,0,0,1,delete-page-candidate
history-content,website-reviews,Encyclopedia of Alabama,/history-content/website-reviews/25145,history-content/website-reviews/encyclopedia-of-alabama-25145.md,2,1,1,0,0,0,0,0,0,0,1,0,salvage-wayback
history-content,website-reviews,"Evolution of the Conservation Movement, 1850-1920",/history-content/website-reviews/14748,history-content/website-reviews/evolution-of-the-conservation-movement-1850-1920-14748.md,1,0,1,0,0,0,0,0,0,0,1,0,salvage-wayback
history-content,website-reviews,Experiencing War: Stories from the Veterans History Project,/history-content/website-reviews/14697,history-content/website-reviews/experiencing-war-stories-from-the-veterans-history-project-14697.md,1,0,0,0,1,0,0,0,0,0,0,0,fix-links-only
history-content,website-reviews,Eye of the Storm,/history-content/website-reviews/23077,history-content/website-reviews/eye-of-the-storm-23077.md,1,0,1,0,0,0,0,0,0,0,1,0,salvage-wayback
history-content,website-reviews,Faces of Science: African Americans in the Sciences,/history-content/website-reviews/23406,history-content/website-reviews/faces-of-science-african-americans-in-the-sciences-23406.md,1,0,1,0,0,0,0,0,0,0,0,1,delete-page-candidate
history-content,website-reviews,"Famous American Trials: ""The Scottsboro Boys"" Trials 1931-1937",/history-content/website-reviews/23407,history-content/website-reviews/famous-american-trials-the-scottsboro-boys-trials-1931-1937-23407.md,1,0,1,0,0,0,0,0,0,0,1,0,salvage-wayback
history-content,website-reviews,Fats Waller Forever Digital Exhibit,/history-content/website-reviews/23284,history-content/website-reviews/fats-waller-forever-digital-exhibit-23284.md,1,0,1,0,0,0,0,0,0,0,1,0,salvage-wayback
history-content,website-reviews,FDR Cartoon Archive,/history-content/website-reviews/22833,history-content/website-reviews/fdr-cartoon-archive-22833.md,1,0,1,0,0,0,0,0,0,0,1,0,salvage-wayback
history-content,website-reviews,"Federal Township Plats of Illinois, 1804-1891",/history-content/website-reviews/23292,history-content/website-reviews/federal-township-plats-of-illinois-1804-1891-23292.md,1,0,1,0,0,0,0,0,0,0,1,0,salvage-wayback
history-content,website-reviews,Feeding America: The Historic American Cookbook Project,/history-content/website-reviews/23815,history-content/website-reviews/feeding-america-the-historic-american-cookbook-project-23815.md,1,0,0,0,0,0,0,0,1,0,0,0,fix-links-only
history-content,website-reviews,Fiddle Tunes of the Old Frontier: The Henry Reed Collection,/history-content/website-reviews/23311,history-content/website-reviews/fiddle-tunes-of-the-old-frontier-the-henry-reed-collection-23311.md,1,0,1,0,0,0,0,0,0,0,1,0,salvage-wayback
history-content,website-reviews,Fifty Years of Coca-Cola Television Advertisements,/history-content/website-reviews/14701,history-content/website-reviews/fifty-years-of-coca-cola-television-advertisements-14701.md,1,0,1,0,0,0,0,0,0,0,1,0,salvage-wayback
history-content,website-reviews,Finishing the Dream: Learning from the Civil Rights Era,/history-content/website-reviews/25016,history-content/website-reviews/finishing-the-dream-learning-from-the-civil-rights-era-25016.md,3,0,0,0,0,3,0,0,0,0,0,0,fix-links-only
history-content,website-reviews,"First American West: The Ohio River Valley, 1750-1820",/history-content/website-reviews/14735,history-content/website-reviews/first-american-west-the-ohio-river-valley-1750-1820-14735.md,1,0,1,0,0,0,0,0,0,0,1,0,salvage-wayback
history-content,website-reviews,First World War: The War to End All Wars,/history-content/website-reviews/14679,history-content/website-reviews/first-world-war-the-war-to-end-all-wars-14679.md,1,0,1,0,0,0,0,0,0,0,1,0,salvage-wayback
history-content,website-reviews,Flashing Across the Country: Mr. Zip and the ZIP Code Promotional Campaign,/history-content/website-reviews/25366,history-content/website-reviews/flashing-across-the-country-mr-zip-and-the-zip-code-promotional-campaign-25366.md,3,2,1,0,0,0,0,0,0,0,1,0,salvage-wayback
history-content,website-reviews,Florida Folklife Collection,/history-content/website-reviews/22705,history-content/website-reviews/florida-folklife-collection-22705.md,1,0,0,0,0,0,0,1,0,0,0,0,fix-links-only
history-content,website-reviews,"Florida Folklife from the WPA Collections, 1937-1942",/history-content/website-reviews/23310,history-content/website-reviews/florida-folklife-from-the-wpa-collections-1937-1942-23310.md,1,0,1,0,0,0,0,0,0,0,1,0,salvage-wayback
history-content,website-reviews,Florida Heritage Collection,/history-content/website-reviews/23078,history-content/website-reviews/florida-heritage-collection-23078.md,1,0,1,0,0,0,0,0,0,0,1,0,salvage-wayback
history-content,website-reviews,Florida State Archives Photographic Collection,/history-content/website-reviews/14715,history-content/website-reviews/florida-state-archives-photographic-collection-14715.md,1,0,0,0,0,0,0,1,0,0,0,0,fix-links-only
history-content,website-reviews,"Foreign Relations of the United States (FRUS), 1861-1960",/history-content/website-reviews/14638,history-content/website-reviews/foreign-relations-of-the-united-states-frus-1861-1960-14638.md,1,0,0,0,1,0,0,0,0,0,0,0,fix-links-only
history-content,website-reviews,"Foreign Relations of the United States (FRUS), 1945-1972",/history-content/website-reviews/23320,history-content/website-reviews/foreign-relations-of-the-united-states-frus-1945-1972-23320.md,2,1,0,0,1,0,0,0,0,0,0,0,fix-links-only
history-content,website-reviews,France in America,/history-content/website-reviews/14797,history-content/website-reviews/france-in-america-14797.md,1,0,1,0,0,0,0,0,0,0,1,0,salvage-wayback
history-content,website-reviews,Franklin D. Roosevelt Presidential Library and Digital Archives,/history-content/website-reviews/14807,history-content/website-reviews/franklin-d-roosevelt-presidential-library-and-digital-archives-14807.md,1,0,0,1,0,0,0,0,0,0,0,1,delete-page-candidate
history-content,website-reviews,Frederick Douglass National Historic Site Virtual Museum Exhibit,/history-content/website-reviews/25240,history-content/website-reviews/frederick-douglass-national-historic-site-virtual-museum-exhibit-25240.md,1,0,1,0,0,0,0,0,0,0,0,1,delete-page-candidate
history-content,website-reviews,"Free Speech Movement: Student Protest, U.C. Berkeley, 1964-65",/history-content/website-reviews/23144,history-content/website-reviews/free-speech-movement-student-protest-uc-berkeley-1964-65-23144.md,1,0,0,0,1,0,0,0,0,0,0,0,fix-links-only
history-content,website-reviews,Freedmen and Southern Society Project,/history-content/website-reviews/22827,history-content/website-reviews/freedmen-and-southern-society-project-22827.md,1,0,1,0,0,0,0,0,0,0,0,1,delete-page-candidate
history-content,website-reviews,Freedom: A History of Us,/history-content/website-reviews/23272,history-content/website-reviews/freedom-a-history-of-us-23272.md,1,0,0,0,1,0,0,0,0,0,0,0,fix-links-only
history-content,website-reviews,"Freedom Bound: The Underground Railroad in Lycoming County, PA",/history-content/website-reviews/22971,history-content/website-reviews/freedom-bound-the-underground-railroad-in-lycoming-county-pa-22971.md,1,0,0,1,0,0,0,0,0,0,0,1,delete-page-candidate
history-content,website-reviews,Freedom Now! An Archival Project of Tougaloo College and Brown University,/history-content/website-reviews/22726,history-content/website-reviews/freedom-now-an-archival-project-of-tougaloo-college-and-brown-university-22726.md,1,0,1,0,0,0,0,0,0,0,1,0,salvage-wayback
history-content,website-reviews,Freedom Riders,/history-content/website-reviews/24985,history-content/website-reviews/freedom-riders-24985.md,2,1,0,0,1,0,0,0,0,0,0,0,fix-links-only
history-content,website-reviews,Freeze Frame: Eadweard Muybridge's Photography of Motion,/history-content/website-reviews/23127,history-content/website-reviews/freeze-frame-eadweard-muybridges-photography-of-motion-23127.md,1,0,0,0,0,0,0,1,0,0,0,0,fix-links-only
history-content,website-reviews,"From Slavery to Freedom: The African-American Pamphlet Collection, 1822-1909",/history-content/website-reviews/25005,history-content/website-reviews/from-slavery-to-freedom-the-african-american-pamphlet-collection-1822-1909-25005.md,1,0,1,0,0,0,0,0,0,0,0,1,delete-page-candidate
history-content,website-reviews,Gardner's Photographic Sketch Book of the War,/history-content/website-reviews/23300,history-content/website-reviews/gardners-photographic-sketch-book-of-the-war-23300.md,1,0,1,0,0,0,0,0,0,0,1,0,salvage-wayback
history-content,website-reviews,Geography of Slavery in America,/history-content/website-reviews/14609,history-content/website-reviews/geography-of-slavery-in-america-14609.md,1,0,0,0,1,0,0,0,0,0,0,0,fix-links-only
history-content,website-reviews,George Mason University Electronic Documentary History,/history-content/website-reviews/22968,history-content/website-reviews/george-mason-university-electronic-documentary-history-22968.md,1,0,1,0,0,0,0,0,0,0,1,0,salvage-wayback
history-content,website-reviews,"George Washington Papers, 1741-1799",/history-content/website-reviews/14652,history-content/website-reviews/george-washington-papers-1741-1799-14652.md,1,0,1,0,0,0,0,0,0,0,0,1,delete-page-candidate
history-content,website-reviews,"Getting the Message Out! National Political Campaign Materials, 1840-1860",/history-content/website-reviews/22622,history-content/website-reviews/getting-the-message-out-national-political-campaign-materials-1840-1860-22622.md,1,0,1,0,0,0,0,0,0,0,0,1,delete-page-candidate
history-content,website-reviews,Gettysburg National Military Park: Camp Life,/history-content/website-reviews/25057,history-content/website-reviews/gettysburg-national-military-park-camp-life-25057.md,1,0,1,0,0,0,0,0,0,0,1,0,salvage-wayback
history-content,website-reviews,Gifts of Speech: Women's Speeches from Around the World,/history-content/website-reviews/14602,history-content/website-reviews/gifts-of-speech-womens-speeches-from-around-the-world-14602.md,1,0,1,0,0,0,0,0,0,0,0,1,delete-page-candidate
history-content,website-reviews,"Gilder Lehrman Center for the Study of Slavery, Resistance, and Abolition",/history-content/website-reviews/23282,history-content/website-reviews/gilder-lehrman-center-for-the-study-of-slavery-resistance-and-abolition-23282.md,1,0,0,0,1,0,0,0,0,0,0,0,fix-links-only
history-content,website-reviews,Gilder Lehrman Institute of American History,/history-content/website-reviews/14794,history-content/website-reviews/gilder-lehrman-institute-of-american-history-14794.md,1,0,0,0,0,0,0,1,0,0,0,0,fix-links-only
history-content,website-reviews,Gilmer Civil War Maps Collection,/history-content/website-reviews/22620,history-content/website-reviews/gilmer-civil-war-maps-collection-22620.md,1,0,0,0,1,0,0,0,0,0,0,0,fix-links-only
history-content,website-reviews,Godey's Lady's Book,/history-content/website-reviews/23338,history-content/website-reviews/godeys-ladys-book-23338.md,1,0,0,0,1,0,0,0,0,0,0,0,fix-links-only
history-content,website-reviews,Gold Rush!,/history-content/website-reviews/23069,history-content/website-reviews/gold-rush-23069.md,1,0,0,0,1,0,0,0,0,0,0,0,fix-links-only
history-content,website-reviews,"Goldband Records: ""Every One a  Musical Treat""",/history-content/website-reviews/23028,history-content/website-reviews/goldband-records-every-one-a-musical-treat-23028.md,1,0,1,0,0,0,0,0,0,0,1,0,salvage-wayback
history-content,website-reviews,Great Lakes Maritime History Project,/history-content/website-reviews/23060,history-content/website-reviews/great-lakes-maritime-history-project-23060.md,1,0,0,0,1,0,0,0,0,0,0,0,fix-links-only
history-content,website-reviews,H-Net: Humanities and Social Sciences OnLine,/history-content/website-reviews/22840,history-content/website-reviews/h-net-humanities-and-social-sciences-online-22840.md,3,1,2,0,0,0,0,0,0,0,0,2,delete-page-candidate
history-content,website-reviews,Hannah Arendt Papers,/history-content/website-reviews/23107,history-content/website-reviews/hannah-arendt-papers-23107.md,1,0,1,0,0,0,0,0,0,0,1,0,salvage-wayback
history-content,website-reviews,Hard Hat Riots: An Online History Project,/history-content/website-reviews/22876,history-content/website-reviews/hard-hat-riots-an-online-history-project-22876.md,1,0,1,0,0,0,0,0,0,0,1,0,salvage-wayback
history-content,website-reviews,HarpWeek: Explore History,/history-content/website-reviews/14617,history-content/website-reviews/harpweek-explore-history-14617.md,3,2,0,0,0,1,0,0,0,0,0,0,fix-links-only
history-content,website-reviews,Harrisburg's Old 8th Ward,/history-content/website-reviews/23019,history-content/website-reviews/harrisburgs-old-8th-ward-23019.md,6,0,6,0,0,0,0,0,0,0,1,5,delete-page-candidate
history-content,website-reviews,Helen Keller Kid's Museum,/history-content/website-reviews/22717,history-content/website-reviews/helen-keller-kids-museum-22717.md,1,0,1,0,0,0,0,0,0,0,1,0,salvage-wayback
history-content,website-reviews,HERB: Social History for Every Classroom,/history-content/website-reviews/25006,history-content/website-reviews/herb-social-history-for-every-classroom-25006.md,1,0,1,0,0,0,0,0,0,0,1,0,salvage-wayback
history-content,website-reviews,Herblock's History: Political Cartoons from the Crash to the Millennium,/history-content/website-reviews/14706,history-content/website-reviews/herblocks-history-political-cartoons-from-the-crash-to-the-millennium-14706.md,2,1,1,0,0,0,0,0,0,0,1,0,salvage-wayback
history-content,website-reviews,Here is New York,/history-content/website-reviews/25103,history-content/website-reviews/here-is-new-york-25103.md,2,1,1,0,0,0,0,0,0,0,1,0,salvage-wayback
history-content,website-reviews,H.H. Bennett: Photographer Extraordinaire,/history-content/website-reviews/22736,history-content/website-reviews/hh-bennett-photographer-extraordinaire-22736.md,1,0,1,0,0,0,0,0,0,0,0,1,delete-page-candidate
history-content,website-reviews,Hirshhorn Museum and Sculpture Garden,/history-content/website-reviews/23215,history-content/website-reviews/hirshhorn-museum-and-sculpture-garden-23215.md,1,0,0,0,0,0,0,1,0,0,0,0,fix-links-only
history-content,website-reviews,Hispano Music and Culture from the Northern Rio Grande,/history-content/website-reviews/23350,history-content/website-reviews/hispano-music-and-culture-from-the-northern-rio-grande-23350.md,1,0,1,0,0,0,0,0,0,0,1,0,salvage-wayback
history-content,website-reviews,"Historic American Sheet Music, 1850-1920",/history-content/website-reviews/23092,history-content/website-reviews/historic-american-sheet-music-1850-1920-23092.md,1,0,1,0,0,0,0,0,0,0,1,0,salvage-wayback
history-content,website-reviews,Historic Topographic Maps of California,/history-content/website-reviews/23024,history-content/website-reviews/historic-topographic-maps-of-california-23024.md,1,0,0,0,1,0,0,0,0,0,0,0,fix-links-only
history-content,website-reviews,Historic USGS Maps of New England,/history-content/website-reviews/23184,history-content/website-reviews/historic-usgs-maps-of-new-england-23184.md,1,0,1,0,0,0,0,0,0,0,0,1,delete-page-candidate
history-content,website-reviews,Historical Maps of the United States,/history-content/website-reviews/23368,history-content/website-reviews/historical-maps-of-the-united-states-23368.md,1,0,0,0,1,0,0,0,0,0,0,0,fix-links-only
history-content,website-reviews,Historical Maps Online,/history-content/website-reviews/23018,history-content/website-reviews/historical-maps-online-23018.md,1,0,1,0,0,0,0,0,0,0,1,0,salvage-wayback
history-content,website-reviews,History and Politics Out Loud,/history-content/website-reviews/14694,history-content/website-reviews/history-and-politics-out-loud-14694.md,1,0,0,0,0,0,0,1,0,0,0,0,fix-links-only
history-content,website-reviews,History Explorer,/history-content/website-reviews/24310,history-content/website-reviews/history-explorer-24310.md,1,0,1,0,0,0,0,0,0,0,1,0,salvage-wayback
history-content,website-reviews,History Now: American History Online,/history-content/website-reviews/23358,history-content/website-reviews/history-now-american-history-online-23358.md,1,0,0,0,0,0,0,1,0,0,0,0,fix-links-only
history-content,website-reviews,History of American Education Web Project,/history-content/website-reviews/23213,history-content/website-reviews/history-of-american-education-web-project-23213.md,1,0,1,0,0,0,0,0,0,0,1,0,salvage-wayback
history-content,website-reviews,"History of the American West, 1860-1920",/history-content/website-reviews/14836,history-content/website-reviews/history-of-the-american-west-1860-1920-14836.md,1,0,1,0,0,0,0,0,0,0,1,0,salvage-wayback
history-content,website-reviews,History of the Tacoma Narrows Bridge,/history-content/website-reviews/22572,history-content/website-reviews/history-of-the-tacoma-narrows-bridge-22572.md,2,1,0,0,1,0,0,0,0,0,0,0,fix-links-only
history-content,website-reviews,History Through Deaf Eyes,/history-content/website-reviews/23186,history-content/website-reviews/history-through-deaf-eyes-23186.md,1,0,0,0,0,0,0,1,0,0,0,0,fix-links-only
history-content,website-reviews,HistoryWired: A Few of Our Favorite Things,/history-content/website-reviews/23178,history-content/website-reviews/historywired-a-few-of-our-favorite-things-23178.md,1,0,0,0,0,0,0,1,0,0,0,0,fix-links-only
history-content,website-reviews,"Home Economics Archive: Research, Tradition, History",/history-content/website-reviews/22974,history-content/website-reviews/home-economics-archive-research-tradition-history-22974.md,1,0,0,0,1,0,0,0,0,0,0,0,fix-links-only
history-content,website-reviews,Home Sweet Home: Life in 19th-Century Ohio,/history-content/website-reviews/22643,history-content/website-reviews/home-sweet-home-life-in-19th-century-ohio-22643.md,1,0,1,0,0,0,0,0,0,0,0,1,delete-page-candidate
history-content,website-reviews,HSI: Historical Scene Investigation,/history-content/website-reviews/24983,history-content/website-reviews/hsi-historical-scene-investigation-24983.md,1,0,1,0,0,0,0,0,0,0,1,0,salvage-wayback
history-content,website-reviews,Hypertext on American History from the Colonial Period until Modern Times,/history-content/website-reviews/14713,history-content/website-reviews/hypertext-on-american-history-from-the-colonial-period-until-modern-times-14713.md,1,0,0,0,0,0,0,1,0,0,0,0,fix-links-only
history-content,website-reviews,iCivics,/history-content/website-reviews/25018,history-content/website-reviews/icivics-25018.md,2,1,0,1,0,0,0,0,0,0,0,1,delete-page-candidate
history-content,website-reviews,Idea of America,/history-content/website-reviews/25230,history-content/website-reviews/idea-of-america-25230.md,1,0,1,0,0,0,0,0,0,0,0,1,delete-page-candidate
history-content,website-reviews,Images of African Americans from the 19th Century,/history-content/website-reviews/23353,history-content/website-reviews/images-of-african-americans-from-the-19th-century-23353.md,1,0,0,1,0,0,0,0,0,0,0,1,delete-page-candidate
history-content,website-reviews,Images of African Americans from the Cook Collection of Photographs,/history-content/website-reviews/23266,history-content/website-reviews/images-of-african-americans-from-the-cook-collection-of-photographs-23266.md,1,0,1,0,0,0,0,0,0,0,1,0,salvage-wayback
history-content,website-reviews,Images of Battle: Selected Civil War Letters,/history-content/website-reviews/22771,history-content/website-reviews/images-of-battle-selected-civil-war-letters-22771.md,1,0,1,0,0,0,0,0,0,0,1,0,salvage-wayback
history-content,website-reviews,Images of Native Americans,/history-content/website-reviews/14795,history-content/website-reviews/images-of-native-americans-14795.md,1,0,0,0,1,0,0,0,0,0,0,0,fix-links-only
history-content,website-reviews,Indian Affairs: Laws and Treaties,/history-content/website-reviews/14634,history-content/website-reviews/indian-affairs-laws-and-treaties-14634.md,1,0,1,0,0,0,0,0,0,0,1,0,salvage-wayback
history-content,website-reviews,Industrial Research and Development Information System,/history-content/website-reviews/23188,history-content/website-reviews/industrial-research-and-development-information-system-23188.md,1,0,0,1,0,0,0,0,0,0,0,1,delete-page-candidate
history-content,website-reviews,"Inside an American Factory: Films of the Westinghouse Works, 1904",/history-content/website-reviews/23347,history-content/website-reviews/inside-an-american-factory-films-of-the-westinghouse-works-1904-23347.md,1,0,1,0,0,0,0,0,0,0,0,1,delete-page-candidate
history-content,website-reviews,International Center of Photography,/history-content/website-reviews/24160,history-content/website-reviews/international-center-of-photography-24160.md,3,2,1,0,0,0,0,0,0,0,0,1,delete-page-candidate
history-content,website-reviews,Inventing Entertainment: The Early Innovations of the Edison Companies,/history-content/website-reviews/14673,history-content/website-reviews/inventing-entertainment-the-early-innovations-of-the-edison-companies-14673.md,1,0,1,0,0,0,0,0,0,0,1,0,salvage-wayback
history-content,website-reviews,Invincible Cities,/history-content/website-reviews/22702,history-content/website-reviews/invincible-cities-22702.md,1,0,1,0,0,0,0,0,0,0,1,0,salvage-wayback
history-content,website-reviews,IWitness,/history-content/website-reviews/25467,history-content/website-reviews/iwitness-25467.md,2,1,0,0,1,0,0,0,0,0,0,0,fix-links-only
history-content,website-reviews,"Jackie Robinson and Other Baseball Highlights, 1860s-1960s",/history-content/website-reviews/22810,history-content/website-reviews/jackie-robinson-and-other-baseball-highlights-1860s-1960s-22810.md,1,0,1,0,0,0,0,0,0,0,1,0,salvage-wayback
history-content,website-reviews,Jacob Lawrence: Over the Line,/history-content/website-reviews/22652,history-content/website-reviews/jacob-lawrence-over-the-line-22652.md,1,0,1,0,0,0,0,0,0,0,1,0,salvage-wayback
history-content,website-reviews,James Fenimore Cooper Society,/history-content/website-reviews/23098,history-content/website-reviews/james-fenimore-cooper-society-23098.md,1,0,1,0,0,0,0,0,0,0,1,0,salvage-wayback
history-content,website-reviews,James Madison Papers,/history-content/website-reviews/14651,history-content/website-reviews/james-madison-papers-14651.md,1,0,1,0,0,0,0,0,0,0,0,1,delete-page-candidate
history-content,website-reviews,Japanese-American Internment,/history-content/website-reviews/22777,history-content/website-reviews/japanese-american-internment-22777.md,1,0,1,0,0,0,0,0,0,0,1,0,salvage-wayback
history-content,website-reviews,Jewish Women's Archive,/history-content/website-reviews/14754,history-content/website-reviews/jewish-womens-archive-14754.md,9,2,1,1,5,0,0,0,0,0,1,1,delete-page-candidate
history-content,website-reviews,Jews in America: Our Story,/history-content/website-reviews/14640,history-content/website-reviews/jews-in-america-our-story-14640.md,1,0,1,0,0,0,0,0,0,0,1,0,salvage-wayback
history-content,website-reviews,Jim Crow Museum of Racist Memorabilia,/history-content/website-reviews/23252,history-content/website-reviews/jim-crow-museum-of-racist-memorabilia-23252.md,1,0,0,1,0,0,0,0,0,0,0,1,delete-page-candidate
history-content,website-reviews,Joe Hill,/history-content/website-reviews/25021,history-content/website-reviews/joe-hill-25021.md,1,0,1,0,0,0,0,0,0,0,0,1,delete-page-candidate
history-content,website-reviews,John Brown and the Valley of the Shadow,/history-content/website-reviews/23323,history-content/website-reviews/john-brown-and-the-valley-of-the-shadow-23323.md,1,0,1,0,0,0,0,0,0,0,1,0,salvage-wayback
history-content,website-reviews,John F. Kennedy Presidential Library and Museum,/history-content/website-reviews/23575,history-content/website-reviews/john-f-kennedy-presidential-library-and-museum-23575.md,1,0,0,0,0,0,0,1,0,0,0,0,fix-links-only
history-content,website-reviews,July 1942: United We Stand,/history-content/website-reviews/23237,history-content/website-reviews/july-1942-united-we-stand-23237.md,1,0,0,0,0,0,0,1,0,0,0,0,fix-links-only
history-content,website-reviews,"Kate and Sue McBeth, Missionary Teachers to the Nez Perce",/history-content/website-reviews/14663,history-content/website-reviews/kate-and-sue-mcbeth-missionary-teachers-to-the-nez-perce-14663.md,1,0,0,0,0,0,1,0,0,0,0,0,fix-links-only
history-content,website-reviews,"Keffer Collection of Sheet Music, ca. 1790-1895",/history-content/website-reviews/23150,history-content/website-reviews/keffer-collection-of-sheet-music-ca-1790-1895-23150.md,1,0,1,0,0,0,0,0,0,0,1,0,salvage-wayback
history-content,website-reviews,Kellogg African American Health Care Project: The Oral Histories,/history-content/website-reviews/23108,history-content/website-reviews/kellogg-african-american-health-care-project-the-oral-histories-23108.md,1,0,0,0,0,0,0,1,0,0,0,0,fix-links-only
history-content,website-reviews,Kennedy and Castro: The Secret History,/history-content/website-reviews/22983,history-content/website-reviews/kennedy-and-castro-the-secret-history-22983.md,1,0,0,0,1,0,0,0,0,0,0,0,fix-links-only
history-content,website-reviews,Kentuckiana Digital Library,/history-content/website-reviews/14718,history-content/website-reviews/kentuckiana-digital-library-14718.md,1,0,1,0,0,0,0,0,0,0,1,0,salvage-wayback
history-content,website-reviews,Kheel Center Labor Photos,/history-content/website-reviews/23576,history-content/website-reviews/kheel-center-labor-photos-23576.md,1,0,1,0,0,0,0,0,0,0,1,0,salvage-wayback
history-content,website-reviews,Kiowa Drawings,/history-content/website-reviews/23231,history-content/website-reviews/kiowa-drawings-23231.md,1,0,0,0,0,0,0,1,0,0,0,0,fix-links-only
history-content,website-reviews,Korea + 50: No Longer Forgotten,/history-content/website-reviews/23172,history-content/website-reviews/korea-50-no-longer-forgotten-23172.md,1,0,1,0,0,0,0,0,0,0,1,0,salvage-wayback
history-content,website-reviews,Korean American Digital Archive,/history-content/website-reviews/23103,history-content/website-reviews/korean-american-digital-archive-23103.md,1,0,1,0,0,0,0,0,0,0,1,0,salvage-wayback
history-content,website-reviews,Lakota Winter Counts,/history-content/website-reviews/14723,history-content/website-reviews/lakota-winter-counts-14723.md,1,0,1,0,0,0,0,0,0,0,1,0,salvage-wayback
history-content,website-reviews,Landmark Supreme Court Cases,/history-content/website-reviews/22282,history-content/website-reviews/landmark-supreme-court-cases-22282.md,1,0,1,0,0,0,0,0,0,0,0,1,delete-page-candidate
history-content,website-reviews,Legacy Tobacco Documents Library,/history-content/website-reviews/14702,history-content/website-reviews/legacy-tobacco-documents-library-14702.md,1,0,0,0,1,0,0,0,0,0,0,0,fix-links-only
history-content,website-reviews,"Leslie Brock Center for the Study of Colonial Currency, University of Virginia",/history-content/website-reviews/23360,history-content/website-reviews/leslie-brock-center-for-the-study-of-colonial-currency-university-of-virginia-23360.md,1,0,0,1,0,0,0,0,0,0,0,1,delete-page-candidate
history-content,website-reviews,Lest We Forget: The Triumph Over Slavery,/history-content/website-reviews/22737,history-content/website-reviews/lest-we-forget-the-triumph-over-slavery-22737.md,1,0,1,0,0,0,0,0,0,0,1,0,salvage-wayback
history-content,website-reviews,Lewis and Clark: Maps of Exploration 1507-1814,/history-content/website-reviews/22845,history-content/website-reviews/lewis-and-clark-maps-of-exploration-1507-1814-22845.md,1,0,1,0,0,0,0,0,0,0,1,0,salvage-wayback
history-content,website-reviews,Liberian Letters,/history-content/website-reviews/22655,history-content/website-reviews/liberian-letters-22655.md,1,0,1,0,0,0,0,0,0,0,1,0,salvage-wayback
history-content,website-reviews,Liberty Rhetoric and 19th-Century American Women,/history-content/website-reviews/23307,history-content/website-reviews/liberty-rhetoric-and-19th-century-american-women-23307.md,1,0,1,0,0,0,0,0,0,0,1,0,salvage-wayback
history-content,website-reviews,Liberty! The American Revolution,/history-content/website-reviews/23370,history-content/website-reviews/liberty-the-american-revolution-23370.md,1,0,1,0,0,0,0,0,0,0,1,0,salvage-wayback
history-content,website-reviews,Library of American Broadcasting Sound Bites,/history-content/website-reviews/23183,history-content/website-reviews/library-of-american-broadcasting-sound-bites-23183.md,1,0,0,0,0,0,0,0,1,0,0,0,fix-links-only
history-content,website-reviews,Library of Congress: Webcasts,/history-content/website-reviews/22722,history-content/website-reviews/library-of-congress-webcasts-22722.md,1,0,0,0,0,0,0,1,0,0,0,0,fix-links-only
history-content,website-reviews,Life After the Holocaust: Stories of Holocaust Survivors After The War,/history-content/website-reviews/22607,history-content/website-reviews/life-after-the-holocaust-stories-of-holocaust-survivors-after-the-war-22607.md,1,0,0,0,0,1,0,0,0,0,0,0,fix-links-only
history-content,website-reviews,Lincoln-Douglas Debates of 1858,/history-content/website-reviews/24986,history-content/website-reviews/lincoln-douglas-debates-of-1858-24986.md,1,0,1,0,0,0,0,0,0,0,1,0,salvage-wayback
history-content,website-reviews,Linus Pauling and the Race for DNA:  A Documentary History,/history-content/website-reviews/23261,history-content/website-reviews/linus-pauling-and-the-race-for-dna-a-documentary-history-23261.md,1,0,1,0,0,0,0,0,0,0,0,1,delete-page-candidate
history-content,website-reviews,Lionel Hampton: His Life and Legacy,/history-content/website-reviews/22571,history-content/website-reviews/lionel-hampton-his-life-and-legacy-22571.md,1,0,1,0,0,0,0,0,0,0,1,0,salvage-wayback
history-content,website-reviews,Listening to Our Ancestors: The Art of Native Life Along the North Pacific Coast,/history-content/website-reviews/22645,history-content/website-reviews/listening-to-our-ancestors-the-art-of-native-life-along-the-north-pacific-coast-22645.md,1,0,0,0,0,0,0,1,0,0,0,0,fix-links-only
history-content,website-reviews,Living New Deal Project,/history-content/website-reviews/25144,history-content/website-reviews/living-new-deal-project-25144.md,1,0,0,0,0,0,0,1,0,0,0,0,fix-links-only
history-content,website-reviews,"Living the Legacy: The Women's Rights Movement, 1848-1998",/history-content/website-reviews/22803,history-content/website-reviews/living-the-legacy-the-womens-rights-movement-1848-1998-22803.md,1,0,0,0,0,0,0,1,0,0,0,0,fix-links-only
history-content,website-reviews,"Living Voices, Voces Vivas",/history-content/website-reviews/23206,history-content/website-reviews/living-voices-voces-vivas-23206.md,1,0,0,0,0,0,0,1,0,0,0,0,fix-links-only
history-content,website-reviews,Los Angeles Public Library Photo Collection,/history-content/website-reviews/24146,history-content/website-reviews/los-angeles-public-library-photo-collection-24146.md,1,0,1,0,0,0,0,0,0,0,0,1,delete-page-candidate
history-content,website-reviews,Lost Museum,/history-content/website-reviews/14659,history-content/website-reviews/lost-museum-14659.md,1,0,1,0,0,0,0,0,0,0,0,1,delete-page-candidate
history-content,website-reviews,Louisiana State Museum Jazz Collection,/history-content/website-reviews/22700,history-content/website-reviews/louisiana-state-museum-jazz-collection-22700.md,1,0,1,0,0,0,0,0,0,0,1,0,salvage-wayback
history-content,website-reviews,Lower East Side Tenement Museum,/history-content/website-reviews/24145,history-content/website-reviews/lower-east-side-tenement-museum-24145.md,1,0,0,0,0,0,0,1,0,0,0,0,fix-links-only
history-content,website-reviews,Madison: Celebrating 150 Years,/history-content/website-reviews/22611,history-content/website-reviews/madison-celebrating-150-years-22611.md,1,0,1,0,0,0,0,0,0,0,1,0,salvage-wayback
history-content,website-reviews,"Magic, Illusion, and Detection in Turn of the Century America",/history-content/website-reviews/22839,history-content/website-reviews/magic-illusion-and-detection-in-turn-of-the-century-america-22839.md,1,0,1,0,0,0,0,0,0,0,0,1,delete-page-candidate
history-content,website-reviews,Maine Memory Network,/history-content/website-reviews/22988,history-content/website-reviews/maine-memory-network-22988.md,3,2,1,0,0,0,0,0,0,0,0,1,delete-page-candidate
history-content,website-reviews,Making of America,/history-content/website-reviews/14746,history-content/website-reviews/making-of-america-14746.md,3,0,1,0,1,0,0,1,0,1,0,1,delete-page-candidate
history-content,website-reviews,Making the Macintosh: Technology and Culture in Silicon Valley,/history-content/website-reviews/14703,history-content/website-reviews/making-the-macintosh-technology-and-culture-in-silicon-valley-14703.md,1,0,1,0,0,0,0,0,0,0,1,0,salvage-wayback
history-content,website-reviews,Manufacturers' Catalogs from the First Decade of American Automobiles,/history-content/website-reviews/22610,history-content/website-reviews/manufacturers-catalogs-from-the-first-decade-of-american-automobiles-22610.md,1,0,0,1,0,0,0,0,0,0,0,1,delete-page-candidate
history-content,website-reviews,"Manuscripts from the Federal Writers' Project, 1936-1940",/history-content/website-reviews/14765,history-content/website-reviews/manuscripts-from-the-federal-writers-project-1936-1940-14765.md,1,0,1,0,0,0,0,0,0,0,1,0,salvage-wayback
history-content,website-reviews,Map Collections: 1500-2003,/history-content/website-reviews/14708,history-content/website-reviews/map-collections-1500-2003-14708.md,1,0,1,0,0,0,0,0,0,0,1,0,salvage-wayback
history-content,website-reviews,Mapping the National Parks,/history-content/website-reviews/23081,history-content/website-reviews/mapping-the-national-parks-23081.md,1,0,1,0,0,0,0,0,0,0,1,0,salvage-wayback
history-content,website-reviews,Marchand Archive,/history-content/website-reviews/14717,history-content/website-reviews/marchand-archive-14717.md,1,0,0,1,0,0,0,0,0,0,0,1,delete-page-candidate
history-content,website-reviews,Margaret Sanger Papers Project,/history-content/website-reviews/14672,history-content/website-reviews/margaret-sanger-papers-project-14672.md,1,0,0,1,0,0,0,0,0,0,0,1,delete-page-candidate
history-content,website-reviews,Marian Anderson: A Life in Song,/history-content/website-reviews/23387,history-content/website-reviews/marian-anderson-a-life-in-song-23387.md,1,0,1,0,0,0,0,0,0,0,1,0,salvage-wayback
history-content,website-reviews,Mark Twain in His Times,/history-content/website-reviews/14662,history-content/website-reviews/mark-twain-in-his-times-14662.md,1,0,0,0,1,0,0,0,0,0,0,0,fix-links-only
history-content,website-reviews,Martin Luther King Jr. Papers Project,/history-content/website-reviews/14770,history-content/website-reviews/martin-luther-king-jr-papers-project-14770.md,1,0,1,0,0,0,0,0,0,0,1,0,salvage-wayback
history-content,website-reviews,Maryland Historical Society Collections Online,/history-content/website-reviews/25465,history-content/website-reviews/maryland-historical-society-collections-online-25465.md,1,0,0,0,0,0,0,1,0,0,0,0,fix-links-only
history-content,website-reviews,Mass Moments,/history-content/website-reviews/24023,history-content/website-reviews/mass-moments-24023.md,4,3,1,0,0,0,0,0,0,0,0,1,delete-page-candidate
history-content,website-reviews,Material History of American Religion Project,/history-content/website-reviews/23373,history-content/website-reviews/material-history-of-american-religion-project-23373.md,1,0,1,0,0,0,0,0,0,0,1,0,salvage-wayback
history-content,website-reviews,Mathew Brady's Portraits,/history-content/website-reviews/23336,history-content/website-reviews/mathew-bradys-portraits-23336.md,1,0,0,0,0,0,0,1,0,0,0,0,fix-links-only
history-content,website-reviews,"May 4 Collection, Kent State University",/history-content/website-reviews/23109,history-content/website-reviews/may-4-collection-kent-state-university-23109.md,1,0,1,0,0,0,0,0,0,0,1,0,salvage-wayback
history-content,website-reviews,McVicar/Stein Photo Copy Service Collection,/history-content/website-reviews/22681,history-content/website-reviews/mcvicarstein-photo-copy-service-collection-22681.md,1,0,1,0,0,0,0,0,0,0,1,0,salvage-wayback
history-content,website-reviews,Medicine and Madison Avenue,/history-content/website-reviews/14685,history-content/website-reviews/medicine-and-madison-avenue-14685.md,1,0,0,0,1,0,0,0,0,0,0,0,fix-links-only
history-content,website-reviews,Meeting of Frontiers,/history-content/website-reviews/23225,history-content/website-reviews/meeting-of-frontiers-23225.md,1,0,1,0,0,0,0,0,0,0,0,1,delete-page-candidate
history-content,website-reviews,Memoirs v. Tapes: President Nixon and the December Bombings,/history-content/website-reviews/25381,history-content/website-reviews/memoirs-v-tapes-president-nixon-and-the-december-bombings-25381.md,4,1,0,3,0,0,0,0,0,0,0,3,delete-page-candidate
history-content,website-reviews,Mexican-American War and the Media,/history-content/website-reviews/14739,history-content/website-reviews/mexican-american-war-and-the-media-14739.md,1,0,1,0,0,0,0,0,0,0,1,0,salvage-wayback
history-content,website-reviews,Military Campaign Maps,/history-content/website-reviews/23002,history-content/website-reviews/military-campaign-maps-23002.md,1,0,1,0,0,0,0,0,0,0,1,0,salvage-wayback
history-content,website-reviews,Milwaukee Art Museum Collections,/history-content/website-reviews/23909,history-content/website-reviews/milwaukee-art-museum-collections-23909.md,1,0,0,1,0,0,0,0,0,0,0,1,delete-page-candidate
history-content,website-reviews,"Milwaukee Neighborhoods: Photos and Maps, 1885-1992",/history-content/website-reviews/23011,history-content/website-reviews/milwaukee-neighborhoods-photos-and-maps-1885-1992-23011.md,2,1,1,0,0,0,0,0,0,0,0,1,delete-page-candidate
history-content,website-reviews,Minnesota Maps Online,/history-content/website-reviews/22665,history-content/website-reviews/minnesota-maps-online-22665.md,1,0,1,0,0,0,0,0,0,0,1,0,salvage-wayback
history-content,website-reviews,"Mission to Arizona, 1916–1940: Father Augustine Schwarz, O.F.M.",/history-content/website-reviews/22972,history-content/website-reviews/mission-to-arizona-19161940-father-augustine-schwarz-ofm-22972.md,1,0,1,0,0,0,0,0,0,0,1,0,salvage-wayback
history-content,website-reviews,MNopedia,/history-content/website-reviews/25368,history-content/website-reviews/mnopedia-25368.md,1,0,0,1,0,0,0,0,0,0,0,1,delete-page-candidate
history-content,website-reviews,Monticello Explorer,/history-content/website-reviews/24017,history-content/website-reviews/monticello-explorer-24017.md,1,0,0,1,0,0,0,0,0,0,0,1,delete-page-candidate
history-content,website-reviews,Monticello: The Home of Thomas Jefferson,/history-content/website-reviews/22582,history-content/website-reviews/monticello-the-home-of-thomas-jefferson-22582.md,1,0,0,0,0,0,0,1,0,0,0,0,fix-links-only
history-content,website-reviews,Mr. Lincoln's Virtual Library,/history-content/website-reviews/23386,history-content/website-reviews/mr-lincolns-virtual-library-23386.md,1,0,1,0,0,0,0,0,0,0,0,1,delete-page-candidate
history-content,website-reviews,Multilaterals Project,/history-content/website-reviews/14819,history-content/website-reviews/multilaterals-project-14819.md,1,0,1,0,0,0,0,0,0,0,1,0,salvage-wayback
history-content,website-reviews,"Murphy and Bolanz: Block and Addition Books, Dallas County 1880-1920",/history-content/website-reviews/23248,history-content/website-reviews/murphy-and-bolanz-block-and-addition-books-dallas-county-1880-1920-23248.md,1,0,1,0,0,0,0,0,0,0,1,0,salvage-wayback
history-content,website-reviews,Museum of Musical Instruments (MoMI),/history-content/website-reviews/23239,history-content/website-reviews/museum-of-musical-instruments-momi-23239.md,1,0,1,0,0,0,0,0,0,0,1,0,salvage-wayback
history-content,website-reviews,"Music for the Nation: American Sheet Music, 1870-1885",/history-content/website-reviews/23093,history-content/website-reviews/music-for-the-nation-american-sheet-music-1870-1885-23093.md,1,0,1,0,0,0,0,0,0,0,1,0,salvage-wayback
history-content,website-reviews,Musicians Local No. 627 and the Mutual Musicians Foundation,/history-content/website-reviews/22608,history-content/website-reviews/musicians-local-no-627-and-the-mutual-musicians-foundation-22608.md,1,0,0,0,1,0,0,0,0,0,0,0,fix-links-only
history-content,website-reviews,NASA History Division,/history-content/website-reviews/22721,history-content/website-reviews/nasa-history-division-22721.md,1,0,0,0,1,0,0,0,0,0,0,0,fix-links-only
history-content,website-reviews,National Center for History in the Schools,/history-content/website-reviews/22821,history-content/website-reviews/national-center-for-history-in-the-schools-22821.md,1,0,0,1,0,0,0,0,0,0,0,1,delete-page-candidate
history-content,website-reviews,National Constitution Center: Explore the Constitution,/history-content/website-reviews/25040,history-content/website-reviews/national-constitution-center-explore-the-constitution-25040.md,6,5,1,0,0,0,0,0,0,0,1,0,salvage-wayback
history-content,website-reviews,National Election Studies,/history-content/website-reviews/14772,history-content/website-reviews/national-election-studies-14772.md,1,0,0,0,0,0,0,1,0,0,0,0,fix-links-only
history-content,website-reviews,National Jukebox,/history-content/website-reviews/24988,history-content/website-reviews/national-jukebox-24988.md,5,0,1,0,0,0,0,4,0,0,0,1,delete-page-candidate
history-content,website-reviews,"National Museum of American History, Kenneth E. Behring Center",/history-content/website-reviews/23049,history-content/website-reviews/national-museum-of-american-history-kenneth-e-behring-center-23049.md,2,0,0,0,0,0,0,2,0,0,0,0,fix-links-only
history-content,website-reviews,National Museum of the American Indian: Beauty Surrounds Us,/history-content/website-reviews/23582,history-content/website-reviews/national-museum-of-the-american-indian-beauty-surrounds-us-23582.md,1,0,0,0,0,0,0,1,0,0,0,0,fix-links-only
history-content,website-reviews,National Park Service: Links to the Past,/history-content/website-reviews/14633,history-content/website-reviews/national-park-service-links-to-the-past-14633.md,1,0,1,0,0,0,0,0,0,0,1,0,salvage-wayback
history-content,website-reviews,National Postal Museum,/history-content/website-reviews/23281,history-content/website-reviews/national-postal-museum-23281.md,1,0,1,0,0,0,0,0,0,0,1,0,salvage-wayback
history-content,website-reviews,National Security Action Memoranda of John F. Kennedy,/history-content/website-reviews/23158,history-content/website-reviews/national-security-action-memoranda-of-john-f-kennedy-23158.md,1,0,0,0,0,0,0,1,0,0,0,0,fix-links-only
history-content,website-reviews,National Security Archive,/history-content/website-reviews/23061,history-content/website-reviews/national-security-archive-23061.md,1,0,0,1,0,0,0,0,0,0,0,1,delete-page-candidate
history-content,website-reviews,National Security Archive: The Pentagon Papers,/history-content/website-reviews/22284,history-content/website-reviews/national-security-archive-the-pentagon-papers-22284.md,1,0,0,0,1,0,0,0,0,0,0,0,fix-links-only
history-content,website-reviews,National Security Archives: The Pentagon's Spies,/history-content/website-reviews/23164,history-content/website-reviews/national-security-archives-the-pentagons-spies-23164.md,1,0,0,0,1,0,0,0,0,0,0,0,fix-links-only
history-content,website-reviews,National Women's History Project,/history-content/website-reviews/22760,history-content/website-reviews/national-womens-history-project-22760.md,1,0,0,0,0,0,0,1,0,0,0,0,fix-links-only
history-content,website-reviews,Native American Constitution and Law Digitization Project,/history-content/website-reviews/22656,history-content/website-reviews/native-american-constitution-and-law-digitization-project-22656.md,1,0,1,0,0,0,0,0,0,0,1,0,salvage-wayback
history-content,website-reviews,Native American Documents Project,/history-content/website-reviews/14804,history-content/website-reviews/native-american-documents-project-14804.md,1,0,0,0,0,0,0,1,0,0,0,0,fix-links-only
history-content,website-reviews,Naval History and Heritage Command,/history-content/website-reviews/14711,history-content/website-reviews/naval-history-and-heritage-command-14711.md,2,0,2,0,0,0,0,0,0,0,1,1,delete-page-candidate
history-content,website-reviews,"New Deal Stage: Selections from the Federal Theatre Project, 1935-1939",/history-content/website-reviews/22811,history-content/website-reviews/new-deal-stage-selections-from-the-federal-theatre-project-1935-1939-22811.md,1,0,1,0,0,0,0,0,0,0,1,0,salvage-wayback
history-content,website-reviews,"New France, New Horizons: On French Soil in America",/history-content/website-reviews/22981,history-content/website-reviews/new-france-new-horizons-on-french-soil-in-america-22981.md,1,0,1,0,0,0,0,0,0,0,0,1,delete-page-candidate
history-content,website-reviews,New Jersery History Partnership Project,/history-content/website-reviews/22744,history-content/website-reviews/new-jersery-history-partnership-project-22744.md,1,0,0,1,0,0,0,0,0,0,0,1,delete-page-candidate
history-content,website-reviews,New York Public Library Digital Gallery,/history-content/website-reviews/14710,history-content/website-reviews/new-york-public-library-digital-gallery-14710.md,1,0,0,1,0,0,0,0,0,0,0,1,delete-page-candidate
history-content,website-reviews,New York Public Library Picture Collection Online,/history-content/website-reviews/22580,history-content/website-reviews/new-york-public-library-picture-collection-online-22580.md,1,0,0,1,0,0,0,0,0,0,0,1,delete-page-candidate
history-content,website-reviews,Nineteenth-Century Texas Law Online: Gammel's The Laws of Texas,/history-content/website-reviews/23244,history-content/website-reviews/nineteenth-century-texas-law-online-gammels-the-laws-of-texas-23244.md,1,0,0,0,1,0,0,0,0,0,0,0,fix-links-only
history-content,website-reviews,Nixon Tapes,/history-content/website-reviews/23303,history-content/website-reviews/nixon-tapes-23303.md,1,0,1,0,0,0,0,0,0,0,0,1,delete-page-candidate
history-content,website-reviews,North American Women's Letters and Diaries: Colonial Times to 1950,/history-content/website-reviews/22604,history-content/website-reviews/north-american-womens-letters-and-diaries-colonial-times-to-1950-22604.md,1,0,0,0,0,1,0,0,0,0,0,0,fix-links-only
history-content,website-reviews,North Carolinians and the Great War,/history-content/website-reviews/23274,history-content/website-reviews/north-carolinians-and-the-great-war-23274.md,1,0,1,0,0,0,0,0,0,0,1,0,salvage-wayback
history-content,website-reviews,"Northern Visions of Race, Region, and Reform in the Press",/history-content/website-reviews/22648,history-content/website-reviews/northern-visions-of-race-region-and-reform-in-the-press-22648.md,1,0,0,0,1,0,0,0,0,0,0,0,fix-links-only
history-content,website-reviews,Northwestern European Military Situation Maps from World War II,/history-content/website-reviews/14768,history-content/website-reviews/northwestern-european-military-situation-maps-from-world-war-ii-14768.md,1,0,1,0,0,0,0,0,0,0,1,0,salvage-wayback
history-content,website-reviews,"Now What a Time : Blues, Gospel, and the Fort Valley Music Festivals, 1938-1943",/history-content/website-reviews/23391,history-content/website-reviews/now-what-a-time-blues-gospel-and-the-fort-valley-music-festivals-1938-1943-23391.md,1,0,1,0,0,0,0,0,0,0,1,0,salvage-wayback
history-content,website-reviews,Old Time Radio,/history-content/website-reviews/23841,history-content/website-reviews/old-time-radio-23841.md,1,0,1,0,0,0,0,0,0,0,1,0,salvage-wayback
history-content,website-reviews,Omaha Indian Music,/history-content/website-reviews/23085,history-content/website-reviews/omaha-indian-music-23085.md,1,0,1,0,0,0,0,0,0,0,0,1,delete-page-candidate
history-content,website-reviews,Omohundro Institute of Early American History and Culture,/history-content/website-reviews/22862,history-content/website-reviews/omohundro-institute-of-early-american-history-and-culture-22862.md,1,0,0,1,0,0,0,0,0,0,0,1,delete-page-candidate
history-content,website-reviews,One Hundred Years of Photography from the National Archives,/history-content/website-reviews/23116,history-content/website-reviews/one-hundred-years-of-photography-from-the-national-archives-23116.md,1,0,1,0,0,0,0,0,0,0,1,0,salvage-wayback
history-content,website-reviews,Online Archive of California,/history-content/website-reviews/14643,history-content/website-reviews/online-archive-of-california-14643.md,1,0,1,0,0,0,0,0,0,0,1,0,salvage-wayback
history-content,website-reviews,Oral History Research Center,/history-content/website-reviews/23233,history-content/website-reviews/oral-history-research-center-23233.md,1,0,1,0,0,0,0,0,0,0,1,0,salvage-wayback
history-content,website-reviews,Oregon Trail,/history-content/website-reviews/23321,history-content/website-reviews/oregon-trail-23321.md,1,0,1,0,0,0,0,0,0,0,1,0,salvage-wayback
history-content,website-reviews,Organization of American Historians,/history-content/website-reviews/22817,history-content/website-reviews/organization-of-american-historians-22817.md,1,0,0,0,0,0,0,1,0,0,0,0,fix-links-only
history-content,website-reviews,Origins of American Animation,/history-content/website-reviews/23342,history-content/website-reviews/origins-of-american-animation-23342.md,1,0,1,0,0,0,0,0,0,0,0,1,delete-page-candidate
history-content,website-reviews,Osher Map Library,/history-content/website-reviews/14791,history-content/website-reviews/osher-map-library-14791.md,1,0,1,0,0,0,0,0,0,0,0,1,delete-page-candidate
history-content,website-reviews,Our Documents,/history-content/website-reviews/14604,history-content/website-reviews/our-documents-14604.md,1,0,0,0,1,0,0,0,0,0,0,0,fix-links-only
history-content,website-reviews,OurStory,/history-content/website-reviews/24286,history-content/website-reviews/ourstory-24286.md,1,0,0,0,0,0,0,1,0,0,0,0,fix-links-only
history-content,website-reviews,Oxford African American Studies Center,/history-content/website-reviews/22650,history-content/website-reviews/oxford-african-american-studies-center-22650.md,1,0,1,0,0,0,0,0,0,0,1,0,salvage-wayback
history-content,website-reviews,"Panoramic Maps, 1847-1929",/history-content/website-reviews/22589,history-content/website-reviews/panoramic-maps-1847-1929-22589.md,1,0,1,0,0,0,0,0,0,0,1,0,salvage-wayback
history-content,website-reviews,Papers of John Jay,/history-content/website-reviews/23115,history-content/website-reviews/papers-of-john-jay-23115.md,1,0,0,0,1,0,0,0,0,0,0,0,fix-links-only
history-content,website-reviews,Parallel History Project on Cooperative Security,/history-content/website-reviews/14698,history-content/website-reviews/parallel-history-project-on-cooperative-security-14698.md,1,0,1,0,0,0,0,0,0,0,1,0,salvage-wayback
history-content,website-reviews,Paul Laurence Dunbar Digital Collection,/history-content/website-reviews/24151,history-content/website-reviews/paul-laurence-dunbar-digital-collection-24151.md,1,0,0,0,1,0,0,0,0,0,0,0,fix-links-only
history-content,website-reviews,Pearl Harbor Attack Map,/history-content/website-reviews/25474,history-content/website-reviews/pearl-harbor-attack-map-25474.md,1,0,0,1,0,0,0,0,0,0,0,1,delete-page-candidate
history-content,website-reviews,Penn Museum Online Collections,/history-content/website-reviews/25776,history-content/website-reviews/penn-museum-online-collections-25776.md,1,0,0,0,0,0,0,1,0,0,0,0,fix-links-only
history-content,website-reviews,"People with a History: Lesbian, Gay, Bisexual and Trans* History",/history-content/website-reviews/22765,history-content/website-reviews/people-with-a-history-lesbian-gay-bisexual-and-trans-history-22765.md,1,0,0,0,1,0,0,0,0,0,0,0,fix-links-only
history-content,website-reviews,"Performing Arts in America, 1875-1923",/history-content/website-reviews/14825,history-content/website-reviews/performing-arts-in-america-1875-1923-14825.md,1,0,0,1,0,0,0,0,0,0,0,1,delete-page-candidate
history-content,website-reviews,PhilaPlace,/history-content/website-reviews/24057,history-content/website-reviews/philaplace-24057.md,7,5,2,0,0,0,0,0,0,0,0,2,delete-page-candidate
history-content,website-reviews,Photographing History: Fred J. Maroon and the Nixon Years,/history-content/website-reviews/23388,history-content/website-reviews/photographing-history-fred-j-maroon-and-the-nixon-years-23388.md,1,0,0,0,0,0,0,1,0,0,0,0,fix-links-only
history-content,website-reviews,Photographs from the Chicago Daily News: 1902-1933,/history-content/website-reviews/14678,history-content/website-reviews/photographs-from-the-chicago-daily-news-1902-1933-14678.md,1,0,0,0,0,0,0,1,0,0,0,0,fix-links-only
history-content,website-reviews,Photographs of the Historic American Buildings Survey: Georgia,/history-content/website-reviews/23055,history-content/website-reviews/photographs-of-the-historic-american-buildings-survey-georgia-23055.md,2,0,2,0,0,0,0,0,0,0,1,1,delete-page-candidate
history-content,website-reviews,Physical Sciences Collection: Surveying and Geodesy,/history-content/website-reviews/23224,history-content/website-reviews/physical-sciences-collection-surveying-and-geodesy-23224.md,1,0,0,0,0,0,0,1,0,0,0,0,fix-links-only
history-content,website-reviews,Picturing America,/history-content/website-reviews/19087,history-content/website-reviews/picturing-america-19087.md,1,0,1,0,0,0,0,0,0,0,1,0,salvage-wayback
history-content,website-reviews,Picturing Hemingway: A Writer in His Time,/history-content/website-reviews/23214,history-content/website-reviews/picturing-hemingway-a-writer-in-his-time-23214.md,1,0,0,0,0,0,0,1,0,0,0,0,fix-links-only
history-content,website-reviews,Pioneering the Upper Midwest: Rare Books c. 1820-1910,/history-content/website-reviews/23095,history-content/website-reviews/pioneering-the-upper-midwest-rare-books-c-1820-1910-23095.md,1,0,1,0,0,0,0,0,0,0,1,0,salvage-wayback
history-content,website-reviews,Platte River Basin in Nebraska,/history-content/website-reviews/23590,history-content/website-reviews/platte-river-basin-in-nebraska-23590.md,1,0,1,0,0,0,0,0,0,0,1,0,salvage-wayback
history-content,website-reviews,Playing House—Homemaking for Children,/history-content/website-reviews/24147,history-content/website-reviews/playing-househomemaking-for-children-24147.md,1,0,0,0,1,0,0,0,0,0,0,0,fix-links-only
history-content,website-reviews,Pluralism and Unity,/history-content/website-reviews/22865,history-content/website-reviews/pluralism-and-unity-22865.md,7,5,2,0,0,0,0,0,0,0,1,1,delete-page-candidate
history-content,website-reviews,Plymouth Colony Archive Project,/history-content/website-reviews/14648,history-content/website-reviews/plymouth-colony-archive-project-14648.md,1,0,0,0,1,0,0,0,0,0,0,0,fix-links-only
history-content,website-reviews,Political Thought Page,/history-content/website-reviews/22802,history-content/website-reviews/political-thought-page-22802.md,1,0,0,0,1,0,0,0,0,0,0,0,fix-links-only
history-content,website-reviews,Politics of a Massacre: Discovering Wilmington 1898,/history-content/website-reviews/24034,history-content/website-reviews/politics-of-a-massacre-discovering-wilmington-1898-24034.md,2,1,1,0,0,0,0,0,0,0,1,0,salvage-wayback
history-content,website-reviews,Popular American Music,/history-content/website-reviews/23023,history-content/website-reviews/popular-american-music-23023.md,1,0,0,0,1,0,0,0,0,0,0,0,fix-links-only
history-content,website-reviews,Posters: American Style,/history-content/website-reviews/22768,history-content/website-reviews/posters-american-style-22768.md,1,0,1,0,0,0,0,0,0,0,1,0,salvage-wayback
history-content,website-reviews,"Posters from the WPA, 1936-1943",/history-content/website-reviews/14690,history-content/website-reviews/posters-from-the-wpa-1936-1943-14690.md,1,0,1,0,0,0,0,0,0,0,1,0,salvage-wayback
history-content,website-reviews,Prairie Settlement: Nebraska Photographs and Family Letters,/history-content/website-reviews/14665,history-content/website-reviews/prairie-settlement-nebraska-photographs-and-family-letters-14665.md,1,0,1,0,0,0,0,0,0,0,1,0,salvage-wayback
history-content,website-reviews,Presidential Elections and the Electoral College,/history-content/website-reviews/23076,history-content/website-reviews/presidential-elections-and-the-electoral-college-23076.md,1,0,1,0,0,0,0,0,0,0,0,1,delete-page-candidate
history-content,website-reviews,Presidential Papers of Dwight David Eisenhower,/history-content/website-reviews/22727,history-content/website-reviews/presidential-papers-of-dwight-david-eisenhower-22727.md,1,0,1,0,0,0,0,0,0,0,0,1,delete-page-candidate
history-content,website-reviews,Primary Documents in American History,/history-content/website-reviews/14799,history-content/website-reviews/primary-documents-in-american-history-14799.md,1,0,0,0,1,0,0,0,0,0,0,0,fix-links-only
history-content,website-reviews,"Private Passions, Public Legacy: Paul Mellon's Personal Library",/history-content/website-reviews/23140,history-content/website-reviews/private-passions-public-legacy-paul-mellons-personal-library-23140.md,1,0,1,0,0,0,0,0,0,0,1,0,salvage-wayback
history-content,website-reviews,Probing the Past,/history-content/website-reviews/22616,history-content/website-reviews/probing-the-past-22616.md,2,1,0,1,0,0,0,0,0,0,0,1,delete-page-candidate
history-content,website-reviews,Profiles in Science,/history-content/website-reviews/14829,history-content/website-reviews/profiles-in-science-14829.md,1,0,0,1,0,0,0,0,0,0,0,1,delete-page-candidate
history-content,website-reviews,Promise of Gold Mountain: Tucson's Chinese Heritage,/history-content/website-reviews/23315,history-content/website-reviews/promise-of-gold-mountain-tucsons-chinese-heritage-23315.md,1,0,1,0,0,0,0,0,0,0,0,1,delete-page-candidate
history-content,website-reviews,Prosperity and Thrift: Coolidge Era and the Consumer Economy,/history-content/website-reviews/14846,history-content/website-reviews/prosperity-and-thrift-coolidge-era-and-the-consumer-economy-14846.md,1,0,1,0,0,0,0,0,0,0,1,0,salvage-wayback
history-content,website-reviews,Puerto Rico at the Dawn of the Modern Age,/history-content/website-reviews/23086,history-content/website-reviews/puerto-rico-at-the-dawn-of-the-modern-age-23086.md,1,0,1,0,0,0,0,0,0,0,1,0,salvage-wayback
history-content,website-reviews,Quilt Index,/history-content/website-reviews/25390,history-content/website-reviews/quilt-index-25390.md,4,3,1,0,0,0,0,0,0,0,0,1,delete-page-candidate
history-content,website-reviews,"Quilts and Quiltmaking in America, 1978-1996",/history-content/website-reviews/23087,history-content/website-reviews/quilts-and-quiltmaking-in-america-1978-1996-23087.md,4,3,1,0,0,0,0,0,0,0,1,0,salvage-wayback
history-content,website-reviews,Race and Place,/history-content/website-reviews/14813,history-content/website-reviews/race-and-place-14813.md,1,0,0,0,1,0,0,0,0,0,0,0,fix-links-only
history-content,website-reviews,Raid on Deerfield: The Many Stories of 1704,/history-content/website-reviews/14646,history-content/website-reviews/raid-on-deerfield-the-many-stories-of-1704-14646.md,1,0,0,1,0,0,0,0,0,0,0,1,delete-page-candidate
history-content,website-reviews,"Railroad Maps, 1828-1900",/history-content/website-reviews/23088,history-content/website-reviews/railroad-maps-1828-1900-23088.md,1,0,1,0,0,0,0,0,0,0,1,0,salvage-wayback
history-content,website-reviews,Rare Map Collection,/history-content/website-reviews/22874,history-content/website-reviews/rare-map-collection-22874.md,1,0,1,0,0,0,0,0,0,0,1,0,salvage-wayback
history-content,website-reviews,Readex Digital Collections,/history-content/website-reviews/14727,history-content/website-reviews/readex-digital-collections-14727.md,1,0,1,0,0,0,0,0,0,0,1,0,salvage-wayback
history-content,website-reviews,Recipe for Victory: Food and Cooking in Wartime,/history-content/website-reviews/25302,history-content/website-reviews/recipe-for-victory-food-and-cooking-in-wartime-25302.md,1,0,0,0,1,0,0,0,0,0,0,0,fix-links-only
history-content,website-reviews,"Reclaiming the Everglades: South Florida's Natural History, 1884-1934",/history-content/website-reviews/14621,history-content/website-reviews/reclaiming-the-everglades-south-floridas-natural-history-1884-1934-14621.md,1,0,0,0,1,0,0,0,0,0,0,0,fix-links-only
history-content,website-reviews,"Record of Officers and Men of New Jersey in the Civil War, 1861-1865",/history-content/website-reviews/23210,history-content/website-reviews/record-of-officers-and-men-of-new-jersey-in-the-civil-war-1861-1865-23210.md,1,0,1,0,0,0,0,0,0,0,1,0,salvage-wayback
history-content,website-reviews,Recovered Notebooks from the Thomas Harned Walt Whitman Collection,/history-content/website-reviews/22587,history-content/website-reviews/recovered-notebooks-from-the-thomas-harned-walt-whitman-collection-22587.md,1,0,1,0,0,0,0,0,0,0,1,0,salvage-wayback
history-content,website-reviews,Red Cross: Exploring Humanitarian Law,/history-content/website-reviews/25229,history-content/website-reviews/red-cross-exploring-humanitarian-law-25229.md,5,2,0,0,0,3,0,0,0,0,0,0,fix-links-only
history-content,website-reviews,Red Hot Jazz Archive: A History of Jazz before 1930,/history-content/website-reviews/14670,history-content/website-reviews/red-hot-jazz-archive-a-history-of-jazz-before-1930-14670.md,1,0,0,1,0,0,0,0,0,0,0,1,delete-page-candidate
history-content,website-reviews,Red White Blue & Brimstone: New World Literature and the American Millennium,/history-content/website-reviews/22570,history-content/website-reviews/red-white-blue-brimstone-new-world-literature-and-the-american-millennium-22570.md,1,0,1,0,0,0,0,0,0,0,0,1,delete-page-candidate
history-content,website-reviews,Regarding Vietnam: Stories Since the War,/history-content/website-reviews/22846,history-content/website-reviews/regarding-vietnam-stories-since-the-war-22846.md,1,0,1,0,0,0,0,0,0,0,1,0,salvage-wayback
history-content,website-reviews,Regional Oral History Office,/history-content/website-reviews/23143,history-content/website-reviews/regional-oral-history-office-23143.md,1,0,0,0,1,0,0,0,0,0,0,0,fix-links-only
history-content,website-reviews,Remembering Herblock,/history-content/website-reviews/23193,history-content/website-reviews/remembering-herblock-23193.md,1,0,1,0,0,0,0,0,0,0,1,0,salvage-wayback
history-content,website-reviews,Remembering Nagasaki,/history-content/website-reviews/22779,history-content/website-reviews/remembering-nagasaki-22779.md,1,0,1,0,0,0,0,0,0,0,1,0,salvage-wayback
history-content,website-reviews,Reston Collection Images,/history-content/website-reviews/23020,history-content/website-reviews/reston-collection-images-23020.md,1,0,1,0,0,0,0,0,0,0,0,1,delete-page-candidate
history-content,website-reviews,Riverboats and Jazz,/history-content/website-reviews/23066,history-content/website-reviews/riverboats-and-jazz-23066.md,1,0,0,0,1,0,0,0,0,0,0,0,fix-links-only
history-content,website-reviews,Ronald Reagan Presidential Foundation and Library,/history-content/website-reviews/24105,history-content/website-reviews/ronald-reagan-presidential-foundation-and-library-24105.md,8,7,1,0,0,0,0,0,0,0,0,1,delete-page-candidate
history-content,website-reviews,Roy Rosenzweig Center for History and New Media,/history-content/website-reviews/22964,history-content/website-reviews/roy-rosenzweig-center-for-history-and-new-media-22964.md,3,2,0,1,0,0,0,0,0,0,0,1,delete-page-candidate
history-content,website-reviews,Salem Witch Trials: Documentary Archive and Transcription Project,/history-content/website-reviews/14606,history-content/website-reviews/salem-witch-trials-documentary-archive-and-transcription-project-14606.md,1,0,1,0,0,0,0,0,0,0,1,0,salvage-wayback
history-content,website-reviews,Salem Witchcraft Hysteria: A National Geographic Interactive Site,/history-content/website-reviews/23322,history-content/website-reviews/salem-witchcraft-hysteria-a-national-geographic-interactive-site-23322.md,1,0,1,0,0,0,0,0,0,0,0,1,delete-page-candidate
history-content,website-reviews,"Samuel F. B. Morse Papers, 1793-1919",/history-content/website-reviews/23025,history-content/website-reviews/samuel-f-b-morse-papers-1793-1919-23025.md,1,0,1,0,0,0,0,0,0,0,0,1,delete-page-candidate
history-content,website-reviews,Samuel J. May Anti-Slavery Collection,/history-content/website-reviews/14809,history-content/website-reviews/samuel-j-may-anti-slavery-collection-14809.md,1,0,1,0,0,0,0,0,0,0,1,0,salvage-wayback
history-content,website-reviews,San Francisco Historical Photograph Collection,/history-content/website-reviews/22973,history-content/website-reviews/san-francisco-historical-photograph-collection-22973.md,4,1,3,0,0,0,0,0,0,0,0,3,delete-page-candidate
history-content,website-reviews,"Sanborn® Fire Insurance Maps for Georgia Towns and Cities, 1884-1922",/history-content/website-reviews/22718,history-content/website-reviews/sanborn-fire-insurance-maps-for-georgia-towns-and-cities-1884-1922-22718.md,1,0,0,0,1,0,0,0,0,0,0,0,fix-links-only
history-content,website-reviews,Sanborn Fire Insurance Maps of South Carolina,/history-content/website-reviews/23402,history-content/website-reviews/sanborn-fire-insurance-maps-of-south-carolina-23402.md,1,0,0,0,1,0,0,0,0,0,0,0,fix-links-only
history-content,website-reviews,"Sanborn® Fire Insurance Maps, UT",/history-content/website-reviews/14666,history-content/website-reviews/sanborn-fire-insurance-maps-ut-14666.md,1,0,0,0,0,0,0,0,1,0,0,0,fix-links-only
history-content,website-reviews,Savannah Images Project,/history-content/website-reviews/23403,history-content/website-reviews/savannah-images-project-23403.md,1,0,1,0,0,0,0,0,0,0,1,0,salvage-wayback
history-content,website-reviews,SCETI: Schoenberg Center for Electronic Text and Image,/history-content/website-reviews/14786,history-content/website-reviews/sceti-schoenberg-center-for-electronic-text-and-image-14786.md,1,0,0,0,1,0,0,0,0,0,0,0,fix-links-only
history-content,website-reviews,"Science, Technology, and the CIA",/history-content/website-reviews/23187,history-content/website-reviews/science-technology-and-the-cia-23187.md,1,0,0,0,1,0,0,0,0,0,0,0,fix-links-only
history-content,website-reviews,Scout Report Archives,/history-content/website-reviews/22837,history-content/website-reviews/scout-report-archives-22837.md,1,0,0,1,0,0,0,0,0,0,0,1,delete-page-candidate
history-content,website-reviews,Seattle General Strike Project,/history-content/website-reviews/24035,history-content/website-reviews/seattle-general-strike-project-24035.md,6,4,2,0,0,0,0,0,0,0,1,1,delete-page-candidate
history-content,website-reviews,Selected Civil War Photographs,/history-content/website-reviews/14613,history-content/website-reviews/selected-civil-war-photographs-14613.md,1,0,1,0,0,0,0,0,0,0,1,0,salvage-wayback
history-content,website-reviews,Selected Historical Decennial Census Population and Housing Counts,/history-content/website-reviews/23240,history-content/website-reviews/selected-historical-decennial-census-population-and-housing-counts-23240.md,1,0,1,0,0,0,0,0,0,0,1,0,salvage-wayback
history-content,website-reviews,"September 11, 2001, Documentary Project",/history-content/website-reviews/25043,history-content/website-reviews/september-11-2001-documentary-project-25043.md,2,1,1,0,0,0,0,0,0,1,0,1,delete-page-candidate
history-content,website-reviews,"September 11, 2001, Web Archive",/history-content/website-reviews/25044,history-content/website-reviews/september-11-2001-web-archive-25044.md,1,0,1,0,0,0,0,0,0,0,1,0,salvage-wayback
history-content,website-reviews,September 11th Sourcebooks,/history-content/website-reviews/25104,history-content/website-reviews/september-11th-sourcebooks-25104.md,1,0,0,0,1,0,0,0,0,0,0,0,fix-links-only
history-content,website-reviews,Sewall-Belmont House Museum Collections,/history-content/website-reviews/25026,history-content/website-reviews/sewall-belmont-house-museum-collections-25026.md,3,2,0,0,0,0,1,0,0,0,0,0,fix-links-only
history-content,website-reviews,Shaping the Constitution,/history-content/website-reviews/24994,history-content/website-reviews/shaping-the-constitution-24994.md,2,1,0,1,0,0,0,0,0,0,0,1,delete-page-candidate
history-content,website-reviews,Shays' Rebellion and the Making of a Nation,/history-content/website-reviews/25158,history-content/website-reviews/shays-rebellion-and-the-making-of-a-nation-25158.md,12,4,1,0,0,0,0,0,7,0,0,1,delete-page-candidate
history-content,website-reviews,Silicon Valley History Online,/history-content/website-reviews/22687,history-content/website-reviews/silicon-valley-history-online-22687.md,1,0,1,0,0,0,0,0,0,0,1,0,salvage-wayback
history-content,website-reviews,SIRIS Image Gallery,/history-content/website-reviews/14764,history-content/website-reviews/siris-image-gallery-14764.md,2,0,0,0,0,0,0,2,0,0,0,0,fix-links-only
history-content,website-reviews,Sixties Project & Viet Nam Generation,/history-content/website-reviews/22781,history-content/website-reviews/sixties-project-viet-nam-generation-22781.md,1,0,0,0,1,0,0,0,0,0,0,0,fix-links-only
history-content,website-reviews,Slave Movement During the 18th and 19th Centuries,/history-content/website-reviews/23146,history-content/website-reviews/slave-movement-during-the-18th-and-19th-centuries-23146.md,1,0,1,0,0,0,0,0,0,0,1,0,salvage-wayback
history-content,website-reviews,Slavery and the Making of America,/history-content/website-reviews/22728,history-content/website-reviews/slavery-and-the-making-of-america-22728.md,1,0,0,0,0,1,0,0,0,0,0,0,fix-links-only
history-content,website-reviews,Slavery in Canada,/history-content/website-reviews/24984,history-content/website-reviews/slavery-in-canada-24984.md,1,0,1,0,0,0,0,0,0,0,1,0,salvage-wayback
history-content,website-reviews,"Slaves and the Courts, 1740-1860",/history-content/website-reviews/14802,history-content/website-reviews/slaves-and-the-courts-1740-1860-14802.md,1,0,1,0,0,0,0,0,0,0,1,0,salvage-wayback
history-content,website-reviews,"Small-Town America: Images from the Robert Dennis Collection, 1850-1920",/history-content/website-reviews/14664,history-content/website-reviews/small-town-america-images-from-the-robert-dennis-collection-1850-1920-14664.md,1,0,1,0,0,0,0,0,0,0,1,0,salvage-wayback
history-content,website-reviews,Snag Learning,/history-content/website-reviews/24990,history-content/website-reviews/snag-learning-24990.md,4,1,3,0,0,0,0,0,0,0,0,3,delete-page-candidate
history-content,website-reviews,"South Texas Border, 1900-1920: The Robert Runyon Collection",/history-content/website-reviews/14620,history-content/website-reviews/south-texas-border-1900-1920-the-robert-runyon-collection-14620.md,1,0,1,0,0,0,0,0,0,0,1,0,salvage-wayback
history-content,website-reviews,"Spain, The United States, and The American Frontier: Historias Paralelas",/history-content/website-reviews/23294,history-content/website-reviews/spain-the-united-states-and-the-american-frontier-historias-paralelas-23294.md,1,0,1,0,0,0,0,0,0,0,1,0,salvage-wayback
history-content,website-reviews,"Spalding Base Ball Guides, 1889-1939",/history-content/website-reviews/23001,history-content/website-reviews/spalding-base-ball-guides-1889-1939-23001.md,1,0,1,0,0,0,0,0,0,0,1,0,salvage-wayback
history-content,website-reviews,Spanish-American War in Motion Pictures,/history-content/website-reviews/14750,history-content/website-reviews/spanish-american-war-in-motion-pictures-14750.md,1,0,1,0,0,0,0,0,0,0,1,0,salvage-wayback
history-content,website-reviews,Spy Letters of the American Revolution,/history-content/website-reviews/23159,history-content/website-reviews/spy-letters-of-the-american-revolution-23159.md,1,0,0,0,0,0,0,1,0,0,0,0,fix-links-only
history-content,website-reviews,St. Louis Circuit Court Historical Records Project,/history-content/website-reviews/23050,history-content/website-reviews/st-louis-circuit-court-historical-records-project-23050.md,1,0,1,0,0,0,0,0,0,0,1,0,salvage-wayback
history-content,website-reviews,Stephen Foster's Sketchbook,/history-content/website-reviews/22662,history-content/website-reviews/stephen-fosters-sketchbook-22662.md,1,0,1,0,0,0,0,0,0,0,1,0,salvage-wayback
history-content,website-reviews,"Streetscape and Townscape of Metropolitan New York City, 1860-1942",/history-content/website-reviews/23249,history-content/website-reviews/streetscape-and-townscape-of-metropolitan-new-york-city-1860-1942-23249.md,1,0,0,1,0,0,0,0,0,0,0,1,delete-page-candidate
history-content,website-reviews,Sunday School Books: Shaping the Values of Youth in 19th-Century America,/history-content/website-reviews/14654,history-content/website-reviews/sunday-school-books-shaping-the-values-of-youth-in-19th-century-america-14654.md,1,0,0,0,0,0,0,0,1,0,0,0,fix-links-only
history-content,website-reviews,Surveyors of the West: William Henry Jackson and Robert Brewster Stanton,/history-content/website-reviews/23157,history-content/website-reviews/surveyors-of-the-west-william-henry-jackson-and-robert-brewster-stanton-23157.md,1,0,1,0,0,0,0,0,0,0,1,0,salvage-wayback
history-content,website-reviews,"Taking the Long View: Panoramic Photographs, 1851-1991",/history-content/website-reviews/14745,history-content/website-reviews/taking-the-long-view-panoramic-photographs-1851-1991-14745.md,1,0,1,0,0,0,0,0,0,0,0,1,delete-page-candidate
history-content,website-reviews,Tangled Roots,/history-content/website-reviews/14716,history-content/website-reviews/tangled-roots-14716.md,1,0,0,0,1,0,0,0,0,0,0,0,fix-links-only
history-content,website-reviews,Teach Women's History Project,/history-content/website-reviews/14776,history-content/website-reviews/teach-womens-history-project-14776.md,1,0,1,0,0,0,0,0,0,0,1,0,salvage-wayback
history-content,website-reviews,TeacherServe,/history-content/website-reviews/24356,history-content/website-reviews/teacherserve-24356.md,2,1,0,0,0,0,0,1,0,0,0,0,fix-links-only
history-content,website-reviews,Television News of the Civil Rights Era,/history-content/website-reviews/14774,history-content/website-reviews/television-news-of-the-civil-rights-era-14774.md,1,0,0,0,1,0,0,0,0,0,0,0,fix-links-only
history-content,website-reviews,Tending the Commons: Folklife and Landscape in Southern West Virginia,/history-content/website-reviews/23349,history-content/website-reviews/tending-the-commons-folklife-and-landscape-in-southern-west-virginia-23349.md,1,0,1,0,0,0,0,0,0,0,1,0,salvage-wayback
history-content,website-reviews,Tennessee 4 Me,/history-content/website-reviews/23887,history-content/website-reviews/tennessee-4-me-23887.md,2,1,0,0,1,0,0,0,0,0,0,0,fix-links-only
history-content,website-reviews,"Tennessee Documentary History Collection, 1796-1850",/history-content/website-reviews/22666,history-content/website-reviews/tennessee-documentary-history-collection-1796-1850-22666.md,1,0,1,0,0,0,0,0,0,0,1,0,salvage-wayback
history-content,website-reviews,Territorial Kansas Online,/history-content/website-reviews/14744,history-content/website-reviews/territorial-kansas-online-14744.md,1,0,0,0,1,0,0,0,0,0,0,0,fix-links-only
history-content,website-reviews,Texas Archive of the Moving Image,/history-content/website-reviews/25011,history-content/website-reviews/texas-archive-of-the-moving-image-25011.md,4,0,4,0,0,0,0,0,0,0,1,3,delete-page-candidate
history-content,website-reviews,"Texts from Collections of the University of Wisconsin, Madison",/history-content/website-reviews/23149,history-content/website-reviews/texts-from-collections-of-the-university-of-wisconsin-madison-23149.md,1,0,0,0,1,0,0,0,0,0,0,0,fix-links-only
history-content,website-reviews,"Thar's Gold in Them Thar Hills: Gold and Gold Mining in Georgia, 1830s-1940s",/history-content/website-reviews/22667,history-content/website-reviews/thars-gold-in-them-thar-hills-gold-and-gold-mining-in-georgia-1830s-1940s-22667.md,1,0,0,0,1,0,0,0,0,0,0,0,fix-links-only
history-content,website-reviews,The 1906 San Francisco Earthquake and Fire,/history-content/website-reviews/14623,history-content/website-reviews/the-1906-san-francisco-earthquake-and-fire-14623.md,1,0,0,0,1,0,0,0,0,0,0,0,fix-links-only
history-content,website-reviews,The 19th Century in Print: Books,/history-content/website-reviews/23083,history-content/website-reviews/the-19th-century-in-print-books-23083.md,1,0,0,0,0,0,0,1,0,0,0,0,fix-links-only
history-content,website-reviews,The 3Cities Project,/history-content/website-reviews/23100,history-content/website-reviews/the-3cities-project-23100.md,2,1,1,0,0,0,0,0,0,0,0,1,delete-page-candidate
history-content,website-reviews,"The Aaron Copland Collection, ca. 1900-1990",/history-content/website-reviews/23348,history-content/website-reviews/the-aaron-copland-collection-ca-1900-1990-23348.md,1,0,1,0,0,0,0,0,0,0,1,0,salvage-wayback
history-content,website-reviews,The African American Odyssey: A Quest for Full Citizenship,/history-content/website-reviews/23346,history-content/website-reviews/the-african-american-odyssey-a-quest-for-full-citizenship-23346.md,1,0,1,0,0,0,0,0,0,0,1,0,salvage-wayback
history-content,website-reviews,The American 1890s,/history-content/website-reviews/22751,history-content/website-reviews/the-american-1890s-22751.md,1,0,1,0,0,0,0,0,0,0,1,0,salvage-wayback
history-content,website-reviews,The American Presidency: A Glorious Burden,/history-content/website-reviews/23029,history-content/website-reviews/the-american-presidency-a-glorious-burden-23029.md,6,0,0,0,0,0,0,6,0,0,0,0,fix-links-only
history-content,website-reviews,The American Revolution and Its Era: Maps and Charts,/history-content/website-reviews/23089,history-content/website-reviews/the-american-revolution-and-its-era-maps-and-charts-23089.md,1,0,1,0,0,0,0,0,0,0,1,0,salvage-wayback
history-content,website-reviews,The Atomic Bomb and the End of World War II,/history-content/website-reviews/22682,history-content/website-reviews/the-atomic-bomb-and-the-end-of-world-war-ii-22682.md,1,0,0,0,1,0,0,0,0,0,0,0,fix-links-only
history-content,website-reviews,The Barbara McClintock Papers,/history-content/website-reviews/23032,history-content/website-reviews/the-barbara-mcclintock-papers-23032.md,1,0,0,0,1,0,0,0,0,0,0,0,fix-links-only
history-content,website-reviews,"The Blues, Black Vaudeville, and the Silver Screen, 1912-1930s",/history-content/website-reviews/22618,history-content/website-reviews/the-blues-black-vaudeville-and-the-silver-screen-1912-1930s-22618.md,1,0,0,0,1,0,0,0,0,0,0,0,fix-links-only
history-content,website-reviews,"The Capital and the Bay, ca. 1600-1925",/history-content/website-reviews/23163,history-content/website-reviews/the-capital-and-the-bay-ca-1600-1925-23163.md,1,0,1,0,0,0,0,0,0,0,1,0,salvage-wayback
history-content,website-reviews,The Challenge of Democracy: LBJ in the Oval Office: Johnson's Vietnam Anguish,/history-content/website-reviews/23328,history-content/website-reviews/the-challenge-of-democracy-lbj-in-the-oval-office-johnsons-vietnam-anguish-23328.md,2,0,0,0,0,0,0,2,0,0,0,0,fix-links-only
history-content,website-reviews,The Commercial Closet,/history-content/website-reviews/23195,history-content/website-reviews/the-commercial-closet-23195.md,1,0,1,0,0,0,0,0,0,0,1,0,salvage-wayback
history-content,website-reviews,The Crisis of the Union,/history-content/website-reviews/23297,history-content/website-reviews/the-crisis-of-the-union-23297.md,1,0,0,0,1,0,0,0,0,0,0,0,fix-links-only
history-content,website-reviews,"The Cuban Missile Crisis, 1962: The 40th Anniversary",/history-content/website-reviews/23097,history-content/website-reviews/the-cuban-missile-crisis-1962-the-40th-anniversary-23097.md,1,0,0,0,1,0,0,0,0,0,0,0,fix-links-only
history-content,website-reviews,The Daguerreian Society,/history-content/website-reviews/23137,history-content/website-reviews/the-daguerreian-society-23137.md,1,0,0,1,0,0,0,0,0,0,0,1,delete-page-candidate
history-content,website-reviews,The Dick Thornburgh Papers,/history-content/website-reviews/22609,history-content/website-reviews/the-dick-thornburgh-papers-22609.md,1,0,1,0,0,0,0,0,0,0,0,1,delete-page-candidate
history-content,website-reviews,The Five Points Site,/history-content/website-reviews/22835,history-content/website-reviews/the-five-points-site-22835.md,1,0,1,0,0,0,0,0,0,0,0,1,delete-page-candidate
history-content,website-reviews,The Franklin County Publication Archives Index,/history-content/website-reviews/22583,history-content/website-reviews/the-franklin-county-publication-archives-index-22583.md,1,0,1,0,0,0,0,0,0,0,0,1,delete-page-candidate
history-content,website-reviews,The Great Depression to World War II: Photos from the FSA-OWI,/history-content/website-reviews/14624,history-content/website-reviews/the-great-depression-to-world-war-ii-photos-from-the-fsa-owi-14624.md,1,0,1,0,0,0,0,0,0,0,1,0,salvage-wayback
history-content,website-reviews,The Hartford Black History Project,/history-content/website-reviews/23207,history-content/website-reviews/the-hartford-black-history-project-23207.md,1,0,0,0,0,1,0,0,0,0,0,0,fix-links-only
history-content,website-reviews,The History Box,/history-content/website-reviews/22711,history-content/website-reviews/the-history-box-22711.md,1,0,0,0,0,0,1,0,0,0,0,0,fix-links-only
history-content,website-reviews,The History of Sanitary Sewers,/history-content/website-reviews/23016,history-content/website-reviews/the-history-of-sanitary-sewers-23016.md,2,0,2,0,0,0,0,0,0,0,1,1,delete-page-candidate
history-content,website-reviews,The Internet African-American History Challenge,/history-content/website-reviews/22856,history-content/website-reviews/the-internet-african-american-history-challenge-22856.md,1,0,1,0,0,0,0,0,0,0,1,0,salvage-wayback
history-content,website-reviews,"The Irving Fine Collection, Ca. 1914-1962",/history-content/website-reviews/23160,history-content/website-reviews/the-irving-fine-collection-ca-1914-1962-23160.md,1,0,1,0,0,0,0,0,0,0,0,1,delete-page-candidate
history-content,website-reviews,The Japanese American Exhibit and Access Project,/history-content/website-reviews/22752,history-content/website-reviews/the-japanese-american-exhibit-and-access-project-22752.md,1,0,1,0,0,0,0,0,0,0,1,0,salvage-wayback
history-content,website-reviews,The John and Ruby Lomax 1939 Southern States Recording Trip,/history-content/website-reviews/14687,history-content/website-reviews/the-john-and-ruby-lomax-1939-southern-states-recording-trip-14687.md,1,0,1,0,0,0,0,0,0,0,1,0,salvage-wayback
history-content,website-reviews,The Joshua Lederberg Papers,/history-content/website-reviews/23227,history-content/website-reviews/the-joshua-lederberg-papers-23227.md,1,0,0,0,1,0,0,0,0,0,0,0,fix-links-only
history-content,website-reviews,The Kraus Collection of Sir Francis Drake,/history-content/website-reviews/14644,history-content/website-reviews/the-kraus-collection-of-sir-francis-drake-14644.md,1,0,1,0,0,0,0,0,0,0,1,0,salvage-wayback
history-content,website-reviews,"The Last Days of a President: Films of McKinley, 1901",/history-content/website-reviews/23351,history-content/website-reviews/the-last-days-of-a-president-films-of-mckinley-1901-23351.md,1,0,1,0,0,0,0,0,0,0,1,0,salvage-wayback
history-content,website-reviews,"The Leonard Bernstein Collection, ca.1920-1989",/history-content/website-reviews/23393,history-content/website-reviews/the-leonard-bernstein-collection-ca1920-1989-23393.md,1,0,1,0,0,0,0,0,0,0,1,0,salvage-wayback
history-content,website-reviews,"The Life of a City: Early Films of New York, 1898-1906",/history-content/website-reviews/23082,history-content/website-reviews/the-life-of-a-city-early-films-of-new-york-1898-1906-23082.md,1,0,1,0,0,0,0,0,0,0,1,0,salvage-wayback
history-content,website-reviews,The Lindbergh Case: The Trial of the Century,/history-content/website-reviews/22763,history-content/website-reviews/the-lindbergh-case-the-trial-of-the-century-22763.md,1,0,0,0,0,0,0,1,0,0,0,0,fix-links-only
history-content,website-reviews,The Lone Woman and Last Indians Digital Archive,/history-content/website-reviews/25825,history-content/website-reviews/the-lone-woman-and-last-indians-digital-archive-25825.md,1,0,1,0,0,0,0,0,0,0,1,0,salvage-wayback
history-content,website-reviews,The Luso-Hispanic World in Maps,/history-content/website-reviews/23191,history-content/website-reviews/the-luso-hispanic-world-in-maps-23191.md,1,0,0,0,1,0,0,0,0,0,0,0,fix-links-only
history-content,website-reviews,The Malcolm X Project,/history-content/website-reviews/22706,history-content/website-reviews/the-malcolm-x-project-22706.md,1,0,0,0,0,0,0,1,0,0,0,0,fix-links-only
history-content,website-reviews,The Montgomery Bus Boycott: They Changed the World,/history-content/website-reviews/25806,history-content/website-reviews/the-montgomery-bus-boycott-they-changed-the-world-25806.md,7,0,7,0,0,0,0,0,0,0,1,6,delete-page-candidate
history-content,website-reviews,The Museum of Broadcast Communications,/history-content/website-reviews/24155,history-content/website-reviews/the-museum-of-broadcast-communications-24155.md,1,0,1,0,0,0,0,0,0,0,1,0,salvage-wayback
history-content,website-reviews,The Oregon Encyclopedia,/history-content/website-reviews/25280,history-content/website-reviews/the-oregon-encyclopedia-25280.md,2,1,1,0,0,0,0,0,0,0,0,1,delete-page-candidate
history-content,website-reviews,The Papers of George Washington,/history-content/website-reviews/23379,history-content/website-reviews/the-papers-of-george-washington-23379.md,1,0,1,0,0,0,0,0,0,0,0,1,delete-page-candidate
history-content,website-reviews,The Sonic Memorial Project,/history-content/website-reviews/22584,history-content/website-reviews/the-sonic-memorial-project-22584.md,1,0,1,0,0,0,0,0,0,0,0,1,delete-page-candidate
history-content,website-reviews,"The Stars and Stripes, 1918-1919",/history-content/website-reviews/14622,history-content/website-reviews/the-stars-and-stripes-1918-1919-14622.md,1,0,1,0,0,0,0,0,0,0,1,0,salvage-wayback
history-content,website-reviews,The Story of Virginia,/history-content/website-reviews/22975,history-content/website-reviews/the-story-of-virginia-22975.md,1,0,1,0,0,0,0,0,0,0,1,0,salvage-wayback
history-content,website-reviews,The Supreme Court,/history-content/website-reviews/25023,history-content/website-reviews/the-supreme-court-25023.md,3,0,0,0,0,3,0,0,0,0,0,0,fix-links-only
history-content,website-reviews,The Tax History Project,/history-content/website-reviews/14781,history-content/website-reviews/the-tax-history-project-14781.md,1,0,0,0,0,0,0,1,0,0,0,0,fix-links-only
history-content,website-reviews,The Underground Railroad,/history-content/website-reviews/23340,history-content/website-reviews/the-underground-railroad-23340.md,1,0,1,0,0,0,0,0,0,0,1,0,salvage-wayback
history-content,website-reviews,"The United States and Brazil: Expanding Frontiers, Comparing Cultures",/history-content/website-reviews/22990,history-content/website-reviews/the-united-states-and-brazil-expanding-frontiers-comparing-cultures-22990.md,1,0,1,0,0,0,0,0,0,0,1,0,salvage-wayback
history-content,website-reviews,The Urban Landscape,/history-content/website-reviews/22801,history-content/website-reviews/the-urban-landscape-22801.md,1,0,0,0,1,0,0,0,0,0,0,0,fix-links-only
history-content,website-reviews,The U.S. House of Representatives Remembers September 11,/history-content/website-reviews/25171,history-content/website-reviews/the-us-house-of-representatives-remembers-september-11-25171.md,5,1,4,0,0,0,0,0,0,0,0,4,delete-page-candidate
history-content,website-reviews,The Uses & Abuses of the Constitution,/history-content/website-reviews/23047,history-content/website-reviews/the-uses-abuses-of-the-constitution-23047.md,1,0,0,0,1,0,0,0,0,0,0,0,fix-links-only
history-content,website-reviews,The Vietnam War Declassification Project,/history-content/website-reviews/23375,history-content/website-reviews/the-vietnam-war-declassification-project-23375.md,1,0,1,0,0,0,0,0,0,0,1,0,salvage-wayback
history-content,website-reviews,The Wars for Vietnam: 1945-1975,/history-content/website-reviews/22758,history-content/website-reviews/the-wars-for-vietnam-1945-1975-22758.md,1,0,1,0,0,0,0,0,0,0,1,0,salvage-wayback
history-content,website-reviews,The Whole World Was Watching: An Oral History of 1968,/history-content/website-reviews/23334,history-content/website-reviews/the-whole-world-was-watching-an-oral-history-of-1968-23334.md,1,0,1,0,0,0,0,0,0,0,1,0,salvage-wayback
history-content,website-reviews,The World of 1898: The Spanish-American War,/history-content/website-reviews/14680,history-content/website-reviews/the-world-of-1898-the-spanish-american-war-14680.md,1,0,0,0,1,0,0,0,0,0,0,0,fix-links-only
history-content,website-reviews,The Yale Map Collection: Online Maps,/history-content/website-reviews/23190,history-content/website-reviews/the-yale-map-collection-online-maps-23190.md,1,0,1,0,0,0,0,0,0,0,1,0,salvage-wayback
history-content,website-reviews,The Zora Neale Hurston Plays,/history-content/website-reviews/22979,history-content/website-reviews/the-zora-neale-hurston-plays-22979.md,1,0,0,0,0,0,0,1,0,0,0,0,fix-links-only
history-content,website-reviews,Theodore Roosevelt: His Life and Times on Film,/history-content/website-reviews/23090,history-content/website-reviews/theodore-roosevelt-his-life-and-times-on-film-23090.md,1,0,1,0,0,0,0,0,0,0,0,1,delete-page-candidate
history-content,website-reviews,Thomas Eakins: American Realist,/history-content/website-reviews/23242,history-content/website-reviews/thomas-eakins-american-realist-23242.md,1,0,1,0,0,0,0,0,0,0,0,1,delete-page-candidate
history-content,website-reviews,Thomas Jefferson Digital Archive,/history-content/website-reviews/14610,history-content/website-reviews/thomas-jefferson-digital-archive-14610.md,1,0,1,0,0,0,0,0,0,0,1,0,salvage-wayback
history-content,website-reviews,Thomas Jefferson Papers,/history-content/website-reviews/23389,history-content/website-reviews/thomas-jefferson-papers-23389.md,1,0,1,0,0,0,0,0,0,0,1,0,salvage-wayback
history-content,website-reviews,Thomas Jefferson's Library,/history-content/website-reviews/23591,history-content/website-reviews/thomas-jeffersons-library-23591.md,1,0,1,0,0,0,0,0,0,0,1,0,salvage-wayback
history-content,website-reviews,Through Our Parent's Eyes: Tucson's Diverse Community,/history-content/website-reviews/23319,history-content/website-reviews/through-our-parents-eyes-tucsons-diverse-community-23319.md,1,0,1,0,0,0,0,0,0,0,1,0,salvage-wayback
history-content,website-reviews,Throughout the Ages,/history-content/website-reviews/25003,history-content/website-reviews/throughout-the-ages-25003.md,1,0,1,0,0,0,0,0,0,0,1,0,salvage-wayback
history-content,website-reviews,Today in History,/history-content/website-reviews/23331,history-content/website-reviews/today-in-history-23331.md,1,0,1,0,0,0,0,0,0,0,0,1,delete-page-candidate
history-content,website-reviews,Today in History Web Resources,/history-content/website-reviews/23171,history-content/website-reviews/today-in-history-web-resources-23171.md,1,0,1,0,0,0,0,0,0,0,1,0,salvage-wayback
history-content,website-reviews,Touring Turn-of-the-Century America,/history-content/website-reviews/14741,history-content/website-reviews/touring-turn-of-the-century-america-14741.md,1,0,1,0,0,0,0,0,0,0,0,1,delete-page-candidate
history-content,website-reviews,"Travel, Tourism, and Urban Growth in Greater Miami: A Digital Archive",/history-content/website-reviews/22603,history-content/website-reviews/travel-tourism-and-urban-growth-in-greater-miami-a-digital-archive-22603.md,1,0,1,0,0,0,0,0,0,0,1,0,salvage-wayback
history-content,website-reviews,Trial of The Chicago Seven,/history-content/website-reviews/23398,history-content/website-reviews/trial-of-the-chicago-seven-23398.md,1,0,1,0,0,0,0,0,0,0,1,0,salvage-wayback
history-content,website-reviews,Triangle Shirtwaist Factory Fire,/history-content/website-reviews/14756,history-content/website-reviews/triangle-shirtwaist-factory-fire-14756.md,1,0,0,1,0,0,0,0,0,0,0,1,delete-page-candidate
history-content,website-reviews,Truman Presidential Museum and Library,/history-content/website-reviews/14771,history-content/website-reviews/truman-presidential-museum-and-library-14771.md,1,0,1,0,0,0,0,0,0,0,1,0,salvage-wayback
history-content,website-reviews,Turning Points in Wisconsin History,/history-content/website-reviews/22675,history-content/website-reviews/turning-points-in-wisconsin-history-22675.md,1,0,1,0,0,0,0,0,0,0,1,0,salvage-wayback
history-content,website-reviews,Ulysses S. Grant Digital Archive,/history-content/website-reviews/23958,history-content/website-reviews/ulysses-s-grant-digital-archive-23958.md,1,0,1,0,0,0,0,0,0,0,1,0,salvage-wayback
history-content,website-reviews,Uncle Tom's Cabin and American Culture,/history-content/website-reviews/14658,history-content/website-reviews/uncle-toms-cabin-and-american-culture-14658.md,1,0,0,1,0,0,0,0,0,0,0,1,delete-page-candidate
history-content,website-reviews,Unified Vision: The Architecture and Design of the Prairie School,/history-content/website-reviews/22651,history-content/website-reviews/unified-vision-the-architecture-and-design-of-the-prairie-school-22651.md,1,0,0,0,0,0,0,0,1,0,0,0,fix-links-only
history-content,website-reviews,Union Army Project,/history-content/website-reviews/14743,history-content/website-reviews/union-army-project-14743.md,1,0,1,0,0,0,0,0,0,0,0,1,delete-page-candidate
history-content,website-reviews,Union or Secession: Virginians Decide,/history-content/website-reviews/24531,history-content/website-reviews/union-or-secession-virginians-decide-24531.md,1,0,0,1,0,0,0,0,0,0,0,1,delete-page-candidate
history-content,website-reviews,University of California History Digital Archives,/history-content/website-reviews/23006,history-content/website-reviews/university-of-california-history-digital-archives-23006.md,1,0,0,0,1,0,0,0,0,0,0,0,fix-links-only
history-content,website-reviews,University of Missouri-Columbia: Digital Library Collections,/history-content/website-reviews/23273,history-content/website-reviews/university-of-missouri-columbia-digital-library-collections-23273.md,1,0,1,0,0,0,0,0,0,0,1,0,salvage-wayback
history-content,website-reviews,University of Washington Libraries: Moving Image Collection,/history-content/website-reviews/24015,history-content/website-reviews/university-of-washington-libraries-moving-image-collection-24015.md,5,1,0,0,4,0,0,0,0,0,0,0,fix-links-only
history-content,website-reviews,University of Wyoming Digital Collections,/history-content/website-reviews/23968,history-content/website-reviews/university-of-wyoming-digital-collections-23968.md,5,3,1,0,1,0,0,0,0,0,0,1,delete-page-candidate
history-content,website-reviews,"Urban Experience in Chicago: Hull-House and Its Neighborhoods, 1889-1963",/history-content/website-reviews/14677,history-content/website-reviews/urban-experience-in-chicago-hull-house-and-its-neighborhoods-1889-1963-14677.md,1,0,1,0,0,0,0,0,0,0,1,0,salvage-wayback
history-content,website-reviews,"Urban Planning, 1794-1918: An International Anthology",/history-content/website-reviews/23257,history-content/website-reviews/urban-planning-1794-1918-an-international-anthology-23257.md,1,0,0,0,1,0,0,0,0,0,0,0,fix-links-only
history-content,website-reviews,U.S. Army Signal Corps Photograph Collection,/history-content/website-reviews/23222,history-content/website-reviews/us-army-signal-corps-photograph-collection-23222.md,1,0,1,0,0,0,0,0,0,0,1,0,salvage-wayback
history-content,website-reviews,"U.S. Congressional Serial Set, 1817-1994",/history-content/website-reviews/23599,history-content/website-reviews/us-congressional-serial-set-1817-1994-23599.md,1,0,1,0,0,0,0,0,0,0,0,1,delete-page-candidate
history-content,website-reviews,U.S. Intelligence Policy Documentation Project,/history-content/website-reviews/23235,history-content/website-reviews/us-intelligence-policy-documentation-project-23235.md,1,0,0,0,1,0,0,0,0,0,0,0,fix-links-only
history-content,website-reviews,U.S. Senate Historical Office,/history-content/website-reviews/23374,history-content/website-reviews/us-senate-historical-office-23374.md,1,0,0,0,0,0,1,0,0,0,0,0,fix-links-only
history-content,website-reviews,"U.S. Steel Gary Works Photograph Collection, 1906-1971",/history-content/website-reviews/23205,history-content/website-reviews/us-steel-gary-works-photograph-collection-1906-1971-23205.md,1,0,0,0,1,0,0,0,0,0,0,0,fix-links-only
history-content,website-reviews,U.S. Women's History Workshop,/history-content/website-reviews/23317,history-content/website-reviews/us-womens-history-workshop-23317.md,1,0,1,0,0,0,0,0,0,0,1,0,salvage-wayback
history-content,website-reviews,USC Archival Research Center,/history-content/website-reviews/14720,history-content/website-reviews/usc-archival-research-center-14720.md,1,0,0,0,0,0,0,1,0,0,0,0,fix-links-only
history-content,website-reviews,Utah Digital Newspapers,/history-content/website-reviews/22986,history-content/website-reviews/utah-digital-newspapers-22986.md,1,0,0,0,0,0,0,0,1,0,0,0,fix-links-only
history-content,website-reviews,Valley of the Shadow: Two Communities in the American Civil War,/history-content/website-reviews/14614,history-content/website-reviews/valley-of-the-shadow-two-communities-in-the-american-civil-war-14614.md,2,1,1,0,0,0,0,0,0,0,1,0,salvage-wayback
history-content,website-reviews,Views of the Famine,/history-content/website-reviews/22783,history-content/website-reviews/views-of-the-famine-22783.md,1,0,1,0,0,0,0,0,0,0,1,0,salvage-wayback
history-content,website-reviews,Virginia Historical Inventory (VHI),/history-content/website-reviews/23166,history-content/website-reviews/virginia-historical-inventory-vhi-23166.md,1,0,1,0,0,0,0,0,0,0,1,0,salvage-wayback
history-content,website-reviews,Virginia Historical Society,/history-content/website-reviews/23384,history-content/website-reviews/virginia-historical-society-23384.md,1,0,1,0,0,0,0,0,0,0,1,0,salvage-wayback
history-content,website-reviews,Virginia Memory,/history-content/website-reviews/24530,history-content/website-reviews/virginia-memory-24530.md,1,0,0,1,0,0,0,0,0,0,0,1,delete-page-candidate
history-content,website-reviews,Virtual Jamestown,/history-content/website-reviews/14645,history-content/website-reviews/virtual-jamestown-14645.md,1,0,0,1,0,0,0,0,0,0,0,1,delete-page-candidate
history-content,website-reviews,VOCES Oral History Project,/history-content/website-reviews/25382,history-content/website-reviews/voces-oral-history-project-25382.md,4,3,1,0,0,0,0,0,0,0,1,0,salvage-wayback
history-content,website-reviews,Voices from the Days of Slavery: Former Slaves Tell Their Stories,/history-content/website-reviews/22980,history-content/website-reviews/voices-from-the-days-of-slavery-former-slaves-tell-their-stories-22980.md,2,1,1,0,0,0,0,0,0,0,1,0,salvage-wayback
history-content,website-reviews,Voices from the Dust Bowl: 1940-1941,/history-content/website-reviews/14816,history-content/website-reviews/voices-from-the-dust-bowl-1940-1941-14816.md,1,0,1,0,0,0,0,0,0,0,1,0,salvage-wayback
history-content,website-reviews,Voices from the Gaps: Women Writers and Artists of Color,/history-content/website-reviews/22826,history-content/website-reviews/voices-from-the-gaps-women-writers-and-artists-of-color-22826.md,1,0,0,0,0,0,0,1,0,0,0,0,fix-links-only
history-content,website-reviews,Voices of the Colorado Plateau,/history-content/website-reviews/23189,history-content/website-reviews/voices-of-the-colorado-plateau-23189.md,1,0,1,0,0,0,0,0,0,0,1,0,salvage-wayback
history-content,website-reviews,"Votes for Women: Selections from the NAWSA, 1848-1921",/history-content/website-reviews/14752,history-content/website-reviews/votes-for-women-selections-from-the-nawsa-1848-1921-14752.md,1,0,1,0,0,0,0,0,0,0,1,0,salvage-wayback
history-content,website-reviews,Walt Whitman Archive,/history-content/website-reviews/22671,history-content/website-reviews/walt-whitman-archive-22671.md,1,0,0,0,0,0,0,1,0,0,0,0,fix-links-only
history-content,website-reviews,"Washington As It Was: Photographs by Theodor Horydczak, 1923-1959",/history-content/website-reviews/22815,history-content/website-reviews/washington-as-it-was-photographs-by-theodor-horydczak-1923-1959-22815.md,1,0,1,0,0,0,0,0,0,0,0,1,delete-page-candidate
history-content,website-reviews,"Washington During the Civil War: The Diary of Horatio Nelson Taft, 1861-1865",/history-content/website-reviews/23200,history-content/website-reviews/washington-during-the-civil-war-the-diary-of-horatio-nelson-taft-1861-1865-23200.md,1,0,1,0,0,0,0,0,0,0,0,1,delete-page-candidate
history-content,website-reviews,Washington History,/history-content/website-reviews/23013,history-content/website-reviews/washington-history-23013.md,2,1,0,1,0,0,0,0,0,0,0,1,delete-page-candidate
history-content,website-reviews,Watergate Revisited,/history-content/website-reviews/14629,history-content/website-reviews/watergate-revisited-14629.md,1,0,1,0,0,0,0,0,0,0,1,0,salvage-wayback
history-content,website-reviews,We Shall Overcome: Historic Places of the Civil Rights Movement,/history-content/website-reviews/23168,history-content/website-reviews/we-shall-overcome-historic-places-of-the-civil-rights-movement-23168.md,1,0,1,0,0,0,0,0,0,0,1,0,salvage-wayback
history-content,website-reviews,Web de Anza,/history-content/website-reviews/23070,history-content/website-reviews/web-de-anza-23070.md,1,0,1,0,0,0,0,0,0,0,0,1,delete-page-candidate
history-content,website-reviews,Western History Photography Collection,/history-content/website-reviews/22678,history-content/website-reviews/western-history-photography-collection-22678.md,1,0,0,1,0,0,0,0,0,0,0,1,delete-page-candidate
history-content,website-reviews,WestWeb: Western Studies and Research Resources,/history-content/website-reviews/22834,history-content/website-reviews/westweb-western-studies-and-research-resources-22834.md,1,0,1,0,0,0,0,0,0,0,1,0,salvage-wayback
history-content,website-reviews,What Exit? New Jersey and Its Turnpike,/history-content/website-reviews/22989,history-content/website-reviews/what-exit-new-jersey-and-its-turnpike-22989.md,4,0,4,0,0,0,0,0,0,0,1,3,delete-page-candidate
history-content,website-reviews,White House Historical Association,/history-content/website-reviews/25500,history-content/website-reviews/white-house-historical-association-25500.md,2,1,1,0,0,0,0,0,0,0,1,0,salvage-wayback
history-content,website-reviews,White Trash: The Construction of an American Scapegoat,/history-content/website-reviews/23356,history-content/website-reviews/white-trash-the-construction-of-an-american-scapegoat-23356.md,1,0,1,0,0,0,0,0,0,0,1,0,salvage-wayback
history-content,website-reviews,Wilbur and Orville Wright Papers,/history-content/website-reviews/23302,history-content/website-reviews/wilbur-and-orville-wright-papers-23302.md,1,0,1,0,0,0,0,0,0,0,1,0,salvage-wayback
history-content,website-reviews,William Gedney Photographs and Writings,/history-content/website-reviews/23134,history-content/website-reviews/william-gedney-photographs-and-writings-23134.md,1,0,0,0,1,0,0,0,0,0,0,0,fix-links-only
history-content,website-reviews,William P. Gottlieb: Photographs from the Golden Age of Jazz,/history-content/website-reviews/14828,history-content/website-reviews/william-p-gottlieb-photographs-from-the-golden-age-of-jazz-14828.md,1,0,1,0,0,0,0,0,0,0,1,0,salvage-wayback
history-content,website-reviews,"William Steinway Diary, 1861-1896",/history-content/website-reviews/24993,history-content/website-reviews/william-steinway-diary-1861-1896-24993.md,2,0,0,0,0,0,0,2,0,0,0,0,fix-links-only
history-content,website-reviews,Wisconsin Historical Society: Freedom's Journal,/history-content/website-reviews/23606,history-content/website-reviews/wisconsin-historical-society-freedoms-journal-23606.md,1,0,1,0,0,0,0,0,0,0,1,0,salvage-wayback
history-content,website-reviews,Wisconsin Local History and Biography Articles Collection,/history-content/website-reviews/22713,history-content/website-reviews/wisconsin-local-history-and-biography-articles-collection-22713.md,1,0,1,0,0,0,0,0,0,0,1,0,salvage-wayback
history-content,website-reviews,Wisconsin Magazine of History,/history-content/website-reviews/22725,history-content/website-reviews/wisconsin-magazine-of-history-22725.md,1,0,1,0,0,0,0,0,0,0,0,1,delete-page-candidate
history-content,website-reviews,Wisconsin State Historical Society Online Collections,/history-content/website-reviews/23970,history-content/website-reviews/wisconsin-state-historical-society-online-collections-23970.md,3,1,2,0,0,0,0,0,0,0,1,1,delete-page-candidate
history-content,website-reviews,Without Sanctuary: Photographs and Postcards of Lynching in America,/history-content/website-reviews/14676,history-content/website-reviews/without-sanctuary-photographs-and-postcards-of-lynching-in-america-14676.md,1,0,0,1,0,0,0,0,0,0,0,1,delete-page-candidate
history-content,website-reviews,"Women and Social Movements in the United States, 1600-2000",/history-content/website-reviews/14712,history-content/website-reviews/women-and-social-movements-in-the-united-states-1600-2000-14712.md,2,1,0,0,0,1,0,0,0,0,0,0,fix-links-only
history-content,website-reviews,Women Artists of the American West,/history-content/website-reviews/23129,history-content/website-reviews/women-artists-of-the-american-west-23129.md,2,1,1,0,0,0,0,0,0,0,1,0,salvage-wayback
history-content,website-reviews,Women in America: 1820 to 1842,/history-content/website-reviews/22774,history-content/website-reviews/women-in-america-1820-to-1842-22774.md,1,0,1,0,0,0,0,0,0,0,1,0,salvage-wayback
history-content,website-reviews,Women in Journalism,/history-content/website-reviews/14695,history-content/website-reviews/women-in-journalism-14695.md,1,0,1,0,0,0,0,0,0,0,1,0,salvage-wayback
history-content,website-reviews,Women of Protest: Images from the Records of the National Woman's Party,/history-content/website-reviews/22684,history-content/website-reviews/women-of-protest-images-from-the-records-of-the-national-womans-party-22684.md,1,0,1,0,0,0,0,0,0,0,1,0,salvage-wayback
history-content,website-reviews,Women of Valor,/history-content/website-reviews/22985,history-content/website-reviews/women-of-valor-22985.md,1,0,0,0,1,0,0,0,0,0,0,0,fix-links-only
history-content,website-reviews,"Women Working, 1800-1930",/history-content/website-reviews/23003,history-content/website-reviews/women-working-1800-1930-23003.md,1,0,0,0,1,0,0,0,0,0,0,0,fix-links-only
history-content,website-reviews,Women's Studies Database,/history-content/website-reviews/22769,history-content/website-reviews/womens-studies-database-22769.md,1,0,1,0,0,0,0,0,0,0,0,1,delete-page-candidate
history-content,website-reviews,Woody Guthrie and the Archive of American Folk Song: 1940-1950,/history-content/website-reviews/23192,history-content/website-reviews/woody-guthrie-and-the-archive-of-american-folk-song-1940-1950-23192.md,1,0,1,0,0,0,0,0,0,0,1,0,salvage-wayback
history-content,website-reviews,Words and Deeds in American History,/history-content/website-reviews/22816,history-content/website-reviews/words-and-deeds-in-american-history-22816.md,1,0,1,0,0,0,0,0,0,0,1,0,salvage-wayback
history-content,website-reviews,Working in Paterson: Occupational Heritage in an Urban Setting,/history-content/website-reviews/23236,history-content/website-reviews/working-in-paterson-occupational-heritage-in-an-urban-setting-23236.md,1,0,0,0,0,0,0,1,0,0,0,0,fix-links-only
history-content,website-reviews,"World Trade Center: Rescue, Recovery, Response",/history-content/website-reviews/25383,history-content/website-reviews/world-trade-center-rescue-recovery-response-25383.md,6,4,2,0,0,0,0,0,0,0,1,1,delete-page-candidate
history-content,website-reviews,World War I History Commission Questionnaires,/history-content/website-reviews/23220,history-content/website-reviews/world-war-i-history-commission-questionnaires-23220.md,1,0,1,0,0,0,0,0,0,0,1,0,salvage-wayback
history-content,website-reviews,"WPA Life Histories, Virginia Interviews",/history-content/website-reviews/23223,history-content/website-reviews/wpa-life-histories-virginia-interviews-23223.md,1,0,0,0,1,0,0,0,0,0,0,0,fix-links-only
history-content,website-reviews,"WWW-Virtual Library, History Central Catalogue",/history-content/website-reviews/22819,history-content/website-reviews/www-virtual-library-history-central-catalogue-22819.md,1,0,1,0,0,0,0,0,0,0,1,0,salvage-wayback
history-content,website-reviews,Yale Digital Commons,/history-content/website-reviews/25002,history-content/website-reviews/yale-digital-commons-25002.md,1,0,1,0,0,0,0,0,0,0,1,0,salvage-wayback
page,,DC Museum Collaborative,,page/dc-museum-collaborative-25453.md,27,23,3,0,0,0,0,1,0,5,1,2,fix-links-only
page,,Digital Classroom Introduction,/digital-classroom-intro,page/digital-classroom-introduction-24406.md,30,21,7,0,1,1,0,0,0,1,0,7,fix-links-only
page,,Partners,/about/partners,page/partners-14871.md,4,2,1,1,0,0,0,0,0,0,0,2,fix-links-only
page,,Staff,/about/staff,page/staff-14869.md,13,6,4,3,0,0,0,0,0,2,0,7,fix-links-only
page,,Teachinghistory.org Terms of Use,,page/teachinghistoryorg-terms-of-use-24866.md,2,1,0,0,0,1,0,0,0,1,0,0,fix-links-only
teaching-materials,ask-a-master-teacher,A Larger Global or Interregional Story,/teaching-materials/ask-a-master-teacher/24069,teaching-materials/ask-a-master-teacher/a-larger-global-or-interregional-story-24069.md,4,3,1,0,0,0,0,0,0,1,0,1,fix-links-only
teaching-materials,ask-a-master-teacher,Brain-based Research,/teaching-materials/ask-a-master-teacher/25187,teaching-materials/ask-a-master-teacher/brain-based-research-25187.md,9,7,1,0,0,0,0,1,0,0,0,1,fix-links-only
teaching-materials,ask-a-master-teacher,Building a Class on Native American History,/teaching-materials/ask-a-master-teacher/23998,teaching-materials/ask-a-master-teacher/building-a-class-on-native-american-history-23998.md,7,2,4,0,0,0,0,1,0,0,0,4,fix-links-only
teaching-materials,ask-a-master-teacher,Building Background Knowledge for English Language Learners,/teaching-materials/ask-a-master-teacher/25522,teaching-materials/ask-a-master-teacher/building-background-knowledge-for-english-language-learners-25522.md,10,8,1,0,0,0,0,0,1,1,0,1,fix-links-only
teaching-materials,ask-a-master-teacher,Challenging Gifted 10th Graders,/teaching-materials/ask-a-master-teacher/19252,teaching-materials/ask-a-master-teacher/challenging-gifted-10th-graders-19252.md,6,3,3,0,0,0,0,0,0,0,0,3,fix-links-only
teaching-materials,ask-a-master-teacher,Changes in Teaching History Over the Past 10 Years,/teaching-materials/ask-a-master-teacher/20298,teaching-materials/ask-a-master-teacher/changes-in-teaching-history-over-the-past-10-years-20298.md,4,2,2,0,0,0,0,0,0,0,0,2,fix-links-only
teaching-materials,ask-a-master-teacher,Constructivism: Actively Building Knowledge,/teaching-materials/ask-a-master-teacher/23896,teaching-materials/ask-a-master-teacher/constructivism-actively-building-knowledge-23896.md,3,2,0,0,1,0,0,0,0,0,0,0,fix-links-only
teaching-materials,ask-a-master-teacher,Contingency,/teaching-materials/ask-a-master-teacher/24118,teaching-materials/ask-a-master-teacher/contingency-24118.md,6,4,1,0,0,1,0,0,0,1,0,1,fix-links-only
teaching-materials,ask-a-master-teacher,Deciphering Primary Source Documents,/teaching-materials/ask-a-master-teacher/24270,teaching-materials/ask-a-master-teacher/deciphering-primary-source-documents-24270.md,2,1,1,0,0,0,0,0,0,0,0,1,fix-links-only
teaching-materials,ask-a-master-teacher,Elementary Military History Resources,/teaching-materials/ask-a-master-teacher/23577,teaching-materials/ask-a-master-teacher/elementary-military-history-resources-23577.md,14,9,2,1,0,0,1,1,0,2,0,3,fix-links-only
teaching-materials,ask-a-master-teacher,Exploring Historical Fiction,/teaching-materials/ask-a-master-teacher/25626,teaching-materials/ask-a-master-teacher/exploring-historical-fiction-25626.md,9,4,1,0,0,0,0,4,0,9,0,1,fix-links-only
teaching-materials,ask-a-master-teacher,Follow the Line,/teaching-materials/ask-a-master-teacher/24483,teaching-materials/ask-a-master-teacher/follow-the-line-24483.md,16,11,0,0,0,1,0,4,0,10,0,0,fix-links-only
teaching-materials,ask-a-master-teacher,Forming Lesson Plans Around State Mandates,/teaching-materials/ask-a-master-teacher/24302,teaching-materials/ask-a-master-teacher/forming-lesson-plans-around-state-mandates-24302.md,8,4,0,0,1,0,0,3,0,0,0,0,fix-links-only
teaching-materials,ask-a-master-teacher,History is All Around Us,/teaching-materials/ask-a-master-teacher/22893,teaching-materials/ask-a-master-teacher/history-is-all-around-us-22893.md,5,4,0,0,0,0,0,1,0,3,0,0,fix-links-only
teaching-materials,ask-a-master-teacher,Integrating Technology into the Classroom,/teaching-materials/ask-a-master-teacher/23634,teaching-materials/ask-a-master-teacher/integrating-technology-into-the-classroom-23634.md,9,4,4,0,1,0,0,0,0,0,0,4,fix-links-only
teaching-materials,ask-a-master-teacher,Interactive World History,/teaching-materials/ask-a-master-teacher/24319,teaching-materials/ask-a-master-teacher/interactive-world-history-24319.md,25,24,1,0,0,0,0,0,0,21,0,1,fix-links-only
teaching-materials,ask-a-master-teacher,Let's Get Folky,/teaching-materials/ask-a-master-teacher/24330,teaching-materials/ask-a-master-teacher/lets-get-folky-24330.md,9,7,0,0,1,0,0,1,0,6,0,0,fix-links-only
teaching-materials,ask-a-master-teacher,Making the Most of Maps,/teaching-materials/ask-a-master-teacher/24966,teaching-materials/ask-a-master-teacher/making-the-most-of-maps-24966.md,11,6,4,1,0,0,0,0,0,5,1,4,fix-links-only
teaching-materials,ask-a-master-teacher,Meshing History and Montessori Method,/teaching-materials/ask-a-master-teacher/23900,teaching-materials/ask-a-master-teacher/meshing-history-and-montessori-method-23900.md,4,2,1,0,0,0,0,1,0,3,0,1,fix-links-only
teaching-materials,ask-a-master-teacher,"Multiperspectivity: What Is It, and Why Use It?",/teaching-materials/ask-a-master-teacher/23610,teaching-materials/ask-a-master-teacher/multiperspectivity-what-is-it-and-why-use-it-23610.md,3,2,0,0,0,0,0,1,0,0,0,0,fix-links-only
teaching-materials,ask-a-master-teacher,National History Day in Kentucky,/teaching-materials/ask-a-master-teacher/25188,teaching-materials/ask-a-master-teacher/national-history-day-in-kentucky-25188.md,2,0,0,0,2,0,0,0,0,0,0,0,fix-links-only
teaching-materials,ask-a-master-teacher,North Carolina History+Technology,/teaching-materials/ask-a-master-teacher/25263,teaching-materials/ask-a-master-teacher/north-carolina-historytechnology-25263.md,23,19,2,1,0,0,0,1,0,0,0,3,fix-links-only
teaching-materials,ask-a-master-teacher,Performance Assessments Requiring Historical Analysis,/teaching-materials/ask-a-master-teacher/23416,teaching-materials/ask-a-master-teacher/performance-assessments-requiring-historical-analysis-23416.md,15,12,1,1,0,1,0,0,0,0,0,2,fix-links-only
teaching-materials,ask-a-master-teacher,Picking Civics Textbooks,/teaching-materials/ask-a-master-teacher/25062,teaching-materials/ask-a-master-teacher/picking-civics-textbooks-25062.md,15,12,3,0,0,0,0,0,0,0,0,3,fix-links-only
teaching-materials,ask-a-master-teacher,Researching Adolescent Immigrant History,/teaching-materials/ask-a-master-teacher/25493,teaching-materials/ask-a-master-teacher/researching-adolescent-immigrant-history-25493.md,10,6,1,0,0,0,0,3,0,0,0,1,fix-links-only
teaching-materials,ask-a-master-teacher,Researching for a Research Topic,/teaching-materials/ask-a-master-teacher/24248,teaching-materials/ask-a-master-teacher/researching-for-a-research-topic-24248.md,6,5,1,0,0,0,0,0,0,0,0,1,fix-links-only
teaching-materials,ask-a-master-teacher,Researching the Mexican American War,/teaching-materials/ask-a-master-teacher/24615,teaching-materials/ask-a-master-teacher/researching-the-mexican-american-war-24615.md,4,2,1,0,1,0,0,0,0,1,0,1,fix-links-only
teaching-materials,ask-a-master-teacher,Researching the Role of the Map in History Teaching,/teaching-materials/ask-a-master-teacher/24974,teaching-materials/ask-a-master-teacher/researching-the-role-of-the-map-in-history-teaching-24974.md,9,7,1,0,0,0,0,1,0,0,0,1,fix-links-only
teaching-materials,ask-a-master-teacher,Resources for Teaching Local History,/teaching-materials/ask-a-master-teacher/25208,teaching-materials/ask-a-master-teacher/resources-for-teaching-local-history-25208.md,7,6,1,0,0,0,0,0,0,6,0,1,fix-links-only
teaching-materials,ask-a-master-teacher,Resources for Units on Early American Government,/teaching-materials/ask-a-master-teacher/23613,teaching-materials/ask-a-master-teacher/resources-for-units-on-early-american-government-23613.md,8,5,1,0,2,0,0,0,0,1,0,1,fix-links-only
teaching-materials,ask-a-master-teacher,Resources on Native American History,/teaching-materials/ask-a-master-teacher/22901,teaching-materials/ask-a-master-teacher/resources-on-native-american-history-22901.md,6,2,4,0,0,0,0,0,0,0,0,4,fix-links-only
teaching-materials,ask-a-master-teacher,Seeking Simulations,/teaching-materials/ask-a-master-teacher/23691,teaching-materials/ask-a-master-teacher/seeking-simulations-23691.md,11,6,5,0,0,0,0,0,0,0,0,5,fix-links-only
teaching-materials,ask-a-master-teacher,Seeking U.S. History Books for 9th and 11th Graders,/teaching-materials/ask-a-master-teacher/20685,teaching-materials/ask-a-master-teacher/seeking-us-history-books-for-9th-and-11th-graders-20685.md,9,2,3,0,1,0,1,2,0,0,0,3,fix-links-only
teaching-materials,ask-a-master-teacher,Setting the Tone: Introducing Students to World War II,/teaching-materials/ask-a-master-teacher/24712,teaching-materials/ask-a-master-teacher/setting-the-tone-introducing-students-to-world-war-ii-24712.md,6,3,2,1,0,0,0,0,0,0,0,3,fix-links-only
teaching-materials,ask-a-master-teacher,Sifting for Sources,/teaching-materials/ask-a-master-teacher/25326,teaching-materials/ask-a-master-teacher/sifting-for-sources-25326.md,8,7,0,0,1,0,0,0,0,2,0,0,fix-links-only
teaching-materials,ask-a-master-teacher,Slave Badges,/teaching-materials/ask-a-master-teacher/25146,teaching-materials/ask-a-master-teacher/slave-badges-25146.md,3,1,1,0,0,0,0,1,0,3,0,1,fix-links-only
teaching-materials,ask-a-master-teacher,Tackling Tough Topics,/teaching-materials/ask-a-master-teacher/23901,teaching-materials/ask-a-master-teacher/tackling-tough-topics-23901.md,2,1,0,0,0,1,0,0,0,0,0,0,fix-links-only
teaching-materials,ask-a-master-teacher,Tall Tales: The West as Legend,/teaching-materials/ask-a-master-teacher/23429,teaching-materials/ask-a-master-teacher/tall-tales-the-west-as-legend-23429.md,10,6,1,0,0,0,0,3,0,2,0,1,fix-links-only
teaching-materials,ask-a-master-teacher,Teaching High School History at Home,/teaching-materials/ask-a-master-teacher/25161,teaching-materials/ask-a-master-teacher/teaching-high-school-history-at-home-25161.md,5,4,1,0,0,0,0,0,0,5,0,1,fix-links-only
teaching-materials,ask-a-master-teacher,Teaching Imperialism: Incorporating Learning Activities and State Standards,/teaching-materials/ask-a-master-teacher/24534,teaching-materials/ask-a-master-teacher/teaching-imperialism-incorporating-learning-activities-and-state-standards-24534.md,8,6,1,0,0,0,1,0,0,0,0,1,fix-links-only
teaching-materials,ask-a-master-teacher,Teaching Public Issues in the Classroom,/teaching-materials/ask-a-master-teacher/23458,teaching-materials/ask-a-master-teacher/teaching-public-issues-in-the-classroom-23458.md,10,8,0,0,1,0,0,1,0,0,0,0,fix-links-only
teaching-materials,ask-a-master-teacher,Teaching the Declaration without Overwhelming Students,/teaching-materials/ask-a-master-teacher/21770,teaching-materials/ask-a-master-teacher/teaching-the-declaration-without-overwhelming-students-21770.md,13,10,1,0,1,0,0,1,0,1,0,1,fix-links-only
teaching-materials,ask-a-master-teacher,Teaching the History of Teaching History,/teaching-materials/ask-a-master-teacher/24405,teaching-materials/ask-a-master-teacher/teaching-the-history-of-teaching-history-24405.md,4,2,1,0,0,0,0,1,0,2,0,1,fix-links-only
teaching-materials,ask-a-master-teacher,Teaching the Homebound or Hospitalized,/teaching-materials/ask-a-master-teacher/19447,teaching-materials/ask-a-master-teacher/teaching-the-homebound-or-hospitalized-19447.md,8,5,0,0,0,1,0,2,0,4,0,0,fix-links-only
teaching-materials,ask-a-master-teacher,Teaching the Transcontinental Railroad,/teaching-materials/ask-a-master-teacher/24076,teaching-materials/ask-a-master-teacher/teaching-the-transcontinental-railroad-24076.md,9,8,1,0,0,0,0,0,0,1,0,1,fix-links-only
teaching-materials,ask-a-master-teacher,Teaching World History: An Idea Guide,/teaching-materials/ask-a-master-teacher/25420,teaching-materials/ask-a-master-teacher/teaching-world-history-an-idea-guide-25420.md,8,6,1,0,1,0,0,0,0,0,0,1,fix-links-only
teaching-materials,ask-a-master-teacher,The iPad: A Digital History Gateway,/teaching-materials/ask-a-master-teacher/25597,teaching-materials/ask-a-master-teacher/the-ipad-a-digital-history-gateway-25597.md,15,13,1,0,0,0,0,1,0,11,0,1,fix-links-only
teaching-materials,ask-a-master-teacher,The Progressive Era: A Group Effort,/teaching-materials/ask-a-master-teacher/24309,teaching-materials/ask-a-master-teacher/the-progressive-era-a-group-effort-24309.md,12,9,1,0,0,0,0,2,0,4,0,1,fix-links-only
teaching-materials,ask-a-master-teacher,Tips and Tricks for Using Graphic Organizers,/teaching-materials/ask-a-master-teacher/25149,teaching-materials/ask-a-master-teacher/tips-and-tricks-for-using-graphic-organizers-25149.md,1,0,1,0,0,0,0,0,0,0,0,1,fix-links-only
teaching-materials,ask-a-master-teacher,Using Visual Fine Arts to Enrich Understanding,/teaching-materials/ask-a-master-teacher/24271,teaching-materials/ask-a-master-teacher/using-visual-fine-arts-to-enrich-understanding-24271.md,8,3,2,0,3,0,0,0,0,3,0,2,fix-links-only
teaching-materials,ask-a-master-teacher,Web Resources for Controversial Issues,/teaching-materials/ask-a-master-teacher/24471,teaching-materials/ask-a-master-teacher/web-resources-for-controversial-issues-24471.md,15,11,2,0,0,2,0,0,0,0,0,2,fix-links-only
teaching-materials,ask-a-master-teacher,World War and Literature,/teaching-materials/ask-a-master-teacher/25505,teaching-materials/ask-a-master-teacher/world-war-and-literature-25505.md,1,0,0,0,1,0,0,0,0,0,0,0,fix-links-only
teaching-materials,english-language-learners,Electronic Schoolhouse / La Escuela Electronica,/teaching-materials/english-language-learners/24133,teaching-materials/english-language-learners/electronic-schoolhouse-la-escuela-electronica-24133.md,2,1,1,0,0,0,0,0,0,0,0,1,fix-links-only
teaching-materials,english-language-learners,Hispano Music & Culture of the Northern Rio Grande,/teaching-materials/english-language-learners/24134,teaching-materials/english-language-learners/hispano-music-culture-of-the-northern-rio-grande-24134.md,6,2,4,0,0,0,0,0,0,1,0,4,fix-links-only
teaching-materials,english-language-learners,Historical Thinking Matters,/teaching-materials/english-language-learners/24128,teaching-materials/english-language-learners/historical-thinking-matters-24128.md,6,5,1,0,0,0,0,0,0,0,0,1,fix-links-only
teaching-materials,english-language-learners,Responding to English Learners’ Writing with the 3 P’s,/teaching-materials/english-language-learners/24141,teaching-materials/english-language-learners/responding-to-english-learners-writing-with-the-3-ps-24141.md,2,0,0,0,1,0,1,0,0,0,0,0,fix-links-only
teaching-materials,english-language-learners,Scaffolding with Graphic Organizers,/teaching-materials/english-language-learners/24130,teaching-materials/english-language-learners/scaffolding-with-graphic-organizers-24130.md,4,0,1,0,0,0,0,3,0,0,0,1,fix-links-only
teaching-materials,english-language-learners,Summarizing and Paraphrasing,/teaching-materials/english-language-learners/24438,teaching-materials/english-language-learners/summarizing-and-paraphrasing-24438.md,2,1,0,0,0,0,0,0,1,0,0,0,fix-links-only
teaching-materials,english-language-learners,Targeting Content and English Language Objectives,/teaching-materials/english-language-learners/24439,teaching-materials/english-language-learners/targeting-content-and-english-language-objectives-24439.md,3,0,2,0,1,0,0,0,0,0,0,2,fix-links-only
teaching-materials,english-language-learners,World Digital Library,/teaching-materials/english-language-learners/24131,teaching-materials/english-language-learners/world-digital-library-24131.md,2,0,0,0,0,0,0,2,0,0,0,0,fix-links-only
teaching-materials,lesson-plan-reviews,A Look at Slavery through Posters and Broadsides,/teaching-materials/lesson-plan-reviews/19262,teaching-materials/lesson-plan-reviews/a-look-at-slavery-through-posters-and-broadsides-19262.md,4,1,0,0,0,0,0,3,0,0,0,0,fix-links-only
teaching-materials,lesson-plan-reviews,Abraham Lincoln,/teaching-materials/lesson-plan-reviews/20012,teaching-materials/lesson-plan-reviews/abraham-lincoln-20012.md,7,3,4,0,0,0,0,0,0,0,0,4,fix-links-only
teaching-materials,lesson-plan-reviews,American Presidents,/teaching-materials/lesson-plan-reviews/19230,teaching-materials/lesson-plan-reviews/american-presidents-19230.md,1,0,0,0,0,1,0,0,0,0,0,0,fix-links-only
teaching-materials,lesson-plan-reviews,Building the Erie Canal,/teaching-materials/lesson-plan-reviews/23944,teaching-materials/lesson-plan-reviews/building-the-erie-canal-23944.md,3,2,1,0,0,0,0,0,0,0,0,1,fix-links-only
teaching-materials,lesson-plan-reviews,Causation: The War of 1812 and the Star-Spangled Banner,/teaching-materials/lesson-plan-reviews/24315,teaching-materials/lesson-plan-reviews/causation-the-war-of-1812-and-the-star-spangled-banner-24315.md,3,2,0,0,1,0,0,0,0,3,0,0,fix-links-only
teaching-materials,lesson-plan-reviews,Civil Rights and Incarceration,/teaching-materials/lesson-plan-reviews/20013,teaching-materials/lesson-plan-reviews/civil-rights-and-incarceration-20013.md,3,1,2,0,0,0,0,0,0,0,1,1,fix-links-only
teaching-materials,lesson-plan-reviews,Civil War Photos: What Do You See?,/teaching-materials/lesson-plan-reviews/24272,teaching-materials/lesson-plan-reviews/civil-war-photos-what-do-you-see-24272.md,5,4,0,0,1,0,0,0,0,0,0,0,fix-links-only
teaching-materials,lesson-plan-reviews,Civilian Conservation Corps,/teaching-materials/lesson-plan-reviews/21874,teaching-materials/lesson-plan-reviews/civilian-conservation-corps-21874.md,2,1,0,0,1,0,0,0,0,0,0,0,fix-links-only
teaching-materials,lesson-plan-reviews,Declaration of Independence: Rough Draft to Proclamation,/teaching-materials/lesson-plan-reviews/19572,teaching-materials/lesson-plan-reviews/declaration-of-independence-rough-draft-to-proclamation-19572.md,5,2,3,0,0,0,0,0,0,0,1,2,fix-links-only
teaching-materials,lesson-plan-reviews,Discovering Angel Island: The Story Behind the Poems,/teaching-materials/lesson-plan-reviews/22063,teaching-materials/lesson-plan-reviews/discovering-angel-island-the-story-behind-the-poems-22063.md,4,2,0,0,2,0,0,0,0,0,0,0,fix-links-only
teaching-materials,lesson-plan-reviews,Evaluating the Validity of Information,/teaching-materials/lesson-plan-reviews/22057,teaching-materials/lesson-plan-reviews/evaluating-the-validity-of-information-22057.md,4,3,1,0,0,0,0,0,0,0,0,1,fix-links-only
teaching-materials,lesson-plan-reviews,Examining the Korean War,/teaching-materials/lesson-plan-reviews/24538,teaching-materials/lesson-plan-reviews/examining-the-korean-war-24538.md,3,2,0,0,0,1,0,0,0,0,0,0,fix-links-only
teaching-materials,lesson-plan-reviews,Jamestown: The Starving Time,/teaching-materials/lesson-plan-reviews/24214,teaching-materials/lesson-plan-reviews/jamestown-the-starving-time-24214.md,5,0,5,0,0,0,0,0,0,0,0,5,fix-links-only
teaching-materials,lesson-plan-reviews,Labor Unions in the Cotton Mills,/teaching-materials/lesson-plan-reviews/25683,teaching-materials/lesson-plan-reviews/labor-unions-in-the-cotton-mills-25683.md,5,0,5,0,0,0,0,0,0,0,0,5,fix-links-only
teaching-materials,lesson-plan-reviews,Marbury v. Madison,/teaching-materials/lesson-plan-reviews/21873,teaching-materials/lesson-plan-reviews/marbury-v-madison-21873.md,3,2,1,0,0,0,0,0,0,0,0,1,fix-links-only
teaching-materials,lesson-plan-reviews,"Messages of Houses and Their Contents, 1780-1820",/teaching-materials/lesson-plan-reviews/20572,teaching-materials/lesson-plan-reviews/messages-of-houses-and-their-contents-1780-1820-20572.md,6,5,1,0,0,0,0,0,0,0,0,1,fix-links-only
teaching-materials,lesson-plan-reviews,"Midnight Ride of Paul Revere: Fact, Fiction, and Artistic License",/teaching-materials/lesson-plan-reviews/23941,teaching-materials/lesson-plan-reviews/midnight-ride-of-paul-revere-fact-fiction-and-artistic-license-23941.md,6,4,1,0,1,0,0,0,0,0,0,1,fix-links-only
teaching-materials,lesson-plan-reviews,My Piece of History,/teaching-materials/lesson-plan-reviews/25649,teaching-materials/lesson-plan-reviews/my-piece-of-history-25649.md,3,2,0,0,1,0,0,0,0,0,0,0,fix-links-only
teaching-materials,lesson-plan-reviews,New Jersey's Quakers and the American Revolution,/teaching-materials/lesson-plan-reviews/24049,teaching-materials/lesson-plan-reviews/new-jerseys-quakers-and-the-american-revolution-24049.md,3,0,3,0,0,0,0,0,0,0,1,2,fix-links-only
teaching-materials,lesson-plan-reviews,Organizing History Through Images,/teaching-materials/lesson-plan-reviews/25572,teaching-materials/lesson-plan-reviews/organizing-history-through-images-25572.md,4,2,2,0,0,0,0,0,0,0,1,1,fix-links-only
teaching-materials,lesson-plan-reviews,Propaganda and World War II,/teaching-materials/lesson-plan-reviews/25185,teaching-materials/lesson-plan-reviews/propaganda-and-world-war-ii-25185.md,4,2,2,0,0,0,0,0,0,0,1,1,fix-links-only
teaching-materials,lesson-plan-reviews,Roads to Antietam,/teaching-materials/lesson-plan-reviews/23729,teaching-materials/lesson-plan-reviews/roads-to-antietam-23729.md,5,3,2,0,0,0,0,0,0,0,0,2,fix-links-only
teaching-materials,lesson-plan-reviews,Tenement Life,/teaching-materials/lesson-plan-reviews/25575,teaching-materials/lesson-plan-reviews/tenement-life-25575.md,4,2,0,0,0,0,0,2,0,0,0,0,fix-links-only
teaching-materials,lesson-plan-reviews,The Cost of Industrialization,/teaching-materials/lesson-plan-reviews/24229,teaching-materials/lesson-plan-reviews/the-cost-of-industrialization-24229.md,5,4,1,0,0,0,0,0,0,0,0,1,fix-links-only
teaching-materials,lesson-plan-reviews,The Debate in the United States over the League of Nations,/teaching-materials/lesson-plan-reviews/20190,teaching-materials/lesson-plan-reviews/the-debate-in-the-united-states-over-the-league-of-nations-20190.md,2,0,0,0,2,0,0,0,0,0,0,0,fix-links-only
teaching-materials,lesson-plan-reviews,The Road to Pearl Harbor,/teaching-materials/lesson-plan-reviews/25315,teaching-materials/lesson-plan-reviews/the-road-to-pearl-harbor-25315.md,3,0,0,0,2,0,1,0,0,0,0,0,fix-links-only
teaching-materials,lesson-plan-reviews,"Transportation: Past, Present and Future",/teaching-materials/lesson-plan-reviews/25736,teaching-materials/lesson-plan-reviews/transportation-past-present-and-future-25736.md,3,1,1,0,0,1,0,0,0,0,0,1,fix-links-only
teaching-materials,lesson-plan-reviews,What Do You Mean?: How Language Changes Over Time,/teaching-materials/lesson-plan-reviews/24682,teaching-materials/lesson-plan-reviews/what-do-you-mean-how-language-changes-over-time-24682.md,2,1,1,0,0,0,0,0,0,0,0,1,fix-links-only
teaching-materials,lesson-plan-reviews,What Events Led to Lincoln's Assassination?,/teaching-materials/lesson-plan-reviews/22269,teaching-materials/lesson-plan-reviews/what-events-led-to-lincolns-assassination-22269.md,1,0,0,0,0,0,0,1,0,0,0,0,fix-links-only
teaching-materials,lesson-plan-reviews,What Really Happened? Comparing Stories of the First Thanksgiving,/teaching-materials/lesson-plan-reviews/25034,teaching-materials/lesson-plan-reviews/what-really-happened-comparing-stories-of-the-first-thanksgiving-25034.md,3,2,0,0,0,0,1,0,0,0,0,0,fix-links-only
teaching-materials,teaching-guides,1916 Children's Code of Morality: A Guide for Pre-Service Teachers,/teaching-materials/teaching-guides/25871,teaching-materials/teaching-guides/1916-childrens-code-of-morality-a-guide-for-pre-service-teachers-25871.md,8,2,0,0,0,0,0,6,0,2,0,0,fix-links-only
teaching-materials,teaching-guides,9/11 and Commemoration: A Guide for Pre-Service Teachers,/teaching-materials/teaching-guides/25877,teaching-materials/teaching-guides/911-and-commemoration-a-guide-for-pre-service-teachers-25877.md,25,7,0,0,0,0,13,5,0,23,0,0,fix-links-only
teaching-materials,teaching-guides,Adapting Documents for the Classroom: Equity and Access,/teaching-materials/teaching-guides/23560,teaching-materials/teaching-guides/adapting-documents-for-the-classroom-equity-and-access-23560.md,6,2,1,0,3,0,0,0,0,2,0,1,fix-links-only
teaching-materials,teaching-guides,"Comanche Nation and ""Manifest Destiny"":  A Guide for Pre-Service Teachers",/teaching-materials/teaching-guides/25873,teaching-materials/teaching-guides/comanche-nation-and-manifest-destiny-a-guide-for-pre-service-teachers-25873.md,17,4,2,0,0,1,0,10,0,3,2,0,fix-links-only
teaching-materials,teaching-guides,Document-Based Whole-Class Discussion,/teaching-materials/teaching-guides/25620,teaching-materials/teaching-guides/document-based-whole-class-discussion-25620.md,2,1,1,0,0,0,0,0,0,0,0,1,fix-links-only
teaching-materials,teaching-guides,Four Reads: Learning to Read Primary Documents,/teaching-materials/teaching-guides/25690,teaching-materials/teaching-guides/four-reads-learning-to-read-primary-documents-25690.md,2,1,1,0,0,0,0,0,0,0,0,1,fix-links-only
teaching-materials,teaching-guides,Historical Agency in History Book Sets (HBS),/teaching-materials/teaching-guides/22365,teaching-materials/teaching-guides/historical-agency-in-history-book-sets-hbs-22365.md,9,6,1,1,0,0,0,1,0,2,0,2,fix-links-only
teaching-materials,teaching-guides,History of Education and Indigenous Americans: A Guide for Pre-Service Teachers,/teaching-materials/teaching-guides/25875,teaching-materials/teaching-guides/history-of-education-and-indigenous-americans-a-guide-for-pre-service-teachers-25875.md,20,6,6,0,0,2,0,6,0,0,0,6,fix-links-only
teaching-materials,teaching-guides,History of Higher Education: A Guide for Pre-Service Teachers,/teaching-materials/teaching-guides/25879,teaching-materials/teaching-guides/history-of-higher-education-a-guide-for-pre-service-teachers-25879.md,47,0,0,0,0,0,0,47,0,45,0,0,fix-links-only
teaching-materials,teaching-guides,Housing and Houselessness: A Guide for Pre-Service Teachers,/teaching-materials/teaching-guides/25876,teaching-materials/teaching-guides/housing-and-houselessness-a-guide-for-pre-service-teachers-25876.md,11,5,0,0,0,0,0,6,0,0,0,0,fix-links-only
teaching-materials,teaching-guides,Immigration from Asia Post-1970: A Guide for Pre-Service Teachers,/teaching-materials/teaching-guides/25878,teaching-materials/teaching-guides/immigration-from-asia-post-1970-a-guide-for-pre-service-teachers-25878.md,15,3,0,0,0,0,0,12,0,14,0,0,fix-links-only
teaching-materials,teaching-guides,Incorporating 20th Century US Environmental History in the 6-12 Classroom,/teaching-materials/teaching-guides/25882,teaching-materials/teaching-guides/incorporating-20th-century-us-environmental-history-in-the-6-12-classroom-25882.md,22,15,2,0,3,0,0,2,0,3,0,2,fix-links-only
teaching-materials,teaching-guides,Incorporating 20th Century US Environmental History in the K-5 Classroom,/teaching-materials/teaching-guides/25883,teaching-materials/teaching-guides/incorporating-20th-century-us-environmental-history-in-the-k-5-classroom-25883.md,16,15,0,0,0,0,0,1,0,0,0,0,fix-links-only
teaching-materials,teaching-guides,Internationalizing History,/teaching-materials/teaching-guides/25741,teaching-materials/teaching-guides/internationalizing-history-25741.md,13,6,2,0,2,0,0,3,0,2,0,2,fix-links-only
teaching-materials,teaching-guides,Mormons and Westward Expansion: A Guide for Pre-Service Teachers,/teaching-materials/teaching-guides/25870,teaching-materials/teaching-guides/mormons-and-westward-expansion-a-guide-for-pre-service-teachers-25870.md,17,9,1,0,0,0,0,7,0,2,1,0,fix-links-only
teaching-materials,teaching-guides,Mystery Strategy for Elementary Students,/teaching-materials/teaching-guides/24295,teaching-materials/teaching-guides/mystery-strategy-for-elementary-students-24295.md,8,6,2,0,0,0,0,0,0,0,0,2,fix-links-only
teaching-materials,teaching-guides,Native Women and Suffrage - Beyond the 19th Amendment: A Guide for Pre-Service Teachers,/teaching-materials/teaching-guides/25874,teaching-materials/teaching-guides/native-women-and-suffrage-beyond-the-19th-amendment-a-guide-for-pre-service-teachers-25874.md,22,3,0,0,0,0,0,19,0,0,0,0,fix-links-only
teaching-materials,teaching-guides,Religion and the Civil War: A Guide for Pre-Service Teachers,/teaching-materials/teaching-guides/25868,teaching-materials/teaching-guides/religion-and-the-civil-war-a-guide-for-pre-service-teachers-25868.md,9,2,0,0,0,0,0,7,0,0,0,0,fix-links-only
teaching-materials,teaching-guides,Religion and the Labor Movement: A Guide for Pre-Service Teachers,/teaching-materials/teaching-guides/25869,teaching-materials/teaching-guides/religion-and-the-labor-movement-a-guide-for-pre-service-teachers-25869.md,15,5,0,0,0,0,0,10,0,5,0,0,fix-links-only
teaching-materials,teaching-guides,"Rethinking ""Westward Expansion"": A Guide for Preservice Teachers",/teaching-materials/teaching-guides/25872,teaching-materials/teaching-guides/rethinking-westward-expansion-a-guide-for-preservice-teachers-25872.md,10,5,0,0,0,0,0,5,0,0,0,0,fix-links-only
teaching-materials,teaching-guides,Stop Action and Assess Alternatives,/teaching-materials/teaching-guides/24466,teaching-materials/teaching-guides/stop-action-and-assess-alternatives-24466.md,3,1,1,0,1,0,0,0,0,2,0,1,fix-links-only
teaching-materials,teaching-guides,Students Working in Local Historic Preservation,/teaching-materials/teaching-guides/24264,teaching-materials/teaching-guides/students-working-in-local-historic-preservation-24264.md,4,3,0,1,0,0,0,0,0,0,0,1,fix-links-only
teaching-materials,teaching-guides,Truth in Transit: Crafting Meaningful Field Trips,/teaching-materials/teaching-guides/23826,teaching-materials/teaching-guides/truth-in-transit-crafting-meaningful-field-trips-23826.md,3,2,0,0,1,0,0,0,0,0,0,0,fix-links-only
teaching-materials,teaching-guides,Using Historical Ephemera in the Classroom,/teaching-materials/teaching-guides/25028,teaching-materials/teaching-guides/using-historical-ephemera-in-the-classroom-25028.md,6,4,0,0,0,1,0,1,0,2,0,0,fix-links-only
teaching-materials,teaching-guides,"Webquest, Inquiry, and Lincoln’s Views on Technology",/teaching-materials/teaching-guides/25343,teaching-materials/teaching-guides/webquest-inquiry-and-lincolns-views-on-technology-25343.md,2,1,0,1,0,0,0,0,0,0,0,1,fix-links-only
teaching-materials,teaching-guides,"What Is an ""Inquiry Lesson""?",/teaching-materials/teaching-guides/24123,teaching-materials/teaching-guides/what-is-an-inquiry-lesson-24123.md,3,2,1,0,0,0,0,0,0,0,0,1,fix-links-only
