# Drupal path_alias dump (nid -> pretty alias), the source of every /node/{id} redirect.
# Generated from the live Drupal path_alias table; joined to the Hugo manifest by redirect_mapper.py.
# Format: {nid}<TAB>{drupal_alias}. Comment lines (non-digit col 1) are ignored by the loader.
2	/2
4306	/history-content/historical-places/4306
4312	/history-content/historical-places/4312
4318	/history-content/historical-places/4318
4334	/history-content/historical-places/4334
4348	/history-content/historical-places/4348
4378	/history-content/historical-places/4378
4389	/history-content/historical-places/4389
4390	/history-content/historical-places/4390
4391	/history-content/historical-places/4391
4392	/history-content/historical-places/4392
4393	/history-content/historical-places/4393
4394	/history-content/historical-places/4394
4395	/history-content/historical-places/4395
4396	/history-content/historical-places/4396
4399	/history-content/historical-places/4399
4400	/history-content/historical-places/4400
4401	/history-content/historical-places/4401
4402	/history-content/historical-places/4402
4403	/history-content/historical-places/4403
4404	/history-content/historical-places/4404
4405	/history-content/historical-places/4405
4406	/history-content/historical-places/4406
4407	/history-content/historical-places/4407
4408	/history-content/historical-places/4408
4409	/history-content/historical-places/4409
4439	/history-content/historical-places/4439
4522	/history-content/historical-places/4522
4523	/history-content/historical-places/4523
4524	/history-content/historical-places/4524
4537	/history-content/historical-places/4537
4544	/history-content/historical-places/4544
4555	/history-content/historical-places/4555
4595	/history-content/historical-places/4595
4601	/history-content/historical-places/4601
4618	/history-content/historical-places/4618
4619	/history-content/historical-places/4619
4620	/history-content/historical-places/4620
4621	/history-content/historical-places/4621
4622	/history-content/historical-places/4622
4623	/history-content/historical-places/4623
4624	/history-content/historical-places/4624
4626	/history-content/historical-places/4626
4627	/history-content/historical-places/4627
4628	/history-content/historical-places/4628
4629	/history-content/historical-places/4629
4630	/history-content/historical-places/4630
4631	/history-content/historical-places/4631
4632	/history-content/historical-places/4632
4633	/history-content/historical-places/4633
4634	/history-content/historical-places/4634
4635	/history-content/historical-places/4635
4636	/history-content/historical-places/4636
4637	/history-content/historical-places/4637
4638	/history-content/historical-places/4638
4639	/history-content/historical-places/4639
4640	/history-content/historical-places/4640
4641	/history-content/historical-places/4641
4642	/history-content/historical-places/4642
4643	/history-content/historical-places/4643
4644	/history-content/historical-places/4644
4645	/history-content/historical-places/4645
4646	/history-content/historical-places/4646
4647	/history-content/historical-places/4647
4648	/history-content/historical-places/4648
4649	/history-content/historical-places/4649
4650	/history-content/historical-places/4650
4651	/history-content/historical-places/4651
4652	/history-content/historical-places/4652
4653	/history-content/historical-places/4653
4654	/history-content/historical-places/4654
4655	/history-content/historical-places/4655
4656	/history-content/historical-places/4656
4657	/history-content/historical-places/4657
4658	/history-content/historical-places/4658
4659	/history-content/historical-places/4659
4660	/history-content/historical-places/4660
4661	/history-content/historical-places/4661
4662	/history-content/historical-places/4662
4663	/history-content/historical-places/4663
4664	/history-content/historical-places/4664
4665	/history-content/historical-places/4665
4666	/history-content/historical-places/4666
4667	/history-content/historical-places/4667
4668	/history-content/historical-places/4668
4669	/history-content/historical-places/4669
4670	/history-content/historical-places/4670
4671	/history-content/historical-places/4671
4672	/history-content/historical-places/4672
4673	/history-content/historical-places/4673
4674	/history-content/historical-places/4674
4675	/history-content/historical-places/4675
4676	/history-content/historical-places/4676
4677	/history-content/historical-places/4677
4678	/history-content/historical-places/4678
4679	/history-content/historical-places/4679
4680	/history-content/historical-places/4680
4681	/history-content/historical-places/4681
4682	/history-content/historical-places/4682
4684	/history-content/historical-places/4684
4685	/history-content/historical-places/4685
4687	/history-content/historical-places/4687
4688	/history-content/historical-places/4688
4689	/history-content/historical-places/4689
4690	/history-content/historical-places/4690
4691	/history-content/historical-places/4691
4692	/history-content/historical-places/4692
4693	/history-content/historical-places/4693
4694	/history-content/historical-places/4694
4695	/history-content/historical-places/4695
4696	/history-content/historical-places/4696
4697	/history-content/historical-places/4697
4699	/history-content/historical-places/4699
4700	/history-content/historical-places/4700
4701	/history-content/historical-places/4701
4702	/history-content/historical-places/4702
4703	/history-content/historical-places/4703
4704	/history-content/historical-places/4704
4705	/history-content/historical-places/4705
4706	/history-content/historical-places/4706
4707	/history-content/historical-places/4707
4708	/history-content/historical-places/4708
4709	/history-content/historical-places/4709
4710	/history-content/historical-places/4710
4714	/history-content/historical-places/4714
4715	/history-content/historical-places/4715
4716	/history-content/historical-places/4716
4717	/history-content/historical-places/4717
4718	/history-content/historical-places/4718
4719	/history-content/historical-places/4719
4720	/history-content/historical-places/4720
4721	/history-content/historical-places/4721
4722	/history-content/historical-places/4722
4723	/history-content/historical-places/4723
4724	/history-content/historical-places/4724
4726	/history-content/historical-places/4726
4727	/history-content/historical-places/4727
4728	/history-content/historical-places/4728
4729	/history-content/historical-places/4729
4730	/history-content/historical-places/4730
4731	/history-content/historical-places/4731
4736	/history-content/historical-places/4736
4737	/history-content/historical-places/4737
4738	/history-content/historical-places/4738
4739	/history-content/historical-places/4739
4740	/history-content/historical-places/4740
4741	/history-content/historical-places/4741
4742	/history-content/historical-places/4742
4743	/history-content/historical-places/4743
4747	/history-content/historical-places/4747
4748	/history-content/historical-places/4748
4749	/history-content/historical-places/4749
4750	/history-content/historical-places/4750
4751	/history-content/historical-places/4751
4752	/history-content/historical-places/4752
4753	/history-content/historical-places/4753
4755	/history-content/historical-places/4755
4756	/history-content/historical-places/4756
4757	/history-content/historical-places/4757
4758	/history-content/historical-places/4758
4764	/history-content/historical-places/4764
4765	/history-content/historical-places/4765
4766	/history-content/historical-places/4766
4770	/history-content/historical-places/4770
4777	/history-content/historical-places/4777
4778	/history-content/historical-places/4778
4779	/history-content/historical-places/4779
4780	/history-content/historical-places/4780
4781	/history-content/historical-places/4781
4782	/history-content/historical-places/4782
4783	/history-content/historical-places/4783
4784	/history-content/historical-places/4784
4785	/history-content/historical-places/4785
4788	/history-content/historical-places/4788
4791	/history-content/historical-places/4791
4811	/history-content/historical-places/4811
4813	/history-content/historical-places/4813
4853	/history-content/historical-places/4853
4859	/history-content/historical-places/4859
4874	/history-content/historical-places/4874
4881	/history-content/historical-places/4881
4886	/history-content/historical-places/4886
4888	/history-content/historical-places/4888
4889	/history-content/historical-places/4889
4892	/history-content/historical-places/4892
4893	/history-content/historical-places/4893
4895	/history-content/historical-places/4895
4896	/history-content/historical-places/4896
4900	/history-content/historical-places/4900
4905	/history-content/historical-places/4905
4907	/history-content/historical-places/4907
4911	/history-content/historical-places/4911
4913	/history-content/historical-places/4913
4926	/history-content/historical-places/4926
4944	/history-content/historical-places/4944
4945	/history-content/historical-places/4945
4953	/history-content/historical-places/4953
4969	/history-content/historical-places/4969
4970	/history-content/historical-places/4970
4971	/history-content/historical-places/4971
4988	/history-content/historical-places/4988
4993	/history-content/historical-places/4993
4999	/history-content/historical-places/4999
5012	/history-content/historical-places/5012
5033	/history-content/historical-places/5033
5044	/history-content/historical-places/5044
5057	/history-content/historical-places/5057
5059	/history-content/historical-places/5059
5062	/history-content/historical-places/5062
5063	/history-content/historical-places/5063
5071	/history-content/historical-places/5071
5090	/history-content/historical-places/5090
5094	/history-content/historical-places/5094
5098	/history-content/historical-places/5098
5120	/history-content/historical-places/5120
5133	/history-content/historical-places/5133
5140	/history-content/historical-places/5140
5146	/history-content/historical-places/5146
5148	/history-content/historical-places/5148
5152	/history-content/historical-places/5152
5158	/history-content/historical-places/5158
5184	/history-content/historical-places/5184
5197	/history-content/historical-places/5197
5198	/history-content/historical-places/5198
5201	/history-content/historical-places/5201
5205	/history-content/historical-places/5205
5213	/history-content/historical-places/5213
5216	/history-content/historical-places/5216
5228	/history-content/historical-places/5228
5237	/history-content/historical-places/5237
5241	/history-content/historical-places/5241
5294	/history-content/historical-places/5294
5300	/history-content/historical-places/5300
5304	/history-content/historical-places/5304
5306	/history-content/historical-places/5306
5308	/history-content/historical-places/5308
5309	/history-content/historical-places/5309
5315	/history-content/historical-places/5315
5316	/history-content/historical-places/5316
5317	/history-content/historical-places/5317
5322	/history-content/historical-places/5322
5326	/history-content/historical-places/5326
5327	/history-content/historical-places/5327
5328	/history-content/historical-places/5328
5329	/history-content/historical-places/5329
5337	/history-content/historical-places/5337
5340	/history-content/historical-places/5340
5342	/history-content/historical-places/5342
5345	/history-content/historical-places/5345
5346	/history-content/historical-places/5346
5347	/history-content/historical-places/5347
5349	/history-content/historical-places/5349
5350	/history-content/historical-places/5350
5352	/history-content/historical-places/5352
5354	/history-content/historical-places/5354
5359	/history-content/historical-places/5359
5360	/history-content/historical-places/5360
5361	/history-content/historical-places/5361
5363	/history-content/historical-places/5363
5365	/history-content/historical-places/5365
5368	/history-content/historical-places/5368
5369	/history-content/historical-places/5369
5370	/history-content/historical-places/5370
5371	/history-content/historical-places/5371
5372	/history-content/historical-places/5372
5375	/history-content/historical-places/5375
5379	/history-content/historical-places/5379
5382	/history-content/historical-places/5382
5384	/history-content/historical-places/5384
5385	/history-content/historical-places/5385
5390	/history-content/historical-places/5390
5393	/history-content/historical-places/5393
5395	/history-content/historical-places/5395
5396	/history-content/historical-places/5396
5397	/history-content/historical-places/5397
5410	/history-content/historical-places/5410
5413	/history-content/historical-places/5413
5414	/history-content/historical-places/5414
5415	/history-content/historical-places/5415
5416	/history-content/historical-places/5416
5417	/history-content/historical-places/5417
5419	/history-content/historical-places/5419
5420	/history-content/historical-places/5420
5421	/history-content/historical-places/5421
5422	/history-content/historical-places/5422
5423	/history-content/historical-places/5423
5424	/history-content/historical-places/5424
5425	/history-content/historical-places/5425
5428	/history-content/historical-places/5428
5429	/history-content/historical-places/5429
5430	/history-content/historical-places/5430
5431	/history-content/historical-places/5431
5432	/history-content/historical-places/5432
5433	/history-content/historical-places/5433
5434	/history-content/historical-places/5434
5435	/history-content/historical-places/5435
5436	/history-content/historical-places/5436
5437	/history-content/historical-places/5437
5438	/history-content/historical-places/5438
5439	/history-content/historical-places/5439
5440	/history-content/historical-places/5440
5441	/history-content/historical-places/5441
5442	/history-content/historical-places/5442
5443	/history-content/historical-places/5443
5444	/history-content/historical-places/5444
5445	/history-content/historical-places/5445
5446	/history-content/historical-places/5446
5447	/history-content/historical-places/5447
5449	/history-content/historical-places/5449
5450	/history-content/historical-places/5450
5451	/history-content/historical-places/5451
5452	/history-content/historical-places/5452
5454	/history-content/historical-places/5454
5455	/history-content/historical-places/5455
5456	/history-content/historical-places/5456
5457	/history-content/historical-places/5457
5460	/history-content/historical-places/5460
5461	/history-content/historical-places/5461
5463	/history-content/historical-places/5463
5467	/history-content/historical-places/5467
5468	/history-content/historical-places/5468
5469	/history-content/historical-places/5469
5470	/history-content/historical-places/5470
5471	/history-content/historical-places/5471
5472	/history-content/historical-places/5472
5478	/history-content/historical-places/5478
5481	/history-content/historical-places/5481
5482	/history-content/historical-places/5482
5483	/history-content/historical-places/5483
5484	/history-content/historical-places/5484
5486	/history-content/historical-places/5486
5487	/history-content/historical-places/5487
5488	/history-content/historical-places/5488
5489	/history-content/historical-places/5489
5490	/history-content/historical-places/5490
5491	/history-content/historical-places/5491
5492	/history-content/historical-places/5492
5493	/history-content/historical-places/5493
5494	/history-content/historical-places/5494
5495	/history-content/historical-places/5495
5497	/history-content/historical-places/5497
5498	/history-content/historical-places/5498
5499	/history-content/historical-places/5499
5500	/history-content/historical-places/5500
5501	/history-content/historical-places/5501
5502	/history-content/historical-places/5502
5503	/history-content/historical-places/5503
5504	/history-content/historical-places/5504
5505	/history-content/historical-places/5505
5506	/history-content/historical-places/5506
5507	/history-content/historical-places/5507
5509	/history-content/historical-places/5509
5510	/history-content/historical-places/5510
5511	/history-content/historical-places/5511
5514	/history-content/historical-places/5514
5516	/history-content/historical-places/5516
5517	/history-content/historical-places/5517
5519	/history-content/historical-places/5519
5524	/history-content/historical-places/5524
5525	/history-content/historical-places/5525
5526	/history-content/historical-places/5526
5527	/history-content/historical-places/5527
5528	/history-content/historical-places/5528
5529	/history-content/historical-places/5529
5530	/history-content/historical-places/5530
5531	/history-content/historical-places/5531
5532	/history-content/historical-places/5532
5534	/history-content/historical-places/5534
5537	/history-content/historical-places/5537
5538	/history-content/historical-places/5538
5539	/history-content/historical-places/5539
5540	/history-content/historical-places/5540
5543	/history-content/historical-places/5543
5544	/history-content/historical-places/5544
5545	/history-content/historical-places/5545
5548	/history-content/historical-places/5548
5549	/history-content/historical-places/5549
5550	/history-content/historical-places/5550
5554	/history-content/historical-places/5554
5555	/history-content/historical-places/5555
5556	/history-content/historical-places/5556
5557	/history-content/historical-places/5557
5558	/history-content/historical-places/5558
5561	/history-content/historical-places/5561
5563	/history-content/historical-places/5563
5565	/history-content/historical-places/5565
5566	/history-content/historical-places/5566
5570	/history-content/historical-places/5570
5571	/history-content/historical-places/5571
5572	/history-content/historical-places/5572
5573	/history-content/historical-places/5573
5574	/history-content/historical-places/5574
5575	/history-content/historical-places/5575
5576	/history-content/historical-places/5576
5577	/history-content/historical-places/5577
5578	/history-content/historical-places/5578
5581	/history-content/historical-places/5581
5582	/history-content/historical-places/5582
5583	/history-content/historical-places/5583
5584	/history-content/historical-places/5584
5585	/history-content/historical-places/5585
5586	/history-content/historical-places/5586
5587	/history-content/historical-places/5587
5588	/history-content/historical-places/5588
5590	/history-content/historical-places/5590
5591	/history-content/historical-places/5591
5594	/history-content/historical-places/5594
5595	/history-content/historical-places/5595
5596	/history-content/historical-places/5596
5597	/history-content/historical-places/5597
5598	/history-content/historical-places/5598
5599	/history-content/historical-places/5599
5600	/history-content/historical-places/5600
5601	/history-content/historical-places/5601
5602	/history-content/historical-places/5602
5603	/history-content/historical-places/5603
5610	/history-content/historical-places/5610
5611	/history-content/historical-places/5611
5613	/history-content/historical-places/5613
5615	/history-content/historical-places/5615
5616	/history-content/historical-places/5616
5623	/history-content/historical-places/5623
5629	/history-content/historical-places/5629
5636	/history-content/historical-places/5636
5642	/history-content/historical-places/5642
5644	/history-content/historical-places/5644
5651	/history-content/historical-places/5651
5657	/history-content/historical-places/5657
5662	/history-content/historical-places/5662
5676	/history-content/historical-places/5676
5678	/history-content/historical-places/5678
5679	/history-content/historical-places/5679
5682	/history-content/historical-places/5682
5683	/history-content/historical-places/5683
5685	/history-content/historical-places/5685
5687	/history-content/historical-places/5687
5701	/history-content/historical-places/5701
5721	/history-content/historical-places/5721
5724	/history-content/historical-places/5724
5744	/history-content/historical-places/5744
5745	/history-content/historical-places/5745
5746	/history-content/historical-places/5746
5757	/history-content/historical-places/5757
5760	/history-content/historical-places/5760
5763	/history-content/historical-places/5763
5772	/history-content/historical-places/5772
5779	/history-content/historical-places/5779
5780	/history-content/historical-places/5780
5788	/history-content/historical-places/5788
5789	/history-content/historical-places/5789
5796	/history-content/historical-places/5796
5797	/history-content/historical-places/5797
5815	/history-content/historical-places/5815
5819	/history-content/historical-places/5819
5826	/history-content/historical-places/5826
5844	/history-content/historical-places/5844
5851	/history-content/historical-places/5851
5853	/history-content/historical-places/5853
5854	/history-content/historical-places/5854
5856	/history-content/historical-places/5856
5866	/history-content/historical-places/5866
5870	/history-content/historical-places/5870
5903	/history-content/historical-places/5903
6309	/history-content/historical-places/6309
6316	/history-content/historical-places/6316
6319	/history-content/historical-places/6319
6324	/history-content/historical-places/6324
6345	/history-content/historical-places/6345
6364	/history-content/historical-places/6364
6367	/history-content/historical-places/6367
6390	/history-content/historical-places/6390
6391	/history-content/historical-places/6391
6394	/history-content/historical-places/6394
6408	/history-content/historical-places/6408
6409	/history-content/historical-places/6409
6411	/history-content/historical-places/6411
6413	/history-content/historical-places/6413
6416	/history-content/historical-places/6416
6420	/history-content/historical-places/6420
6422	/history-content/historical-places/6422
6426	/history-content/historical-places/6426
6435	/history-content/historical-places/6435
6438	/history-content/historical-places/6438
6444	/history-content/historical-places/6444
6461	/history-content/historical-places/6461
6463	/history-content/historical-places/6463
6472	/history-content/historical-places/6472
6475	/history-content/historical-places/6475
6476	/history-content/historical-places/6476
6481	/history-content/historical-places/6481
6498	/history-content/historical-places/6498
6502	/history-content/historical-places/6502
6514	/history-content/historical-places/6514
6521	/history-content/historical-places/6521
6526	/history-content/historical-places/6526
6529	/history-content/historical-places/6529
6531	/history-content/historical-places/6531
6534	/history-content/historical-places/6534
6536	/history-content/historical-places/6536
6549	/history-content/historical-places/6549
6571	/history-content/historical-places/6571
6583	/history-content/historical-places/6583
6592	/history-content/historical-places/6592
6596	/history-content/historical-places/6596
6598	/history-content/historical-places/6598
6607	/history-content/historical-places/6607
6629	/history-content/historical-places/6629
6678	/history-content/historical-places/6678
6687	/history-content/historical-places/6687
6718	/history-content/historical-places/6718
6720	/history-content/historical-places/6720
6725	/history-content/historical-places/6725
6735	/history-content/historical-places/6735
6783	/history-content/historical-places/6783
6797	/history-content/historical-places/6797
6799	/history-content/historical-places/6799
6810	/history-content/historical-places/6810
6816	/history-content/historical-places/6816
6834	/history-content/historical-places/6834
6856	/history-content/historical-places/6856
6871	/history-content/historical-places/6871
6873	/history-content/historical-places/6873
6879	/history-content/historical-places/6879
6911	/history-content/historical-places/6911
6934	/history-content/historical-places/6934
6971	/history-content/historical-places/6971
6979	/history-content/historical-places/6979
7002	/history-content/historical-places/7002
7004	/history-content/historical-places/7004
7005	/history-content/historical-places/7005
7011	/history-content/historical-places/7011
7030	/history-content/historical-places/7030
7036	/history-content/historical-places/7036
7044	/history-content/historical-places/7044
7046	/history-content/historical-places/7046
7095	/history-content/historical-places/7095
7100	/history-content/historical-places/7100
7110	/history-content/historical-places/7110
7111	/history-content/historical-places/7111
7118	/history-content/historical-places/7118
7140	/history-content/historical-places/7140
7153	/history-content/historical-places/7153
7160	/history-content/historical-places/7160
7176	/history-content/historical-places/7176
7201	/history-content/historical-places/7201
7204	/history-content/historical-places/7204
7211	/history-content/historical-places/7211
7216	/history-content/historical-places/7216
7241	/history-content/historical-places/7241
7242	/history-content/historical-places/7242
7258	/history-content/historical-places/7258
7277	/history-content/historical-places/7277
7286	/history-content/historical-places/7286
7291	/history-content/historical-places/7291
7293	/history-content/historical-places/7293
7313	/history-content/historical-places/7313
7319	/history-content/historical-places/7319
7331	/history-content/historical-places/7331
7334	/history-content/historical-places/7334
7340	/history-content/historical-places/7340
7367	/history-content/historical-places/7367
7380	/history-content/historical-places/7380
7391	/history-content/historical-places/7391
7404	/history-content/historical-places/7404
7415	/history-content/historical-places/7415
7424	/history-content/historical-places/7424
7434	/history-content/historical-places/7434
7445	/history-content/historical-places/7445
7448	/history-content/historical-places/7448
7478	/history-content/historical-places/7478
7505	/history-content/historical-places/7505
7510	/history-content/historical-places/7510
7541	/history-content/historical-places/7541
7544	/history-content/historical-places/7544
7545	/history-content/historical-places/7545
7560	/history-content/historical-places/7560
7563	/history-content/historical-places/7563
7572	/history-content/historical-places/7572
7595	/history-content/historical-places/7595
7596	/history-content/historical-places/7596
7613	/history-content/historical-places/7613
7637	/history-content/historical-places/7637
7660	/history-content/historical-places/7660
7667	/history-content/historical-places/7667
7669	/history-content/historical-places/7669
7686	/history-content/historical-places/7686
7729	/history-content/historical-places/7729
7744	/history-content/historical-places/7744
7747	/history-content/historical-places/7747
7748	/history-content/historical-places/7748
7751	/history-content/historical-places/7751
7754	/history-content/historical-places/7754
7774	/history-content/historical-places/7774
7791	/history-content/historical-places/7791
7797	/history-content/historical-places/7797
7806	/history-content/historical-places/7806
7822	/history-content/historical-places/7822
7832	/history-content/historical-places/7832
7838	/history-content/historical-places/7838
7839	/history-content/historical-places/7839
7865	/history-content/historical-places/7865
7877	/history-content/historical-places/7877
7899	/history-content/historical-places/7899
7904	/history-content/historical-places/7904
7905	/history-content/historical-places/7905
7908	/history-content/historical-places/7908
7939	/history-content/historical-places/7939
7944	/history-content/historical-places/7944
7983	/history-content/historical-places/7983
8023	/history-content/historical-places/8023
8026	/history-content/historical-places/8026
8027	/history-content/historical-places/8027
8028	/history-content/historical-places/8028
8054	/history-content/historical-places/8054
8085	/history-content/historical-places/8085
8103	/history-content/historical-places/8103
8104	/history-content/historical-places/8104
8109	/history-content/historical-places/8109
8115	/history-content/historical-places/8115
8121	/history-content/historical-places/8121
8147	/history-content/historical-places/8147
8192	/history-content/historical-places/8192
8193	/history-content/historical-places/8193
8224	/history-content/historical-places/8224
8237	/history-content/historical-places/8237
8240	/history-content/historical-places/8240
8241	/history-content/historical-places/8241
8246	/history-content/historical-places/8246
8294	/history-content/historical-places/8294
8309	/history-content/historical-places/8309
8313	/history-content/historical-places/8313
8319	/history-content/historical-places/8319
8332	/history-content/historical-places/8332
8341	/history-content/historical-places/8341
8354	/history-content/historical-places/8354
8368	/history-content/historical-places/8368
8370	/history-content/historical-places/8370
8381	/history-content/historical-places/8381
8386	/history-content/historical-places/8386
8395	/history-content/historical-places/8395
8410	/history-content/historical-places/8410
8436	/history-content/historical-places/8436
8445	/history-content/historical-places/8445
8486	/history-content/historical-places/8486
8516	/history-content/historical-places/8516
8523	/history-content/historical-places/8523
8530	/history-content/historical-places/8530
8532	/history-content/historical-places/8532
8598	/history-content/historical-places/8598
8625	/history-content/historical-places/8625
8630	/history-content/historical-places/8630
8636	/history-content/historical-places/8636
8648	/history-content/historical-places/8648
8654	/history-content/historical-places/8654
8656	/history-content/historical-places/8656
8667	/history-content/historical-places/8667
8679	/history-content/historical-places/8679
8690	/history-content/historical-places/8690
8695	/history-content/historical-places/8695
8720	/history-content/historical-places/8720
8728	/history-content/historical-places/8728
8733	/history-content/historical-places/8733
8768	/history-content/historical-places/8768
8781	/history-content/historical-places/8781
8804	/history-content/historical-places/8804
8807	/history-content/historical-places/8807
8815	/history-content/historical-places/8815
8820	/history-content/historical-places/8820
8834	/history-content/historical-places/8834
8837	/history-content/historical-places/8837
8840	/history-content/historical-places/8840
8845	/history-content/historical-places/8845
8848	/history-content/historical-places/8848
8853	/history-content/historical-places/8853
8867	/history-content/historical-places/8867
8869	/history-content/historical-places/8869
8874	/history-content/historical-places/8874
8880	/history-content/historical-places/8880
8884	/history-content/historical-places/8884
8886	/history-content/historical-places/8886
8894	/history-content/historical-places/8894
8896	/history-content/historical-places/8896
8913	/history-content/historical-places/8913
8914	/history-content/historical-places/8914
8915	/history-content/historical-places/8915
8916	/history-content/historical-places/8916
8924	/history-content/historical-places/8924
8929	/history-content/historical-places/8929
8938	/history-content/historical-places/8938
8946	/history-content/historical-places/8946
8949	/history-content/historical-places/8949
8964	/history-content/historical-places/8964
8966	/history-content/historical-places/8966
8971	/history-content/historical-places/8971
8984	/history-content/historical-places/8984
8987	/history-content/historical-places/8987
8993	/history-content/historical-places/8993
8996	/history-content/historical-places/8996
8998	/history-content/historical-places/8998
9002	/history-content/historical-places/9002
9006	/history-content/historical-places/9006
9015	/history-content/historical-places/9015
9020	/history-content/historical-places/9020
9026	/history-content/historical-places/9026
9027	/history-content/historical-places/9027
9053	/history-content/historical-places/9053
9058	/history-content/historical-places/9058
9060	/history-content/historical-places/9060
9068	/history-content/historical-places/9068
9073	/history-content/historical-places/9073
9076	/history-content/historical-places/9076
9088	/history-content/historical-places/9088
9090	/history-content/historical-places/9090
9112	/history-content/historical-places/9112
9114	/history-content/historical-places/9114
9119	/history-content/historical-places/9119
9121	/history-content/historical-places/9121
9130	/history-content/historical-places/9130
9131	/history-content/historical-places/9131
9135	/history-content/historical-places/9135
9148	/history-content/historical-places/9148
9183	/history-content/historical-places/9183
9192	/history-content/historical-places/9192
9196	/history-content/historical-places/9196
9198	/history-content/historical-places/9198
9199	/history-content/historical-places/9199
9206	/history-content/historical-places/9206
9211	/history-content/historical-places/9211
9215	/history-content/historical-places/9215
9229	/history-content/historical-places/9229
9231	/history-content/historical-places/9231
9236	/history-content/historical-places/9236
9255	/history-content/historical-places/9255
9256	/history-content/historical-places/9256
9262	/history-content/historical-places/9262
9286	/history-content/historical-places/9286
9289	/history-content/historical-places/9289
9292	/history-content/historical-places/9292
9305	/history-content/historical-places/9305
9310	/history-content/historical-places/9310
9311	/history-content/historical-places/9311
9312	/history-content/historical-places/9312
9321	/history-content/historical-places/9321
9322	/history-content/historical-places/9322
9325	/history-content/historical-places/9325
9336	/history-content/historical-places/9336
9337	/history-content/historical-places/9337
9341	/history-content/historical-places/9341
9362	/history-content/historical-places/9362
9369	/history-content/historical-places/9369
9370	/history-content/historical-places/9370
9372	/history-content/historical-places/9372
9375	/history-content/historical-places/9375
9386	/history-content/historical-places/9386
9389	/history-content/historical-places/9389
9397	/history-content/historical-places/9397
9401	/history-content/historical-places/9401
9418	/history-content/historical-places/9418
9419	/history-content/historical-places/9419
9420	/history-content/historical-places/9420
9436	/history-content/historical-places/9436
9453	/history-content/historical-places/9453
9457	/history-content/historical-places/9457
9461	/history-content/historical-places/9461
9470	/history-content/historical-places/9470
9471	/history-content/historical-places/9471
9485	/history-content/historical-places/9485
9491	/history-content/historical-places/9491
9508	/history-content/historical-places/9508
9512	/history-content/historical-places/9512
9519	/history-content/historical-places/9519
9520	/history-content/historical-places/9520
9525	/history-content/historical-places/9525
9528	/history-content/historical-places/9528
9529	/history-content/historical-places/9529
9532	/history-content/historical-places/9532
9533	/history-content/historical-places/9533
9547	/history-content/historical-places/9547
9550	/history-content/historical-places/9550
9562	/history-content/historical-places/9562
9565	/history-content/historical-places/9565
9569	/history-content/historical-places/9569
9577	/history-content/historical-places/9577
9578	/history-content/historical-places/9578
9605	/history-content/historical-places/9605
9606	/history-content/historical-places/9606
9607	/history-content/historical-places/9607
9619	/history-content/historical-places/9619
9661	/history-content/historical-places/9661
9682	/history-content/historical-places/9682
9691	/history-content/historical-places/9691
9713	/history-content/historical-places/9713
9728	/history-content/historical-places/9728
9733	/history-content/historical-places/9733
9741	/history-content/historical-places/9741
9750	/history-content/historical-places/9750
9764	/history-content/historical-places/9764
9765	/history-content/historical-places/9765
9769	/history-content/historical-places/9769
9776	/history-content/historical-places/9776
9808	/history-content/historical-places/9808
9810	/history-content/historical-places/9810
9816	/history-content/historical-places/9816
9820	/history-content/historical-places/9820
9837	/history-content/historical-places/9837
9878	/history-content/historical-places/9878
9915	/history-content/historical-places/9915
9917	/history-content/historical-places/9917
9926	/history-content/historical-places/9926
9929	/history-content/historical-places/9929
9946	/history-content/historical-places/9946
9947	/history-content/historical-places/9947
9948	/history-content/historical-places/9948
9949	/history-content/historical-places/9949
9950	/history-content/historical-places/9950
9953	/history-content/historical-places/9953
9954	/history-content/historical-places/9954
9955	/history-content/historical-places/9955
9960	/history-content/historical-places/9960
9968	/history-content/historical-places/9968
9975	/history-content/historical-places/9975
9976	/history-content/historical-places/9976
9979	/history-content/historical-places/9979
9982	/history-content/historical-places/9982
9984	/history-content/historical-places/9984
9985	/history-content/historical-places/9985
9992	/history-content/historical-places/9992
10016	/history-content/historical-places/10016
10032	/history-content/historical-places/10032
10035	/history-content/historical-places/10035
10065	/history-content/historical-places/10065
10067	/history-content/historical-places/10067
10069	/history-content/historical-places/10069
10070	/history-content/historical-places/10070
10075	/history-content/historical-places/10075
10081	/history-content/historical-places/10081
10086	/history-content/historical-places/10086
10093	/history-content/historical-places/10093
10100	/history-content/historical-places/10100
10114	/history-content/historical-places/10114
10122	/history-content/historical-places/10122
10130	/history-content/historical-places/10130
10131	/history-content/historical-places/10131
10137	/history-content/historical-places/10137
10147	/history-content/historical-places/10147
10149	/history-content/historical-places/10149
10150	/history-content/historical-places/10150
10163	/history-content/historical-places/10163
10174	/history-content/historical-places/10174
10181	/history-content/historical-places/10181
10183	/history-content/historical-places/10183
10185	/history-content/historical-places/10185
10193	/history-content/historical-places/10193
10204	/history-content/historical-places/10204
10230	/history-content/historical-places/10230
10243	/history-content/historical-places/10243
10246	/history-content/historical-places/10246
10269	/history-content/historical-places/10269
10283	/history-content/historical-places/10283
10284	/history-content/historical-places/10284
10292	/history-content/historical-places/10292
10295	/history-content/historical-places/10295
10298	/history-content/historical-places/10298
10300	/history-content/historical-places/10300
10316	/history-content/historical-places/10316
10334	/history-content/historical-places/10334
10352	/history-content/historical-places/10352
10368	/history-content/historical-places/10368
10369	/history-content/historical-places/10369
10375	/history-content/historical-places/10375
10388	/history-content/historical-places/10388
10389	/history-content/historical-places/10389
10393	/history-content/historical-places/10393
10396	/history-content/historical-places/10396
10402	/history-content/historical-places/10402
10416	/history-content/historical-places/10416
10422	/history-content/historical-places/10422
10424	/history-content/historical-places/10424
10426	/history-content/historical-places/10426
10434	/history-content/historical-places/10434
10445	/history-content/historical-places/10445
10491	/history-content/historical-places/10491
10502	/history-content/historical-places/10502
10511	/history-content/historical-places/10511
10525	/history-content/historical-places/10525
10550	/history-content/historical-places/10550
10553	/history-content/historical-places/10553
10554	/history-content/historical-places/10554
10555	/history-content/historical-places/10555
10578	/history-content/historical-places/10578
10585	/history-content/historical-places/10585
10588	/history-content/historical-places/10588
10613	/history-content/historical-places/10613
10622	/history-content/historical-places/10622
10623	/history-content/historical-places/10623
10631	/history-content/historical-places/10631
10653	/history-content/historical-places/10653
10669	/history-content/historical-places/10669
10693	/history-content/historical-places/10693
10697	/history-content/historical-places/10697
10700	/history-content/historical-places/10700
10718	/history-content/historical-places/10718
10725	/history-content/historical-places/10725
10732	/history-content/historical-places/10732
10750	/history-content/historical-places/10750
10767	/history-content/historical-places/10767
10769	/history-content/historical-places/10769
10806	/history-content/historical-places/10806
10809	/history-content/historical-places/10809
10818	/history-content/historical-places/10818
10821	/history-content/historical-places/10821
10822	/history-content/historical-places/10822
10846	/history-content/historical-places/10846
10849	/history-content/historical-places/10849
10850	/history-content/historical-places/10850
10853	/history-content/historical-places/10853
10865	/history-content/historical-places/10865
10872	/history-content/historical-places/10872
10881	/history-content/historical-places/10881
10888	/history-content/historical-places/10888
10912	/history-content/historical-places/10912
10922	/history-content/historical-places/10922
10924	/history-content/historical-places/10924
10931	/history-content/historical-places/10931
10944	/history-content/historical-places/10944
10966	/history-content/historical-places/10966
10976	/history-content/historical-places/10976
10983	/history-content/historical-places/10983
10986	/history-content/historical-places/10986
10988	/history-content/historical-places/10988
10992	/history-content/historical-places/10992
10999	/history-content/historical-places/10999
11001	/history-content/historical-places/11001
11004	/history-content/historical-places/11004
11034	/history-content/historical-places/11034
11038	/history-content/historical-places/11038
11039	/history-content/historical-places/11039
11050	/history-content/historical-places/11050
11058	/history-content/historical-places/11058
11068	/history-content/historical-places/11068
11083	/history-content/historical-places/11083
11087	/history-content/historical-places/11087
11088	/history-content/historical-places/11088
11092	/history-content/historical-places/11092
11095	/history-content/historical-places/11095
11167	/history-content/historical-places/11167
11175	/history-content/historical-places/11175
11181	/history-content/historical-places/11181
11188	/history-content/historical-places/11188
11195	/history-content/historical-places/11195
11220	/history-content/historical-places/11220
11224	/history-content/historical-places/11224
11235	/history-content/historical-places/11235
11236	/history-content/historical-places/11236
11241	/history-content/historical-places/11241
11250	/history-content/historical-places/11250
11256	/history-content/historical-places/11256
11259	/history-content/historical-places/11259
11268	/history-content/historical-places/11268
11274	/history-content/historical-places/11274
11301	/history-content/historical-places/11301
11302	/history-content/historical-places/11302
11314	/history-content/historical-places/11314
11325	/history-content/historical-places/11325
11341	/history-content/historical-places/11341
11346	/history-content/historical-places/11346
11354	/history-content/historical-places/11354
11380	/history-content/historical-places/11380
11410	/history-content/historical-places/11410
11447	/history-content/historical-places/11447
11456	/history-content/historical-places/11456
11463	/history-content/historical-places/11463
11470	/history-content/historical-places/11470
11471	/history-content/historical-places/11471
11474	/history-content/historical-places/11474
11498	/history-content/historical-places/11498
11510	/history-content/historical-places/11510
11522	/history-content/historical-places/11522
11531	/history-content/historical-places/11531
11533	/history-content/historical-places/11533
11536	/history-content/historical-places/11536
11543	/history-content/historical-places/11543
11545	/history-content/historical-places/11545
11569	/history-content/historical-places/11569
11571	/history-content/historical-places/11571
11577	/history-content/historical-places/11577
11581	/history-content/historical-places/11581
11588	/history-content/historical-places/11588
11589	/history-content/historical-places/11589
11602	/history-content/historical-places/11602
11623	/history-content/historical-places/11623
11628	/history-content/historical-places/11628
11633	/history-content/historical-places/11633
11634	/history-content/historical-places/11634
11638	/history-content/historical-places/11638
11641	/history-content/historical-places/11641
11648	/history-content/historical-places/11648
11687	/history-content/historical-places/11687
11688	/history-content/historical-places/11688
11692	/history-content/historical-places/11692
11699	/history-content/historical-places/11699
11723	/history-content/historical-places/11723
11740	/history-content/historical-places/11740
11755	/history-content/historical-places/11755
11784	/history-content/historical-places/11784
11787	/history-content/historical-places/11787
11795	/history-content/historical-places/11795
11806	/history-content/historical-places/11806
11808	/history-content/historical-places/11808
11813	/history-content/historical-places/11813
11822	/history-content/historical-places/11822
11829	/history-content/historical-places/11829
11831	/history-content/historical-places/11831
11839	/history-content/historical-places/11839
11854	/history-content/historical-places/11854
11856	/history-content/historical-places/11856
11857	/history-content/historical-places/11857
11858	/history-content/historical-places/11858
11863	/history-content/historical-places/11863
11866	/history-content/historical-places/11866
11892	/history-content/historical-places/11892
11893	/history-content/historical-places/11893
11923	/history-content/historical-places/11923
11927	/history-content/historical-places/11927
11936	/history-content/historical-places/11936
11953	/history-content/historical-places/11953
11960	/history-content/historical-places/11960
11969	/history-content/historical-places/11969
11986	/history-content/historical-places/11986
12001	/history-content/historical-places/12001
12019	/history-content/historical-places/12019
12031	/history-content/historical-places/12031
12041	/history-content/historical-places/12041
12047	/history-content/historical-places/12047
12063	/history-content/historical-places/12063
12069	/history-content/historical-places/12069
12083	/history-content/historical-places/12083
12089	/history-content/historical-places/12089
12115	/history-content/historical-places/12115
12130	/history-content/historical-places/12130
12151	/history-content/historical-places/12151
12167	/history-content/historical-places/12167
12177	/history-content/historical-places/12177
12181	/history-content/historical-places/12181
12187	/history-content/historical-places/12187
12191	/history-content/historical-places/12191
12194	/history-content/historical-places/12194
12219	/history-content/historical-places/12219
12220	/history-content/historical-places/12220
12244	/history-content/historical-places/12244
12252	/history-content/historical-places/12252
12269	/history-content/historical-places/12269
12271	/history-content/historical-places/12271
12279	/history-content/historical-places/12279
12305	/history-content/historical-places/12305
12325	/history-content/historical-places/12325
12332	/history-content/historical-places/12332
12333	/history-content/historical-places/12333
12339	/history-content/historical-places/12339
12345	/history-content/historical-places/12345
12349	/history-content/historical-places/12349
12354	/history-content/historical-places/12354
12382	/history-content/historical-places/12382
12396	/history-content/historical-places/12396
12399	/history-content/historical-places/12399
12406	/history-content/historical-places/12406
12409	/history-content/historical-places/12409
12415	/history-content/historical-places/12415
12421	/history-content/historical-places/12421
12429	/history-content/historical-places/12429
12437	/history-content/historical-places/12437
12439	/history-content/historical-places/12439
12442	/history-content/historical-places/12442
12443	/history-content/historical-places/12443
12464	/history-content/historical-places/12464
12467	/history-content/historical-places/12467
12470	/history-content/historical-places/12470
12478	/history-content/historical-places/12478
12484	/history-content/historical-places/12484
12493	/history-content/historical-places/12493
12509	/history-content/historical-places/12509
12532	/history-content/historical-places/12532
12539	/history-content/historical-places/12539
12541	/history-content/historical-places/12541
12543	/history-content/historical-places/12543
12566	/history-content/historical-places/12566
12568	/history-content/historical-places/12568
12596	/history-content/historical-places/12596
12607	/history-content/historical-places/12607
12653	/history-content/historical-places/12653
12663	/history-content/historical-places/12663
12679	/history-content/historical-places/12679
12681	/history-content/historical-places/12681
12684	/history-content/historical-places/12684
12686	/history-content/historical-places/12686
12689	/history-content/historical-places/12689
12694	/history-content/historical-places/12694
12707	/history-content/historical-places/12707
12709	/history-content/historical-places/12709
12713	/history-content/historical-places/12713
12726	/history-content/historical-places/12726
12745	/history-content/historical-places/12745
12748	/history-content/historical-places/12748
12759	/history-content/historical-places/12759
12784	/history-content/historical-places/12784
12788	/history-content/historical-places/12788
12793	/history-content/historical-places/12793
12799	/history-content/historical-places/12799
12805	/history-content/historical-places/12805
12815	/history-content/historical-places/12815
12834	/history-content/historical-places/12834
12835	/history-content/historical-places/12835
12848	/history-content/historical-places/12848
12902	/history-content/historical-places/12902
12910	/history-content/historical-places/12910
12914	/history-content/historical-places/12914
12918	/history-content/historical-places/12918
12919	/history-content/historical-places/12919
12947	/history-content/historical-places/12947
12950	/history-content/historical-places/12950
12958	/history-content/historical-places/12958
12967	/history-content/historical-places/12967
12969	/history-content/historical-places/12969
12974	/history-content/historical-places/12974
12982	/history-content/historical-places/12982
12986	/history-content/historical-places/12986
12992	/history-content/historical-places/12992
12997	/history-content/historical-places/12997
13021	/history-content/historical-places/13021
13044	/history-content/historical-places/13044
13070	/history-content/historical-places/13070
13074	/history-content/historical-places/13074
13089	/history-content/historical-places/13089
13090	/history-content/historical-places/13090
13091	/history-content/historical-places/13091
13096	/history-content/historical-places/13096
13133	/history-content/historical-places/13133
13150	/history-content/historical-places/13150
13152	/history-content/historical-places/13152
13154	/history-content/historical-places/13154
13157	/history-content/historical-places/13157
13165	/history-content/historical-places/13165
13183	/history-content/historical-places/13183
13184	/history-content/historical-places/13184
13191	/history-content/historical-places/13191
13194	/history-content/historical-places/13194
13208	/history-content/historical-places/13208
13213	/history-content/historical-places/13213
13234	/history-content/historical-places/13234
13257	/history-content/historical-places/13257
13258	/history-content/historical-places/13258
13277	/history-content/historical-places/13277
13303	/history-content/historical-places/13303
13318	/history-content/historical-places/13318
13334	/history-content/historical-places/13334
13344	/history-content/historical-places/13344
13349	/history-content/historical-places/13349
13379	/history-content/historical-places/13379
13393	/history-content/historical-places/13393
13418	/history-content/historical-places/13418
13420	/history-content/historical-places/13420
13428	/history-content/historical-places/13428
13446	/history-content/historical-places/13446
13451	/history-content/historical-places/13451
13453	/history-content/historical-places/13453
13457	/history-content/historical-places/13457
13460	/history-content/historical-places/13460
13474	/history-content/historical-places/13474
13479	/history-content/historical-places/13479
13485	/history-content/historical-places/13485
13489	/history-content/historical-places/13489
13498	/history-content/historical-places/13498
13513	/history-content/historical-places/13513
13526	/history-content/historical-places/13526
13539	/history-content/historical-places/13539
13541	/history-content/historical-places/13541
13544	/history-content/historical-places/13544
13549	/history-content/historical-places/13549
13574	/history-content/historical-places/13574
13575	/history-content/historical-places/13575
13580	/history-content/historical-places/13580
13583	/history-content/historical-places/13583
13602	/history-content/historical-places/13602
13614	/history-content/historical-places/13614
13625	/history-content/historical-places/13625
13642	/history-content/historical-places/13642
13652	/history-content/historical-places/13652
13654	/history-content/historical-places/13654
13656	/history-content/historical-places/13656
13659	/history-content/historical-places/13659
13662	/history-content/historical-places/13662
13675	/history-content/historical-places/13675
13684	/history-content/historical-places/13684
13685	/history-content/historical-places/13685
13690	/history-content/historical-places/13690
13706	/history-content/historical-places/13706
13715	/history-content/historical-places/13715
13769	/history-content/historical-places/13769
13784	/history-content/historical-places/13784
13791	/history-content/historical-places/13791
13799	/history-content/historical-places/13799
13816	/history-content/historical-places/13816
13818	/history-content/historical-places/13818
13819	/history-content/historical-places/13819
13835	/history-content/historical-places/13835
13842	/history-content/historical-places/13842
13856	/history-content/historical-places/13856
13877	/history-content/historical-places/13877
13902	/history-content/historical-places/13902
13916	/history-content/historical-places/13916
13940	/history-content/historical-places/13940
13947	/history-content/historical-places/13947
13969	/history-content/historical-places/13969
13984	/history-content/historical-places/13984
13992	/history-content/historical-places/13992
14003	/history-content/historical-places/14003
14015	/history-content/historical-places/14015
14031	/history-content/historical-places/14031
14548	/professional-development/conferences/14548
14557	/history-content/ask-a-historian/14557
14559	/history-content/ask-a-historian/14559
14561	/best-practices/using-primary-sources/14561
14562	/best-practices/using-primary-sources/14562
14563	/best-practices/using-primary-sources/14563
14564	/best-practices/using-primary-sources/14564
14565	/best-practices/using-primary-sources/14565
14566	/best-practices/using-primary-sources/14566
14567	/best-practices/using-primary-sources/14567
14568	/best-practices/using-primary-sources/14568
14569	/best-practices/using-primary-sources/14569
14570	/best-practices/using-primary-sources/14570
14571	/best-practices/using-primary-sources/14571
14572	/best-practices/using-primary-sources/14572
14573	/best-practices/using-primary-sources/14573
14574	/best-practices/using-primary-sources/14574
14575	/best-practices/using-primary-sources/14575
14576	/best-practices/using-primary-sources/14576
14578	/best-practices/using-primary-sources/14578
14585	/digital-classroom/tech-for-teachers/14585
14586	/digital-classroom/tech-for-teachers/14586
14587	/digital-classroom/tech-for-teachers/14587
14588	/digital-classroom/tech-for-teachers/14588
14589	/digital-classroom/tech-for-teachers/14589
14590	/digital-classroom/tech-for-teachers/14590
14591	/digital-classroom/tech-for-teachers/14591
14592	/digital-classroom/tech-for-teachers/14592
14599	/history-content/website-reviews/14599
14600	/history-content/website-reviews/14600
14601	/history-content/website-reviews/14601
14602	/history-content/website-reviews/14602
14603	/history-content/website-reviews/14603
14604	/history-content/website-reviews/14604
14605	/history-content/website-reviews/14605
14606	/history-content/website-reviews/14606
14607	/history-content/website-reviews/14607
14608	/history-content/website-reviews/14608
14609	/history-content/website-reviews/14609
14610	/history-content/website-reviews/14610
14611	/history-content/website-reviews/14611
14612	/history-content/website-reviews/14612
14613	/history-content/website-reviews/14613
14614	/history-content/website-reviews/14614
14615	/history-content/website-reviews/14615
14616	/history-content/website-reviews/14616
14617	/history-content/website-reviews/14617
14618	/history-content/website-reviews/14618
14619	/history-content/website-reviews/14619
14620	/history-content/website-reviews/14620
14621	/history-content/website-reviews/14621
14622	/history-content/website-reviews/14622
14623	/history-content/website-reviews/14623
14624	/history-content/website-reviews/14624
14625	/history-content/website-reviews/14625
14626	/history-content/website-reviews/14626
14627	/history-content/website-reviews/14627
14628	/history-content/website-reviews/14628
14629	/history-content/website-reviews/14629
14630	/history-content/website-reviews/14630
14631	/history-content/website-reviews/14631
14632	/history-content/website-reviews/14632
14633	/history-content/website-reviews/14633
14634	/history-content/website-reviews/14634
14635	/history-content/website-reviews/14635
14636	/history-content/website-reviews/14636
14637	/history-content/website-reviews/14637
14638	/history-content/website-reviews/14638
14639	/history-content/website-reviews/14639
14640	/history-content/website-reviews/14640
14641	/history-content/website-reviews/14641
14642	/history-content/website-reviews/14642
14643	/history-content/website-reviews/14643
14644	/history-content/website-reviews/14644
14645	/history-content/website-reviews/14645
14646	/history-content/website-reviews/14646
14647	/history-content/website-reviews/14647
14648	/history-content/website-reviews/14648
14649	/history-content/website-reviews/14649
14650	/history-content/website-reviews/14650
14651	/history-content/website-reviews/14651
14652	/history-content/website-reviews/14652
14653	/history-content/website-reviews/14653
14654	/history-content/website-reviews/14654
14655	/history-content/website-reviews/14655
14656	/history-content/website-reviews/14656
14657	/history-content/website-reviews/14657
14658	/history-content/website-reviews/14658
14659	/history-content/website-reviews/14659
14660	/history-content/website-reviews/14660
14661	/history-content/website-reviews/14661
14662	/history-content/website-reviews/14662
14663	/history-content/website-reviews/14663
14664	/history-content/website-reviews/14664
14665	/history-content/website-reviews/14665
14666	/history-content/website-reviews/14666
14667	/history-content/website-reviews/14667
14668	/history-content/website-reviews/14668
14669	/history-content/website-reviews/14669
14670	/history-content/website-reviews/14670
14671	/history-content/website-reviews/14671
14672	/history-content/website-reviews/14672
14673	/history-content/website-reviews/14673
14674	/history-content/website-reviews/14674
14675	/history-content/website-reviews/14675
14676	/history-content/website-reviews/14676
14677	/history-content/website-reviews/14677
14678	/history-content/website-reviews/14678
14679	/history-content/website-reviews/14679
14680	/history-content/website-reviews/14680
14681	/history-content/website-reviews/14681
14682	/history-content/website-reviews/14682
14683	/history-content/website-reviews/14683
14684	/history-content/website-reviews/14684
14685	/history-content/website-reviews/14685
14686	/history-content/website-reviews/14686
14687	/history-content/website-reviews/14687
14688	/history-content/website-reviews/14688
14689	/history-content/website-reviews/14689
14690	/history-content/website-reviews/14690
14691	/history-content/website-reviews/14691
14692	/history-content/website-reviews/14692
14693	/history-content/website-reviews/14693
14694	/history-content/website-reviews/14694
14695	/history-content/website-reviews/14695
14696	/history-content/website-reviews/14696
14697	/history-content/website-reviews/14697
14698	/history-content/website-reviews/14698
14699	/history-content/website-reviews/14699
14700	/history-content/website-reviews/14700
14701	/history-content/website-reviews/14701
14702	/history-content/website-reviews/14702
14703	/history-content/website-reviews/14703
14704	/history-content/website-reviews/14704
14705	/history-content/website-reviews/14705
14706	/history-content/website-reviews/14706
14707	/history-content/website-reviews/14707
14708	/history-content/website-reviews/14708
14709	/history-content/website-reviews/14709
14710	/history-content/website-reviews/14710
14711	/history-content/website-reviews/14711
14712	/history-content/website-reviews/14712
14713	/history-content/website-reviews/14713
14714	/history-content/website-reviews/14714
14715	/history-content/website-reviews/14715
14716	/history-content/website-reviews/14716
14717	/history-content/website-reviews/14717
14718	/history-content/website-reviews/14718
14719	/history-content/website-reviews/14719
14720	/history-content/website-reviews/14720
14721	/history-content/website-reviews/14721
14722	/history-content/website-reviews/14722
14723	/history-content/website-reviews/14723
14724	/history-content/website-reviews/14724
14725	/history-content/website-reviews/14725
14726	/history-content/website-reviews/14726
14727	/history-content/website-reviews/14727
14728	/history-content/website-reviews/14728
14729	/history-content/website-reviews/14729
14730	/history-content/website-reviews/14730
14731	/history-content/website-reviews/14731
14732	/history-content/website-reviews/14732
14733	/history-content/website-reviews/14733
14734	/history-content/website-reviews/14734
14735	/history-content/website-reviews/14735
14736	/history-content/website-reviews/14736
14737	/history-content/website-reviews/14737
14738	/history-content/website-reviews/14738
14739	/history-content/website-reviews/14739
14740	/history-content/website-reviews/14740
14741	/history-content/website-reviews/14741
14742	/history-content/website-reviews/14742
14743	/history-content/website-reviews/14743
14744	/history-content/website-reviews/14744
14745	/history-content/website-reviews/14745
14746	/history-content/website-reviews/14746
14747	/history-content/website-reviews/14747
14748	/history-content/website-reviews/14748
14749	/history-content/website-reviews/14749
14750	/history-content/website-reviews/14750
14751	/history-content/website-reviews/14751
14752	/history-content/website-reviews/14752
14753	/history-content/website-reviews/14753
14754	/history-content/website-reviews/14754
14755	/history-content/website-reviews/14755
14756	/history-content/website-reviews/14756
14757	/history-content/website-reviews/14757
14758	/history-content/website-reviews/14758
14759	/history-content/website-reviews/14759
14760	/history-content/website-reviews/14760
14761	/history-content/website-reviews/14761
14762	/history-content/website-reviews/14762
14763	/history-content/website-reviews/14763
14764	/history-content/website-reviews/14764
14765	/history-content/website-reviews/14765
14766	/history-content/website-reviews/14766
14767	/history-content/website-reviews/14767
14768	/history-content/website-reviews/14768
14769	/history-content/website-reviews/14769
14770	/history-content/website-reviews/14770
14771	/history-content/website-reviews/14771
14772	/history-content/website-reviews/14772
14773	/history-content/website-reviews/14773
14774	/history-content/website-reviews/14774
14775	/history-content/website-reviews/14775
14776	/history-content/website-reviews/14776
14777	/history-content/website-reviews/14777
14778	/history-content/website-reviews/14778
14779	/history-content/website-reviews/14779
14780	/history-content/website-reviews/14780
14781	/history-content/website-reviews/14781
14782	/history-content/website-reviews/14782
14783	/history-content/website-reviews/14783
14784	/history-content/website-reviews/14784
14785	/history-content/website-reviews/14785
14786	/history-content/website-reviews/14786
14787	/history-content/website-reviews/14787
14788	/history-content/website-reviews/14788
14789	/history-content/website-reviews/14789
14790	/history-content/website-reviews/14790
14791	/history-content/website-reviews/14791
14792	/history-content/website-reviews/14792
14793	/history-content/website-reviews/14793
14794	/history-content/website-reviews/14794
14795	/history-content/website-reviews/14795
14796	/history-content/website-reviews/14796
14797	/history-content/website-reviews/14797
14798	/history-content/website-reviews/14798
14799	/history-content/website-reviews/14799
14800	/history-content/website-reviews/14800
14801	/history-content/website-reviews/14801
14802	/history-content/website-reviews/14802
14803	/history-content/website-reviews/14803
14804	/history-content/website-reviews/14804
14805	/history-content/website-reviews/14805
14806	/history-content/website-reviews/14806
14807	/history-content/website-reviews/14807
14808	/history-content/website-reviews/14808
14809	/history-content/website-reviews/14809
14810	/history-content/website-reviews/14810
14811	/history-content/website-reviews/14811
14812	/history-content/website-reviews/14812
14813	/history-content/website-reviews/14813
14814	/history-content/website-reviews/14814
14815	/history-content/website-reviews/14815
14816	/history-content/website-reviews/14816
14817	/history-content/website-reviews/14817
14818	/history-content/website-reviews/14818
14819	/history-content/website-reviews/14819
14820	/history-content/website-reviews/14820
14821	/history-content/website-reviews/14821
14822	/history-content/website-reviews/14822
14823	/history-content/website-reviews/14823
14824	/history-content/website-reviews/14824
14825	/history-content/website-reviews/14825
14826	/history-content/website-reviews/14826
14827	/history-content/website-reviews/14827
14828	/history-content/website-reviews/14828
14829	/history-content/website-reviews/14829
14830	/history-content/website-reviews/14830
14831	/history-content/website-reviews/14831
14832	/history-content/website-reviews/14832
14833	/history-content/website-reviews/14833
14834	/history-content/website-reviews/14834
14835	/history-content/website-reviews/14835
14836	/history-content/website-reviews/14836
14837	/history-content/website-reviews/14837
14838	/history-content/website-reviews/14838
14839	/history-content/website-reviews/14839
14840	/history-content/website-reviews/14840
14841	/history-content/website-reviews/14841
14842	/history-content/website-reviews/14842
14843	/history-content/website-reviews/14843
14844	/history-content/website-reviews/14844
14845	/history-content/website-reviews/14845
14846	/history-content/website-reviews/14846
14847	/history-content/website-reviews/14847
14848	/history-content/website-reviews/14848
14869	/about/staff
14870	/about/technical-working-group
14871	/about/partners
14872	/about/research-advisors
14873	/nhec-blog/14873
14874	/nhec-blog/14874
14877	/nhec-blog/14877
14878	/nhec-blog/14878
14880	/nhec-blog/14880
14882	/nhec-blog/14882
14883	/nhec-blog/14883
14896	/nhec-blog/14896
14897	/nhec-blog/14897
14898	/nhec-blog/14898
14911	/nhec-blog/14911
14912	/nhec-blog/14912
14914	/nhec-blog/14914
14917	/nhec-blog/14917
14943	/nhec-blog/14943
14944	/nhec-blog/14944
14946	/best-practices/examples-of-historical-thinking/14946
14947	/best-practices/teaching-in-action/14947
14958	/teaching-materials/ask-a-master-teacher/14958
14960	/nhec-blog/14960
15765	/best-practices/examples-of-historical-thinking/15765
15772	/best-practices/teaching-in-action/15772
15990	/nhec-blog/15990
16914	/tah-grants/tah-project-database/16914
17250	/tah-grants/tah-project-database/17250
17296	/teaching-history-newsletter/17296
19068	/nhec-blog/19068
19079	/best-practices/using-primary-sources/19079
19080	/best-practices/using-primary-sources/19080
19085	/nhec-blog/19085
19086	/history-content/website-reviews/19086
19087	/history-content/website-reviews/19087
19089	/teaching-materials/lesson-plan-reviews/19089
19121	/nhec-blog/19121
19122	/nhec-blog/19122
19123	/nhec-blog/19123
19126	/nhec-blog/19126
19130	/three-worlds-meet-beginnings-1620/19130
19142	/nhec-blog/19142
19183	/history-content/national-resources/19183
19184	/history-content/national-resources/19184
19185	/history-content/national-resources/19185
19186	/history-content/national-resources/19186
19187	/history-content/national-resources/19187
19188	/history-content/national-resources/19188
19189	/history-content/national-resources/19189
19190	/history-content/national-resources/19190
19191	/history-content/national-resources/19191
19193	/revolution-and-new-nation-1754-1820s/19193
19195	/history-content/national-resources/19195
19197	/history-content/national-resources/19197
19198	/history-content/national-resources/19198
19199	/history-content/national-resources/19199
19200	/history-content/national-resources/19200
19201	/history-content/national-resources/19201
19224	/history-content/website-reviews/19224
19225	/history-content/website-reviews/19225
19227	/history-content/ask-a-historian/19227
19228	/history-content/national-resources/19228
19230	/teaching-materials/lesson-plan-reviews/19230
19245	/nhec-blog/19245
19252	/teaching-materials/ask-a-master-teacher/19252
19262	/teaching-materials/lesson-plan-reviews/19262
19263	/history-content/ask-a-historian/19263
19266	/nhec-blog/19266
19267	/nhec-blog/19267
19268	/nhec-blog/19268
19269	/nhec-blog/19269
19270	/nhec-blog/19270
19299	/nhec-blog/19299
19348	/nhec-blog/19348
19354	/nhec-blog/19354
19390	/best-practices/examples-of-historical-thinking/19390
19393	/teaching-materials/ask-a-master-teacher/19393
19422	/history-content/ask-a-historian/19422
19423	/history-content/ask-a-historian/19423
19424	/history-content/ask-a-historian/19424
19425	/nhec-blog/19425
19429	/teaching-materials/lesson-plan-reviews/19429
19430	/teaching-materials/lesson-plan-reviews/19430
19433	/nhec-blog/19433
19435	/best-practices/using-primary-sources/19435
19436	/history-content/ask-a-historian/19436
19438	/best-practices/teaching-with-textbooks/19438
19439	/best-practices/teaching-with-textbooks/19439
19442	/history-content/ask-a-historian/19442
19443	/best-practices/examples-of-historical-thinking/19443
19444	/best-practices/examples-of-historical-thinking/19444
19447	/teaching-materials/ask-a-master-teacher/19447
19448	/teaching-materials/ask-a-master-teacher/19448
19449	/nhec-blog/19449
19472	/nhec-blog/19472
19480	/nhec-blog/19480
19494	/nhec-blog/19494
19497	/history-content/ask-a-historian/19497
19500	/nhec-blog/19500
19505	/nhec-blog/19505
19506	/nhec-blog/19506
19528	/best-practices/examples-of-historical-thinking/19528
19529	/best-practices/examples-of-historical-thinking/19529
19530	/history-content/ask-a-historian/19530
19532	/nhec-blog/19532
19533	/nhec-blog/19533
19547	/history-content/ask-a-historian/19547
19548	/nhec-blog/19548
19549	/nhec-blog/19549
19567	/best-practices/teaching-in-action/19567
19569	/best-practices/teaching-in-action/19569
19572	/teaching-materials/lesson-plan-reviews/19572
19576	/nhec-blog/19576
19586	/nhec-blog/19586
19591	/nhec-blog/19591
19592	/nhec-blog/19592
19630	/kindergarten/19630
19699	/best-practices/using-primary-sources/19699
19756	/nhec-blog/19756
19779	/expansion-and-reform-1801-1861/19779
19780	/expansion-and-reform-1801-1861/19780
19821	/history-content/ask-a-historian/19821
19825	/nhec-blog/19825
19826	/nhec-blog/19826
19866	/kindergarten/19866
19895	/kindergarten/19895
19950	/nhec-blog/19950
19968	/nhec-blog/19968
19981	/nhec-blog/19981
19983	/nhec-blog/19983
20012	/teaching-materials/lesson-plan-reviews/20012
20013	/teaching-materials/lesson-plan-reviews/20013
20024	/kindergarten/20024
20044	/nhec-blog/20044
20045	/nhec-blog/20045
20054	/teaching-materials/lesson-plan-reviews/20054
20055	/three-worlds-meet-beginnings-1620/20055
20138	/nhec-blog/20138
20145	/nhec-blog/20145
20148	/nhec-blog/20148
20190	/teaching-materials/lesson-plan-reviews/20190
20207	/nhec-blog/20207
20291	/nhec-blog/20291
20292	/nhec-blog/20292
20293	/nhec-blog/20293
20296	/nhec-blog/20296
20298	/teaching-materials/ask-a-master-teacher/20298
20309	/history-content/ask-a-historian/20309
20341	/best-practices/teaching-in-action/20341
20343	/history-content/ask-a-historian/20343
20348	/history-content/ask-a-historian/20348
20373	/nhec-blog/20373
20374	/best-practices/teaching-in-action/20374
20402	/history-content/ask-a-historian/20402
20424	/best-practices/teaching-with-textbooks/20424
20430	/nhec-blog/20430
20431	/history-content/ask-a-historian/20431
20494	/history-content/ask-a-historian/20494
20536	/nhec-blog/20536
20571	/best-practices/teaching-with-textbooks/20571
20572	/teaching-materials/lesson-plan-reviews/20572
20574	/best-practices/teaching-with-textbooks/20574
20576	/nhec-blog/20576
20578	/nhec-blog/20578
20591	/nhec-blog/20591
20632	/history-content/ask-a-historian/20632
20657	/history-content/ask-a-historian/20657
20674	/digital-classroom/tech-for-teachers/20674
20685	/teaching-materials/ask-a-master-teacher/20685
20690	/nhec-blog/20690
20693	/digital-classroom/tech-for-teachers/20693
20697	/digital-classroom/tech-for-teachers/20697
20698	/digital-classroom/tech-for-teachers/20698
20712	/nhec-blog/20712
20736	/nhec-blog/20736
20737	/nhec-blog/20737
20756	/digital-classroom/tech-for-teachers/20756
20784	/digital-classroom/tech-for-teachers/20784
20785	/digital-classroom/tech-for-teachers/20785
20795	/best-practices/teaching-in-action/20795
20834	/digital-classroom/tech-for-teachers/20834
21573	/history-content/ask-a-historian/21573
21576	/history-content/ask-a-historian/21576
21577	/digital-classroom/tech-for-teachers/21577
21606	/tah-grants/tah-project-database/21606
21692	/tah-grants/tah-project-database/21692
21705	/best-practices/using-primary-sources/21705
21706	/best-practices/teaching-in-action/21706
21712	/nhec-blog/21712
21719	/nhec-blog/21719
21725	/nhec-blog/21725
21731	/teaching-materials/teaching-guides/21731
21733	/teaching-materials/teaching-guides/21733
21739	/nhec-blog/21739
21760	/nhec-blog/21760
21770	/teaching-materials/ask-a-master-teacher/21770
21779	/history-content/national-resources/21779
21780	/history-content/national-resources/21780
21781	/history-content/national-resources/21781
21782	/history-content/national-resources/21782
21783	/nhec-blog/21783
21784	/history-content/national-resources/21784
21785	/history-content/national-resources/21785
21786	/teaching-materials/ask-a-master-teacher/21786
21806	/teaching-materials/teaching-guides/21806
21810	/history-content/ask-a-historian/21810
21823	/nhec-blog/21823
21827	/nhec-blog/21827
21844	/digital-classroom/tech-for-teachers/21844
21849	/nhec-blog/21849
21851	/digital-classroom/tech-for-teachers/21851
21861	/history-content/ask-a-historian/21861
21867	/teaching-materials/teaching-guides/21867
21873	/teaching-materials/lesson-plan-reviews/21873
21874	/teaching-materials/lesson-plan-reviews/21874
21879	/nhec-blog/21879
21892	/nhec-blog/21892
21914	/history-content/ask-a-historian/21914
21919	/history-content/national-resources/21919
21920	/history-content/national-resources/21920
21930	/nhec-blog/21930
21953	/nhec-blog/21953
21980	/nhec-blog/21980
21984	/nhec-blog/21984
21991	/nhec-blog/21991
22027	/nhec-blog/22027
22028	/nhec-blog/22028
22057	/teaching-materials/lesson-plan-reviews/22057
22063	/teaching-materials/lesson-plan-reviews/22063
22158	/best-practices/teaching-in-action/22158
22205	/history-content/ask-a-historian/22205
22206	/teaching-materials/teaching-guides/22206
22244	/nhec-blog/22244
22245	/history-content/ask-a-historian/22245
22261	/teaching-materials/teaching-guides/22261
22269	/teaching-materials/lesson-plan-reviews/22269
22270	/history-content/ask-a-historian/22270
22276	/teaching-materials/ask-a-master-teacher/22276
22280	/history-content/website-reviews/22280
22281	/history-content/website-reviews/22281
22282	/history-content/website-reviews/22282
22283	/history-content/website-reviews/22283
22284	/history-content/website-reviews/22284
22329	/history-content/ask-a-historian/22329
22337	/nhec-blog/22337
22338	/history-content/website-reviews/22338
22339	/nhec-blog/22339
22365	/teaching-materials/teaching-guides/22365
22366	/nhec-blog/22366
22379	/nhec-blog/22379
22390	/nhec-blog/22390
22391	/nhec-blog/22391
22394	/nhec-blog/22394
22395	/teaching-materials/lesson-plan-reviews/22395
22405	/history-content/national-resources/22405
22406	/nhec-blog/22406
22407	/history-content/national-resources/22407
22408	/nhec-blog/22408
22431	/nhec-blog/22431
22432	/best-practices/using-primary-sources/22432
22435	/history-content/ask-a-historian/22435
22440	/best-practices/teaching-in-action/22440
22441	/nhec-blog/22441
22442	/nhec-blog/22442
22461	/nhec-blog/22461
22462	/history-content/national-resources/22462
22463	/history-content/national-resources/22463
22464	/history-content/national-resources/22464
22466	/nhec-blog/22466
22467	/best-practices/teaching-with-textbooks/22467
22468	/nhec-blog/22468
22470	/history-content/ask-a-historian/22470
22471	/teaching-materials/ask-a-master-teacher/22471
22474	/nhec-blog/22474
22477	/history-content/national-resources/22477
22481	/history-content/ask-a-historian/22481
22482	/nhec-blog/22482
22483	/history-content/national-resources/22483
22511	/history-content/national-resources/22511
22515	/nhec-blog/22515
22517	/history-content/ask-a-historian/22517
22518	/history-content/national-resources/22518
22519	/history-content/website-reviews/22519
22520	/history-content/website-reviews/22520
22531	/teaching-materials/lesson-plan-reviews/22531
22534	/teaching-materials/lesson-plan-reviews/22534
22560	/nhec-blog/22560
22561	/nhec-blog/22561
22562	/nhec-blog/22562
22568	/history-content/website-reviews/22568
22569	/history-content/website-reviews/22569
22570	/history-content/website-reviews/22570
22571	/history-content/website-reviews/22571
22572	/history-content/website-reviews/22572
22573	/history-content/website-reviews/22573
22574	/history-content/website-reviews/22574
22575	/history-content/website-reviews/22575
22576	/history-content/website-reviews/22576
22577	/history-content/website-reviews/22577
22578	/history-content/website-reviews/22578
22579	/history-content/website-reviews/22579
22580	/history-content/website-reviews/22580
22581	/history-content/website-reviews/22581
22582	/history-content/website-reviews/22582
22583	/history-content/website-reviews/22583
22584	/history-content/website-reviews/22584
22585	/history-content/website-reviews/22585
22586	/history-content/website-reviews/22586
22587	/history-content/website-reviews/22587
22588	/history-content/website-reviews/22588
22589	/history-content/website-reviews/22589
22590	/history-content/website-reviews/22590
22591	/history-content/website-reviews/22591
22592	/history-content/website-reviews/22592
22593	/history-content/website-reviews/22593
22594	/history-content/website-reviews/22594
22595	/history-content/website-reviews/22595
22596	/history-content/website-reviews/22596
22597	/history-content/website-reviews/22597
22598	/history-content/website-reviews/22598
22599	/history-content/website-reviews/22599
22600	/history-content/website-reviews/22600
22601	/history-content/website-reviews/22601
22602	/history-content/website-reviews/22602
22603	/history-content/website-reviews/22603
22604	/history-content/website-reviews/22604
22605	/history-content/website-reviews/22605
22606	/history-content/website-reviews/22606
22607	/history-content/website-reviews/22607
22608	/history-content/website-reviews/22608
22609	/history-content/website-reviews/22609
22610	/history-content/website-reviews/22610
22611	/history-content/website-reviews/22611
22612	/history-content/website-reviews/22612
22613	/history-content/website-reviews/22613
22614	/history-content/website-reviews/22614
22615	/history-content/website-reviews/22615
22616	/history-content/website-reviews/22616
22617	/history-content/website-reviews/22617
22618	/history-content/website-reviews/22618
22619	/history-content/website-reviews/22619
22620	/history-content/website-reviews/22620
22621	/history-content/website-reviews/22621
22622	/history-content/website-reviews/22622
22624	/history-content/national-resources/22624
22625	/history-content/national-resources/22625
22626	/nhec-blog/22626
22627	/nhec-blog/22627
22641	/history-content/national-resources/22641
22642	/history-content/website-reviews/22642
22643	/history-content/website-reviews/22643
22644	/history-content/website-reviews/22644
22645	/history-content/website-reviews/22645
22646	/history-content/website-reviews/22646
22647	/history-content/website-reviews/22647
22648	/history-content/website-reviews/22648
22649	/history-content/website-reviews/22649
22650	/history-content/website-reviews/22650
22651	/history-content/website-reviews/22651
22652	/history-content/website-reviews/22652
22653	/history-content/website-reviews/22653
22654	/history-content/website-reviews/22654
22655	/history-content/website-reviews/22655
22656	/history-content/website-reviews/22656
22657	/history-content/website-reviews/22657
22658	/history-content/website-reviews/22658
22659	/history-content/website-reviews/22659
22660	/history-content/website-reviews/22660
22661	/history-content/website-reviews/22661
22662	/history-content/website-reviews/22662
22663	/history-content/website-reviews/22663
22664	/history-content/website-reviews/22664
22665	/history-content/website-reviews/22665
22666	/history-content/website-reviews/22666
22667	/history-content/website-reviews/22667
22668	/history-content/website-reviews/22668
22669	/history-content/website-reviews/22669
22670	/history-content/website-reviews/22670
22671	/history-content/website-reviews/22671
22672	/history-content/website-reviews/22672
22673	/history-content/website-reviews/22673
22674	/history-content/website-reviews/22674
22675	/history-content/website-reviews/22675
22676	/history-content/website-reviews/22676
22677	/history-content/website-reviews/22677
22678	/history-content/website-reviews/22678
22679	/history-content/website-reviews/22679
22680	/history-content/website-reviews/22680
22681	/history-content/website-reviews/22681
22682	/history-content/website-reviews/22682
22683	/history-content/website-reviews/22683
22684	/history-content/website-reviews/22684
22685	/history-content/website-reviews/22685
22686	/history-content/website-reviews/22686
22687	/history-content/website-reviews/22687
22688	/history-content/website-reviews/22688
22689	/history-content/website-reviews/22689
22690	/history-content/website-reviews/22690
22691	/history-content/website-reviews/22691
22692	/history-content/national-resources/22692
22693	/history-content/ask-a-historian/22693
22695	/history-content/website-reviews/22695
22696	/history-content/website-reviews/22696
22697	/history-content/website-reviews/22697
22698	/history-content/website-reviews/22698
22699	/history-content/website-reviews/22699
22700	/history-content/website-reviews/22700
22701	/history-content/website-reviews/22701
22702	/history-content/website-reviews/22702
22703	/history-content/website-reviews/22703
22704	/history-content/website-reviews/22704
22705	/history-content/website-reviews/22705
22706	/history-content/website-reviews/22706
22707	/history-content/website-reviews/22707
22708	/history-content/website-reviews/22708
22709	/history-content/website-reviews/22709
22710	/history-content/website-reviews/22710
22711	/history-content/website-reviews/22711
22712	/history-content/website-reviews/22712
22713	/history-content/website-reviews/22713
22714	/history-content/website-reviews/22714
22715	/history-content/website-reviews/22715
22716	/history-content/website-reviews/22716
22717	/history-content/website-reviews/22717
22718	/history-content/website-reviews/22718
22719	/history-content/website-reviews/22719
22720	/history-content/website-reviews/22720
22721	/history-content/website-reviews/22721
22722	/history-content/website-reviews/22722
22723	/history-content/website-reviews/22723
22724	/history-content/website-reviews/22724
22725	/history-content/website-reviews/22725
22726	/history-content/website-reviews/22726
22727	/history-content/website-reviews/22727
22728	/history-content/website-reviews/22728
22729	/history-content/website-reviews/22729
22730	/history-content/website-reviews/22730
22731	/history-content/website-reviews/22731
22732	/history-content/website-reviews/22732
22733	/history-content/website-reviews/22733
22734	/history-content/website-reviews/22734
22735	/history-content/website-reviews/22735
22736	/history-content/website-reviews/22736
22737	/history-content/website-reviews/22737
22738	/history-content/website-reviews/22738
22739	/history-content/website-reviews/22739
22740	/history-content/website-reviews/22740
22741	/history-content/website-reviews/22741
22742	/history-content/website-reviews/22742
22743	/history-content/website-reviews/22743
22744	/history-content/website-reviews/22744
22745	/history-content/website-reviews/22745
22746	/history-content/website-reviews/22746
22747	/history-content/website-reviews/22747
22748	/history-content/website-reviews/22748
22749	/history-content/website-reviews/22749
22750	/history-content/website-reviews/22750
22751	/history-content/website-reviews/22751
22752	/history-content/website-reviews/22752
22753	/history-content/website-reviews/22753
22754	/history-content/website-reviews/22754
22755	/history-content/website-reviews/22755
22756	/history-content/website-reviews/22756
22757	/history-content/website-reviews/22757
22758	/history-content/website-reviews/22758
22759	/history-content/website-reviews/22759
22760	/history-content/website-reviews/22760
22761	/history-content/website-reviews/22761
22762	/history-content/website-reviews/22762
22763	/history-content/website-reviews/22763
22764	/history-content/website-reviews/22764
22765	/history-content/website-reviews/22765
22766	/history-content/website-reviews/22766
22767	/history-content/website-reviews/22767
22768	/history-content/website-reviews/22768
22769	/history-content/website-reviews/22769
22770	/history-content/website-reviews/22770
22771	/history-content/website-reviews/22771
22772	/history-content/website-reviews/22772
22773	/history-content/website-reviews/22773
22774	/history-content/website-reviews/22774
22775	/history-content/website-reviews/22775
22776	/history-content/website-reviews/22776
22777	/history-content/website-reviews/22777
22778	/history-content/website-reviews/22778
22779	/history-content/website-reviews/22779
22780	/history-content/website-reviews/22780
22781	/history-content/website-reviews/22781
22782	/history-content/website-reviews/22782
22783	/history-content/website-reviews/22783
22784	/history-content/website-reviews/22784
22785	/history-content/website-reviews/22785
22786	/history-content/website-reviews/22786
22787	/history-content/website-reviews/22787
22788	/history-content/website-reviews/22788
22789	/history-content/website-reviews/22789
22790	/history-content/website-reviews/22790
22791	/history-content/website-reviews/22791
22792	/history-content/website-reviews/22792
22793	/history-content/website-reviews/22793
22794	/history-content/website-reviews/22794
22795	/history-content/website-reviews/22795
22796	/history-content/website-reviews/22796
22797	/history-content/website-reviews/22797
22798	/history-content/website-reviews/22798
22799	/history-content/website-reviews/22799
22800	/history-content/website-reviews/22800
22801	/history-content/website-reviews/22801
22802	/history-content/website-reviews/22802
22803	/history-content/website-reviews/22803
22804	/history-content/website-reviews/22804
22805	/history-content/website-reviews/22805
22806	/history-content/website-reviews/22806
22807	/history-content/website-reviews/22807
22808	/history-content/website-reviews/22808
22809	/history-content/website-reviews/22809
22810	/history-content/website-reviews/22810
22811	/history-content/website-reviews/22811
22812	/history-content/website-reviews/22812
22813	/history-content/website-reviews/22813
22814	/history-content/website-reviews/22814
22815	/history-content/website-reviews/22815
22816	/history-content/website-reviews/22816
22817	/history-content/website-reviews/22817
22818	/history-content/website-reviews/22818
22819	/history-content/website-reviews/22819
22820	/history-content/website-reviews/22820
22821	/history-content/website-reviews/22821
22822	/history-content/website-reviews/22822
22823	/history-content/website-reviews/22823
22824	/history-content/website-reviews/22824
22825	/history-content/website-reviews/22825
22826	/history-content/website-reviews/22826
22827	/history-content/website-reviews/22827
22828	/history-content/website-reviews/22828
22829	/history-content/website-reviews/22829
22830	/history-content/website-reviews/22830
22831	/history-content/website-reviews/22831
22832	/history-content/website-reviews/22832
22833	/history-content/website-reviews/22833
22834	/history-content/website-reviews/22834
22835	/history-content/website-reviews/22835
22836	/history-content/website-reviews/22836
22837	/history-content/website-reviews/22837
22838	/history-content/website-reviews/22838
22839	/history-content/website-reviews/22839
22840	/history-content/website-reviews/22840
22841	/history-content/website-reviews/22841
22842	/history-content/website-reviews/22842
22843	/history-content/website-reviews/22843
22844	/history-content/website-reviews/22844
22845	/history-content/website-reviews/22845
22846	/history-content/website-reviews/22846
22847	/history-content/website-reviews/22847
22848	/history-content/website-reviews/22848
22849	/history-content/website-reviews/22849
22850	/history-content/website-reviews/22850
22851	/history-content/website-reviews/22851
22852	/history-content/website-reviews/22852
22853	/history-content/website-reviews/22853
22854	/history-content/website-reviews/22854
22855	/history-content/website-reviews/22855
22856	/history-content/website-reviews/22856
22857	/history-content/website-reviews/22857
22858	/history-content/website-reviews/22858
22859	/history-content/website-reviews/22859
22860	/history-content/website-reviews/22860
22861	/history-content/website-reviews/22861
22862	/history-content/website-reviews/22862
22863	/history-content/website-reviews/22863
22864	/history-content/website-reviews/22864
22865	/history-content/website-reviews/22865
22866	/history-content/website-reviews/22866
22867	/history-content/website-reviews/22867
22869	/history-content/website-reviews/22869
22870	/history-content/website-reviews/22870
22871	/history-content/website-reviews/22871
22872	/history-content/website-reviews/22872
22873	/history-content/website-reviews/22873
22874	/history-content/website-reviews/22874
22875	/history-content/website-reviews/22875
22876	/history-content/website-reviews/22876
22877	/history-content/website-reviews/22877
22879	/nhec-blog/22879
22886	/nhec-blog/22886
22888	/history-content/national-resources/22888
22889	/history-content/national-resources/22889
22890	/best-practices/examples-of-historical-thinking/22890
22893	/teaching-materials/ask-a-master-teacher/22893
22894	/history-content/ask-a-historian/22894
22895	/history-content/ask-a-historian/22895
22900	/nhec-blog/22900
22901	/teaching-materials/ask-a-master-teacher/22901
22907	/nhec-blog/22907
22915	/history-content/national-resources/22915
22916	/history-content/national-resources/22916
22927	/history-content/ask-a-historian/22927
22928	/nhec-blog/22928
22929	/nhec-blog/22929
22934	/best-practices/teaching-in-action/22934
22937	/best-practices/teaching-in-action/22937
22940	/nhec-blog/22940
22941	/history-content/national-resources/22941
22942	/history-content/national-resources/22942
22950	/nhec-blog/22950
22951	/nhec-blog/22951
22958	/history-content/national-resources/22958
22962	/history-content/national-resources/22962
22963	/teaching-materials/ask-a-master-teacher/22963
22964	/history-content/website-reviews/22964
22965	/history-content/website-reviews/22965
22966	/history-content/website-reviews/22966
22967	/history-content/website-reviews/22967
22968	/history-content/website-reviews/22968
22969	/history-content/website-reviews/22969
22970	/history-content/website-reviews/22970
22971	/history-content/website-reviews/22971
22972	/history-content/website-reviews/22972
22973	/history-content/website-reviews/22973
22974	/history-content/website-reviews/22974
22975	/history-content/website-reviews/22975
22976	/history-content/website-reviews/22976
22977	/history-content/website-reviews/22977
22978	/history-content/website-reviews/22978
22979	/history-content/website-reviews/22979
22980	/history-content/website-reviews/22980
22981	/history-content/website-reviews/22981
22982	/history-content/website-reviews/22982
22983	/history-content/website-reviews/22983
22984	/history-content/website-reviews/22984
22985	/history-content/website-reviews/22985
22986	/history-content/website-reviews/22986
22987	/history-content/website-reviews/22987
22988	/history-content/website-reviews/22988
22989	/history-content/website-reviews/22989
22990	/history-content/website-reviews/22990
22991	/history-content/website-reviews/22991
22992	/history-content/website-reviews/22992
22993	/history-content/website-reviews/22993
22994	/history-content/website-reviews/22994
22995	/history-content/website-reviews/22995
22996	/history-content/website-reviews/22996
22998	/history-content/website-reviews/22998
22999	/history-content/website-reviews/22999
23000	/history-content/website-reviews/23000
23001	/history-content/website-reviews/23001
23002	/history-content/website-reviews/23002
23003	/history-content/website-reviews/23003
23004	/history-content/website-reviews/23004
23005	/history-content/website-reviews/23005
23006	/history-content/website-reviews/23006
23007	/history-content/website-reviews/23007
23008	/history-content/website-reviews/23008
23009	/history-content/website-reviews/23009
23010	/history-content/website-reviews/23010
23011	/history-content/website-reviews/23011
23012	/history-content/website-reviews/23012
23013	/history-content/website-reviews/23013
23014	/history-content/website-reviews/23014
23015	/history-content/website-reviews/23015
23016	/history-content/website-reviews/23016
23017	/history-content/website-reviews/23017
23018	/history-content/website-reviews/23018
23019	/history-content/website-reviews/23019
23020	/history-content/website-reviews/23020
23021	/history-content/website-reviews/23021
23022	/history-content/website-reviews/23022
23023	/history-content/website-reviews/23023
23024	/history-content/website-reviews/23024
23025	/history-content/website-reviews/23025
23026	/history-content/website-reviews/23026
23027	/history-content/website-reviews/23027
23028	/history-content/website-reviews/23028
23029	/history-content/website-reviews/23029
23030	/history-content/website-reviews/23030
23031	/history-content/website-reviews/23031
23032	/history-content/website-reviews/23032
23033	/history-content/website-reviews/23033
23034	/history-content/website-reviews/23034
23035	/history-content/website-reviews/23035
23036	/history-content/website-reviews/23036
23037	/history-content/website-reviews/23037
23038	/history-content/website-reviews/23038
23039	/history-content/website-reviews/23039
23040	/history-content/website-reviews/23040
23041	/history-content/website-reviews/23041
23042	/history-content/website-reviews/23042
23043	/history-content/website-reviews/23043
23044	/history-content/website-reviews/23044
23045	/history-content/website-reviews/23045
23046	/history-content/website-reviews/23046
23047	/history-content/website-reviews/23047
23048	/history-content/website-reviews/23048
23049	/history-content/website-reviews/23049
23050	/history-content/website-reviews/23050
23051	/history-content/website-reviews/23051
23052	/history-content/website-reviews/23052
23053	/history-content/website-reviews/23053
23054	/history-content/website-reviews/23054
23055	/history-content/website-reviews/23055
23056	/history-content/website-reviews/23056
23057	/history-content/website-reviews/23057
23058	/history-content/website-reviews/23058
23059	/history-content/website-reviews/23059
23060	/history-content/website-reviews/23060
23061	/history-content/website-reviews/23061
23062	/history-content/website-reviews/23062
23063	/history-content/website-reviews/23063
23064	/history-content/website-reviews/23064
23065	/history-content/website-reviews/23065
23066	/history-content/website-reviews/23066
23067	/history-content/website-reviews/23067
23068	/history-content/website-reviews/23068
23069	/history-content/website-reviews/23069
23070	/history-content/website-reviews/23070
23071	/history-content/website-reviews/23071
23072	/history-content/website-reviews/23072
23073	/history-content/website-reviews/23073
23074	/history-content/website-reviews/23074
23075	/history-content/website-reviews/23075
23076	/history-content/website-reviews/23076
23077	/history-content/website-reviews/23077
23078	/history-content/website-reviews/23078
23079	/history-content/website-reviews/23079
23080	/history-content/website-reviews/23080
23081	/history-content/website-reviews/23081
23082	/history-content/website-reviews/23082
23083	/history-content/website-reviews/23083
23084	/history-content/website-reviews/23084
23085	/history-content/website-reviews/23085
23086	/history-content/website-reviews/23086
23087	/history-content/website-reviews/23087
23088	/history-content/website-reviews/23088
23089	/history-content/website-reviews/23089
23090	/history-content/website-reviews/23090
23091	/history-content/website-reviews/23091
23092	/history-content/website-reviews/23092
23093	/history-content/website-reviews/23093
23094	/history-content/website-reviews/23094
23095	/history-content/website-reviews/23095
23096	/history-content/website-reviews/23096
23097	/history-content/website-reviews/23097
23098	/history-content/website-reviews/23098
23099	/history-content/website-reviews/23099
23100	/history-content/website-reviews/23100
23101	/history-content/website-reviews/23101
23102	/history-content/website-reviews/23102
23103	/history-content/website-reviews/23103
23104	/history-content/website-reviews/23104
23105	/history-content/website-reviews/23105
23106	/history-content/website-reviews/23106
23107	/history-content/website-reviews/23107
23108	/history-content/website-reviews/23108
23109	/history-content/website-reviews/23109
23110	/history-content/website-reviews/23110
23111	/history-content/website-reviews/23111
23112	/history-content/website-reviews/23112
23113	/history-content/website-reviews/23113
23114	/history-content/website-reviews/23114
23115	/history-content/website-reviews/23115
23116	/history-content/website-reviews/23116
23117	/history-content/website-reviews/23117
23118	/history-content/website-reviews/23118
23119	/history-content/website-reviews/23119
23120	/history-content/website-reviews/23120
23121	/history-content/website-reviews/23121
23122	/history-content/website-reviews/23122
23123	/history-content/website-reviews/23123
23124	/history-content/website-reviews/23124
23125	/history-content/website-reviews/23125
23126	/history-content/website-reviews/23126
23127	/history-content/website-reviews/23127
23128	/history-content/website-reviews/23128
23129	/history-content/website-reviews/23129
23130	/history-content/website-reviews/23130
23131	/history-content/website-reviews/23131
23132	/history-content/website-reviews/23132
23133	/history-content/website-reviews/23133
23134	/history-content/website-reviews/23134
23135	/history-content/website-reviews/23135
23136	/history-content/website-reviews/23136
23137	/history-content/website-reviews/23137
23138	/history-content/website-reviews/23138
23139	/history-content/website-reviews/23139
23140	/history-content/website-reviews/23140
23141	/history-content/website-reviews/23141
23142	/history-content/website-reviews/23142
23143	/history-content/website-reviews/23143
23144	/history-content/website-reviews/23144
23145	/history-content/website-reviews/23145
23146	/history-content/website-reviews/23146
23147	/history-content/website-reviews/23147
23148	/history-content/website-reviews/23148
23149	/history-content/website-reviews/23149
23150	/history-content/website-reviews/23150
23151	/history-content/website-reviews/23151
23152	/history-content/website-reviews/23152
23153	/history-content/website-reviews/23153
23154	/history-content/website-reviews/23154
23155	/history-content/website-reviews/23155
23156	/history-content/website-reviews/23156
23157	/history-content/website-reviews/23157
23158	/history-content/website-reviews/23158
23159	/history-content/website-reviews/23159
23160	/history-content/website-reviews/23160
23161	/history-content/website-reviews/23161
23162	/history-content/website-reviews/23162
23163	/history-content/website-reviews/23163
23164	/history-content/website-reviews/23164
23165	/history-content/website-reviews/23165
23166	/history-content/website-reviews/23166
23167	/history-content/website-reviews/23167
23168	/history-content/website-reviews/23168
23169	/history-content/website-reviews/23169
23170	/history-content/website-reviews/23170
23171	/history-content/website-reviews/23171
23172	/history-content/website-reviews/23172
23173	/history-content/website-reviews/23173
23174	/history-content/website-reviews/23174
23175	/history-content/website-reviews/23175
23176	/history-content/website-reviews/23176
23177	/history-content/website-reviews/23177
23178	/history-content/website-reviews/23178
23179	/history-content/website-reviews/23179
23180	/history-content/website-reviews/23180
23181	/history-content/website-reviews/23181
23182	/history-content/website-reviews/23182
23183	/history-content/website-reviews/23183
23184	/history-content/website-reviews/23184
23185	/history-content/website-reviews/23185
23186	/history-content/website-reviews/23186
23187	/history-content/website-reviews/23187
23188	/history-content/website-reviews/23188
23189	/history-content/website-reviews/23189
23190	/history-content/website-reviews/23190
23191	/history-content/website-reviews/23191
23192	/history-content/website-reviews/23192
23193	/history-content/website-reviews/23193
23194	/history-content/website-reviews/23194
23195	/history-content/website-reviews/23195
23196	/history-content/website-reviews/23196
23197	/history-content/website-reviews/23197
23198	/history-content/website-reviews/23198
23199	/history-content/website-reviews/23199
23200	/history-content/website-reviews/23200
23201	/history-content/website-reviews/23201
23202	/history-content/website-reviews/23202
23203	/history-content/website-reviews/23203
23204	/history-content/website-reviews/23204
23205	/history-content/website-reviews/23205
23206	/history-content/website-reviews/23206
23207	/history-content/website-reviews/23207
23208	/history-content/website-reviews/23208
23209	/history-content/website-reviews/23209
23210	/history-content/website-reviews/23210
23211	/history-content/website-reviews/23211
23212	/history-content/website-reviews/23212
23213	/history-content/website-reviews/23213
23214	/history-content/website-reviews/23214
23215	/history-content/website-reviews/23215
23216	/history-content/website-reviews/23216
23217	/history-content/website-reviews/23217
23218	/history-content/website-reviews/23218
23219	/history-content/website-reviews/23219
23220	/history-content/website-reviews/23220
23221	/history-content/website-reviews/23221
23222	/history-content/website-reviews/23222
23223	/history-content/website-reviews/23223
23224	/history-content/website-reviews/23224
23225	/history-content/website-reviews/23225
23226	/history-content/website-reviews/23226
23227	/history-content/website-reviews/23227
23228	/history-content/website-reviews/23228
23229	/history-content/website-reviews/23229
23230	/history-content/website-reviews/23230
23231	/history-content/website-reviews/23231
23232	/history-content/website-reviews/23232
23233	/history-content/website-reviews/23233
23234	/history-content/website-reviews/23234
23235	/history-content/website-reviews/23235
23236	/history-content/website-reviews/23236
23237	/history-content/website-reviews/23237
23238	/history-content/website-reviews/23238
23239	/history-content/website-reviews/23239
23240	/history-content/website-reviews/23240
23241	/history-content/website-reviews/23241
23242	/history-content/website-reviews/23242
23243	/history-content/website-reviews/23243
23244	/history-content/website-reviews/23244
23245	/history-content/website-reviews/23245
23246	/history-content/website-reviews/23246
23247	/history-content/website-reviews/23247
23248	/history-content/website-reviews/23248
23249	/history-content/website-reviews/23249
23250	/history-content/website-reviews/23250
23251	/history-content/website-reviews/23251
23252	/history-content/website-reviews/23252
23253	/history-content/website-reviews/23253
23254	/history-content/website-reviews/23254
23255	/history-content/website-reviews/23255
23256	/history-content/website-reviews/23256
23257	/history-content/website-reviews/23257
23258	/history-content/website-reviews/23258
23259	/history-content/website-reviews/23259
23260	/history-content/website-reviews/23260
23261	/history-content/website-reviews/23261
23262	/history-content/website-reviews/23262
23263	/history-content/website-reviews/23263
23264	/history-content/website-reviews/23264
23265	/history-content/website-reviews/23265
23266	/history-content/website-reviews/23266
23267	/history-content/website-reviews/23267
23268	/history-content/website-reviews/23268
23269	/history-content/website-reviews/23269
23270	/history-content/website-reviews/23270
23271	/history-content/website-reviews/23271
23272	/history-content/website-reviews/23272
23273	/history-content/website-reviews/23273
23274	/history-content/website-reviews/23274
23275	/history-content/website-reviews/23275
23276	/history-content/website-reviews/23276
23277	/history-content/website-reviews/23277
23278	/history-content/website-reviews/23278
23279	/history-content/website-reviews/23279
23280	/history-content/website-reviews/23280
23281	/history-content/website-reviews/23281
23282	/history-content/website-reviews/23282
23283	/history-content/website-reviews/23283
23284	/history-content/website-reviews/23284
23285	/history-content/website-reviews/23285
23286	/history-content/website-reviews/23286
23287	/history-content/website-reviews/23287
23288	/history-content/website-reviews/23288
23289	/history-content/website-reviews/23289
23290	/history-content/website-reviews/23290
23291	/history-content/website-reviews/23291
23292	/history-content/website-reviews/23292
23293	/history-content/website-reviews/23293
23294	/history-content/website-reviews/23294
23295	/history-content/website-reviews/23295
23296	/history-content/website-reviews/23296
23297	/history-content/website-reviews/23297
23298	/history-content/website-reviews/23298
23299	/history-content/website-reviews/23299
23300	/history-content/website-reviews/23300
23301	/history-content/website-reviews/23301
23302	/history-content/website-reviews/23302
23303	/history-content/website-reviews/23303
23304	/history-content/website-reviews/23304
23305	/history-content/website-reviews/23305
23306	/history-content/website-reviews/23306
23307	/history-content/website-reviews/23307
23308	/history-content/website-reviews/23308
23309	/history-content/website-reviews/23309
23310	/history-content/website-reviews/23310
23311	/history-content/website-reviews/23311
23312	/history-content/website-reviews/23312
23313	/history-content/website-reviews/23313
23314	/history-content/website-reviews/23314
23315	/history-content/website-reviews/23315
23316	/history-content/website-reviews/23316
23317	/history-content/website-reviews/23317
23318	/history-content/website-reviews/23318
23319	/history-content/website-reviews/23319
23320	/history-content/website-reviews/23320
23321	/history-content/website-reviews/23321
23322	/history-content/website-reviews/23322
23323	/history-content/website-reviews/23323
23324	/history-content/website-reviews/23324
23325	/history-content/website-reviews/23325
23326	/history-content/website-reviews/23326
23327	/history-content/website-reviews/23327
23328	/history-content/website-reviews/23328
23329	/history-content/website-reviews/23329
23330	/history-content/website-reviews/23330
23331	/history-content/website-reviews/23331
23332	/history-content/website-reviews/23332
23333	/history-content/website-reviews/23333
23334	/history-content/website-reviews/23334
23335	/history-content/website-reviews/23335
23336	/history-content/website-reviews/23336
23337	/history-content/website-reviews/23337
23338	/history-content/website-reviews/23338
23339	/history-content/website-reviews/23339
23340	/history-content/website-reviews/23340
23341	/history-content/website-reviews/23341
23342	/history-content/website-reviews/23342
23343	/history-content/website-reviews/23343
23344	/history-content/website-reviews/23344
23345	/history-content/website-reviews/23345
23346	/history-content/website-reviews/23346
23347	/history-content/website-reviews/23347
23348	/history-content/website-reviews/23348
23349	/history-content/website-reviews/23349
23350	/history-content/website-reviews/23350
23351	/history-content/website-reviews/23351
23352	/history-content/website-reviews/23352
23353	/history-content/website-reviews/23353
23354	/history-content/website-reviews/23354
23355	/history-content/website-reviews/23355
23356	/history-content/website-reviews/23356
23357	/history-content/website-reviews/23357
23358	/history-content/website-reviews/23358
23359	/history-content/website-reviews/23359
23360	/history-content/website-reviews/23360
23361	/history-content/website-reviews/23361
23362	/history-content/website-reviews/23362
23363	/history-content/website-reviews/23363
23364	/history-content/website-reviews/23364
23365	/history-content/website-reviews/23365
23366	/history-content/website-reviews/23366
23367	/history-content/website-reviews/23367
23368	/history-content/website-reviews/23368
23369	/history-content/website-reviews/23369
23370	/history-content/website-reviews/23370
23371	/history-content/website-reviews/23371
23372	/history-content/website-reviews/23372
23373	/history-content/website-reviews/23373
23374	/history-content/website-reviews/23374
23375	/history-content/website-reviews/23375
23376	/history-content/website-reviews/23376
23377	/history-content/website-reviews/23377
23378	/history-content/website-reviews/23378
23379	/history-content/website-reviews/23379
23380	/history-content/website-reviews/23380
23381	/history-content/website-reviews/23381
23382	/history-content/website-reviews/23382
23383	/history-content/website-reviews/23383
23384	/history-content/website-reviews/23384
23385	/history-content/website-reviews/23385
23386	/history-content/website-reviews/23386
23387	/history-content/website-reviews/23387
23388	/history-content/website-reviews/23388
23389	/history-content/website-reviews/23389
23390	/history-content/website-reviews/23390
23391	/history-content/website-reviews/23391
23392	/history-content/website-reviews/23392
23393	/history-content/website-reviews/23393
23394	/history-content/website-reviews/23394
23395	/history-content/website-reviews/23395
23396	/history-content/website-reviews/23396
23397	/history-content/website-reviews/23397
23398	/history-content/website-reviews/23398
23399	/history-content/website-reviews/23399
23400	/history-content/website-reviews/23400
23401	/history-content/website-reviews/23401
23402	/history-content/website-reviews/23402
23403	/history-content/website-reviews/23403
23404	/history-content/website-reviews/23404
23405	/history-content/website-reviews/23405
23406	/history-content/website-reviews/23406
23407	/history-content/website-reviews/23407
23408	/history-content/website-reviews/23408
23409	/history-content/website-reviews/23409
23410	/history-content/website-reviews/23410
23416	/teaching-materials/ask-a-master-teacher/23416
23417	/best-practices/examples-of-historical-thinking/23417
23420	/best-practices/examples-of-historical-thinking/23420
23423	/best-practices/examples-of-historical-thinking/23423
23424	/history-content/national-resources/23424
23425	/history-content/national-resources/23425
23429	/teaching-materials/ask-a-master-teacher/23429
23431	/nhec-blog/23431
23437	/teaching-materials/ask-a-master-teacher/23437
23438	/history-content/ask-a-historian/23438
23441	/history-content/ask-a-historian/23441
23446	/history-content/national-resources/23446
23447	/history-content/national-resources/23447
23448	/history-content/ask-a-historian/23448
23453	/history-content/ask-a-historian/23453
23454	/nhec-blog/23454
23455	/history-content/national-resources/23455
23456	/history-content/ask-a-historian/23456
23457	/history-content/national-resources/23457
23458	/teaching-materials/ask-a-master-teacher/23458
23459	/best-practices/examples-of-historical-thinking/23459
23463	/nhec-blog/23463
23464	/history-content/ask-a-historian/23464
23467	/digital-classroom/tech-for-teachers/23467
23471	/digital-classroom/tech-for-teachers/23471
23472	/history-content/ask-a-historian/23472
23474	/digital-classroom/tech-for-teachers/23474
23480	/teaching-materials/teaching-guides/23480
23484	/nhec-blog/23484
23485	/history-content/national-resources/23485
23486	/history-content/national-resources/23486
23489	/history-content/ask-a-historian/23489
23490	/nhec-blog/23490
23495	/best-practices/examples-of-historical-thinking/23495
23496	/history-content/national-resources/23496
23497	/history-content/national-resources/23497
23513	/best-practices/using-primary-sources/23513
23514	/history-content/national-resources/23514
23516	/history-content/national-resources/23516
23530	/nhec-blog/23530
23553	/digital-classroom/tech-for-teachers/23553
23554	/teaching-materials/teaching-guides/23554
23559	/history-content/ask-a-historian/23559
23560	/teaching-materials/teaching-guides/23560
23569	/digital-classroom/tech-for-teachers/23569
23571	/nhec-blog/23571
23572	/nhec-blog/23572
23574	/history-content/website-reviews/23574
23575	/history-content/website-reviews/23575
23576	/history-content/website-reviews/23576
23577	/teaching-materials/ask-a-master-teacher/23577
23578	/history-content/website-reviews/23578
23580	/digital-classroom/tech-for-teachers/23580
23582	/history-content/website-reviews/23582
23583	/history-content/website-reviews/23583
23584	/history-content/national-resources/23584
23588	/history-content/national-resources/23588
23590	/history-content/website-reviews/23590
23591	/history-content/website-reviews/23591
23598	/history-content/website-reviews/23598
23599	/history-content/website-reviews/23599
23602	/nhec-blog/23602
23603	/nhec-blog/23603
23606	/history-content/website-reviews/23606
23608	/history-content/website-reviews/23608
23610	/teaching-materials/ask-a-master-teacher/23610
23612	/history-content/national-resources/23612
23613	/teaching-materials/ask-a-master-teacher/23613
23614	/history-content/national-resources/23614
23616	/nhec-blog/23616
23617	/nhec-blog/23617
23618	/history-content/website-reviews/23618
23619	/history-content/website-reviews/23619
23628	/nhec-blog/23628
23630	/history-content/national-resources/23630
23632	/nhec-blog/23632
23633	/history-content/national-resources/23633
23634	/teaching-materials/ask-a-master-teacher/23634
23637	/history-content/national-resources/23637
23639	/history-content/national-resources/23639
23641	/best-practices/examples-of-historical-thinking/23641
23652	/history-content/ask-a-historian/23652
23668	/history-content/national-resources/23668
23669	/history-content/national-resources/23669
23672	/nhec-blog/23672
23675	/nhec-blog/23675
23677	/history-content/national-resources/23677
23678	/history-content/national-resources/23678
23680	/teaching-materials/ask-a-master-teacher/23680
23691	/teaching-materials/ask-a-master-teacher/23691
23709	/nhec-blog/23709
23710	/nhec-blog/23710
23720	/history-content/national-resources/23720
23723	/history-content/national-resources/23723
23724	/best-practices/teaching-in-action/23724
23729	/teaching-materials/lesson-plan-reviews/23729
23731	/nhec-blog/23731
23739	/nhec-blog/23739
23741	/history-content/ask-a-historian/23741
23744	/nhec-blog/23744
23747	/nhec-blog/23747
23771	/history-content/ask-a-historian/23771
23784	/history-content/national-resources/23784
23785	/nhec-blog/23785
23787	/nhec-blog/23787
23789	/history-content/national-resources/23789
23796	/history-content/ask-a-historian/23796
23797	/history-content/ask-a-historian/23797
23798	/best-practices/teaching-in-action/23798
23799	/history-content/ask-a-historian/23799
23800	/history-content/national-resources/23800
23801	/history-content/national-resources/23801
23814	/history-content/website-reviews/23814
23815	/history-content/website-reviews/23815
23816	/nhec-blog/23816
23817	/history-content/website-reviews/23817
23818	/history-content/website-reviews/23818
23819	/digital-classroom/tech-for-teachers/23819
23820	/nhec-blog/23820
23821	/history-content/ask-a-historian/23821
23822	/digital-classroom/tech-for-teachers/23822
23823	/history-content/ask-a-historian/23823
23824	/history-content/national-resources/23824
23825	/history-content/website-reviews/23825
23826	/teaching-materials/teaching-guides/23826
23827	/history-content/website-reviews/23827
23828	/history-content/website-reviews/23828
23835	/history-content/ask-a-historian/23835
23840	/history-content/ask-a-historian/23840
23841	/history-content/website-reviews/23841
23842	/history-content/website-reviews/23842
23847	/nhec-blog/23847
23848	/history-content/ask-a-historian/23848
23852	/history-content/ask-a-historian/23852
23854	/privacy
23862	/history-content/beyond-the-textbook/23862
23863	/digital-classroom/ask-a-digital-historian/23863
23864	/history-content/website-reviews/23864
23865	/history-content/beyond-the-textbook/23865
23866	/history-content/beyond-the-textbook/23866
23870	/nhec-blog/23870
23884	/digital-classroom/ask-a-digital-historian/23884
23885	/digital-classroom/ask-a-digital-historian/23885
23887	/history-content/website-reviews/23887
23891	/digital-classroom/ask-a-digital-historian/23891
23892	/digital-classroom/ask-a-digital-historian/23892
23893	/best-practices/teaching-in-action/23893
23894	/best-practices/teaching-in-action/23894
23896	/teaching-materials/ask-a-master-teacher/23896
23897	/nhec-blog/23897
23898	/nhec-blog/23898
23899	/best-practices/teaching-in-action/23899
23900	/teaching-materials/ask-a-master-teacher/23900
23901	/teaching-materials/ask-a-master-teacher/23901
23904	/history-content/beyond-the-textbook/23904
23905	/history-content/beyond-the-textbook/23905
23908	/history-content/website-reviews/23908
23909	/history-content/website-reviews/23909
23911	/history-content/beyond-the-textbook/23911
23912	/history-content/beyond-the-textbook/23912
23918	/history-content/beyond-the-textbook/23918
23919	/history-content/beyond-the-textbook/23919
23920	/nhec-blog/23920
23921	/nhec-blog/23921
23923	/history-content/beyond-the-textbook/23923
23924	/history-content/beyond-the-textbook/23924
23926	/history-content/ask-a-historian/23926
23927	/history-content/ask-a-historian/23927
23928	/history-content/ask-a-historian/23928
23929	/history-content/ask-a-historian/23929
23930	/history-content/ask-a-historian/23930
23931	/history-content/ask-a-historian/23931
23932	/history-content/ask-a-historian/23932
23933	/history-content/ask-a-historian/23933
23934	/history-content/ask-a-historian/23934
23935	/history-content/ask-a-historian/23935
23936	/history-content/ask-a-historian/23936
23937	/history-content/ask-a-historian/23937
23938	/nhec-blog/23938
23940	/teaching-materials/lesson-plan-reviews/23940
23941	/teaching-materials/lesson-plan-reviews/23941
23942	/teaching-materials/lesson-plan-reviews/23942
23943	/teaching-materials/lesson-plan-reviews/23943
23944	/teaching-materials/lesson-plan-reviews/23944
23946	/nhec-blog/23946
23947	/history-content/ask-a-historian/23947
23950	/history-content/ask-a-historian/23950
23951	/history-content/ask-a-historian/23951
23952	/teaching-materials/lesson-plan-reviews/23952
23958	/history-content/website-reviews/23958
23967	/nhec-blog/23967
23968	/history-content/website-reviews/23968
23969	/history-content/website-reviews/23969
23970	/history-content/website-reviews/23970
23978	/history-content/website-reviews/23978
23998	/teaching-materials/ask-a-master-teacher/23998
24001	/best-practices/using-primary-sources/24001
24015	/history-content/website-reviews/24015
24016	/history-content/website-reviews/24016
24017	/history-content/website-reviews/24017
24022	/history-content/website-reviews/24022
24023	/history-content/website-reviews/24023
24024	/history-content/website-reviews/24024
24027	/best-practices/examples-of-historical-thinking/24027
24028	/best-practices/examples-of-historical-thinking/24028
24029	/best-practices/examples-of-historical-thinking/24029
24030	/best-practices/examples-of-historical-thinking/24030
24031	/history-content/website-reviews/24031
24032	/history-content/website-reviews/24032
24033	/history-content/website-reviews/24033
24034	/history-content/website-reviews/24034
24035	/history-content/website-reviews/24035
24049	/teaching-materials/lesson-plan-reviews/24049
24056	/history-content/website-reviews/24056
24057	/history-content/website-reviews/24057
24065	/nhec-blog/24065
24066	/digital-classroom/ask-a-digital-historian/24066
24067	/best-practices/using-primary-sources/24067
24068	/nhec-blog/24068
24069	/teaching-materials/ask-a-master-teacher/24069
24070	/teaching-materials/teaching-guides/24070
24072	/nhec-blog/24072
24073	/history-content/beyond-the-textbook/24073
24074	/history-content/beyond-the-textbook/24074
24075	/teaching-materials/lesson-plan-reviews/24075
24076	/teaching-materials/ask-a-master-teacher/24076
24079	/best-practices/using-primary-sources/24079
24080	/best-practices/teaching-in-action/24080
24083	/best-practices/using-primary-sources/24083
24087	/teaching-materials/ask-a-master-teacher/24087
24088	/history-content/ask-a-historian/24088
24089	/digital-classroom/ask-a-digital-historian/24089
24090	/history-content/ask-a-historian/24090
24091	/history-content/ask-a-historian/24091
24092	/history-content/ask-a-historian/24092
24093	/history-content/ask-a-historian/24093
24094	/history-content/ask-a-historian/24094
24095	/history-content/ask-a-historian/24095
24096	/history-content/website-reviews/24096
24097	/history-content/ask-a-historian/24097
24098	/history-content/ask-a-historian/24098
24099	/history-content/ask-a-historian/24099
24100	/history-content/ask-a-historian/24100
24101	/history-content/ask-a-historian/24101
24103	/history-content/website-reviews/24103
24104	/digital-classroom/ask-a-digital-historian/24104
24105	/history-content/website-reviews/24105
24106	/history-content/ask-a-historian/24106
24107	/history-content/ask-a-historian/24107
24110	/nhec-blog/24110
24111	/teaching-materials/ask-a-master-teacher/24111
24112	/nhec-blog/24112
24113	/history-content/ask-a-historian/24113
24117	/history-content/ask-a-historian/24117
24118	/teaching-materials/ask-a-master-teacher/24118
24119	/digital-classroom/tech-for-teachers/24119
24120	/history-content/ask-a-historian/24120
24121	/history-content/ask-a-historian/24121
24122	/digital-classroom/ask-a-digital-historian/24122
24123	/teaching-materials/teaching-guides/24123
24124	/history-content/beyond-the-textbook/24124
24125	/history-content/beyond-the-textbook/24125
24126	/history-content/beyond-the-textbook/24126
24127	/history-content/beyond-the-textbook/24127
24128	/teaching-materials/english-language-learners/24128
24129	/teaching-materials/english-language-learners/24129
24130	/teaching-materials/english-language-learners/24130
24131	/teaching-materials/english-language-learners/24131
24132	/teaching-materials/english-language-learners/24132
24133	/teaching-materials/english-language-learners/24133
24134	/teaching-materials/english-language-learners/24134
24135	/best-practices/using-primary-sources/24135
24136	/teaching-materials/english-language-learners/24136
24137	/teaching-materials/english-language-learners/24137
24138	/teaching-materials/english-language-learners/24138
24139	/teaching-materials/english-language-learners/24139
24140	/teaching-materials/english-language-learners/24140
24141	/teaching-materials/english-language-learners/24141
24142	/teaching-materials/english-language-learners/24142
24143	/teaching-materials/english-language-learners/24143
24145	/history-content/website-reviews/24145
24146	/history-content/website-reviews/24146
24147	/history-content/website-reviews/24147
24148	/history-content/website-reviews/24148
24149	/history-content/website-reviews/24149
24151	/history-content/website-reviews/24151
24152	/digital-classroom/beyond-the-chalkboard/24152
24153	/history-content/website-reviews/24153
24154	/history-content/website-reviews/24154
24155	/history-content/website-reviews/24155
24156	/history-content/website-reviews/24156
24157	/history-content/website-reviews/24157
24158	/digital-classroom/beyond-the-chalkboard/24158
24160	/history-content/website-reviews/24160
24161	/digital-classroom/beyond-the-chalkboard/24161
24162	/digital-classroom/beyond-the-chalkboard/24162
24163	/digital-classroom/beyond-the-chalkboard/24163
24164	/nhec-blog/24164
24165	/digital-classroom/beyond-the-chalkboard/24165
24166	/digital-classroom/beyond-the-chalkboard/24166
24167	/digital-classroom/beyond-the-chalkboard/24167
24168	/digital-classroom/beyond-the-chalkboard/24168
24169	/digital-classroom/beyond-the-chalkboard/24169
24170	/history-content/ask-a-historian/24170
24171	/best-practices/examples-of-historical-thinking/24171
24172	/history-content/ask-a-historian/24172
24174	/nhec-blog/24174
24175	/best-practices/examples-of-historical-thinking/24175
24176	/best-practices/teaching-in-action/24176
24177	/digital-classroom/tech-for-teachers/24177
24178	/history-content/quiz/24178
24179	/nhec-blog/24179
24181	/history-content/beyond-the-textbook/24181
24182	/history-content/quiz/24182
24183	/history-content/quiz/24183
24184	/history-content/beyond-the-textbook/24184
24185	/history-content/ask-a-historian/24185
24186	/history-content/quiz/24186
24187	/history-content/quiz/24187
24188	/history-content/quiz/24188
24189	/history-content/quiz/24189
24190	/history-content/quiz/24190
24191	/history-content/quiz/24191
24192	/history-content/quiz/24192
24193	/history-content/quiz/24193
24194	/history-content/quiz/24194
24195	/history-content/quiz/24195
24196	/history-content/quiz/24196
24197	/history-content/quiz/24197
24198	/history-content/quiz/24198
24199	/nhec-blog/24199
24201	/history-content/quiz/24201
24202	/history-content/quiz/24202
24203	/history-content/quiz/24203
24204	/history-content/quiz/24204
24205	/history-content/quiz/24205
24206	/history-content/quiz/24206
24207	/history-content/quiz/24207
24208	/history-content/quiz/24208
24209	/history-content/quiz/24209
24210	/history-content/quiz/24210
24211	/history-content/quiz/24211
24212	/history-content/quiz/24212
24213	/teaching-materials/lesson-plan-reviews/24213
24214	/teaching-materials/lesson-plan-reviews/24214
24215	/nhec-blog/24215
24216	/best-practices/teaching-in-action/24216
24217	/history-content/quiz/24217
24218	/history-content/quiz/24218
24219	/history-content/quiz/24219
24220	/history-content/quiz/24220
24221	/history-content/quiz/24221
24222	/history-content/quiz/24222
24223	/history-content/quiz/24223
24224	/history-content/quiz/24224
24225	/history-content/quiz/24225
24226	/history-content/quiz/24226
24227	/history-content/quiz/24227
24228	/history-content/quiz/24228
24229	/teaching-materials/lesson-plan-reviews/24229
24230	/nhec-blog/24230
24231	/history-content/quiz/24231
24232	/history-content/quiz/24232
24233	/history-content/quiz/24233
24234	/history-content/quiz/24234
24235	/history-content/quiz/24235
24236	/history-content/quiz/24236
24237	/history-content/quiz/24237
24240	/history-content/quiz/24240
24241	/history-content/quiz/24241
24242	/history-content/ask-a-historian/24242
24243	/history-content/quiz/24243
24244	/history-content/quiz/24244
24245	/history-content/quiz/24245
24246	/history-content/quiz/24246
24247	/history-content/quiz/24247
24248	/teaching-materials/ask-a-master-teacher/24248
24249	/history-content/quiz/24249
24250	/history-content/quiz/24250
24251	/history-content/quiz/24251
24252	/history-content/quiz/24252
24253	/history-content/quiz/24253
24254	/history-content/ask-a-historian/24254
24255	/history-content/quizly/24255
24256	/history-content/quiz/24256
24257	/history-content/quiz/24257
24258	/history-content/quiz/24258
24259	/history-content/quiz/24259
24260	/history-content/quizly/24260
24261	/history-content/quiz/24261
24262	/history-content/quiz/24262
24263	/nhec-blog/24263
24264	/teaching-materials/teaching-guides/24264
24265	/history-content/ask-a-historian/24265
24266	/history-content/quiz/24266
24267	/history-content/ask-a-historian/24267
24268	/digital-classroom/tech-for-teachers/24268
24269	/history-content/quiz/24269
24270	/teaching-materials/ask-a-master-teacher/24270
24271	/teaching-materials/ask-a-master-teacher/24271
24272	/teaching-materials/lesson-plan-reviews/24272
24273	/nhec-blog/24273
24274	/nhec-blog/24274
24275	/history-content/ask-a-historian/24275
24276	/nhec-blog/24276
24278	/best-practices/teaching-with-textbooks/24278
24279	/nhec-blog/24279
24280	/history-content/quiz/24280
24281	/history-content/quiz/24281
24282	/history-content/quiz/24282
24286	/history-content/website-reviews/24286
24287	/history-content/ask-a-historian/24287
24288	/history-content/quiz/24288
24289	/history-content/quiz/24289
24290	/history-content/ask-a-historian/24290
24293	/best-practices/using-primary-sources/24293
24294	/nhec-blog/24294
24295	/teaching-materials/teaching-guides/24295
24296	/nhec-blog/24296
24297	/history-content/ask-a-historian/24297
24298	/best-practices/examples-of-historical-thinking/24298
24302	/teaching-materials/ask-a-master-teacher/24302
24303	/teaching-materials/lesson-plan-reviews/24303
24306	/history-content/ask-a-historian/24306
24307	/nhec-blog/24307
24309	/teaching-materials/ask-a-master-teacher/24309
24310	/history-content/website-reviews/24310
24311	/teaching-materials/lesson-plan-reviews/24311
24315	/teaching-materials/lesson-plan-reviews/24315
24316	/history-content/website-reviews/24316
24317	/history-content/beyond-the-textbook/24317
24318	/history-content/beyond-the-textbook/24318
24319	/teaching-materials/ask-a-master-teacher/24319
24320	/nhec-blog/24320
24321	/history-content/ask-a-historian/24321
24322	/history-content/ask-a-historian/24322
24324	/history-content/ask-a-historian/24324
24325	/best-practices/using-primary-sources/24325
24326	/nhec-blog/24326
24327	/best-practices/using-primary-sources/24327
24328	/digital-classroom/ask-a-digital-historian/24328
24329	/history-content/ask-a-historian/24329
24330	/teaching-materials/ask-a-master-teacher/24330
24336	/nhec-blog/24336
24344	/nhec-blog/24344
24347	/teaching-materials/teaching-guides/24347
24356	/history-content/website-reviews/24356
24357	/history-content/quiz/24357
24358	/history-content/quiz/24358
24359	/history-content/quiz/24359
24377	/nhec-blog/24377
24378	/teaching-materials/ask-a-master-teacher/24378
24379	/history-content/ask-a-historian/24379
24390	/history-content/ask-a-historian/24390
24391	/history-content/ask-a-historian/24391
24399	/history-content/website-reviews/24399
24400	/history-content/website-reviews/24400
24401	/history-content/website-reviews/24401
24402	/nhec-blog/24402
24404	/history-content/ask-a-historian/24404
24405	/teaching-materials/ask-a-master-teacher/24405
24406	/digital-classroom-intro
24407	/historical-thinking-intro
24408	/elementary-school-intro
24409	/middle-school-intro
24410	/high-school-intro
24411	/history-content/ask-a-historian/24411
24412	/lesson-plan-reviews-intro
24413	/history-content/ask-a-historian/24413
24414	/digital-classroom/tech-for-teachers/24414
24415	/history-content/ask-a-historian/24415
24417	/history-content/quiz/24417
24418	/history-content/quiz/24418
24419	/history-content/quiz/24419
24420	/history-content/ask-a-historian/24420
24422	/history-content/ask-a-historian/24422
24423	/best-practices/teaching-in-action/24423
24424	/best-practices/examples-of-historical-thinking/24424
24425	/nhec-blog/24425
24426	/nhec-blog/24426
24434	/nhec-blog/24434
24435	/nhec-blog/24435
24436	/nhec-blog/24436
24437	/nhec-blog/24437
24438	/teaching-materials/english-language-learners/24438
24439	/teaching-materials/english-language-learners/24439
24440	/best-practices/examples-of-historical-thinking/24440
24441	/history-content/ask-a-historian/24441
24442	/history-content/quiz/24442
24443	/history-content/quiz/24443
24444	/history-content/quiz/24444
24445	/history-content/quiz/24445
24447	/nhec-blog/24447
24451	/history-content/ask-a-historian/24451
24452	/nhec-blog/24452
24453	/history-content/quiz/24453
24454	/history-content/quiz/24454
24455	/history-content/ask-a-historian/24455
24456	/nhec-blog/24456
24457	/digital-classroom/tech-for-teachers/24457
24458	/nhec-blog/24458
24459	/history-content/ask-a-historian/24459
24460	/history-content/quiz/24460
24462	/best-practices/using-primary-sources/24462
24463	/best-practices/using-primary-sources/24463
24464	/best-practices/using-primary-sources/24464
24465	/nhec-blog/24465
24466	/teaching-materials/teaching-guides/24466
24467	/history-content/ask-a-historian/24467
24468	/history-content/ask-a-historian/24468
24469	/nhec-blog/24469
24470	/history-content/ask-a-historian/24470
24471	/teaching-materials/ask-a-master-teacher/24471
24472	/teaching-materials/ask-a-master-teacher/24472
24473	/teaching-materials/ask-a-master-teacher/24473
24475	/digital-classroom/tech-for-teachers/24475
24483	/teaching-materials/ask-a-master-teacher/24483
24484	/history-content/ask-a-historian/24484
24485	/nhec-blog/24485
24489	/history-content/ask-a-historian/24489
24490	/best-practices/using-primary-sources/24490
24491	/best-practices/using-primary-sources/24491
24501	/history-content/ask-a-historian/24501
24502	/nhec-blog/24502
24514	/nhec-blog/24514
24523	/nhec-blog/24523
24524	/nhec-blog/24524
24525	/history-content/ask-a-historian/24525
24526	/nhec-blog/24526
24527	/history-content/website-reviews/24527
24528	/nhec-blog/24528
24529	/best-practices/using-primary-sources/24529
24530	/history-content/website-reviews/24530
24531	/history-content/website-reviews/24531
24532	/nhec-blog/24532
24533	/nhec-blog/24533
24534	/teaching-materials/ask-a-master-teacher/24534
24535	/digital-classroom/tech-for-teachers/24535
24536	/digital-classroom/tech-for-teachers/24536
24537	/teaching-materials/ask-a-master-teacher/24537
24538	/teaching-materials/lesson-plan-reviews/24538
24539	/digital-classroom/ask-a-digital-historian/24539
24540	/nhec-blog/24540
24541	/best-practices/using-primary-sources/24541
24544	/digital-classroom/tech-for-teachers/24544
24545	/digital-classroom/ask-a-digital-historian/24545
24546	/digital-classroom/ask-a-digital-historian/24546
24547	/history-content/quiz/24547
24548	/history-content/quiz/24548
24549	/best-practices/teaching-in-action/24549
24550	/history-content/website-reviews/24550
24551	/best-practices/examples-of-historical-thinking/24551
24552	/teaching-materials/english-language-learners/24552
24553	/history-content/ask-a-historian/24553
24557	/nhec-blog/24557
24576	/about/teacher-representatives
24577	/history-content/quiz/24577
24578	/history-content/beyond-the-textbook/24578
24579	/history-content/beyond-the-textbook/24579
24580	/digital-classroom/tech-for-teachers/24580
24581	/nhec-blog/24581
24584	/history-content/website-reviews/24584
24585	/nhec-blog/24585
24586	/teaching-materials/lesson-plan-reviews/24586
24588	/nhec-blog/24588
24589	/digital-classroom/beyond-the-chalkboard/24589
24592	/nhec-blog/24592
24593	/outreach/logos
24594	/history-content/website-reviews/24594
24595	/nhec-blog/24595
24596	/nhec-blog/24596
24597	/history-content/ask-a-historian/24597
24599	/nhec-blog/24599
24600	/digital-classroom/tech-for-teachers/24600
24601	/history-content/ask-a-historian/24601
24602	/digital-classroom/tech-for-teachers/24602
24603	/history-content/ask-a-historian/24603
24604	/teaching-materials/english-language-learners/24604
24613	/history-content/ask-a-historian/24613
24614	/best-practices/teaching-in-action/24614
24615	/teaching-materials/ask-a-master-teacher/24615
24616	/teaching-materials/ask-a-master-teacher/24616
24617	/teaching-materials/english-language-learners/24617
24618	/history-content/ask-a-historian/24618
24620	/digital-classroom/tech-for-teachers/24620
24626	/nhec-blog/24626
24634	/history-content/ask-a-historian/24634
24635	/history-content/ask-a-historian/24635
24636	/digital-classroom/tech-for-teachers/24636
24637	/history-content/quiz/24637
24638	/history-content/quiz/24638
24649	/nhec-blog/24649
24650	/nhec-blog/24650
24651	/nhec-blog/24651
24652	/nhec-blog/24652
24655	/digital-classroom/tech-for-teachers/24655
24657	/history-content/ask-a-historian/24657
24658	/digital-classroom/tech-for-teachers/24658
24664	/digital-classroom/ask-a-digital-historian/24664
24668	/nhec-blog/24668
24670	/nhec-blog/24670
24671	/history-content/ask-a-historian/24671
24672	/teaching-materials/lesson-plan-reviews/24672
24676	/teaching-materials/ask-a-master-teacher/24676
24677	/nhec-blog/24677
24678	/nhec-blog/24678
24679	/nhec-blog/24679
24680	/outreach/videos
24681	/history-content/quiz/24681
24682	/teaching-materials/lesson-plan-reviews/24682
24684	/history-content/quiz/24684
24691	/history-content/beyond-the-textbook/24691
24692	/nhec-blog/24692
24693	/history-content/beyond-the-textbook/24693
24695	/nhec-blog/24695
24697	/nhec-blog/24697
24699	/history-content/quizly/24699
24701	/history-content/ask-a-historian/24701
24705	/history-content/quizly/24705
24706	/digital-classroom/tech-for-teachers/24706
24707	/nhec-blog/24707
24708	/nhec-blog/24708
24709	/nhec-blog/24709
24710	/digital-classroom/ask-a-digital-historian/24710
24711	/teaching-materials/ask-a-master-teacher/24711
24712	/teaching-materials/ask-a-master-teacher/24712
24713	/history-content/national-resources/24713
24714	/nhec-blog/24714
24715	/nhec-blog/24715
24716	/nhec-blog/24716
24748	/nhec-blog/24748
24817	/nhec-blog/24817
24840	/nhec-blog/24840
24841	/nhec-blog/24841
24867	/digital-classroom/tech-for-teachers/24867
24886	/digital-classroom/tech-for-teachers/24886
24965	/teaching-materials/ask-a-master-teacher/24965
24966	/teaching-materials/ask-a-master-teacher/24966
24974	/teaching-materials/ask-a-master-teacher/24974
24975	/digital-classroom/tech-for-teachers/24975
24976	/nhec-blog/24976
24977	/nhec-blog/24977
24978	/nhec-blog/24978
24979	/nhec-blog/24979
24980	/nhec-blog/24980
24981	/history-content/website-reviews/24981
24982	/history-content/website-reviews/24982
24983	/history-content/website-reviews/24983
24984	/history-content/website-reviews/24984
24985	/history-content/website-reviews/24985
24986	/history-content/website-reviews/24986
24987	/history-content/website-reviews/24987
24988	/history-content/website-reviews/24988
24989	/history-content/website-reviews/24989
24990	/history-content/website-reviews/24990
24991	/history-content/website-reviews/24991
24992	/history-content/website-reviews/24992
24993	/history-content/website-reviews/24993
24994	/history-content/website-reviews/24994
24995	/history-content/website-reviews/24995
24996	/history-content/website-reviews/24996
24997	/history-content/website-reviews/24997
24998	/history-content/website-reviews/24998
24999	/history-content/website-reviews/24999
25000	/digital-classroom/tech-for-teachers/25000
25001	/history-content/website-reviews/25001
25002	/history-content/website-reviews/25002
25003	/history-content/website-reviews/25003
25004	/history-content/website-reviews/25004
25005	/history-content/website-reviews/25005
25006	/history-content/website-reviews/25006
25007	/history-content/website-reviews/25007
25008	/nhec-blog/25008
25010	/history-content/ask-a-historian/25010
25011	/history-content/website-reviews/25011
25016	/history-content/website-reviews/25016
25017	/history-content/website-reviews/25017
25018	/history-content/website-reviews/25018
25019	/history-content/website-reviews/25019
25020	/history-content/website-reviews/25020
25021	/history-content/website-reviews/25021
25022	/history-content/website-reviews/25022
25023	/history-content/website-reviews/25023
25024	/history-content/website-reviews/25024
25025	/history-content/website-reviews/25025
25026	/history-content/website-reviews/25026
25027	/history-content/website-reviews/25027
25028	/teaching-materials/teaching-guides/25028
25029	/digital-classroom/tech-for-teachers/25029
25030	/nhec-blog/25030
25031	/nhec-blog/25031
25032	/best-practices/teaching-in-action/25032
25033	/nhec-blog/25033
25034	/teaching-materials/lesson-plan-reviews/25034
25035	/digital-classroom/ask-a-digital-historian/25035
25036	/history-content/ask-a-historian/25036
25037	/history-content/ask-a-historian/25037
25038	/history-content/ask-a-historian/25038
25039	/nhec-blog/25039
25040	/history-content/website-reviews/25040
25042	/history-content/website-reviews/25042
25043	/history-content/website-reviews/25043
25044	/history-content/website-reviews/25044
25047	/nhec-blog/25047
25048	/best-practices/examples-of-historical-thinking/25048
25049	/best-practices/examples-of-historical-thinking/25049
25051	/history-content/ask-a-historian/25051
25052	/history-content/ask-a-historian/25052
25055	/digital-classroom/tech-for-teachers/25055
25056	/digital-classroom/tech-for-teachers/25056
25057	/history-content/website-reviews/25057
25058	/history-content/beyond-the-textbook/25058
25059	/history-content/beyond-the-textbook/25059
25061	/nhec-blog/25061
25062	/teaching-materials/ask-a-master-teacher/25062
25064	/history-content/quiz/25064
25065	/history-content/quiz/25065
25066	/history-content/quiz/25066
25067	/history-content/quizly/25067
25070	/history-content/quiz/25070
25071	/history-content/quiz/25071
25072	/history-content/quiz/25072
25073	/history-content/quiz/25073
25075	/nhec-blog/25075
25076	/nhec-blog/25076
25077	/nhec-blog/25077
25078	/nhec-blog/25078
25079	/history-content/ask-a-historian/25079
25094	/history-content/ask-a-historian/25094
25095	/best-practices/examples-of-historical-thinking/25095
25096	/best-practices/examples-of-historical-thinking/25096
25097	/best-practices/examples-of-historical-thinking/25097
25098	/history-content/ask-a-historian/25098
25103	/history-content/website-reviews/25103
25104	/history-content/website-reviews/25104
25105	/nhec-blog/25105
25107	/digital-classroom/tech-for-teachers/25107
25108	/history-content/quiz/25108
25109	/digital-classroom/tech-for-teachers/25109
25110	/digital-classroom/tech-for-teachers/25110
25111	/digital-classroom/tech-for-teachers/25111
25112	/history-content/quiz/25112
25113	/history-content/quiz/25113
25114	/nhec-blog/25114
25115	/digital-classroom/tech-for-teachers/25115
25117	/nhec-blog/25117
25144	/history-content/website-reviews/25144
25145	/history-content/website-reviews/25145
25146	/teaching-materials/ask-a-master-teacher/25146
25148	/best-practices/using-primary-sources/25148
25149	/teaching-materials/ask-a-master-teacher/25149
25150	/nhec-blog/25150
25152	/nhec-blog/25152
25157	/nhec-blog/25157
25158	/history-content/website-reviews/25158
25160	/nhec-blog/25160
25161	/teaching-materials/ask-a-master-teacher/25161
25163	/digital-classroom/beyond-the-chalkboard/25163
25164	/digital-classroom/tech-for-teachers/25164
25165	/history-content/ask-a-historian/25165
25169	/best-practices/examples-of-historical-thinking/25169
25170	/best-practices/examples-of-historical-thinking/25170
25171	/history-content/website-reviews/25171
25172	/nhec-blog/25172
25173	/digital-classroom/tech-for-teachers/25173
25174	/best-practices/examples-of-historical-thinking/25174
25176	/best-practices/examples-of-historical-thinking/25176
25177	/digital-classroom/tech-for-teachers/25177
25178	/best-practices/examples-of-historical-thinking/25178
25179	/history-content/quizly/25179
25180	/history-content/website-reviews/25180
25181	/history-content/website-reviews/25181
25182	/nhec-blog/25182
25183	/nhec-blog/25183
25184	/teaching-materials/teaching-guides/25184
25185	/teaching-materials/lesson-plan-reviews/25185
25186	/nhec-blog/25186
25187	/teaching-materials/ask-a-master-teacher/25187
25188	/teaching-materials/ask-a-master-teacher/25188
25189	/history-content/website-reviews/25189
25190	/history-content/website-reviews/25190
25200	/nhec-blog/25200
25201	/best-practices/examples-of-historical-thinking/25201
25202	/best-practices/examples-of-historical-thinking/25202
25203	/best-practices/examples-of-historical-thinking/25203
25204	/best-practices/examples-of-historical-thinking/25204
25205	/best-practices/examples-of-historical-thinking/25205
25206	/best-practices/examples-of-historical-thinking/25206
25207	/best-practices/examples-of-historical-thinking/25207
25208	/teaching-materials/ask-a-master-teacher/25208
25218	/history-content/website-reviews/25218
25219	/digital-classroom/ask-a-digital-historian/25219
25221	/digital-classroom/ask-a-digital-historian/25221
25222	/history-content/ask-a-historian/25222
25223	/history-content/ask-a-historian/25223
25224	/history-content/ask-a-historian/25224
25225	/nhec-blog/25225
25226	/best-practices/using-primary-sources/25226
25227	/best-practices/using-primary-sources/25227
25228	/history-content/website-reviews/25228
25229	/history-content/website-reviews/25229
25230	/history-content/website-reviews/25230
25231	/history-content/website-reviews/25231
25232	/best-practices/using-primary-sources/25232
25233	/best-practices/using-primary-sources/25233
25240	/history-content/website-reviews/25240
25243	/nhec-blog/25243
25244	/history-content/ask-a-historian/25244
25245	/history-content/ask-a-historian/25245
25246	/history-content/quiz/25246
25255	/nhec-blog/25255
25259	/history-content/website-reviews/25259
25260	/history-content/website-reviews/25260
25261	/history-content/website-reviews/25261
25262	/history-content/website-reviews/25262
25263	/teaching-materials/ask-a-master-teacher/25263
25264	/nhec-blog/25264
25265	/history-content/quiz/25265
25266	/nhec-blog/25266
25268	/history-content/ask-a-historian/25268
25269	/history-content/ask-a-historian/25269
25270	/history-content/quiz/25270
25271	/history-content/quiz/25271
25273	/digital-classroom/tech-for-teachers/25273
25274	/history-content/quiz/25274
25275	/history-content/website-reviews/25275
25276	/history-content/website-reviews/25276
25277	/history-content/website-reviews/25277
25278	/history-content/website-reviews/25278
25279	/history-content/website-reviews/25279
25280	/history-content/website-reviews/25280
25281	/history-content/website-reviews/25281
25282	/history-content/website-reviews/25282
25283	/digital-classroom/tech-for-teachers/25283
25291	/best-practices/examples-of-historical-thinking/25291
25292	/best-practices/examples-of-historical-thinking/25292
25296	/nhec-blog/25296
25297	/digital-classroom/tech-for-teachers/25297
25298	/history-content/national-resources/25298
25299	/history-content/website-reviews/25299
25300	/nhec-blog/25300
25301	/digital-classroom/tech-for-teachers/25301
25302	/history-content/website-reviews/25302
25303	/digital-classroom/tech-for-teachers/25303
25304	/digital-classroom/tech-for-teachers/25304
25305	/digital-classroom/tech-for-teachers/25305
25306	/nhec-blog/25306
25308	/nhec-blog/25308
25309	/nhec-blog/25309
25310	/history-content/quiz/25310
25315	/teaching-materials/lesson-plan-reviews/25315
25316	/digital-classroom/tech-for-teachers/25316
25317	/nhec-blog/25317
25318	/best-practices/examples-of-historical-thinking/25318
25320	/teaching-materials/ask-a-master-teacher/25320
25321	/teaching-materials/ask-a-master-teacher/25321
25322	/digital-classroom/tech-for-teachers/25322
25324	/nhec-blog/25324
25325	/nhec-blog/25325
25326	/teaching-materials/ask-a-master-teacher/25326
25327	/nhec-blog/25327
25336	/history-content/quiz/25336
25338	/nhec-blog/25338
25340	/history-content/quiz/25340
25341	/nhec-blog/25341
25343	/teaching-materials/teaching-guides/25343
25345	/history-content/quiz/25345
25346	/digital-classroom/tech-for-teachers/25346
25354	/best-practices/examples-of-historical-thinking/25354
25358	/teaching-materials/visiting-history/experience
25359	/teaching-materials/visiting-history/reflect
25360	/teaching-materials/ask-a-master-teacher/25360
25361	/nhec-blog/25361
25362	/teaching-materials/ask-a-master-teacher/25362
25363	/digital-classroom/tech-for-teachers/25363
25364	/nhec-blog/25364
25365	/nhec-blog/25365
25366	/history-content/website-reviews/25366
25367	/history-content/website-reviews/25367
25368	/history-content/website-reviews/25368
25369	/history-content/website-reviews/25369
25371	/history-content/website-reviews/25371
25372	/nhec-blog/25372
25373	/history-content/ask-a-historian/25373
25374	/history-content/ask-a-historian/25374
25375	/history-content/website-reviews/25375
25376	/nhec-blog/25376
25377	/history-content/website-reviews/25377
25378	/nhec-blog/25378
25379	/best-practices/examples-of-historical-thinking/25379
25380	/nhec-blog/25380
25381	/history-content/website-reviews/25381
25382	/history-content/website-reviews/25382
25383	/history-content/website-reviews/25383
25384	/history-content/website-reviews/25384
25385	/nhec-blog/25385
25387	/history-content/website-reviews/25387
25388	/history-content/website-reviews/25388
25389	/history-content/website-reviews/25389
25390	/history-content/website-reviews/25390
25394	/nhec-blog/25394
25415	/nhec-blog/25415
25416	/nhec-blog/25416
25417	/nhec-blog/25417
25419	/nhec-blog/25419
25420	/teaching-materials/ask-a-master-teacher/25420
25422	/history-content/website-reviews/25422
25423	/nhec-blog/25423
25424	/nhec-blog/25424
25425	/digital-classroom/tech-for-teachers/25425
25426	/nhec-blog/25426
25433	/best-practices/using-primary-sources/25433
25434	/best-practices/using-primary-sources/25434
25442	/nhec-blog/25442
25443	/best-practices/using-primary-sources/25443
25444	/history-content/quiz/25444
25447	/history-content/ask-a-historian/25447
25448	/digital-classroom/beyond-the-chalkboard/25448
25449	/nhec-blog/25449
25450	/teaching-materials/visiting-history/plan
25451	/nhec-blog/25451
25455	/history-content/beyond-the-textbook/25455
25456	/history-content/beyond-the-textbook/25456
25457	/teaching-materials/ask-a-master-teacher/25457
25458	/teaching-materials/english-language-learners/25458
25459	/digital-classroom/tech-for-teachers/25459
25460	/digital-classroom/tech-for-teachers/25460
25461	/best-practices/teaching-in-action/25461
25464	/nhec-blog/25464
25465	/history-content/website-reviews/25465
25466	/history-content/quiz/25466
25467	/history-content/website-reviews/25467
25468	/history-content/quiz/25468
25470	/history-content/ask-a-historian/25470
25471	/best-practices/examples-of-historical-thinking/25471
25472	/history-content/website-reviews/25472
25473	/history-content/website-reviews/25473
25474	/history-content/website-reviews/25474
25475	/history-content/website-reviews/25475
25476	/teaching-materials/lesson-plan-reviews/25476
25477	/teaching-materials/ask-a-master-teacher/25477
25478	/history-content/beyond-the-textbook/25478
25479	/history-content/beyond-the-textbook/25479
25480	/history-content/quiz/25480
25481	/history-content/website-reviews/25481
25483	/nhec-blog/25483
25484	/history-content/beyond-the-textbook/25484
25485	/history-content/beyond-the-textbook/25485
25486	/nhec-blog/25486
25487	/nhec-blog/25487
25489	/history-content/ask-a-historian/25489
25490	/teaching-materials/lesson-plan-reviews/25490
25491	/teaching-materials/lesson-plan-reviews/25491
25493	/teaching-materials/ask-a-master-teacher/25493
25494	/nhec-blog/25494
25496	/history-content/quiz/25496
25497	/history-content/quiz/25497
25500	/history-content/website-reviews/25500
25501	/nhec-blog/25501
25502	/history-content/ask-a-historian/25502
25503	/history-content/quiz/25503
25505	/teaching-materials/ask-a-master-teacher/25505
25506	/nhec-blog/25506
25507	/history-content/website-reviews/25507
25508	/nhec-blog/25508
25509	/history-content/website-reviews/25509
25510	/history-content/ask-a-historian/25510
25515	/teaching-materials/ask-a-master-teacher/25515
25516	/teaching-materials/teaching-guides/25516
25517	/digital-classroom/tech-for-teachers/25517
25518	/nhec-blog/25518
25519	/history-content/quiz/25519
25520	/history-content/quiz/25520
25521	/nhec-blog/25521
25522	/teaching-materials/ask-a-master-teacher/25522
25523	/nhec-blog/25523
25524	/best-practices/examples-of-historical-thinking/25524
25525	/teaching-materials/lesson-plan-reviews/25525
25550	/nhec-blog/25550
25551	/digital-classroom/tech-for-teachers/25551
25563	/history-content/national-resources/25563
25570	/history-content/quiz/25570
25571	/history-content/ask-a-historian/25571
25572	/teaching-materials/lesson-plan-reviews/25572
25573	/history-content/quiz/25573
25574	/history-content/quiz/25574
25575	/teaching-materials/lesson-plan-reviews/25575
25576	/nhec-blog/25576
25577	/history-content/ask-a-historian/25577
25578	/history-content/beyond-the-textbook/25578
25579	/history-content/beyond-the-textbook/25579
25582	/nhec-blog/25582
25583	/history-content/quiz/25583
25584	/best-practices/teaching-with-textbooks/25584
25586	/history-content/website-reviews/25586
25587	/digital-classroom/ask-a-digital-historian/25587
25588	/teaching-materials/english-language-learners/25588
25594	/history-content/website-reviews/25594
25595	/teaching-materials/ask-a-master-teacher/25595
25597	/teaching-materials/ask-a-master-teacher/25597
25604	/digital-classroom/tech-for-teachers/25604
25605	/history-content/national-resources/25605
25607	/nhec-blog/25607
25608	/history-content/national-resources/25608
25612	/digital-classroom/ask-a-digital-historian/25612
25614	/best-practices/examples-of-historical-thinking/25614
25615	/best-practices/examples-of-historical-thinking/25615
25617	/nhec-blog/25617
25618	/nhec-blog/25618
25619	/teaching-materials/teaching-guides/25619
25620	/teaching-materials/teaching-guides/25620
25621	/nhec-blog/25621
25624	/nhec-blog/25624
25625	/teaching-materials/lesson-plan-reviews/25625
25626	/teaching-materials/ask-a-master-teacher/25626
25627	/history-content/beyond-the-textbook/25627
25628	/history-content/beyond-the-textbook/25628
25629	/history-content/ask-a-historian/25629
25632	/nhec-blog/25632
25633	/digital-classroom/tech-for-teachers/25633
25634	/best-practices/examples-of-historical-thinking/25634
25635	/best-practices/examples-of-historical-thinking/25635
25636	/best-practices/examples-of-historical-thinking/25636
25637	/best-practices/examples-of-historical-thinking/25637
25640	/digital-classroom/beyond-the-chalkboard/25640
25641	/nhec-blog/25641
25642	/nhec-blog/25642
25643	/nhec-blog/25643
25644	/history-content/ask-a-historian/25644
25645	/history-content/ask-a-historian/25645
25647	/history-content/website-reviews/25647
25648	/nhec-blog/25648
25649	/teaching-materials/lesson-plan-reviews/25649
25650	/history-content/ask-a-historian/25650
25652	/history-content/ask-a-historian/25652
25653	/nhec-blog/25653
25654	/nhec-blog/25654
25655	/history-content/ask-a-historian/25655
25660	/digital-classroom/tech-for-teachers/25660
25663	/nhec-blog/25663
25664	/nhec-blog/25664
25668	/history-content/ask-a-historian/25668
25669	/nhec-blog/25669
25683	/teaching-materials/lesson-plan-reviews/25683
25684	/best-practices/using-primary-sources/25684
25686	/nhec-blog/25686
25687	/history-content/ask-a-historian/25687
25688	/nhec-blog/25688
25690	/teaching-materials/teaching-guides/25690
25692	/best-practices/examples-of-historical-thinking/25692
25695	/nhec-blog/25695
25696	/nhec-blog/25696
25697	/teaching-materials/teaching-guides/25697
25698	/history-content/ask-a-historian/25698
25699	/teaching-materials/english-language-learners/25699
25700	/nhec-blog/25700
25704	/nhec-blog/25704
25705	/best-practices/teaching-in-action/25705
25706	/best-practices/teaching-in-action/25706
25707	/nhec-blog/25707
25708	/teaching-materials/english-language-learners/25708
25711	/best-practices/teaching-with-textbooks/25711
25715	/nhec-blog/25715
25716	/history-content/ask-a-historian/25716
25729	/nhec-blog/25729
25735	/teaching-materials/lesson-plan-reviews/25735
25736	/teaching-materials/lesson-plan-reviews/25736
25741	/teaching-materials/teaching-guides/25741
25742	/best-practices/using-primary-sources/25742
25745	/nhec-blog/25745
25749	/history-content/beyond-the-textbook/25749
25750	/history-content/beyond-the-textbook/25750
25751	/nhec-blog/25751
25752	/history-content/ask-a-historian/25752
25753	/history-content/ask-a-historian/25753
25754	/history-content/ask-a-historian/25754
25755	/history-content/ask-a-historian/25755
25756	/nhec-blog/25756
25761	/digital-classroom/tech-for-teachers/25761
25762	/history-content/national-resources/25762
25764	/history-content/ask-a-historian/25764
25766	/history-content/website-reviews/25766
25767	/nhec-blog/25767
25769	/history-content/ask-a-historian/25769
25770	/history-content/website-reviews/25770
25774	/best-practices/using-primary-sources/25774
25775	/digital-classroom/tech-for-teachers/25775
25776	/history-content/website-reviews/25776
25777	/nhec-blog/25777
25778	/history-content/website-reviews/25778
25779	/digital-classroom/tech-for-teachers/25779
25781	/digital-classroom/beyond-the-chalkboard/25781
25782	/nhec-blog/25782
25783	/digital-classroom/beyond-the-chalkboard/25783
25788	/nhec-blog/25788
25789	/history-content/website-reviews/25789
25790	/nhec-blog/25790
25804	/nhec-blog/25804
25805	/best-practices/teaching-in-action/25805
25806	/history-content/website-reviews/25806
25807	/digital-classroom/tech-for-teachers/25807
25808	/digital-classroom/tech-for-teachers/25808
25809	/digital-classroom/tech-for-teachers/25809
25810	/history-content/website-reviews/25810
25811	/history-content/website-reviews/25811
25812	/history-content/website-reviews/25812
25813	/digital-classroom/tech-for-teachers/25813
25814	/history-content/website-reviews/25814
25815	/history-content/website-reviews/25815
25816	/history-content/website-reviews/25816
25817	/history-content/website-reviews/25817
25818	/history-content/website-reviews/25818
25819	/history-content/website-reviews/25819
25820	/history-content/website-reviews/25820
25821	/history-content/website-reviews/25821
25823	/history-content/website-reviews/25823
25824	/history-content/website-reviews/25824
25825	/history-content/website-reviews/25825
25826	/history-content/website-reviews/25826
25827	/history-content/website-reviews/25827
25828	/digital-classroom/tech-for-teachers/25828
25829	/digital-classroom/tech-for-teachers/25829
25830	/digital-classroom/tech-for-teachers/25830
25831	/digital-classroom/tech-for-teachers/25831
25832	/digital-classroom/tech-for-teachers/25832
25833	/digital-classroom/tech-for-teachers/25833
25834	/digital-classroom/tech-for-teachers/25834
25835	/digital-classroom/tech-for-teachers/25835
25836	/digital-classroom/tech-for-teachers/25836
25839	/history-content/website-reviews/25839
25840	/history-content/website-reviews/25840
25841	/history-content/website-reviews/25841
25842	/history-content/website-reviews/25842
25843	/best-practices/examples-of-historical-thinking/25843
25844	/best-practices/examples-of-historical-thinking/25844
25845	/best-practices/examples-of-historical-thinking/25845
25846	/best-practices/examples-of-historical-thinking/25846
25847	/best-practices/examples-of-historical-thinking/25847
25848	/best-practices/examples-of-historical-thinking/25848
25849	/best-practices/examples-of-historical-thinking/25849
25850	/best-practices/examples-of-historical-thinking/25850
25851	/best-practices/examples-of-historical-thinking/25851
25852	/best-practices/examples-of-historical-thinking/25852
25853	/best-practices/examples-of-historical-thinking/25853
25854	/best-practices/examples-of-historical-thinking/25854
25855	/best-practices/examples-of-historical-thinking/25855
25856	/best-practices/examples-of-historical-thinking/25856
25857	/best-practices/examples-of-historical-thinking/25857
25858	/best-practices/examples-of-historical-thinking/25858
25859	/best-practices/examples-of-historical-thinking/25859
25860	/best-practices/examples-of-historical-thinking/25860
25861	/best-practices/examples-of-historical-thinking/25861
25862	/best-practices/examples-of-historical-thinking/25862
25863	/history-content/website-reviews/25863
25864	/teaching-materials/lesson-plan-reviews/25864
25865	/teaching-materials/lesson-plan-reviews/25865
25866	/teaching-materials/lesson-plan-reviews/25866
25867	/teaching-materials/lesson-plan-reviews/25867
25868	/teaching-materials/teaching-guides/25868
25869	/teaching-materials/teaching-guides/25869
25870	/teaching-materials/teaching-guides/25870
25871	/teaching-materials/teaching-guides/25871
25872	/teaching-materials/teaching-guides/25872
25873	/teaching-materials/teaching-guides/25873
25874	/teaching-materials/teaching-guides/25874
25875	/teaching-materials/teaching-guides/25875
25876	/teaching-materials/teaching-guides/25876
25877	/teaching-materials/teaching-guides/25877
25878	/teaching-materials/teaching-guides/25878
25879	/teaching-materials/teaching-guides/25879
25882	/teaching-materials/teaching-guides/25882
25883	/teaching-materials/teaching-guides/25883
25885	/history-content/website-reviews/25885
25886	/history-content/website-reviews/25886
25887	/teaching-materials/teaching-guides/25887
25888	/teaching-materials/teaching-guides/25888
25889	/teaching-materials/teaching-guides/25889
25890	/nhec-blog/25890
25895	/history-content/website-reviews/25895
25898	/history-content/website-reviews/25898
25899	/history-content/website-reviews/25899
25900	/history-content/website-reviews/25900
25901	/teaching-materials/teaching-guides/25901
25902	/history-content/website-reviews/25902
25903	/history-content/website-reviews/25903
25904	/history-content/website-reviews/25904
25905	/nhec-blog/25905
25906	/digital-classroom/tech-for-teachers/25906
25907	/nhec-blog/25907
25908	/nhec-blog/25908
25909	/nhec-blog/25909
25910	/history-content/beyond-the-textbook/25910
25911	/history-content/beyond-the-textbook/25911
25912	/history-content/beyond-the-textbook/25912
25913	/history-content/beyond-the-textbook/25913
