old_url,native_url,match_via,nid,source_file,status,notes
/about/partners,/page/partners/,alias,14871,page/partners.md,matched,
/about/research-advisors,/page/nhec-contributors/,alias,14872,page/nhec-contributors.md,matched,
/about/staff,/about/staff/,alias,,about/staff.md,matched,
/about/teacher-representatives,/page/teacher-representatives/,alias,24576,page/teacher-representatives.md,matched,
/about/technical-working-group,/page/technical-working-group/,alias,14870,page/technical-working-group.md,matched,
/best-practices/examples-of-historical-thinking/14946,/best-practices/examples-of-historical-thinking/an-introduction-to-historical-thinking-and-reading/,alias,14946,best-practices/examples-of-historical-thinking/an-introduction-to-historical-thinking-and-reading.md,matched,
/best-practices/examples-of-historical-thinking/15765,/best-practices/examples-of-historical-thinking/sourcing-a-primary-document/,alias,15765,best-practices/examples-of-historical-thinking/sourcing-a-primary-document.md,matched,
/best-practices/examples-of-historical-thinking/19444,/best-practices/examples-of-historical-thinking/seeing-and-engaging-in-historical-thinking-a-tutorial/,alias,19444,best-practices/examples-of-historical-thinking/seeing-and-engaging-in-historical-thinking-a-tutorial.md,matched,
/best-practices/examples-of-historical-thinking/19528,/best-practices/examples-of-historical-thinking/close-reading-of-a-primary-document/,alias,19528,best-practices/examples-of-historical-thinking/close-reading-of-a-primary-document.md,matched,
/best-practices/examples-of-historical-thinking/19529,/best-practices/examples-of-historical-thinking/intertextual-reading-of-two-primary-documents/,alias,19529,best-practices/examples-of-historical-thinking/intertextual-reading-of-two-primary-documents.md,matched,
/best-practices/examples-of-historical-thinking/22890,/best-practices/examples-of-historical-thinking/creative-memo-on-lays-products/,alias,22890,best-practices/examples-of-historical-thinking/creative-memo-on-lays-products.md,matched,
/best-practices/examples-of-historical-thinking/23417,/best-practices/examples-of-historical-thinking/cherokee-law-of-blood/,alias,23417,best-practices/examples-of-historical-thinking/cherokee-law-of-blood.md,matched,
/best-practices/examples-of-historical-thinking/23420,/best-practices/examples-of-historical-thinking/jeffersons-confidential-letter-to-congress/,alias,23420,best-practices/examples-of-historical-thinking/jeffersons-confidential-letter-to-congress.md,matched,
/best-practices/examples-of-historical-thinking/23423,/best-practices/examples-of-historical-thinking/daily-objects-19th-century-america/,alias,23423,best-practices/examples-of-historical-thinking/daily-objects-19th-century-america.md,matched,
/best-practices/examples-of-historical-thinking/23459,/best-practices/examples-of-historical-thinking/narratives-of-slavery/,alias,23459,best-practices/examples-of-historical-thinking/narratives-of-slavery.md,matched,
/best-practices/examples-of-historical-thinking/23495,/best-practices/examples-of-historical-thinking/frederick-douglasss-autobiographies/,alias,23495,best-practices/examples-of-historical-thinking/frederick-douglasss-autobiographies.md,matched,
/best-practices/examples-of-historical-thinking/23641,/best-practices/examples-of-historical-thinking/slave-receipts/,alias,23641,best-practices/examples-of-historical-thinking/slave-receipts.md,matched,
/best-practices/examples-of-historical-thinking/24027,/best-practices/examples-of-historical-thinking/primary-sources-as-windows-into-the-past/,alias,24027,best-practices/examples-of-historical-thinking/primary-sources-as-windows-into-the-past.md,matched,
/best-practices/examples-of-historical-thinking/24028,/best-practices/examples-of-historical-thinking/close-reading-for-vocabulary-context-and-tone/,alias,24028,best-practices/examples-of-historical-thinking/close-reading-for-vocabulary-context-and-tone.md,matched,
/best-practices/examples-of-historical-thinking/24029,/best-practices/examples-of-historical-thinking/reading-for-context/,alias,24029,best-practices/examples-of-historical-thinking/reading-for-context.md,matched,
/best-practices/examples-of-historical-thinking/24030,/best-practices/examples-of-historical-thinking/cross-checking-sources-and-testing-hypotheses/,alias,24030,best-practices/examples-of-historical-thinking/cross-checking-sources-and-testing-hypotheses.md,matched,
/best-practices/examples-of-historical-thinking/24171,/best-practices/examples-of-historical-thinking/my-lai-massacre-political-cartoon/,alias,24171,best-practices/examples-of-historical-thinking/my-lai-massacre-political-cartoon.md,matched,
/best-practices/examples-of-historical-thinking/24175,/best-practices/examples-of-historical-thinking/fdrs-fireside-chats/,alias,24175,best-practices/examples-of-historical-thinking/fdrs-fireside-chats.md,matched,
/best-practices/examples-of-historical-thinking/24298,/best-practices/examples-of-historical-thinking/the-barbary-pirates-letter-from-tripoli/,alias,24298,best-practices/examples-of-historical-thinking/the-barbary-pirates-letter-from-tripoli.md,matched,
/best-practices/examples-of-historical-thinking/24424,/best-practices/examples-of-historical-thinking/bill-of-rights/,alias,24424,best-practices/examples-of-historical-thinking/bill-of-rights.md,matched,
/best-practices/examples-of-historical-thinking/24440,/best-practices/examples-of-historical-thinking/lincolns-second-inaugural-address/,alias,24440,best-practices/examples-of-historical-thinking/lincolns-second-inaugural-address.md,matched,
/best-practices/examples-of-historical-thinking/24551,/best-practices/examples-of-historical-thinking/the-salem-witch-trials/,alias,24551,best-practices/examples-of-historical-thinking/the-salem-witch-trials.md,matched,
/best-practices/examples-of-historical-thinking/25048,/best-practices/examples-of-historical-thinking/civil-war-letters/,alias,25048,best-practices/examples-of-historical-thinking/civil-war-letters.md,matched,
/best-practices/examples-of-historical-thinking/25049,/best-practices/examples-of-historical-thinking/declaration-of-independence/,alias,25049,best-practices/examples-of-historical-thinking/declaration-of-independence.md,matched,
/best-practices/examples-of-historical-thinking/25095,/best-practices/examples-of-historical-thinking/john-browns-body/,alias,25095,best-practices/examples-of-historical-thinking/john-browns-body.md,matched,
/best-practices/examples-of-historical-thinking/25096,/best-practices/examples-of-historical-thinking/john-smith-map/,alias,25096,best-practices/examples-of-historical-thinking/john-smith-map.md,matched,
/best-practices/examples-of-historical-thinking/25097,/best-practices/examples-of-historical-thinking/massive-resistance-political-cartoons/,alias,25097,best-practices/examples-of-historical-thinking/massive-resistance-political-cartoons.md,matched,
/best-practices/examples-of-historical-thinking/25169,/best-practices/examples-of-historical-thinking/the-election-of-1932-clifford-berryman-cartoon/,alias,25169,best-practices/examples-of-historical-thinking/the-election-of-1932-clifford-berryman-cartoon.md,matched,
/best-practices/examples-of-historical-thinking/25170,/best-practices/examples-of-historical-thinking/the-election-of-1932-photographs-of-fdr/,alias,25170,best-practices/examples-of-historical-thinking/the-election-of-1932-photographs-of-fdr.md,matched,
/best-practices/examples-of-historical-thinking/25174,/best-practices/examples-of-historical-thinking/fdrs-second-inaugural-address/,alias,25174,best-practices/examples-of-historical-thinking/fdrs-second-inaugural-address.md,matched,
/best-practices/examples-of-historical-thinking/25201,/best-practices/examples-of-historical-thinking/thomas-nast-cartoon/,alias,25201,best-practices/examples-of-historical-thinking/thomas-nast-cartoon.md,matched,
/best-practices/examples-of-historical-thinking/25203,/best-practices/examples-of-historical-thinking/two-blues-songs/,alias,25203,best-practices/examples-of-historical-thinking/two-blues-songs.md,matched,
/best-practices/examples-of-historical-thinking/25204,/best-practices/examples-of-historical-thinking/1853-daguerreotype/,alias,25204,best-practices/examples-of-historical-thinking/1853-daguerreotype.md,matched,
/best-practices/examples-of-historical-thinking/25205,/best-practices/examples-of-historical-thinking/herman-melvilles-bartleby-the-scrivener/,alias,25205,best-practices/examples-of-historical-thinking/herman-melvilles-bartleby-the-scrivener.md,matched,
/best-practices/examples-of-historical-thinking/25206,/best-practices/examples-of-historical-thinking/1804-inventory/,alias,25206,best-practices/examples-of-historical-thinking/1804-inventory.md,matched,
/best-practices/examples-of-historical-thinking/25207,/best-practices/examples-of-historical-thinking/1775-colonial-newspaper-article/,alias,25207,best-practices/examples-of-historical-thinking/1775-colonial-newspaper-article.md,matched,
/best-practices/examples-of-historical-thinking/25291,/best-practices/examples-of-historical-thinking/japanese-american-internment-ansel-adams-photos/,alias,25291,best-practices/examples-of-historical-thinking/japanese-american-internment-ansel-adams-photos.md,matched,
/best-practices/examples-of-historical-thinking/25292,/best-practices/examples-of-historical-thinking/japanese-american-internment-executive-order-9066/,alias,25292,best-practices/examples-of-historical-thinking/japanese-american-internment-executive-order-9066.md,matched,
/best-practices/examples-of-historical-thinking/25318,/best-practices/examples-of-historical-thinking/the-iran-hostage-crisis-diary-of-robert-ode/,alias,25318,best-practices/examples-of-historical-thinking/the-iran-hostage-crisis-diary-of-robert-ode.md,matched,
/best-practices/examples-of-historical-thinking/25354,/best-practices/examples-of-historical-thinking/abolitionist-speeches-by-african-american-women/,alias,25354,best-practices/examples-of-historical-thinking/abolitionist-speeches-by-african-american-women.md,matched,
/best-practices/examples-of-historical-thinking/25379,/best-practices/examples-of-historical-thinking/scenes-in-the-life-of-harriet-tubman/,alias,25379,best-practices/examples-of-historical-thinking/scenes-in-the-life-of-harriet-tubman.md,matched,
/best-practices/examples-of-historical-thinking/25471,/best-practices/examples-of-historical-thinking/letters-from-the-philippines/,alias,25471,best-practices/examples-of-historical-thinking/letters-from-the-philippines.md,matched,
/best-practices/examples-of-historical-thinking/25524,/best-practices/examples-of-historical-thinking/jackie-robinson-and-martin-luther-king-jr/,alias,25524,best-practices/examples-of-historical-thinking/jackie-robinson-and-martin-luther-king-jr.md,matched,
/best-practices/examples-of-historical-thinking/25614,/best-practices/examples-of-historical-thinking/ulysses-s-grant-memorial/,alias,25614,best-practices/examples-of-historical-thinking/ulysses-s-grant-memorial.md,matched,
/best-practices/examples-of-historical-thinking/25615,/best-practices/examples-of-historical-thinking/world-war-ii-memorial/,alias,25615,best-practices/examples-of-historical-thinking/world-war-ii-memorial.md,matched,
/best-practices/examples-of-historical-thinking/25634,/best-practices/examples-of-historical-thinking/womens-suffrage-cartoon/,alias,25634,best-practices/examples-of-historical-thinking/womens-suffrage-cartoon.md,matched,
/best-practices/examples-of-historical-thinking/25635,/best-practices/examples-of-historical-thinking/womens-suffrage-photographs/,alias,25635,best-practices/examples-of-historical-thinking/womens-suffrage-photographs.md,matched,
/best-practices/examples-of-historical-thinking/25636,/best-practices/examples-of-historical-thinking/womens-suffrage-burroughss-article/,alias,25636,best-practices/examples-of-historical-thinking/womens-suffrage-burroughss-article.md,matched,
/best-practices/examples-of-historical-thinking/25637,/best-practices/examples-of-historical-thinking/womens-suffrage-jane-addamss-article/,alias,25637,best-practices/examples-of-historical-thinking/womens-suffrage-jane-addamss-article.md,matched,
/best-practices/examples-of-historical-thinking/25692,/best-practices/examples-of-historical-thinking/womens-rights-sarah-bagley-letters/,alias,25692,best-practices/examples-of-historical-thinking/womens-rights-sarah-bagley-letters.md,matched,
/best-practices/examples-of-historical-thinking/25843,/best-practices/examples-of-historical-thinking/paintings-about-segregation/,alias,25843,best-practices/examples-of-historical-thinking/paintings-about-segregation.md,matched,
/best-practices/examples-of-historical-thinking/25844,/best-practices/examples-of-historical-thinking/smithsonian-american-art-museum-close-observation/,alias,25844,best-practices/examples-of-historical-thinking/smithsonian-american-art-museum-close-observation.md,matched,
/best-practices/examples-of-historical-thinking/25845,/best-practices/examples-of-historical-thinking/the-us-holocaust-memorial-museum-personalizing-history/,alias,25845,best-practices/examples-of-historical-thinking/the-us-holocaust-memorial-museum-personalizing-history.md,matched,
/best-practices/examples-of-historical-thinking/25846,/best-practices/examples-of-historical-thinking/a-close-look-at-the-fdr-memorial/,alias,25846,best-practices/examples-of-historical-thinking/a-close-look-at-the-fdr-memorial.md,matched,
/best-practices/examples-of-historical-thinking/25847,/best-practices/examples-of-historical-thinking/a-close-look-at-the-world-war-ii-memorial/,alias,25847,best-practices/examples-of-historical-thinking/a-close-look-at-the-world-war-ii-memorial.md,matched,
/best-practices/examples-of-historical-thinking/25848,/best-practices/examples-of-historical-thinking/slavery-at-jeffersons-monticello-paradox-of-liberty/,alias,25848,best-practices/examples-of-historical-thinking/slavery-at-jeffersons-monticello-paradox-of-liberty.md,matched,
/best-practices/examples-of-historical-thinking/25849,/best-practices/examples-of-historical-thinking/slave-life-at-mount-vernon/,alias,25849,best-practices/examples-of-historical-thinking/slave-life-at-mount-vernon.md,matched,
/best-practices/examples-of-historical-thinking/25850,/best-practices/examples-of-historical-thinking/national-portrait-gallery-teaching-with-19th-century-portraits/,alias,25850,best-practices/examples-of-historical-thinking/national-portrait-gallery-teaching-with-19th-century-portraits.md,matched,
/best-practices/examples-of-historical-thinking/25851,/best-practices/examples-of-historical-thinking/smithsonian-american-art-museum-westward-the-course-of-empire/,alias,25851,best-practices/examples-of-historical-thinking/smithsonian-american-art-museum-westward-the-course-of-empire.md,matched,
/best-practices/examples-of-historical-thinking/25852,/best-practices/examples-of-historical-thinking/visiting-the-george-mason-memorial/,alias,25852,best-practices/examples-of-historical-thinking/visiting-the-george-mason-memorial.md,matched,
/best-practices/examples-of-historical-thinking/25853,/best-practices/examples-of-historical-thinking/reading-place-with-the-national-building-museum/,alias,25853,best-practices/examples-of-historical-thinking/reading-place-with-the-national-building-museum.md,matched,
/best-practices/examples-of-historical-thinking/25854,/best-practices/examples-of-historical-thinking/smithsonian-american-art-museum-inventing-a-better-mousetrap/,alias,25854,best-practices/examples-of-historical-thinking/smithsonian-american-art-museum-inventing-a-better-mousetrap.md,matched,
/best-practices/examples-of-historical-thinking/25855,/best-practices/examples-of-historical-thinking/fords-theatre-lincolns-second-inaugural-address/,alias,25855,best-practices/examples-of-historical-thinking/fords-theatre-lincolns-second-inaugural-address.md,matched,
/best-practices/examples-of-historical-thinking/25856,/best-practices/examples-of-historical-thinking/smithsonian-american-art-museum-teaching-with-19th-century-art/,alias,25856,best-practices/examples-of-historical-thinking/smithsonian-american-art-museum-teaching-with-19th-century-art.md,matched,
/best-practices/examples-of-historical-thinking/25857,/best-practices/examples-of-historical-thinking/smithsonian-american-art-museum-acehlous-and-hercules/,alias,25857,best-practices/examples-of-historical-thinking/smithsonian-american-art-museum-acehlous-and-hercules.md,matched,
/best-practices/examples-of-historical-thinking/25858,/best-practices/examples-of-historical-thinking/pockets-from-the-past-daily-life-at-monticello/,alias,25858,best-practices/examples-of-historical-thinking/pockets-from-the-past-daily-life-at-monticello.md,matched,
/best-practices/examples-of-historical-thinking/25859,/best-practices/examples-of-historical-thinking/monticello-jeffersons-experiment/,alias,25859,best-practices/examples-of-historical-thinking/monticello-jeffersons-experiment.md,matched,
/best-practices/examples-of-historical-thinking/25860,/best-practices/examples-of-historical-thinking/a-close-look-at-the-ulysses-s-grant-memorial/,alias,25860,best-practices/examples-of-historical-thinking/a-close-look-at-the-ulysses-s-grant-memorial.md,matched,
/best-practices/examples-of-historical-thinking/25861,/best-practices/examples-of-historical-thinking/touring-monticello/,alias,25861,best-practices/examples-of-historical-thinking/touring-monticello.md,matched,
/best-practices/examples-of-historical-thinking/25862,/best-practices/examples-of-historical-thinking/piscataway-park-and-tobacco-farming/,alias,25862,best-practices/examples-of-historical-thinking/piscataway-park-and-tobacco-farming.md,matched,
/best-practices/teaching-in-action/14947,/best-practices/teaching-in-action/historical-context-and-roleplaying/,alias,14947,best-practices/teaching-in-action/historical-context-and-roleplaying.md,matched,
/best-practices/teaching-in-action/15772,/best-practices/teaching-in-action/using-maps-as-primary-sources/,alias,15772,best-practices/teaching-in-action/using-maps-as-primary-sources.md,matched,
/best-practices/teaching-in-action/19567,/best-practices/teaching-in-action/causal-reasoning/,alias,19567,best-practices/teaching-in-action/causal-reasoning.md,matched,
/best-practices/teaching-in-action/19569,/best-practices/teaching-in-action/causes-of-world-war-i/,alias,19569,best-practices/teaching-in-action/causes-of-world-war-i.md,matched,
/best-practices/teaching-in-action/20341,/best-practices/teaching-in-action/teaching-historical-interpretation-through-planning-documentary-films/,alias,20341,best-practices/teaching-in-action/teaching-historical-interpretation-through-planning-documentary-films.md,matched,
/best-practices/teaching-in-action/20374,/best-practices/teaching-in-action/exploring-historical-texts-in-a-discussion-based-class/,alias,20374,best-practices/teaching-in-action/exploring-historical-texts-in-a-discussion-based-class.md,matched,
/best-practices/teaching-in-action/20795,/best-practices/teaching-in-action/reading-and-thinking-aloud-to-understand/,alias,20795,best-practices/teaching-in-action/reading-and-thinking-aloud-to-understand.md,matched,
/best-practices/teaching-in-action/21706,/best-practices/teaching-in-action/prologue-to-studying-the-emancipation-proclamation/,alias,21706,best-practices/teaching-in-action/prologue-to-studying-the-emancipation-proclamation.md,matched,
/best-practices/teaching-in-action/22158,/best-practices/teaching-in-action/foundations-of-american-history-john-brown-song/,alias,22158,best-practices/teaching-in-action/foundations-of-american-history-john-brown-song.md,matched,
/best-practices/teaching-in-action/22440,/best-practices/teaching-in-action/what-does-it-mean-to-be-an-american/,alias,22440,best-practices/teaching-in-action/what-does-it-mean-to-be-an-american.md,matched,
/best-practices/teaching-in-action/23724,/best-practices/teaching-in-action/third-graders-analyzing-historical-sources/,alias,23724,best-practices/teaching-in-action/third-graders-analyzing-historical-sources.md,matched,
/best-practices/teaching-in-action/23798,/best-practices/teaching-in-action/geo-literacy-project-students-explore-their-world/,alias,23798,best-practices/teaching-in-action/geo-literacy-project-students-explore-their-world.md,matched,
/best-practices/teaching-in-action/23893,/best-practices/teaching-in-action/opening-up-the-textbook-voices-from-my-lai/,alias,23893,best-practices/teaching-in-action/opening-up-the-textbook-voices-from-my-lai.md,matched,
/best-practices/teaching-in-action/23894,/best-practices/teaching-in-action/massive-resistance-through-political-cartoons/,alias,23894,best-practices/teaching-in-action/massive-resistance-through-political-cartoons.md,matched,
/best-practices/teaching-in-action/24080,/best-practices/teaching-in-action/students-in-the-community/,alias,24080,best-practices/teaching-in-action/students-in-the-community.md,matched,
/best-practices/teaching-in-action/24176,/best-practices/teaching-in-action/fdrs-fireside-chats/,alias,24176,best-practices/teaching-in-action/fdrs-fireside-chats.md,matched,
/best-practices/teaching-in-action/24216,/best-practices/teaching-in-action/teaching-strategies-for-museums-graphic-organizers/,alias,24216,best-practices/teaching-in-action/teaching-strategies-for-museums-graphic-organizers.md,matched,
/best-practices/teaching-in-action/24423,/best-practices/teaching-in-action/teaching-the-bill-of-rights/,alias,24423,best-practices/teaching-in-action/teaching-the-bill-of-rights.md,matched,
/best-practices/teaching-in-action/24549,/best-practices/teaching-in-action/how-to-introduce-students-to-primary-sources/,alias,24549,best-practices/teaching-in-action/how-to-introduce-students-to-primary-sources.md,matched,
/best-practices/teaching-in-action/24614,/best-practices/teaching-in-action/of-the-student-for-the-student-by-the-student/,alias,24614,best-practices/teaching-in-action/of-the-student-for-the-student-by-the-student.md,matched,
/best-practices/teaching-in-action/25032,/best-practices/teaching-in-action/the-assassination-of-abraham-lincoln/,alias,25032,best-practices/teaching-in-action/the-assassination-of-abraham-lincoln.md,matched,
/best-practices/teaching-in-action/25461,/best-practices/teaching-in-action/organize-your-thinking-to-critically-analyze-text/,alias,25461,best-practices/teaching-in-action/organize-your-thinking-to-critically-analyze-text.md,matched,
/best-practices/teaching-in-action/25705,/best-practices/teaching-in-action/integrating-language-arts-and-history/,alias,25705,best-practices/teaching-in-action/integrating-language-arts-and-history.md,matched,
/best-practices/teaching-in-action/25706,/best-practices/teaching-in-action/recreating-the-cuban-missile-crisis/,alias,25706,best-practices/teaching-in-action/recreating-the-cuban-missile-crisis.md,matched,
/best-practices/teaching-with-textbooks/19438,/best-practices/teaching-with-textbooks/opening-up-the-textbook/,alias,19438,best-practices/teaching-with-textbooks/opening-up-the-textbook.md,matched,
/best-practices/teaching-with-textbooks/19439,/best-practices/teaching-with-textbooks/the-grammar-of-history-textbooks-part-i-language-analysis/,alias,19439,best-practices/teaching-with-textbooks/the-grammar-of-history-textbooks-part-i-language-analysis.md,matched,
/best-practices/teaching-with-textbooks/20424,/best-practices/teaching-with-textbooks/using-historiography-to-analyze-the-mexican-american-war/,alias,20424,best-practices/teaching-with-textbooks/using-historiography-to-analyze-the-mexican-american-war.md,matched,
/best-practices/teaching-with-textbooks/20571,/best-practices/teaching-with-textbooks/questioning-textbook-authority/,alias,20571,best-practices/teaching-with-textbooks/questioning-textbook-authority.md,matched,
/best-practices/teaching-with-textbooks/20574,/best-practices/teaching-with-textbooks/the-grammar-of-history-textbooks-part-ii-questioning-the-text/,alias,20574,best-practices/teaching-with-textbooks/the-grammar-of-history-textbooks-part-ii-questioning-the-text.md,matched,
/best-practices/teaching-with-textbooks/22467,/best-practices/teaching-with-textbooks/childrens-voices-from-the-civil-war/,alias,22467,best-practices/teaching-with-textbooks/childrens-voices-from-the-civil-war.md,matched,
/best-practices/teaching-with-textbooks/24278,/best-practices/teaching-with-textbooks/building-a-conversation-between-textbooks-students-and-teachers/,alias,24278,best-practices/teaching-with-textbooks/building-a-conversation-between-textbooks-students-and-teachers.md,matched,
/best-practices/teaching-with-textbooks/25584,/best-practices/teaching-with-textbooks/learning-menus-textbooks-a-la-carte/,alias,25584,best-practices/teaching-with-textbooks/learning-menus-textbooks-a-la-carte.md,matched,
/best-practices/using-primary-sources/14561,/best-practices/using-primary-sources/making-sense-of-oral-history/,alias,14561,best-practices/using-primary-sources/making-sense-of-oral-history.md,matched,
/best-practices/using-primary-sources/14562,/best-practices/using-primary-sources/making-sense-of-films/,alias,14562,best-practices/using-primary-sources/making-sense-of-films.md,matched,
/best-practices/using-primary-sources/14563,/best-practices/using-primary-sources/making-sense-of-maps/,alias,14563,best-practices/using-primary-sources/making-sense-of-maps.md,matched,
/best-practices/using-primary-sources/14564,/best-practices/using-primary-sources/making-sense-of-numbers/,alias,14564,best-practices/using-primary-sources/making-sense-of-numbers.md,matched,
/best-practices/using-primary-sources/14565,/best-practices/using-primary-sources/making-sense-of-letters-and-diaries/,alias,14565,best-practices/using-primary-sources/making-sense-of-letters-and-diaries.md,matched,
/best-practices/using-primary-sources/14566,/best-practices/using-primary-sources/making-sense-of-advertisements/,alias,14566,best-practices/using-primary-sources/making-sense-of-advertisements.md,matched,
/best-practices/using-primary-sources/14567,/best-practices/using-primary-sources/making-sense-of-american-popular-songs/,alias,14567,best-practices/using-primary-sources/making-sense-of-american-popular-songs.md,matched,
/best-practices/using-primary-sources/14568,/best-practices/using-primary-sources/making-sense-of-documentary-photography/,alias,14568,best-practices/using-primary-sources/making-sense-of-documentary-photography.md,matched,
/best-practices/using-primary-sources/14572,/best-practices/using-primary-sources/scholars-in-action-analyzing-19th-century-letters/,alias,14572,best-practices/using-primary-sources/scholars-in-action-analyzing-19th-century-letters.md,matched,
/best-practices/using-primary-sources/14576,/best-practices/using-primary-sources/media-analysis-tools/,alias,14576,best-practices/using-primary-sources/media-analysis-tools.md,matched,
/best-practices/using-primary-sources/14578,/best-practices/using-primary-sources/document-analysis-worksheets/,alias,14578,best-practices/using-primary-sources/document-analysis-worksheets.md,matched,
/best-practices/using-primary-sources/19079,/best-practices/using-primary-sources/primary-sources-what-are-they/,alias,19079,best-practices/using-primary-sources/primary-sources-what-are-they.md,matched,
/best-practices/using-primary-sources/19080,/best-practices/using-primary-sources/secondary-sources-what-are-they/,alias,19080,best-practices/using-primary-sources/secondary-sources-what-are-they.md,matched,
/best-practices/using-primary-sources/19435,/best-practices/using-primary-sources/teaching-with-museum-collections/,alias,19435,best-practices/using-primary-sources/teaching-with-museum-collections.md,matched,
/best-practices/using-primary-sources/19699,/best-practices/using-primary-sources/integrating-material-culture-into-the-classroom/,alias,19699,best-practices/using-primary-sources/integrating-material-culture-into-the-classroom.md,matched,
/best-practices/using-primary-sources/22432,/best-practices/using-primary-sources/teaching-with-historic-places/,alias,22432,best-practices/using-primary-sources/teaching-with-historic-places.md,matched,
/best-practices/using-primary-sources/23513,/best-practices/using-primary-sources/scim-c-historical-source-analysis/,alias,23513,best-practices/using-primary-sources/scim-c-historical-source-analysis.md,matched,
/best-practices/using-primary-sources/24001,/best-practices/using-primary-sources/reading-like-a-historian/,alias,24001,best-practices/using-primary-sources/reading-like-a-historian.md,matched,
/best-practices/using-primary-sources/24067,/best-practices/using-primary-sources/people-as-primary-sources-conducting-interviews/,alias,24067,best-practices/using-primary-sources/people-as-primary-sources-conducting-interviews.md,matched,
/best-practices/using-primary-sources/24079,/best-practices/using-primary-sources/teaching-with-monuments-and-memorials/,alias,24079,best-practices/using-primary-sources/teaching-with-monuments-and-memorials.md,matched,
/best-practices/using-primary-sources/24135,/best-practices/using-primary-sources/evoking-the-past/,alias,24135,best-practices/using-primary-sources/evoking-the-past.md,matched,
/best-practices/using-primary-sources/24325,/best-practices/using-primary-sources/picturing-america/,alias,24325,best-practices/using-primary-sources/picturing-america.md,matched,
/best-practices/using-primary-sources/24327,/best-practices/using-primary-sources/analyzing-composition-in-paintings/,alias,24327,best-practices/using-primary-sources/analyzing-composition-in-paintings.md,matched,
/best-practices/using-primary-sources/24462,/best-practices/using-primary-sources/interactivity/,alias,24462,best-practices/using-primary-sources/interactivity.md,matched,
/best-practices/using-primary-sources/24463,/best-practices/using-primary-sources/critically-analyzing-information-sources/,alias,24463,best-practices/using-primary-sources/critically-analyzing-information-sources.md,matched,
/best-practices/using-primary-sources/24464,/best-practices/using-primary-sources/george-washington-a-national-treasure/,alias,24464,best-practices/using-primary-sources/george-washington-a-national-treasure.md,matched,
/best-practices/using-primary-sources/24490,/best-practices/using-primary-sources/primary-source-sets-on-the-web/,alias,24490,best-practices/using-primary-sources/primary-source-sets-on-the-web.md,matched,
/best-practices/using-primary-sources/24491,/best-practices/using-primary-sources/online-primary-source-collections/,alias,24491,best-practices/using-primary-sources/online-primary-source-collections.md,matched,
/best-practices/using-primary-sources/24529,/best-practices/using-primary-sources/why-historical-thinking-matters/,alias,24529,best-practices/using-primary-sources/why-historical-thinking-matters.md,matched,
/best-practices/using-primary-sources/24541,/best-practices/using-primary-sources/local-history-and-student-historians/,alias,24541,best-practices/using-primary-sources/local-history-and-student-historians.md,matched,
/best-practices/using-primary-sources/25148,/best-practices/using-primary-sources/bringing-history-homes-socc-analysis-technique/,alias,25148,best-practices/using-primary-sources/bringing-history-homes-socc-analysis-technique.md,matched,
/best-practices/using-primary-sources/25226,/best-practices/using-primary-sources/thinking-like-a-historian/,alias,25226,best-practices/using-primary-sources/thinking-like-a-historian.md,matched,
/best-practices/using-primary-sources/25232,/best-practices/using-primary-sources/focus-on-film/,alias,25232,best-practices/using-primary-sources/focus-on-film.md,matched,
/best-practices/using-primary-sources/25233,/best-practices/using-primary-sources/how-to-read-a-landscape/,alias,25233,best-practices/using-primary-sources/how-to-read-a-landscape.md,matched,
/best-practices/using-primary-sources/25443,/best-practices/using-primary-sources/key-concepts-in-historical-thinking/,alias,25443,best-practices/using-primary-sources/key-concepts-in-historical-thinking.md,matched,
/best-practices/using-primary-sources/25684,/best-practices/using-primary-sources/interactive-exercisesanalyzing-artifacts/,alias,25684,best-practices/using-primary-sources/interactive-exercisesanalyzing-artifacts.md,matched,
/best-practices/using-primary-sources/25742,/best-practices/using-primary-sources/the-civil-war-in-art-teaching-and-learning-through-chicago-collections/,alias,25742,best-practices/using-primary-sources/the-civil-war-in-art-teaching-and-learning-through-chicago-collections.md,matched,
/best-practices/using-primary-sources/25774,/best-practices/using-primary-sources/the-thomas-jefferson-building-secret-messages/,alias,25774,best-practices/using-primary-sources/the-thomas-jefferson-building-secret-messages.md,matched,
/digital-classroom-intro,/page/digital-classroom-introduction/,alias,24406,page/digital-classroom-introduction.md,matched,
/digital-classroom/ask-a-digital-historian/23863,/digital-classroom/ask-a-digital-historian/wikipedia-credible-research-source-or-not/,alias,23863,digital-classroom/ask-a-digital-historian/wikipedia-credible-research-source-or-not.md,matched,
/digital-classroom/ask-a-digital-historian/23884,/digital-classroom/ask-a-digital-historian/finding-skype-collaborators/,alias,23884,digital-classroom/ask-a-digital-historian/finding-skype-collaborators.md,matched,
/digital-classroom/ask-a-digital-historian/23885,/digital-classroom/ask-a-digital-historian/historic-images-are-everywhere/,alias,23885,digital-classroom/ask-a-digital-historian/historic-images-are-everywhere.md,matched,
/digital-classroom/ask-a-digital-historian/24066,/digital-classroom/ask-a-digital-historian/is-the-internet-a-reliable-source-for-history-content/,alias,24066,digital-classroom/ask-a-digital-historian/is-the-internet-a-reliable-source-for-history-content.md,matched,
/digital-classroom/ask-a-digital-historian/24089,/digital-classroom/ask-a-digital-historian/beyond-google-searching/,alias,24089,digital-classroom/ask-a-digital-historian/beyond-google-searching.md,matched,
/digital-classroom/ask-a-digital-historian/24104,/digital-classroom/ask-a-digital-historian/using-the-web-to-learn-research-and-presentation-skills/,alias,24104,digital-classroom/ask-a-digital-historian/using-the-web-to-learn-research-and-presentation-skills.md,matched,
/digital-classroom/ask-a-digital-historian/24122,/digital-classroom/ask-a-digital-historian/history-and-new-media/,alias,24122,digital-classroom/ask-a-digital-historian/history-and-new-media.md,matched,
/digital-classroom/ask-a-digital-historian/24328,/digital-classroom/ask-a-digital-historian/understanding-and-appreciating-world-war-ii-veterans/,alias,24328,digital-classroom/ask-a-digital-historian/understanding-and-appreciating-world-war-ii-veterans.md,matched,
/digital-classroom/ask-a-digital-historian/24539,/digital-classroom/ask-a-digital-historian/finding-a-speaker-willing-to-use-digital-networks/,alias,24539,digital-classroom/ask-a-digital-historian/finding-a-speaker-willing-to-use-digital-networks.md,matched,
/digital-classroom/ask-a-digital-historian/24545,/digital-classroom/ask-a-digital-historian/just-blog-about-it-part-1/,alias,24545,digital-classroom/ask-a-digital-historian/just-blog-about-it-part-1.md,matched,
/digital-classroom/ask-a-digital-historian/24546,/digital-classroom/ask-a-digital-historian/just-blog-about-it-part-2/,alias,24546,digital-classroom/ask-a-digital-historian/just-blog-about-it-part-2.md,matched,
/digital-classroom/ask-a-digital-historian/24664,/digital-classroom/ask-a-digital-historian/primary-and-secondary-sources-through-video/,alias,24664,digital-classroom/ask-a-digital-historian/primary-and-secondary-sources-through-video.md,matched,
/digital-classroom/ask-a-digital-historian/24710,/digital-classroom/ask-a-digital-historian/when-copyright-meets-the-classroom/,alias,24710,digital-classroom/ask-a-digital-historian/when-copyright-meets-the-classroom.md,matched,
/digital-classroom/ask-a-digital-historian/25035,/digital-classroom/ask-a-digital-historian/introducing-students-to-interactive-whiteboards/,alias,25035,digital-classroom/ask-a-digital-historian/introducing-students-to-interactive-whiteboards.md,matched,
/digital-classroom/ask-a-digital-historian/25219,/digital-classroom/ask-a-digital-historian/surfing-the-web-successfully/,alias,25219,digital-classroom/ask-a-digital-historian/surfing-the-web-successfully.md,matched,
/digital-classroom/ask-a-digital-historian/25221,/digital-classroom/ask-a-digital-historian/keepvid/,alias,25221,digital-classroom/ask-a-digital-historian/keepvid.md,matched,
/digital-classroom/ask-a-digital-historian/25587,/digital-classroom/ask-a-digital-historian/crafting-digital-stories/,alias,25587,digital-classroom/ask-a-digital-historian/crafting-digital-stories.md,matched,
/digital-classroom/ask-a-digital-historian/25612,/digital-classroom/ask-a-digital-historian/digital-tools-outfitting-a-teachers-arsenal/,alias,25612,digital-classroom/ask-a-digital-historian/digital-tools-outfitting-a-teachers-arsenal.md,matched,
/digital-classroom/beyond-the-chalkboard/24152,/digital-classroom/beyond-the-chalkboard/using-facebook-to-engage-with-historical-figures/,alias,24152,digital-classroom/beyond-the-chalkboard/using-facebook-to-engage-with-historical-figures.md,matched,
/digital-classroom/beyond-the-chalkboard/24158,/digital-classroom/beyond-the-chalkboard/zoom-in-inquiry/,alias,24158,digital-classroom/beyond-the-chalkboard/zoom-in-inquiry.md,matched,
/digital-classroom/beyond-the-chalkboard/24161,/digital-classroom/beyond-the-chalkboard/using-skype-in-the-classroom/,alias,24161,digital-classroom/beyond-the-chalkboard/using-skype-in-the-classroom.md,matched,
/digital-classroom/beyond-the-chalkboard/24162,/digital-classroom/beyond-the-chalkboard/twitter-in-large-classrooms/,alias,24162,digital-classroom/beyond-the-chalkboard/twitter-in-large-classrooms.md,matched,
/digital-classroom/beyond-the-chalkboard/24163,/digital-classroom/beyond-the-chalkboard/whiteboard-basics/,alias,24163,digital-classroom/beyond-the-chalkboard/whiteboard-basics.md,matched,
/digital-classroom/beyond-the-chalkboard/24165,/digital-classroom/beyond-the-chalkboard/advanced-whiteboard-techniques/,alias,24165,digital-classroom/beyond-the-chalkboard/advanced-whiteboard-techniques.md,matched,
/digital-classroom/beyond-the-chalkboard/24167,/digital-classroom/beyond-the-chalkboard/whiteboards-and-the-youngest-children/,alias,24167,digital-classroom/beyond-the-chalkboard/whiteboards-and-the-youngest-children.md,matched,
/digital-classroom/beyond-the-chalkboard/24168,/digital-classroom/beyond-the-chalkboard/introduction-to-google-docs/,alias,24168,digital-classroom/beyond-the-chalkboard/introduction-to-google-docs.md,matched,
/digital-classroom/beyond-the-chalkboard/24169,/digital-classroom/beyond-the-chalkboard/digital-storytelling-in-the-classroom/,alias,24169,digital-classroom/beyond-the-chalkboard/digital-storytelling-in-the-classroom.md,matched,
/digital-classroom/beyond-the-chalkboard/24589,/digital-classroom/beyond-the-chalkboard/voicethread-in-a-1st-grade-classroom/,alias,24589,digital-classroom/beyond-the-chalkboard/voicethread-in-a-1st-grade-classroom.md,matched,
/digital-classroom/beyond-the-chalkboard/25163,/digital-classroom/beyond-the-chalkboard/crosscurricular-multimedia-ap-us-history-and-govt-classes-collaborate/,alias,25163,digital-classroom/beyond-the-chalkboard/crosscurricular-multimedia-ap-us-history-and-govt-classes-collaborate.md,matched,
/digital-classroom/beyond-the-chalkboard/25448,/digital-classroom/beyond-the-chalkboard/choose-your-own-adventure-videos/,alias,25448,digital-classroom/beyond-the-chalkboard/choose-your-own-adventure-videos.md,matched,
/digital-classroom/beyond-the-chalkboard/25640,/digital-classroom/beyond-the-chalkboard/recording-experiences-with-first-graders/,alias,25640,digital-classroom/beyond-the-chalkboard/recording-experiences-with-first-graders.md,matched,
/digital-classroom/beyond-the-chalkboard/25781,/digital-classroom/beyond-the-chalkboard/analyzing-campaign-commercials/,alias,25781,digital-classroom/beyond-the-chalkboard/analyzing-campaign-commercials.md,matched,
/digital-classroom/beyond-the-chalkboard/25783,/digital-classroom/beyond-the-chalkboard/creating-campaign-commercials/,alias,25783,digital-classroom/beyond-the-chalkboard/creating-campaign-commercials.md,matched,
/digital-classroom/tech-for-teachers/14585,/digital-classroom/tech-for-teachers/zotero/,alias,14585,digital-classroom/tech-for-teachers/zotero.md,matched,
/digital-classroom/tech-for-teachers/14586,/digital-classroom/tech-for-teachers/google-docs/,alias,14586,digital-classroom/tech-for-teachers/google-docs.md,matched,
/digital-classroom/tech-for-teachers/14587,/digital-classroom/tech-for-teachers/primaryaccess/,alias,14587,digital-classroom/tech-for-teachers/primaryaccess.md,matched,
/digital-classroom/tech-for-teachers/14588,/digital-classroom/tech-for-teachers/social-explorer/,alias,14588,digital-classroom/tech-for-teachers/social-explorer.md,matched,
/digital-classroom/tech-for-teachers/14589,/digital-classroom/tech-for-teachers/web-poster-wizard/,alias,14589,digital-classroom/tech-for-teachers/web-poster-wizard.md,matched,
/digital-classroom/tech-for-teachers/14590,/digital-classroom/tech-for-teachers/blogs/,alias,14590,digital-classroom/tech-for-teachers/blogs.md,matched,
/digital-classroom/tech-for-teachers/14592,/digital-classroom/tech-for-teachers/wikis/,alias,14592,digital-classroom/tech-for-teachers/wikis.md,matched,
/digital-classroom/tech-for-teachers/20674,/digital-classroom/tech-for-teachers/ning/,alias,20674,digital-classroom/tech-for-teachers/ning.md,matched,
/digital-classroom/tech-for-teachers/20693,/digital-classroom/tech-for-teachers/slideshare/,alias,20693,digital-classroom/tech-for-teachers/slideshare.md,matched,
/digital-classroom/tech-for-teachers/20697,/digital-classroom/tech-for-teachers/rss/,alias,20697,digital-classroom/tech-for-teachers/rss.md,matched,
/digital-classroom/tech-for-teachers/20785,/digital-classroom/tech-for-teachers/wordle/,alias,20785,digital-classroom/tech-for-teachers/wordle.md,matched,
/digital-classroom/tech-for-teachers/21577,/digital-classroom/tech-for-teachers/whiteboards/,alias,21577,digital-classroom/tech-for-teachers/whiteboards.md,matched,
/digital-classroom/tech-for-teachers/21844,/digital-classroom/tech-for-teachers/voicethread/,alias,21844,digital-classroom/tech-for-teachers/voicethread.md,matched,
/digital-classroom/tech-for-teachers/21851,/digital-classroom/tech-for-teachers/twitter/,alias,21851,digital-classroom/tech-for-teachers/twitter.md,matched,
/digital-classroom/tech-for-teachers/23471,/digital-classroom/tech-for-teachers/diigo/,alias,23471,digital-classroom/tech-for-teachers/diigo.md,matched,
/digital-classroom/tech-for-teachers/23474,/digital-classroom/tech-for-teachers/facebook/,alias,23474,digital-classroom/tech-for-teachers/facebook.md,matched,
/digital-classroom/tech-for-teachers/23569,/digital-classroom/tech-for-teachers/skype/,alias,23569,digital-classroom/tech-for-teachers/skype.md,matched,
/digital-classroom/tech-for-teachers/23819,/digital-classroom/tech-for-teachers/weebly/,alias,23819,digital-classroom/tech-for-teachers/weebly.md,matched,
/digital-classroom/tech-for-teachers/23822,/digital-classroom/tech-for-teachers/search-engines/,alias,23822,digital-classroom/tech-for-teachers/search-engines.md,matched,
/digital-classroom/tech-for-teachers/24177,/digital-classroom/tech-for-teachers/mind-mapping-visualizing-historical-thought/,alias,24177,digital-classroom/tech-for-teachers/mind-mapping-visualizing-historical-thought.md,matched,
/digital-classroom/tech-for-teachers/24268,/digital-classroom/tech-for-teachers/docsteach/,alias,24268,digital-classroom/tech-for-teachers/docsteach.md,matched,
/digital-classroom/tech-for-teachers/24414,/digital-classroom/tech-for-teachers/document-cameras/,alias,24414,digital-classroom/tech-for-teachers/document-cameras.md,matched,
/digital-classroom/tech-for-teachers/24457,/digital-classroom/tech-for-teachers/prezi/,alias,24457,digital-classroom/tech-for-teachers/prezi.md,matched,
/digital-classroom/tech-for-teachers/24475,/digital-classroom/tech-for-teachers/scribblar/,alias,24475,digital-classroom/tech-for-teachers/scribblar.md,matched,
/digital-classroom/tech-for-teachers/24535,/digital-classroom/tech-for-teachers/lucidchart/,alias,24535,digital-classroom/tech-for-teachers/lucidchart.md,matched,
/digital-classroom/tech-for-teachers/24536,/digital-classroom/tech-for-teachers/animoto/,alias,24536,digital-classroom/tech-for-teachers/animoto.md,matched,
/digital-classroom/tech-for-teachers/24600,/digital-classroom/tech-for-teachers/flickr/,alias,24600,digital-classroom/tech-for-teachers/flickr.md,matched,
/digital-classroom/tech-for-teachers/24602,/digital-classroom/tech-for-teachers/little-bird-tales/,alias,24602,digital-classroom/tech-for-teachers/little-bird-tales.md,matched,
/digital-classroom/tech-for-teachers/24636,/digital-classroom/tech-for-teachers/padlet/,alias,24636,digital-classroom/tech-for-teachers/padlet.md,matched,
/digital-classroom/tech-for-teachers/24655,/digital-classroom/tech-for-teachers/voki/,alias,24655,digital-classroom/tech-for-teachers/voki.md,matched,
/digital-classroom/tech-for-teachers/24658,/digital-classroom/tech-for-teachers/google-maps/,alias,24658,digital-classroom/tech-for-teachers/google-maps.md,matched,
/digital-classroom/tech-for-teachers/24706,/digital-classroom/tech-for-teachers/google-earth/,alias,24706,digital-classroom/tech-for-teachers/google-earth.md,matched,
/digital-classroom/tech-for-teachers/24867,/digital-classroom/tech-for-teachers/youtube/,alias,24867,digital-classroom/tech-for-teachers/youtube.md,matched,
/digital-classroom/tech-for-teachers/24886,/digital-classroom/tech-for-teachers/newstrust/,alias,24886,digital-classroom/tech-for-teachers/newstrust.md,matched,
/digital-classroom/tech-for-teachers/24975,/digital-classroom/tech-for-teachers/do-i-have-a-right/,alias,24975,digital-classroom/tech-for-teachers/do-i-have-a-right.md,matched,
/digital-classroom/tech-for-teachers/25000,/digital-classroom/tech-for-teachers/vimeo/,alias,25000,digital-classroom/tech-for-teachers/vimeo.md,matched,
/digital-classroom/tech-for-teachers/25029,/digital-classroom/tech-for-teachers/surveymonkey/,alias,25029,digital-classroom/tech-for-teachers/surveymonkey.md,matched,
/digital-classroom/tech-for-teachers/25055,/digital-classroom/tech-for-teachers/glogster/,alias,25055,digital-classroom/tech-for-teachers/glogster.md,matched,
/digital-classroom/tech-for-teachers/25056,/digital-classroom/tech-for-teachers/creating-cartoons-pixton-toondoo/,alias,25056,digital-classroom/tech-for-teachers/creating-cartoons-pixton-toondoo.md,matched,
/digital-classroom/tech-for-teachers/25107,/digital-classroom/tech-for-teachers/popplet/,alias,25107,digital-classroom/tech-for-teachers/popplet.md,matched,
/digital-classroom/tech-for-teachers/25109,/digital-classroom/tech-for-teachers/learner-response-systems-clickers/,alias,25109,digital-classroom/tech-for-teachers/learner-response-systems-clickers.md,matched,
/digital-classroom/tech-for-teachers/25110,/digital-classroom/tech-for-teachers/google-forms/,alias,25110,digital-classroom/tech-for-teachers/google-forms.md,matched,
/digital-classroom/tech-for-teachers/25111,/digital-classroom/tech-for-teachers/mission-us-for-crown-or-colony/,alias,25111,digital-classroom/tech-for-teachers/mission-us-for-crown-or-colony.md,matched,
/digital-classroom/tech-for-teachers/25115,/digital-classroom/tech-for-teachers/omeka/,alias,25115,digital-classroom/tech-for-teachers/omeka.md,matched,
/digital-classroom/tech-for-teachers/25164,/digital-classroom/tech-for-teachers/dropbox/,alias,25164,digital-classroom/tech-for-teachers/dropbox.md,matched,
/digital-classroom/tech-for-teachers/25177,/digital-classroom/tech-for-teachers/kidblog/,alias,25177,digital-classroom/tech-for-teachers/kidblog.md,matched,
/digital-classroom/tech-for-teachers/25273,/digital-classroom/tech-for-teachers/cell-phones-as-classroom-tools/,alias,25273,digital-classroom/tech-for-teachers/cell-phones-as-classroom-tools.md,matched,
/digital-classroom/tech-for-teachers/25283,/digital-classroom/tech-for-teachers/imoviemovie-maker/,alias,25283,digital-classroom/tech-for-teachers/imoviemovie-maker.md,matched,
/digital-classroom/tech-for-teachers/25304,/digital-classroom/tech-for-teachers/cacoo/,alias,25304,digital-classroom/tech-for-teachers/cacoo.md,matched,
/digital-classroom/tech-for-teachers/25305,/digital-classroom/tech-for-teachers/ipadstablet-computers/,alias,25305,digital-classroom/tech-for-teachers/ipadstablet-computers.md,matched,
/digital-classroom/tech-for-teachers/25316,/digital-classroom/tech-for-teachers/google-for-teachers-a-guide-by-free-technology-for-teachers/,alias,25316,digital-classroom/tech-for-teachers/google-for-teachers-a-guide-by-free-technology-for-teachers.md,matched,
/digital-classroom/tech-for-teachers/25346,/digital-classroom/tech-for-teachers/whatwasthere/,alias,25346,digital-classroom/tech-for-teachers/whatwasthere.md,matched,
/digital-classroom/tech-for-teachers/25363,/digital-classroom/tech-for-teachers/evernote/,alias,25363,digital-classroom/tech-for-teachers/evernote.md,matched,
/digital-classroom/tech-for-teachers/25425,/digital-classroom/tech-for-teachers/edmodo/,alias,25425,digital-classroom/tech-for-teachers/edmodo.md,matched,
/digital-classroom/tech-for-teachers/25459,/digital-classroom/tech-for-teachers/printfriendly/,alias,25459,digital-classroom/tech-for-teachers/printfriendly.md,matched,
/digital-classroom/tech-for-teachers/25517,/digital-classroom/tech-for-teachers/livebinders/,alias,25517,digital-classroom/tech-for-teachers/livebinders.md,matched,
/digital-classroom/tech-for-teachers/25604,/digital-classroom/tech-for-teachers/iwitness/,alias,25604,digital-classroom/tech-for-teachers/iwitness.md,matched,
/digital-classroom/tech-for-teachers/25633,/digital-classroom/tech-for-teachers/moodle/,alias,25633,digital-classroom/tech-for-teachers/moodle.md,matched,
/digital-classroom/tech-for-teachers/25660,/digital-classroom/tech-for-teachers/social-pinboards/,alias,25660,digital-classroom/tech-for-teachers/social-pinboards.md,matched,
/digital-classroom/tech-for-teachers/25761,/digital-classroom/tech-for-teachers/group-text-messaging-tools/,alias,25761,digital-classroom/tech-for-teachers/group-text-messaging-tools.md,matched,
/digital-classroom/tech-for-teachers/25807,/digital-classroom/tech-for-teachers/win-the-white-house/,alias,25807,digital-classroom/tech-for-teachers/win-the-white-house.md,matched,
/digital-classroom/tech-for-teachers/25808,/digital-classroom/tech-for-teachers/thinglink/,alias,25808,digital-classroom/tech-for-teachers/thinglink.md,matched,
/digital-classroom/tech-for-teachers/25809,/digital-classroom/tech-for-teachers/myhistro/,alias,25809,digital-classroom/tech-for-teachers/myhistro.md,matched,
/digital-classroom/tech-for-teachers/25828,/digital-classroom/tech-for-teachers/edpuzzle/,alias,25828,digital-classroom/tech-for-teachers/edpuzzle.md,matched,
/digital-classroom/tech-for-teachers/25829,/digital-classroom/tech-for-teachers/poll-everywhere/,alias,25829,digital-classroom/tech-for-teachers/poll-everywhere.md,matched,
/digital-classroom/tech-for-teachers/25830,/digital-classroom/tech-for-teachers/historypin/,alias,25830,digital-classroom/tech-for-teachers/historypin.md,matched,
/digital-classroom/tech-for-teachers/25831,/digital-classroom/tech-for-teachers/neatline/,alias,25831,digital-classroom/tech-for-teachers/neatline.md,matched,
/digital-classroom/tech-for-teachers/25832,/digital-classroom/tech-for-teachers/canva/,alias,25832,digital-classroom/tech-for-teachers/canva.md,matched,
/digital-classroom/tech-for-teachers/25833,/digital-classroom/tech-for-teachers/commonlit/,alias,25833,digital-classroom/tech-for-teachers/commonlit.md,matched,
/digital-classroom/tech-for-teachers/25834,/digital-classroom/tech-for-teachers/sutori/,alias,25834,digital-classroom/tech-for-teachers/sutori.md,matched,
/digital-classroom/tech-for-teachers/25835,/digital-classroom/tech-for-teachers/timelinejs/,alias,25835,digital-classroom/tech-for-teachers/timelinejs.md,matched,
/digital-classroom/tech-for-teachers/25836,/digital-classroom/tech-for-teachers/chronozoom/,alias,25836,digital-classroom/tech-for-teachers/chronozoom.md,matched,
/elementary-quick-links,/elementary-quick-links/quick-links-for-elementary-school-teachers/,alias,24283,elementary-quick-links/quick-links-for-elementary-school-teachers.md,matched,
/elementary-school-intro,/page/elementary-introduction/,alias,24408,page/elementary-introduction.md,matched,
/high-quick-links,/high-quick-links/quick-links-for-high-school-teachers/,alias,24285,high-quick-links/quick-links-for-high-school-teachers.md,matched,
/high-school-intro,/page/high-school-introduction/,alias,24410,page/high-school-introduction.md,matched,
/historical-thinking-intro,/page/what-is-historical-thinking/,alias,24407,page/what-is-historical-thinking.md,matched,
/history-content/ask-a-historian/14557,/history-content/ask-a-historian/broadcasting-longevity/,alias,14557,history-content/ask-a-historian/broadcasting-longevity.md,matched,
/history-content/ask-a-historian/14559,/history-content/ask-a-historian/typical-in-the-1930s/,alias,14559,history-content/ask-a-historian/typical-in-the-1930s.md,matched,
/history-content/ask-a-historian/19227,/history-content/ask-a-historian/join-or-die/,alias,19227,history-content/ask-a-historian/join-or-die.md,matched,
/history-content/ask-a-historian/19263,/history-content/ask-a-historian/menu-for-the-first-thanksgiving/,alias,19263,history-content/ask-a-historian/menu-for-the-first-thanksgiving.md,matched,
/history-content/ask-a-historian/19423,/history-content/ask-a-historian/premonition-of-death/,alias,19423,history-content/ask-a-historian/premonition-of-death.md,matched,
/history-content/ask-a-historian/19424,/history-content/ask-a-historian/the-reason-behind-the-stars-and-bars/,alias,19424,history-content/ask-a-historian/the-reason-behind-the-stars-and-bars.md,matched,
/history-content/ask-a-historian/19436,/history-content/ask-a-historian/quantity-of-soldiersnot-quality-of-their-aimwon-battles/,alias,19436,history-content/ask-a-historian/quantity-of-soldiersnot-quality-of-their-aimwon-battles.md,matched,
/history-content/ask-a-historian/19442,/history-content/ask-a-historian/court-packing-controversies/,alias,19442,history-content/ask-a-historian/court-packing-controversies.md,matched,
/history-content/ask-a-historian/19497,/history-content/ask-a-historian/contradictions-in-john-fremonts-political-chart-of-the-us-1856/,alias,19497,history-content/ask-a-historian/contradictions-in-john-fremonts-political-chart-of-the-us-1856.md,matched,
/history-content/ask-a-historian/19530,/history-content/ask-a-historian/namesake-of-a-peacekeeper/,alias,19530,history-content/ask-a-historian/namesake-of-a-peacekeeper.md,matched,
/history-content/ask-a-historian/19547,/history-content/ask-a-historian/quoting-economic-policy/,alias,19547,history-content/ask-a-historian/quoting-economic-policy.md,matched,
/history-content/ask-a-historian/19821,/history-content/ask-a-historian/what-happened-to-the-fenians-after-1866/,alias,19821,history-content/ask-a-historian/what-happened-to-the-fenians-after-1866.md,matched,
/history-content/ask-a-historian/20309,/history-content/ask-a-historian/was-there-an-african-american-president-before-barack-obama/,alias,20309,history-content/ask-a-historian/was-there-an-african-american-president-before-barack-obama.md,matched,
/history-content/ask-a-historian/20343,/history-content/ask-a-historian/why-was-the-boston-tea-party-not-stopped-by-british-troops/,alias,20343,history-content/ask-a-historian/why-was-the-boston-tea-party-not-stopped-by-british-troops.md,matched,
/history-content/ask-a-historian/20348,/history-content/ask-a-historian/what-happened-to-the-royal-family-of-hawaii-after-the-us-took-over/,alias,20348,history-content/ask-a-historian/what-happened-to-the-royal-family-of-hawaii-after-the-us-took-over.md,matched,
/history-content/ask-a-historian/20402,/history-content/ask-a-historian/kitty-hawk-during-the-time-of-the-wright-brothers/,alias,20402,history-content/ask-a-historian/kitty-hawk-during-the-time-of-the-wright-brothers.md,matched,
/history-content/ask-a-historian/20431,/history-content/ask-a-historian/presidential-death-during-the-election-process/,alias,20431,history-content/ask-a-historian/presidential-death-during-the-election-process.md,matched,
/history-content/ask-a-historian/20494,/history-content/ask-a-historian/jewish-immigration-during-the-revolutionary-war/,alias,20494,history-content/ask-a-historian/jewish-immigration-during-the-revolutionary-war.md,matched,
/history-content/ask-a-historian/20632,/history-content/ask-a-historian/who-earned-a-medal-for-cutting-costs-by-starving-confederate-prisoners/,alias,20632,history-content/ask-a-historian/who-earned-a-medal-for-cutting-costs-by-starving-confederate-prisoners.md,matched,
/history-content/ask-a-historian/20657,/history-content/ask-a-historian/are-there-instances-of-raids-similar-to-the-boston-tea-party/,alias,20657,history-content/ask-a-historian/are-there-instances-of-raids-similar-to-the-boston-tea-party.md,matched,
/history-content/ask-a-historian/21573,/history-content/ask-a-historian/is-the-story-of-george-washington-and-the-colt-a-true-story/,alias,21573,history-content/ask-a-historian/is-the-story-of-george-washington-and-the-colt-a-true-story.md,matched,
/history-content/ask-a-historian/21576,/history-content/ask-a-historian/significant-changes-in-teaching-history-over-the-past-decade/,alias,21576,history-content/ask-a-historian/significant-changes-in-teaching-history-over-the-past-decade.md,matched,
/history-content/ask-a-historian/21810,/history-content/ask-a-historian/home-sales-during-the-great-depression/,alias,21810,history-content/ask-a-historian/home-sales-during-the-great-depression.md,matched,
/history-content/ask-a-historian/21861,/history-content/ask-a-historian/james-madisons-failed-amendments/,alias,21861,history-content/ask-a-historian/james-madisons-failed-amendments.md,matched,
/history-content/ask-a-historian/21914,/history-content/ask-a-historian/can-you-recommend-three-texts-on-historiography/,alias,21914,history-content/ask-a-historian/can-you-recommend-three-texts-on-historiography.md,matched,
/history-content/ask-a-historian/22205,/history-content/ask-a-historian/why-did-president-polk-want-war-with-mexico/,alias,22205,history-content/ask-a-historian/why-did-president-polk-want-war-with-mexico.md,matched,
/history-content/ask-a-historian/22245,/history-content/ask-a-historian/which-native-american-tribes-allied-themselves-with-the-french/,alias,22245,history-content/ask-a-historian/which-native-american-tribes-allied-themselves-with-the-french.md,matched,
/history-content/ask-a-historian/22270,/history-content/ask-a-historian/how-did-colonel-become-ker-nul/,alias,22270,history-content/ask-a-historian/how-did-colonel-become-ker-nul.md,matched,
/history-content/ask-a-historian/22329,/history-content/ask-a-historian/baptist-origins/,alias,22329,history-content/ask-a-historian/baptist-origins.md,matched,
/history-content/ask-a-historian/22435,/history-content/ask-a-historian/supreme-court-nominations/,alias,22435,history-content/ask-a-historian/supreme-court-nominations.md,matched,
/history-content/ask-a-historian/22481,/history-content/ask-a-historian/who-invented-the-telephone/,alias,22481,history-content/ask-a-historian/who-invented-the-telephone.md,matched,
/history-content/ask-a-historian/22517,/history-content/ask-a-historian/how-much-have-federal-census-takers-made-through-the-years/,alias,22517,history-content/ask-a-historian/how-much-have-federal-census-takers-made-through-the-years.md,matched,
/history-content/ask-a-historian/22693,/history-content/ask-a-historian/american-pows-in-japanese-captivity/,alias,22693,history-content/ask-a-historian/american-pows-in-japanese-captivity.md,matched,
/history-content/ask-a-historian/22894,/history-content/ask-a-historian/spain-in-the-american-revolution/,alias,22894,history-content/ask-a-historian/spain-in-the-american-revolution.md,matched,
/history-content/ask-a-historian/22895,/history-content/ask-a-historian/founding-documents/,alias,22895,history-content/ask-a-historian/founding-documents.md,matched,
/history-content/ask-a-historian/22927,/history-content/ask-a-historian/breaking-the-news-in-1900/,alias,22927,history-content/ask-a-historian/breaking-the-news-in-1900.md,matched,
/history-content/ask-a-historian/23438,/history-content/ask-a-historian/tennessees-social-studies-curriculum/,alias,23438,history-content/ask-a-historian/tennessees-social-studies-curriculum.md,matched,
/history-content/ask-a-historian/23441,/history-content/ask-a-historian/civil-war-peace-offers/,alias,23441,history-content/ask-a-historian/civil-war-peace-offers.md,matched,
/history-content/ask-a-historian/23448,/history-content/ask-a-historian/protestant-immigration-to-louisiana/,alias,23448,history-content/ask-a-historian/protestant-immigration-to-louisiana.md,matched,
/history-content/ask-a-historian/23453,/history-content/ask-a-historian/begging-leave-to-inform-the-publick/,alias,23453,history-content/ask-a-historian/begging-leave-to-inform-the-publick.md,matched,
/history-content/ask-a-historian/23456,/history-content/ask-a-historian/spanish-louisiana-vs-great-britain/,alias,23456,history-content/ask-a-historian/spanish-louisiana-vs-great-britain.md,matched,
/history-content/ask-a-historian/23464,/history-content/ask-a-historian/all-disquiet-on-the-western-front/,alias,23464,history-content/ask-a-historian/all-disquiet-on-the-western-front.md,matched,
/history-content/ask-a-historian/23472,/history-content/ask-a-historian/bostons-bloody-affray/,alias,23472,history-content/ask-a-historian/bostons-bloody-affray.md,matched,
/history-content/ask-a-historian/23489,/history-content/ask-a-historian/russian-ships-at-pearl-harbor/,alias,23489,history-content/ask-a-historian/russian-ships-at-pearl-harbor.md,matched,
/history-content/ask-a-historian/23559,/history-content/ask-a-historian/freedom-and-the-national-debt/,alias,23559,history-content/ask-a-historian/freedom-and-the-national-debt.md,matched,
/history-content/ask-a-historian/23652,/history-content/ask-a-historian/voting-rights-and-the-14th-amendment/,alias,23652,history-content/ask-a-historian/voting-rights-and-the-14th-amendment.md,matched,
/history-content/ask-a-historian/23741,/history-content/ask-a-historian/remember-the-alamo/,alias,23741,history-content/ask-a-historian/remember-the-alamo.md,matched,
/history-content/ask-a-historian/23771,/history-content/ask-a-historian/a-life-of-strenuous-endeavor/,alias,23771,history-content/ask-a-historian/a-life-of-strenuous-endeavor.md,matched,
/history-content/ask-a-historian/23796,/history-content/ask-a-historian/presidential-patent/,alias,23796,history-content/ask-a-historian/presidential-patent.md,matched,
/history-content/ask-a-historian/23797,/history-content/ask-a-historian/with-or-without-slavery/,alias,23797,history-content/ask-a-historian/with-or-without-slavery.md,matched,
/history-content/ask-a-historian/23799,/history-content/ask-a-historian/friendly-fire/,alias,23799,history-content/ask-a-historian/friendly-fire.md,matched,
/history-content/ask-a-historian/23821,/history-content/ask-a-historian/the-4th-estate-as-the-4th-branch/,alias,23821,history-content/ask-a-historian/the-4th-estate-as-the-4th-branch.md,matched,
/history-content/ask-a-historian/23823,/history-content/ask-a-historian/america-abroad/,alias,23823,history-content/ask-a-historian/america-abroad.md,matched,
/history-content/ask-a-historian/23835,/history-content/ask-a-historian/everyday-life-in-the-19th-century/,alias,23835,history-content/ask-a-historian/everyday-life-in-the-19th-century.md,matched,
/history-content/ask-a-historian/23840,/history-content/ask-a-historian/spy-in-a-petticoat/,alias,23840,history-content/ask-a-historian/spy-in-a-petticoat.md,matched,
/history-content/ask-a-historian/23848,/history-content/ask-a-historian/religious-orders-of-women-in-new-france/,alias,23848,history-content/ask-a-historian/religious-orders-of-women-in-new-france.md,matched,
/history-content/ask-a-historian/23852,/history-content/ask-a-historian/all-wrapped-up-in-the-flag/,alias,23852,history-content/ask-a-historian/all-wrapped-up-in-the-flag.md,matched,
/history-content/ask-a-historian/23926,/history-content/ask-a-historian/honest-abe/,alias,23926,history-content/ask-a-historian/honest-abe.md,matched,
/history-content/ask-a-historian/23927,/history-content/ask-a-historian/senatorial-division/,alias,23927,history-content/ask-a-historian/senatorial-division.md,matched,
/history-content/ask-a-historian/23928,/history-content/ask-a-historian/mundane-lives-and-extreme-adventures/,alias,23928,history-content/ask-a-historian/mundane-lives-and-extreme-adventures.md,matched,
/history-content/ask-a-historian/23929,/history-content/ask-a-historian/laboring-to-bring-forth-child-labor-statistics/,alias,23929,history-content/ask-a-historian/laboring-to-bring-forth-child-labor-statistics.md,matched,
/history-content/ask-a-historian/23930,/history-content/ask-a-historian/the-us-and-egypt-in-the-1950s/,alias,23930,history-content/ask-a-historian/the-us-and-egypt-in-the-1950s.md,matched,
/history-content/ask-a-historian/23931,/history-content/ask-a-historian/american-indian-women/,alias,23931,history-content/ask-a-historian/american-indian-women.md,matched,
/history-content/ask-a-historian/23932,/history-content/ask-a-historian/rock-paper-scissors/,alias,23932,history-content/ask-a-historian/rock-paper-scissors.md,matched,
/history-content/ask-a-historian/23933,/history-content/ask-a-historian/true-americans-in-the-cold-war/,alias,23933,history-content/ask-a-historian/true-americans-in-the-cold-war.md,matched,
/history-content/ask-a-historian/23934,/history-content/ask-a-historian/deserters-in-the-civil-war/,alias,23934,history-content/ask-a-historian/deserters-in-the-civil-war.md,matched,
/history-content/ask-a-historian/23935,/history-content/ask-a-historian/reagans-rising-tide/,alias,23935,history-content/ask-a-historian/reagans-rising-tide.md,matched,
/history-content/ask-a-historian/23936,/history-content/ask-a-historian/tips-to-trappers/,alias,23936,history-content/ask-a-historian/tips-to-trappers.md,matched,
/history-content/ask-a-historian/23937,/history-content/ask-a-historian/a-clear-shot-across-the-continent/,alias,23937,history-content/ask-a-historian/a-clear-shot-across-the-continent.md,matched,
/history-content/ask-a-historian/23947,/history-content/ask-a-historian/forebears-furniture/,alias,23947,history-content/ask-a-historian/forebears-furniture.md,matched,
/history-content/ask-a-historian/23950,/history-content/ask-a-historian/refugees-from-the-american-revolutionary-war/,alias,23950,history-content/ask-a-historian/refugees-from-the-american-revolutionary-war.md,matched,
/history-content/ask-a-historian/23951,/history-content/ask-a-historian/stonewall-jackson-and-the-battle-of-chancellorsville/,alias,23951,history-content/ask-a-historian/stonewall-jackson-and-the-battle-of-chancellorsville.md,matched,
/history-content/ask-a-historian/24088,/history-content/ask-a-historian/the-auto-industry-goes-to-war/,alias,24088,history-content/ask-a-historian/the-auto-industry-goes-to-war.md,matched,
/history-content/ask-a-historian/24090,/history-content/ask-a-historian/snuff-n-sniff/,alias,24090,history-content/ask-a-historian/snuff-n-sniff.md,matched,
/history-content/ask-a-historian/24091,/history-content/ask-a-historian/quebec-city-fire/,alias,24091,history-content/ask-a-historian/quebec-city-fire.md,matched,
/history-content/ask-a-historian/24092,/history-content/ask-a-historian/a-history-of-fundamentalism/,alias,24092,history-content/ask-a-historian/a-history-of-fundamentalism.md,matched,
/history-content/ask-a-historian/24093,/history-content/ask-a-historian/divided-loyalties/,alias,24093,history-content/ask-a-historian/divided-loyalties.md,matched,
/history-content/ask-a-historian/24094,/history-content/ask-a-historian/jefferson-versus-hamilton/,alias,24094,history-content/ask-a-historian/jefferson-versus-hamilton.md,matched,
/history-content/ask-a-historian/24095,/history-content/ask-a-historian/conococheague/,alias,24095,history-content/ask-a-historian/conococheague.md,matched,
/history-content/ask-a-historian/24097,/history-content/ask-a-historian/native-american-customs-of-childbirth/,alias,24097,history-content/ask-a-historian/native-american-customs-of-childbirth.md,matched,
/history-content/ask-a-historian/24098,/history-content/ask-a-historian/colonial-teenagers/,alias,24098,history-content/ask-a-historian/colonial-teenagers.md,matched,
/history-content/ask-a-historian/24099,/history-content/ask-a-historian/iroquois-and-the-founding-fathers/,alias,24099,history-content/ask-a-historian/iroquois-and-the-founding-fathers.md,matched,
/history-content/ask-a-historian/24100,/history-content/ask-a-historian/the-era-of-reform/,alias,24100,history-content/ask-a-historian/the-era-of-reform.md,matched,
/history-content/ask-a-historian/24101,/history-content/ask-a-historian/bank-notes-of-the-second-bank-of-the-united-states/,alias,24101,history-content/ask-a-historian/bank-notes-of-the-second-bank-of-the-united-states.md,matched,
/history-content/ask-a-historian/24106,/history-content/ask-a-historian/feminist-art/,alias,24106,history-content/ask-a-historian/feminist-art.md,matched,
/history-content/ask-a-historian/24107,/history-content/ask-a-historian/alternative-outcomes-of-world-war-ii/,alias,24107,history-content/ask-a-historian/alternative-outcomes-of-world-war-ii.md,matched,
/history-content/ask-a-historian/24113,/history-content/ask-a-historian/african-and-native-americans-in-colonial-and-revolutionary-times/,alias,24113,history-content/ask-a-historian/african-and-native-americans-in-colonial-and-revolutionary-times.md,matched,
/history-content/ask-a-historian/24117,/history-content/ask-a-historian/kentuckiana/,alias,24117,history-content/ask-a-historian/kentuckiana.md,matched,
/history-content/ask-a-historian/24120,/history-content/ask-a-historian/historians-defined/,alias,24120,history-content/ask-a-historian/historians-defined.md,matched,
/history-content/ask-a-historian/24121,/history-content/ask-a-historian/the-history-of-history/,alias,24121,history-content/ask-a-historian/the-history-of-history.md,matched,
/history-content/ask-a-historian/24170,/history-content/ask-a-historian/forty-acres-and-a-mule/,alias,24170,history-content/ask-a-historian/forty-acres-and-a-mule.md,matched,
/history-content/ask-a-historian/24172,/history-content/ask-a-historian/architectural-homage/,alias,24172,history-content/ask-a-historian/architectural-homage.md,matched,
/history-content/ask-a-historian/24185,/history-content/ask-a-historian/robert-gould-shaw/,alias,24185,history-content/ask-a-historian/robert-gould-shaw.md,matched,
/history-content/ask-a-historian/24242,/history-content/ask-a-historian/booths-reason-for-assassination/,alias,24242,history-content/ask-a-historian/booths-reason-for-assassination.md,matched,
/history-content/ask-a-historian/24254,/history-content/ask-a-historian/the-possible-path-of-barnard-bee/,alias,24254,history-content/ask-a-historian/the-possible-path-of-barnard-bee.md,matched,
/history-content/ask-a-historian/24265,/history-content/ask-a-historian/breaking-the-confederate-line-at-antietam/,alias,24265,history-content/ask-a-historian/breaking-the-confederate-line-at-antietam.md,matched,
/history-content/ask-a-historian/24267,/history-content/ask-a-historian/new-england-puritans/,alias,24267,history-content/ask-a-historian/new-england-puritans.md,matched,
/history-content/ask-a-historian/24275,/history-content/ask-a-historian/digitized-newspaper-archives/,alias,24275,history-content/ask-a-historian/digitized-newspaper-archives.md,matched,
/history-content/ask-a-historian/24287,/history-content/ask-a-historian/fine-line-between-thief-and-entrepreneur/,alias,24287,history-content/ask-a-historian/fine-line-between-thief-and-entrepreneur.md,matched,
/history-content/ask-a-historian/24290,/history-content/ask-a-historian/trailing-lewis-and-clark/,alias,24290,history-content/ask-a-historian/trailing-lewis-and-clark.md,matched,
/history-content/ask-a-historian/24297,/history-content/ask-a-historian/east-st-louis-massacre/,alias,24297,history-content/ask-a-historian/east-st-louis-massacre.md,matched,
/history-content/ask-a-historian/24306,/history-content/ask-a-historian/trade-routes-and-emerging-colonial-economies/,alias,24306,history-content/ask-a-historian/trade-routes-and-emerging-colonial-economies.md,matched,
/history-content/ask-a-historian/24321,/history-content/ask-a-historian/martha-ballard/,alias,24321,history-content/ask-a-historian/martha-ballard.md,matched,
/history-content/ask-a-historian/24322,/history-content/ask-a-historian/old-political-cartoons/,alias,24322,history-content/ask-a-historian/old-political-cartoons.md,matched,
/history-content/ask-a-historian/24324,/history-content/ask-a-historian/understanding-and-appreciating-wwii-veterans/,alias,24324,history-content/ask-a-historian/understanding-and-appreciating-wwii-veterans.md,matched,
/history-content/ask-a-historian/24379,/history-content/ask-a-historian/history-of-the-occult-in-america/,alias,24379,history-content/ask-a-historian/history-of-the-occult-in-america.md,matched,
/history-content/ask-a-historian/24390,/history-content/ask-a-historian/intertwined-development-railroads-and-political-parties/,alias,24390,history-content/ask-a-historian/intertwined-development-railroads-and-political-parties.md,matched,
/history-content/ask-a-historian/24391,/history-content/ask-a-historian/lone-wolf-v-hitchcock/,alias,24391,history-content/ask-a-historian/lone-wolf-v-hitchcock.md,matched,
/history-content/ask-a-historian/24404,/history-content/ask-a-historian/burr-hamilton-duel/,alias,24404,history-content/ask-a-historian/burr-hamilton-duel.md,matched,
/history-content/ask-a-historian/24411,/history-content/ask-a-historian/the-disaster-of-innovation/,alias,24411,history-content/ask-a-historian/the-disaster-of-innovation.md,matched,
/history-content/ask-a-historian/24413,/history-content/ask-a-historian/great-expectations-for-the-civil-war/,alias,24413,history-content/ask-a-historian/great-expectations-for-the-civil-war.md,matched,
/history-content/ask-a-historian/24415,/history-content/ask-a-historian/taxation-to-revolution/,alias,24415,history-content/ask-a-historian/taxation-to-revolution.md,matched,
/history-content/ask-a-historian/24420,/history-content/ask-a-historian/union-cavalry/,alias,24420,history-content/ask-a-historian/union-cavalry.md,matched,
/history-content/ask-a-historian/24422,/history-content/ask-a-historian/civil-rights-sit-in/,alias,24422,history-content/ask-a-historian/civil-rights-sit-in.md,matched,
/history-content/ask-a-historian/24441,/history-content/ask-a-historian/separation-of-church-and-state/,alias,24441,history-content/ask-a-historian/separation-of-church-and-state.md,matched,
/history-content/ask-a-historian/24451,/history-content/ask-a-historian/diversity-in-the-1920s/,alias,24451,history-content/ask-a-historian/diversity-in-the-1920s.md,matched,
/history-content/ask-a-historian/24455,/history-content/ask-a-historian/selling-a-slave/,alias,24455,history-content/ask-a-historian/selling-a-slave.md,matched,
/history-content/ask-a-historian/24459,/history-content/ask-a-historian/cold-war-wrestling-match/,alias,24459,history-content/ask-a-historian/cold-war-wrestling-match.md,matched,
/history-content/ask-a-historian/24467,/history-content/ask-a-historian/civilization-is-all-relative/,alias,24467,history-content/ask-a-historian/civilization-is-all-relative.md,matched,
/history-content/ask-a-historian/24468,/history-content/ask-a-historian/the-only-thing-we-have-to-fear-is-fear-itself/,alias,24468,history-content/ask-a-historian/the-only-thing-we-have-to-fear-is-fear-itself.md,matched,
/history-content/ask-a-historian/24470,/history-content/ask-a-historian/innovation-and-technology-in-the-19th-century/,alias,24470,history-content/ask-a-historian/innovation-and-technology-in-the-19th-century.md,matched,
/history-content/ask-a-historian/24484,/history-content/ask-a-historian/dissent-in-the-ranks/,alias,24484,history-content/ask-a-historian/dissent-in-the-ranks.md,matched,
/history-content/ask-a-historian/24489,/history-content/ask-a-historian/tax-rates-of-the-mid-20th-century/,alias,24489,history-content/ask-a-historian/tax-rates-of-the-mid-20th-century.md,matched,
/history-content/ask-a-historian/24501,/history-content/ask-a-historian/the-ways-west/,alias,24501,history-content/ask-a-historian/the-ways-west.md,matched,
/history-content/ask-a-historian/24525,/history-content/ask-a-historian/keep-your-top-eye-open/,alias,24525,history-content/ask-a-historian/keep-your-top-eye-open.md,matched,
/history-content/ask-a-historian/24553,/history-content/ask-a-historian/clinical-experiences/,alias,24553,history-content/ask-a-historian/clinical-experiences.md,matched,
/history-content/ask-a-historian/24597,/history-content/ask-a-historian/animating-the-home-front/,alias,24597,history-content/ask-a-historian/animating-the-home-front.md,matched,
/history-content/ask-a-historian/24601,/history-content/ask-a-historian/roosevelts-tree-army/,alias,24601,history-content/ask-a-historian/roosevelts-tree-army.md,matched,
/history-content/ask-a-historian/24603,/history-content/ask-a-historian/on-telegrams-and-telephone-calls/,alias,24603,history-content/ask-a-historian/on-telegrams-and-telephone-calls.md,matched,
/history-content/ask-a-historian/24613,/history-content/ask-a-historian/on-gendering-the-constitution/,alias,24613,history-content/ask-a-historian/on-gendering-the-constitution.md,matched,
/history-content/ask-a-historian/24618,/history-content/ask-a-historian/divided-allegiance/,alias,24618,history-content/ask-a-historian/divided-allegiance.md,matched,
/history-content/ask-a-historian/24634,/history-content/ask-a-historian/black-confederates/,alias,24634,history-content/ask-a-historian/black-confederates.md,matched,
/history-content/ask-a-historian/24635,/history-content/ask-a-historian/black-robed-regiment/,alias,24635,history-content/ask-a-historian/black-robed-regiment.md,matched,
/history-content/ask-a-historian/24657,/history-content/ask-a-historian/in-pursuit-of-freedom/,alias,24657,history-content/ask-a-historian/in-pursuit-of-freedom.md,matched,
/history-content/ask-a-historian/24671,/history-content/ask-a-historian/american-resistance-to-a-standing-army/,alias,24671,history-content/ask-a-historian/american-resistance-to-a-standing-army.md,matched,
/history-content/ask-a-historian/25010,/history-content/ask-a-historian/john-adams-great-or-not/,alias,25010,history-content/ask-a-historian/john-adams-great-or-not.md,matched,
/history-content/ask-a-historian/25036,/history-content/ask-a-historian/us-naval-power-1775-1815/,alias,25036,history-content/ask-a-historian/us-naval-power-1775-1815.md,matched,
/history-content/ask-a-historian/25037,/history-content/ask-a-historian/industrializing-women/,alias,25037,history-content/ask-a-historian/industrializing-women.md,matched,
/history-content/ask-a-historian/25038,/history-content/ask-a-historian/slavery-in-wyoming/,alias,25038,history-content/ask-a-historian/slavery-in-wyoming.md,matched,
/history-content/ask-a-historian/25079,/history-content/ask-a-historian/americas-shifting-western-frontier/,alias,25079,history-content/ask-a-historian/americas-shifting-western-frontier.md,matched,
/history-content/ask-a-historian/25094,/history-content/ask-a-historian/tippecanoe-and-walking-canes-too/,alias,25094,history-content/ask-a-historian/tippecanoe-and-walking-canes-too.md,matched,
/history-content/ask-a-historian/25098,/history-content/ask-a-historian/the-memphis-belle/,alias,25098,history-content/ask-a-historian/the-memphis-belle.md,matched,
/history-content/ask-a-historian/25165,/history-content/ask-a-historian/andrew-johnson-and-impeachment/,alias,25165,history-content/ask-a-historian/andrew-johnson-and-impeachment.md,matched,
/history-content/ask-a-historian/25222,/history-content/ask-a-historian/silverites-populists-and-the-movement-for-free-silver/,alias,25222,history-content/ask-a-historian/silverites-populists-and-the-movement-for-free-silver.md,matched,
/history-content/ask-a-historian/25223,/history-content/ask-a-historian/civil-war-convicts-unraveling-a-misconception/,alias,25223,history-content/ask-a-historian/civil-war-convicts-unraveling-a-misconception.md,matched,
/history-content/ask-a-historian/25224,/history-content/ask-a-historian/gettysburg-turning-point-or-a-small-stepping-stone-to-victory/,alias,25224,history-content/ask-a-historian/gettysburg-turning-point-or-a-small-stepping-stone-to-victory.md,matched,
/history-content/ask-a-historian/25244,/history-content/ask-a-historian/mapping-primary-and-secondary-sources/,alias,25244,history-content/ask-a-historian/mapping-primary-and-secondary-sources.md,matched,
/history-content/ask-a-historian/25245,/history-content/ask-a-historian/the-american-civil-war-total-or-just/,alias,25245,history-content/ask-a-historian/the-american-civil-war-total-or-just.md,matched,
/history-content/ask-a-historian/25268,/history-content/ask-a-historian/cause-and-effect-the-outbreak-of-world-war-ii/,alias,25268,history-content/ask-a-historian/cause-and-effect-the-outbreak-of-world-war-ii.md,matched,
/history-content/ask-a-historian/25269,/history-content/ask-a-historian/what-if-reexamining-the-american-revolution/,alias,25269,history-content/ask-a-historian/what-if-reexamining-the-american-revolution.md,matched,
/history-content/ask-a-historian/25373,/history-content/ask-a-historian/the-fighting-canadiens/,alias,25373,history-content/ask-a-historian/the-fighting-canadiens.md,matched,
/history-content/ask-a-historian/25374,/history-content/ask-a-historian/the-proclamation-of-1763/,alias,25374,history-content/ask-a-historian/the-proclamation-of-1763.md,matched,
/history-content/ask-a-historian/25447,/history-content/ask-a-historian/the-new-world-a-stage-for-cultural-interaction/,alias,25447,history-content/ask-a-historian/the-new-world-a-stage-for-cultural-interaction.md,matched,
/history-content/ask-a-historian/25470,/history-content/ask-a-historian/texas-and-mexico-centers-for-cultural-collision/,alias,25470,history-content/ask-a-historian/texas-and-mexico-centers-for-cultural-collision.md,matched,
/history-content/ask-a-historian/25489,/history-content/ask-a-historian/the-standardization-of-american-english/,alias,25489,history-content/ask-a-historian/the-standardization-of-american-english.md,matched,
/history-content/ask-a-historian/25502,/history-content/ask-a-historian/manifest-destiny-creating-an-american-identity/,alias,25502,history-content/ask-a-historian/manifest-destiny-creating-an-american-identity.md,matched,
/history-content/ask-a-historian/25510,/history-content/ask-a-historian/success-and-failure-in-the-new-world/,alias,25510,history-content/ask-a-historian/success-and-failure-in-the-new-world.md,matched,
/history-content/ask-a-historian/25571,/history-content/ask-a-historian/instigating-a-ban-on-spirituous-liquors/,alias,25571,history-content/ask-a-historian/instigating-a-ban-on-spirituous-liquors.md,matched,
/history-content/ask-a-historian/25577,/history-content/ask-a-historian/slavery-in-colonial-british-north-america/,alias,25577,history-content/ask-a-historian/slavery-in-colonial-british-north-america.md,matched,
/history-content/ask-a-historian/25629,/history-content/ask-a-historian/little-wolf-and-president-grant/,alias,25629,history-content/ask-a-historian/little-wolf-and-president-grant.md,matched,
/history-content/ask-a-historian/25644,/history-content/ask-a-historian/the-cradle-of-america/,alias,25644,history-content/ask-a-historian/the-cradle-of-america.md,matched,
/history-content/ask-a-historian/25645,/history-content/ask-a-historian/the-many-faces-of-immigration/,alias,25645,history-content/ask-a-historian/the-many-faces-of-immigration.md,matched,
/history-content/ask-a-historian/25650,/history-content/ask-a-historian/bleeding-kansas/,alias,25650,history-content/ask-a-historian/bleeding-kansas.md,matched,
/history-content/ask-a-historian/25652,/history-content/ask-a-historian/a-trail-of-4000-tears/,alias,25652,history-content/ask-a-historian/a-trail-of-4000-tears.md,matched,
/history-content/ask-a-historian/25655,/history-content/ask-a-historian/you-must-be-this-old-to-govern/,alias,25655,history-content/ask-a-historian/you-must-be-this-old-to-govern.md,matched,
/history-content/ask-a-historian/25668,/history-content/ask-a-historian/introducing-taxation/,alias,25668,history-content/ask-a-historian/introducing-taxation.md,matched,
/history-content/ask-a-historian/25687,/history-content/ask-a-historian/whites-of-their-eyes/,alias,25687,history-content/ask-a-historian/whites-of-their-eyes.md,matched,
/history-content/ask-a-historian/25698,/history-content/ask-a-historian/decisive-battles-in-the-war-of-independence/,alias,25698,history-content/ask-a-historian/decisive-battles-in-the-war-of-independence.md,matched,
/history-content/ask-a-historian/25716,/history-content/ask-a-historian/the-origins-of-the-service-flag/,alias,25716,history-content/ask-a-historian/the-origins-of-the-service-flag.md,matched,
/history-content/ask-a-historian/25752,/history-content/ask-a-historian/defining-dred-scott/,alias,25752,history-content/ask-a-historian/defining-dred-scott.md,matched,
/history-content/ask-a-historian/25753,/history-content/ask-a-historian/on-a-mission-junipero-serra-in-new-spain/,alias,25753,history-content/ask-a-historian/on-a-mission-junipero-serra-in-new-spain.md,matched,
/history-content/ask-a-historian/25754,/history-content/ask-a-historian/families-on-the-farm/,alias,25754,history-content/ask-a-historian/families-on-the-farm.md,matched,
/history-content/ask-a-historian/25764,/history-content/ask-a-historian/the-gaming-evolution/,alias,25764,history-content/ask-a-historian/the-gaming-evolution.md,matched,
/history-content/ask-a-historian/25769,/history-content/ask-a-historian/hawaiian-statehood/,alias,25769,history-content/ask-a-historian/hawaiian-statehood.md,matched,
/history-content/beyond-the-textbook/23904,/history-content/beyond-the-textbook/slavery/,alias,23905,history-content/beyond-the-textbook/slavery.md,matched,
/history-content/beyond-the-textbook/23905,/history-content/beyond-the-textbook/slavery/,alias,23905,history-content/beyond-the-textbook/slavery.md,matched,
/history-content/beyond-the-textbook/23911,/history-content/beyond-the-textbook/causing-the-civil-war/,alias,23912,history-content/beyond-the-textbook/causing-the-civil-war.md,matched,
/history-content/beyond-the-textbook/23912,/history-content/beyond-the-textbook/causing-the-civil-war/,alias,23912,history-content/beyond-the-textbook/causing-the-civil-war.md,matched,
/history-content/beyond-the-textbook/23918,/history-content/beyond-the-textbook/huey-long/,alias,23919,history-content/beyond-the-textbook/huey-long.md,matched,
/history-content/beyond-the-textbook/23919,/history-content/beyond-the-textbook/huey-long/,alias,23919,history-content/beyond-the-textbook/huey-long.md,matched,
/history-content/beyond-the-textbook/23923,/history-content/beyond-the-textbook/coal-and-the-industrial-revolution/,alias,23923,history-content/beyond-the-textbook/coal-and-the-industrial-revolution.md,matched,
/history-content/beyond-the-textbook/23924,/history-content/beyond-the-textbook/coal-and-the-industrial-revolution/,alias,23923,history-content/beyond-the-textbook/coal-and-the-industrial-revolution.md,matched,
/history-content/beyond-the-textbook/24073,/history-content/beyond-the-textbook/rise-of-the-automobile/,alias,24073,history-content/beyond-the-textbook/rise-of-the-automobile.md,matched,
/history-content/beyond-the-textbook/24074,/history-content/beyond-the-textbook/rise-of-the-automobile/,alias,24073,history-content/beyond-the-textbook/rise-of-the-automobile.md,matched,
/history-content/beyond-the-textbook/24124,/history-content/beyond-the-textbook/womens-reform-movement/,alias,24124,history-content/beyond-the-textbook/womens-reform-movement.md,matched,
/history-content/beyond-the-textbook/24125,/history-content/beyond-the-textbook/womens-reform-movement/,alias,24124,history-content/beyond-the-textbook/womens-reform-movement.md,matched,
/history-content/beyond-the-textbook/24126,/history-content/beyond-the-textbook/denmark-vesey/,alias,24126,history-content/beyond-the-textbook/denmark-vesey.md,matched,
/history-content/beyond-the-textbook/24127,/history-content/beyond-the-textbook/denmark-vesey/,alias,24126,history-content/beyond-the-textbook/denmark-vesey.md,matched,
/history-content/beyond-the-textbook/24181,/history-content/beyond-the-textbook/the-tet-offensive/,alias,24184,history-content/beyond-the-textbook/the-tet-offensive.md,matched,
/history-content/beyond-the-textbook/24184,/history-content/beyond-the-textbook/the-tet-offensive/,alias,24184,history-content/beyond-the-textbook/the-tet-offensive.md,matched,
/history-content/beyond-the-textbook/24317,/history-content/beyond-the-textbook/modern-civil-rights-movement/,alias,24318,history-content/beyond-the-textbook/modern-civil-rights-movement.md,matched,
/history-content/beyond-the-textbook/24318,/history-content/beyond-the-textbook/modern-civil-rights-movement/,alias,24318,history-content/beyond-the-textbook/modern-civil-rights-movement.md,matched,
/history-content/beyond-the-textbook/24578,/history-content/beyond-the-textbook/panic-of-1873/,alias,24579,history-content/beyond-the-textbook/panic-of-1873.md,matched,
/history-content/beyond-the-textbook/24579,/history-content/beyond-the-textbook/panic-of-1873/,alias,24579,history-content/beyond-the-textbook/panic-of-1873.md,matched,
/history-content/beyond-the-textbook/24691,/history-content/beyond-the-textbook/jim-crow-segregation-the-difficult-and-anti-democratic-work-of-white-supremacy/,alias,24693,history-content/beyond-the-textbook/jim-crow-segregation-the-difficult-and-anti-democratic-work-of-white-supremacy.md,matched,
/history-content/beyond-the-textbook/24693,/history-content/beyond-the-textbook/jim-crow-segregation-the-difficult-and-anti-democratic-work-of-white-supremacy/,alias,24693,history-content/beyond-the-textbook/jim-crow-segregation-the-difficult-and-anti-democratic-work-of-white-supremacy.md,matched,
/history-content/beyond-the-textbook/25058,/history-content/beyond-the-textbook/20th-century-jewish-immigration/,alias,25059,history-content/beyond-the-textbook/20th-century-jewish-immigration.md,matched,
/history-content/beyond-the-textbook/25059,/history-content/beyond-the-textbook/20th-century-jewish-immigration/,alias,25059,history-content/beyond-the-textbook/20th-century-jewish-immigration.md,matched,
/history-content/beyond-the-textbook/25455,/history-content/beyond-the-textbook/labor-and-trade-in-colonial-america/,alias,25456,history-content/beyond-the-textbook/labor-and-trade-in-colonial-america.md,matched,
/history-content/beyond-the-textbook/25456,/history-content/beyond-the-textbook/labor-and-trade-in-colonial-america/,alias,25456,history-content/beyond-the-textbook/labor-and-trade-in-colonial-america.md,matched,
/history-content/beyond-the-textbook/25478,/history-content/beyond-the-textbook/john-browns-raid/,alias,25478,history-content/beyond-the-textbook/john-browns-raid.md,matched,
/history-content/beyond-the-textbook/25479,/history-content/beyond-the-textbook/john-browns-raid/,alias,25478,history-content/beyond-the-textbook/john-browns-raid.md,matched,
/history-content/beyond-the-textbook/25484,/history-content/beyond-the-textbook/the-atomic-bomb-hiroshima-and-nagasaki/,alias,25484,history-content/beyond-the-textbook/the-atomic-bomb-hiroshima-and-nagasaki.md,matched,
/history-content/beyond-the-textbook/25485,/history-content/beyond-the-textbook/the-atomic-bomb-hiroshima-and-nagasaki/,alias,25484,history-content/beyond-the-textbook/the-atomic-bomb-hiroshima-and-nagasaki.md,matched,
/history-content/beyond-the-textbook/25578,/history-content/beyond-the-textbook/the-early-conservation-movement/,alias,25578,history-content/beyond-the-textbook/the-early-conservation-movement.md,matched,
/history-content/beyond-the-textbook/25579,/history-content/beyond-the-textbook/the-early-conservation-movement/,alias,25578,history-content/beyond-the-textbook/the-early-conservation-movement.md,matched,
/history-content/beyond-the-textbook/25627,/history-content/beyond-the-textbook/causes-of-the-american-revolution/,alias,25627,history-content/beyond-the-textbook/causes-of-the-american-revolution.md,matched,
/history-content/beyond-the-textbook/25628,/history-content/beyond-the-textbook/causes-of-the-american-revolution/,alias,25627,history-content/beyond-the-textbook/causes-of-the-american-revolution.md,matched,
/history-content/beyond-the-textbook/25749,/history-content/beyond-the-textbook/girls-labor-and-leisure-in-the-progressive-era/,alias,25750,history-content/beyond-the-textbook/girls-labor-and-leisure-in-the-progressive-era.md,matched,
/history-content/beyond-the-textbook/25750,/history-content/beyond-the-textbook/girls-labor-and-leisure-in-the-progressive-era/,alias,25750,history-content/beyond-the-textbook/girls-labor-and-leisure-in-the-progressive-era.md,matched,
/history-content/national-resources/19183,/history-content/national-resources/library-of-congress/,alias,19183,history-content/national-resources/library-of-congress.md,matched,
/history-content/national-resources/19184,/history-content/national-resources/national-archives-and-records-administration/,alias,19184,history-content/national-resources/national-archives-and-records-administration.md,matched,
/history-content/national-resources/19185,/history-content/national-resources/preserve-america/,alias,19185,history-content/national-resources/preserve-america.md,matched,
/history-content/national-resources/19186,/history-content/national-resources/national-park-service/,alias,19186,history-content/national-resources/national-park-service.md,matched,
/history-content/national-resources/19187,/history-content/national-resources/military-history/,alias,19187,history-content/national-resources/military-history.md,matched,
/history-content/national-resources/19188,/history-content/national-resources/smithsonian/,alias,19188,history-content/national-resources/smithsonian.md,matched,
/history-content/national-resources/19189,/history-content/national-resources/us-holocaust-memorial-museum/,alias,19189,history-content/national-resources/us-holocaust-memorial-museum.md,matched,
/history-content/national-resources/19191,/history-content/national-resources/federal-judicial-center/,alias,19191,history-content/national-resources/federal-judicial-center.md,matched,
/history-content/national-resources/19195,/history-content/national-resources/us-senate-historical-office/,alias,19195,history-content/national-resources/us-senate-historical-office.md,matched,
/history-content/national-resources/19197,/history-content/national-resources/presidents-of-the-united-states/,alias,19197,history-content/national-resources/presidents-of-the-united-states.md,matched,
/history-content/national-resources/19198,/history-content/national-resources/federal-resources-for-educational-excellence/,alias,19198,history-content/national-resources/federal-resources-for-educational-excellence.md,matched,
/history-content/national-resources/19199,/history-content/national-resources/national-endowment-for-the-humanities/,alias,19199,history-content/national-resources/national-endowment-for-the-humanities.md,matched,
/history-content/national-resources/19200,/history-content/national-resources/national-oceanic-and-atmospheric-administration/,alias,19200,history-content/national-resources/national-oceanic-and-atmospheric-administration.md,matched,
/history-content/national-resources/19201,/history-content/national-resources/us-department-of-education/,alias,19201,history-content/national-resources/us-department-of-education.md,matched,
/history-content/national-resources/19228,/history-content/national-resources/us-house-of-representatives-office-of-the-clerk/,alias,19228,history-content/national-resources/us-house-of-representatives-office-of-the-clerk.md,matched,
/history-content/national-resources/21780,/history-content/national-resources/national-aeronautics-and-space-administration/,alias,21780,history-content/national-resources/national-aeronautics-and-space-administration.md,matched,
/history-content/national-resources/21781,/history-content/national-resources/social-security-administration/,alias,21781,history-content/national-resources/social-security-administration.md,matched,
/history-content/national-resources/21782,/history-content/national-resources/federal-aviation-administration/,alias,21782,history-content/national-resources/federal-aviation-administration.md,matched,
/history-content/national-resources/21784,/history-content/national-resources/national-institutes-of-health/,alias,21784,history-content/national-resources/national-institutes-of-health.md,matched,
/history-content/national-resources/21785,/history-content/national-resources/society-for-history-in-the-federal-government/,alias,21785,history-content/national-resources/society-for-history-in-the-federal-government.md,matched,
/history-content/national-resources/21919,/history-content/national-resources/government-printing-office/,alias,21919,history-content/national-resources/government-printing-office.md,matched,
/history-content/national-resources/21920,/history-content/national-resources/us-patent-and-trademark-office/,alias,21920,history-content/national-resources/us-patent-and-trademark-office.md,matched,
/history-content/national-resources/22405,/history-content/national-resources/us-navy/,alias,22405,history-content/national-resources/us-navy.md,matched,
/history-content/national-resources/22407,/history-content/national-resources/us-army/,alias,22407,history-content/national-resources/us-army.md,matched,
/history-content/national-resources/22462,/history-content/national-resources/us-coast-guard/,alias,22462,history-content/national-resources/us-coast-guard.md,matched,
/history-content/national-resources/22463,/history-content/national-resources/central-intelligence-agency/,alias,22463,history-content/national-resources/central-intelligence-agency.md,matched,
/history-content/national-resources/22464,/history-content/national-resources/national-atlas/,alias,22464,history-content/national-resources/national-atlas.md,matched,
/history-content/national-resources/22477,/history-content/national-resources/us-mint/,alias,22477,history-content/national-resources/us-mint.md,matched,
/history-content/national-resources/22483,/history-content/national-resources/us-air-force/,alias,22483,history-content/national-resources/us-air-force.md,matched,
/history-content/national-resources/22511,/history-content/national-resources/center-for-disease-control-and-prevention/,alias,22511,history-content/national-resources/center-for-disease-control-and-prevention.md,matched,
/history-content/national-resources/22518,/history-content/national-resources/us-marine-corps/,alias,22518,history-content/national-resources/us-marine-corps.md,matched,
/history-content/national-resources/22624,/history-content/national-resources/us-drug-enforcement-agency/,alias,22624,history-content/national-resources/us-drug-enforcement-agency.md,matched,
/history-content/national-resources/22625,/history-content/national-resources/us-geological-survey/,alias,22625,history-content/national-resources/us-geological-survey.md,matched,
/history-content/national-resources/22641,/history-content/national-resources/us-department-of-veterans-affairs/,alias,22641,history-content/national-resources/us-department-of-veterans-affairs.md,matched,
/history-content/national-resources/22692,/history-content/national-resources/us-census-bureau/,alias,22692,history-content/national-resources/us-census-bureau.md,matched,
/history-content/national-resources/22888,/history-content/national-resources/federal-judiciary/,alias,22888,history-content/national-resources/federal-judiciary.md,matched,
/history-content/national-resources/22889,/history-content/national-resources/bureau-of-alcohol-tobacco-firearms-and-explosives/,alias,22889,history-content/national-resources/bureau-of-alcohol-tobacco-firearms-and-explosives.md,matched,
/history-content/national-resources/22915,/history-content/national-resources/federal-highway-administration/,alias,22915,history-content/national-resources/federal-highway-administration.md,matched,
/history-content/national-resources/22916,/history-content/national-resources/los-alamos-national-laboratory/,alias,22916,history-content/national-resources/los-alamos-national-laboratory.md,matched,
/history-content/national-resources/22941,/history-content/national-resources/federal-trade-commission/,alias,22941,history-content/national-resources/federal-trade-commission.md,matched,
/history-content/national-resources/22942,/history-content/national-resources/indian-health-service/,alias,22942,history-content/national-resources/indian-health-service.md,matched,
/history-content/national-resources/22958,/history-content/national-resources/national-center-for-education-statistics/,alias,22958,history-content/national-resources/national-center-for-education-statistics.md,matched,
/history-content/national-resources/22962,/history-content/national-resources/selective-service-system/,alias,22962,history-content/national-resources/selective-service-system.md,matched,
/history-content/national-resources/23424,/history-content/national-resources/federal-emergency-management-agency/,alias,23424,history-content/national-resources/federal-emergency-management-agency.md,matched,
/history-content/national-resources/23425,/history-content/national-resources/us-fire-administration/,alias,23425,history-content/national-resources/us-fire-administration.md,matched,
/history-content/national-resources/23446,/history-content/national-resources/peace-corps/,alias,23446,history-content/national-resources/peace-corps.md,matched,
/history-content/national-resources/23447,/history-content/national-resources/students-abroad/,alias,23447,history-content/national-resources/students-abroad.md,matched,
/history-content/national-resources/23455,/history-content/national-resources/hirshhorn-museum-and-sculpture-garden/,alias,23455,history-content/national-resources/hirshhorn-museum-and-sculpture-garden.md,matched,
/history-content/national-resources/23457,/history-content/national-resources/national-postal-museum/,alias,23457,history-content/national-resources/national-postal-museum.md,matched,
/history-content/national-resources/23485,/history-content/national-resources/smithsonian-american-art-museum-and-renwick-gallery/,alias,23485,history-content/national-resources/smithsonian-american-art-museum-and-renwick-gallery.md,matched,
/history-content/national-resources/23486,/history-content/national-resources/national-museum-of-african-art/,alias,23486,history-content/national-resources/national-museum-of-african-art.md,matched,
/history-content/national-resources/23496,/history-content/national-resources/anacostia-community-museum/,alias,23496,history-content/national-resources/anacostia-community-museum.md,matched,
/history-content/national-resources/23497,/history-content/national-resources/smithsonian-cooper-hewitt-national-design-museum/,alias,23497,history-content/national-resources/smithsonian-cooper-hewitt-national-design-museum.md,matched,
/history-content/national-resources/23514,/history-content/national-resources/national-air-and-space-museum/,alias,23514,history-content/national-resources/national-air-and-space-museum.md,matched,
/history-content/national-resources/23516,/history-content/national-resources/national-museum-of-american-history/,alias,23516,history-content/national-resources/national-museum-of-american-history.md,matched,
/history-content/national-resources/23584,/history-content/national-resources/national-museum-of-the-american-indian/,alias,23584,history-content/national-resources/national-museum-of-the-american-indian.md,matched,
/history-content/national-resources/23588,/history-content/national-resources/national-museum-of-natural-history/,alias,23588,history-content/national-resources/national-museum-of-natural-history.md,matched,
/history-content/national-resources/23612,/history-content/national-resources/national-portrait-gallery/,alias,23612,history-content/national-resources/national-portrait-gallery.md,matched,
/history-content/national-resources/23630,/history-content/national-resources/voice-of-america/,alias,23630,history-content/national-resources/voice-of-america.md,matched,
/history-content/national-resources/23633,/history-content/national-resources/us-postal-service/,alias,23633,history-content/national-resources/us-postal-service.md,matched,
/history-content/national-resources/23637,/history-content/national-resources/tennessee-valley-authority/,alias,23637,history-content/national-resources/tennessee-valley-authority.md,matched,
/history-content/national-resources/23639,/history-content/national-resources/us-secret-service/,alias,23639,history-content/national-resources/us-secret-service.md,matched,
/history-content/national-resources/23668,/history-content/national-resources/small-business-association/,alias,23668,history-content/national-resources/small-business-association.md,matched,
/history-content/national-resources/23669,/history-content/national-resources/office-of-special-education-and-rehabilitative-services/,alias,23669,history-content/national-resources/office-of-special-education-and-rehabilitative-services.md,matched,
/history-content/national-resources/23677,/history-content/national-resources/supreme-court-of-the-united-states/,alias,23677,history-content/national-resources/supreme-court-of-the-united-states.md,matched,
/history-content/national-resources/23678,/history-content/national-resources/team-ships/,alias,23678,history-content/national-resources/team-ships.md,matched,
/history-content/national-resources/23720,/history-content/national-resources/national-agricultural-statistics-service/,alias,23720,history-content/national-resources/national-agricultural-statistics-service.md,matched,
/history-content/national-resources/23723,/history-content/national-resources/national-endowment-for-the-arts/,alias,23723,history-content/national-resources/national-endowment-for-the-arts.md,matched,
/history-content/national-resources/23784,/history-content/national-resources/national-institute-for-literacy/,alias,23784,history-content/national-resources/national-institute-for-literacy.md,matched,
/history-content/national-resources/23789,/history-content/national-resources/mine-safety-and-health-administration/,alias,23789,history-content/national-resources/mine-safety-and-health-administration.md,matched,
/history-content/national-resources/23800,/history-content/national-resources/bureau-of-labor-statistics/,alias,23800,history-content/national-resources/bureau-of-labor-statistics.md,matched,
/history-content/national-resources/23801,/history-content/national-resources/architect-of-the-capitol/,alias,23801,history-content/national-resources/architect-of-the-capitol.md,matched,
/history-content/national-resources/23824,/history-content/national-resources/bureau-of-justice-statistics/,alias,23824,history-content/national-resources/bureau-of-justice-statistics.md,matched,
/history-content/national-resources/24713,/history-content/national-resources/federal-reserve-board/,alias,24713,history-content/national-resources/federal-reserve-board.md,matched,
/history-content/national-resources/25298,/history-content/national-resources/advisory-council-on-historic-preservation/,alias,25298,history-content/national-resources/advisory-council-on-historic-preservation.md,matched,
/history-content/national-resources/25563,/history-content/national-resources/james-madison-memorial-fellowship-foundation/,alias,25563,history-content/national-resources/james-madison-memorial-fellowship-foundation.md,matched,
/history-content/national-resources/25605,/history-content/national-resources/us-fish-and-wildlife-service/,alias,25605,history-content/national-resources/us-fish-and-wildlife-service.md,matched,
/history-content/national-resources/25762,/history-content/national-resources/national-museum-of-african-american-history-and-culture/,alias,25762,history-content/national-resources/national-museum-of-african-american-history-and-culture.md,matched,
/history-content/quiz/24178,/history-content/quiz/playing-history/,alias,24178,history-content/quiz/playing-history.md,matched,
/history-content/quiz/24182,/history-content/quiz/early-american-artifacts/,alias,24182,history-content/quiz/early-american-artifacts.md,matched,
/history-content/quiz/24183,/history-content/quiz/exploration-and-innovation/,alias,24183,history-content/quiz/exploration-and-innovation.md,matched,
/history-content/quiz/24186,/history-content/quiz/back-to-school/,alias,24186,history-content/quiz/back-to-school.md,matched,
/history-content/quiz/24187,/history-content/quiz/europe-encounters-the-western-hemisphere/,alias,24187,history-content/quiz/europe-encounters-the-western-hemisphere.md,matched,
/history-content/quiz/24188,/history-content/quiz/discovering-christopher-columbus/,alias,24188,history-content/quiz/discovering-christopher-columbus.md,matched,
/history-content/quiz/24189,/history-content/quiz/constitution-day/,alias,24189,history-content/quiz/constitution-day.md,matched,
/history-content/quiz/24190,/history-content/quiz/teaching-the-20th/,alias,24190,history-content/quiz/teaching-the-20th.md,matched,
/history-content/quiz/24191,/history-content/quiz/when-whales-lit-the-world/,alias,24191,history-content/quiz/when-whales-lit-the-world.md,matched,
/history-content/quiz/24192,/history-content/quiz/classroom-glory/,alias,24192,history-content/quiz/classroom-glory.md,matched,
/history-content/quiz/24193,/history-content/quiz/stumbling-down-the-road-to-health/,alias,24193,history-content/quiz/stumbling-down-the-road-to-health.md,matched,
/history-content/quiz/24194,/history-content/quiz/column-a-and-column-b/,alias,24194,history-content/quiz/column-a-and-column-b.md,matched,
/history-content/quiz/24195,/history-content/quiz/a-mouldering-in-the-grave/,alias,24195,history-content/quiz/a-mouldering-in-the-grave.md,matched,
/history-content/quiz/24196,/history-content/quiz/celebrate-more-than-st-patrick/,alias,24196,history-content/quiz/celebrate-more-than-st-patrick.md,matched,
/history-content/quiz/24197,/history-content/quiz/fly-away-jim-crow/,alias,24197,history-content/quiz/fly-away-jim-crow.md,matched,
/history-content/quiz/24198,/history-content/quiz/go-west-young-woman/,alias,24198,history-content/quiz/go-west-young-woman.md,matched,
/history-content/quiz/24201,/history-content/quiz/the-many-roots-of-african-american-cooking/,alias,24201,history-content/quiz/the-many-roots-of-african-american-cooking.md,matched,
/history-content/quiz/24202,/history-content/quiz/presidential-valentines/,alias,24202,history-content/quiz/presidential-valentines.md,matched,
/history-content/quiz/24203,/history-content/quiz/theatre-of-the-people/,alias,24203,history-content/quiz/theatre-of-the-people.md,matched,
/history-content/quiz/24204,/history-content/quiz/monuments-to-a-dream-martin-luther-king-jr-memorials/,alias,24204,history-content/quiz/monuments-to-a-dream-martin-luther-king-jr-memorials.md,matched,
/history-content/quiz/24205,/history-content/quiz/history-of-hidden-killers-epidemics-in-america/,alias,24205,history-content/quiz/history-of-hidden-killers-epidemics-in-america.md,matched,
/history-content/quiz/24206,/history-content/quiz/american-personalities-uncle-sam-and-lady-liberty/,alias,24206,history-content/quiz/american-personalities-uncle-sam-and-lady-liberty.md,matched,
/history-content/quiz/24207,/history-content/quiz/turning-turtle-shipwrecks-and-disasters-at-sea/,alias,24207,history-content/quiz/turning-turtle-shipwrecks-and-disasters-at-sea.md,matched,
/history-content/quiz/24208,/history-content/quiz/dance-but-not-that-way/,alias,24208,history-content/quiz/dance-but-not-that-way.md,matched,
/history-content/quiz/24209,/history-content/quiz/alien-invasions/,alias,24209,history-content/quiz/alien-invasions.md,matched,
/history-content/quiz/24210,/history-content/quiz/yo-ho-ho-and-a-bushel-of-oysters/,alias,24210,history-content/quiz/yo-ho-ho-and-a-bushel-of-oysters.md,matched,
/history-content/quiz/24211,/history-content/quiz/we-the-people-rarely-agree/,alias,24211,history-content/quiz/we-the-people-rarely-agree.md,matched,
/history-content/quiz/24212,/history-content/quiz/united-we-stand-industry-and-famous-strikes/,alias,24212,history-content/quiz/united-we-stand-industry-and-famous-strikes.md,matched,
/history-content/quiz/24217,/history-content/quiz/first-ladies-firsts/,alias,24217,history-content/quiz/first-ladies-firsts.md,matched,
/history-content/quiz/24218,/history-content/quiz/fashion-maven/,alias,24218,history-content/quiz/fashion-maven.md,matched,
/history-content/quiz/24219,/history-content/quiz/a-culture-productive-of-infinite-wretchedness/,alias,24219,history-content/quiz/a-culture-productive-of-infinite-wretchedness.md,matched,
/history-content/quiz/24220,/history-content/quiz/dueling-logic/,alias,24220,history-content/quiz/dueling-logic.md,matched,
/history-content/quiz/24221,/history-content/quiz/voices-in-the-whirlwind/,alias,24221,history-content/quiz/voices-in-the-whirlwind.md,matched,
/history-content/quiz/24222,/history-content/quiz/as-american-as-mom/,alias,24222,history-content/quiz/as-american-as-mom.md,matched,
/history-content/quiz/24223,/history-content/quiz/pre-modern-pop-music/,alias,24223,history-content/quiz/pre-modern-pop-music.md,matched,
/history-content/quiz/24224,/history-content/quiz/textbook-twisters-salem-witch-trials/,alias,24224,history-content/quiz/textbook-twisters-salem-witch-trials.md,matched,
/history-content/quiz/24225,/history-content/quiz/presidential-moments-inaugural-addresses/,alias,24225,history-content/quiz/presidential-moments-inaugural-addresses.md,matched,
/history-content/quiz/24226,/history-content/quiz/presidential-moments-inauguration/,alias,24226,history-content/quiz/presidential-moments-inauguration.md,matched,
/history-content/quiz/24227,/history-content/quiz/presidential-moments-hail-to-the-chief-nicknames/,alias,24227,history-content/quiz/presidential-moments-hail-to-the-chief-nicknames.md,matched,
/history-content/quiz/24228,/history-content/quiz/potent-quotables-every-vote-counts/,alias,24228,history-content/quiz/potent-quotables-every-vote-counts.md,matched,
/history-content/quiz/24231,/history-content/quiz/american-myths-popular-music/,alias,24231,history-content/quiz/american-myths-popular-music.md,matched,
/history-content/quiz/24232,/history-content/quiz/presidential-moments-campaigns/,alias,24232,history-content/quiz/presidential-moments-campaigns.md,matched,
/history-content/quiz/24233,/history-content/quiz/textbook-twisters-cuban-missile-crisis/,alias,24233,history-content/quiz/textbook-twisters-cuban-missile-crisis.md,matched,
/history-content/quiz/24234,/history-content/quiz/the-ice-cream-wars/,alias,24234,history-content/quiz/the-ice-cream-wars.md,matched,
/history-content/quiz/24235,/history-content/quiz/thanksgiving-dinner-in-1943/,alias,24235,history-content/quiz/thanksgiving-dinner-in-1943.md,matched,
/history-content/quiz/24236,/history-content/quiz/charters-for-colonies/,alias,24236,history-content/quiz/charters-for-colonies.md,matched,
/history-content/quiz/24237,/history-content/quiz/remembering-all-veterans/,alias,24237,history-content/quiz/remembering-all-veterans.md,matched,
/history-content/quiz/24240,/history-content/quiz/the-royal-we-princesses-of-the-past/,alias,24240,history-content/quiz/the-royal-we-princesses-of-the-past.md,matched,
/history-content/quiz/24241,/history-content/quiz/back-to-the-future/,alias,24241,history-content/quiz/back-to-the-future.md,matched,
/history-content/quiz/24243,/history-content/quiz/plays-you-wont-see-in-the-superbowl/,alias,24243,history-content/quiz/plays-you-wont-see-in-the-superbowl.md,matched,
/history-content/quiz/24244,/history-content/quiz/spot-the-president-presidential-campaign-ads/,alias,24244,history-content/quiz/spot-the-president-presidential-campaign-ads.md,matched,
/history-content/quiz/24245,/history-content/quiz/in-our-own-time-native-american-timekeeping/,alias,24245,history-content/quiz/in-our-own-time-native-american-timekeeping.md,matched,
/history-content/quiz/24246,/history-content/quiz/saving-daylight/,alias,24246,history-content/quiz/saving-daylight.md,matched,
/history-content/quiz/24247,/history-content/quiz/american-myths-christopher-columbus/,alias,24247,history-content/quiz/american-myths-christopher-columbus.md,matched,
/history-content/quiz/24249,/history-content/quiz/early-telephone-etiquette/,alias,24249,history-content/quiz/early-telephone-etiquette.md,matched,
/history-content/quiz/24250,/history-content/quiz/paradise-in-a-breakfast-bowl/,alias,24250,history-content/quiz/paradise-in-a-breakfast-bowl.md,matched,
/history-content/quiz/24251,/history-content/quiz/a-hoax-provokes-folks-why-lie/,alias,24251,history-content/quiz/a-hoax-provokes-folks-why-lie.md,matched,
/history-content/quiz/24252,/history-content/quiz/advice-for-beachgoers/,alias,24252,history-content/quiz/advice-for-beachgoers.md,matched,
/history-content/quiz/24253,/history-content/quiz/baseball-in-black-and-white/,alias,24253,history-content/quiz/baseball-in-black-and-white.md,matched,
/history-content/quiz/24256,/history-content/quiz/california-or-bust/,alias,24256,history-content/quiz/california-or-bust.md,matched,
/history-content/quiz/24257,/history-content/quiz/vaccinations-rites-of-passage/,alias,24257,history-content/quiz/vaccinations-rites-of-passage.md,matched,
/history-content/quiz/24258,/history-content/quiz/new-world-wonders/,alias,24258,history-content/quiz/new-world-wonders.md,matched,
/history-content/quiz/24259,/history-content/quiz/carriages-and-wagons/,alias,24259,history-content/quiz/carriages-and-wagons.md,matched,
/history-content/quiz/24261,/history-content/quiz/the-big-picture-match-the-ad-to-the-year/,alias,24261,history-content/quiz/the-big-picture-match-the-ad-to-the-year.md,matched,
/history-content/quiz/24262,/history-content/quiz/by-the-numbers-election-maps/,alias,24262,history-content/quiz/by-the-numbers-election-maps.md,matched,
/history-content/quiz/24266,/history-content/quiz/turkey-tracking/,alias,24266,history-content/quiz/turkey-tracking.md,matched,
/history-content/quiz/24269,/history-content/quiz/from-war-to-revolution/,alias,24269,history-content/quiz/from-war-to-revolution.md,matched,
/history-content/quiz/24280,/history-content/quiz/black-days-in-the-market/,alias,24280,history-content/quiz/black-days-in-the-market.md,matched,
/history-content/quiz/24281,/history-content/quiz/war-of-invaders/,alias,24281,history-content/quiz/war-of-invaders.md,matched,
/history-content/quiz/24282,/history-content/quiz/naming-colonial-history/,alias,24282,history-content/quiz/naming-colonial-history.md,matched,
/history-content/quiz/24288,/history-content/quiz/stamping-out-free-speech/,alias,24288,history-content/quiz/stamping-out-free-speech.md,matched,
/history-content/quiz/24289,/history-content/quiz/past-rebel-lines/,alias,24289,history-content/quiz/past-rebel-lines.md,matched,
/history-content/quiz/24357,/history-content/quiz/drafting-music/,alias,24357,history-content/quiz/drafting-music.md,matched,
/history-content/quiz/24358,/history-content/quiz/the-art-of-migration/,alias,24358,history-content/quiz/the-art-of-migration.md,matched,
/history-content/quiz/24359,/history-content/quiz/first-impressions-the-us-and-japan/,alias,24359,history-content/quiz/first-impressions-the-us-and-japan.md,matched,
/history-content/quiz/24417,/history-content/quiz/women-at-war/,alias,24417,history-content/quiz/women-at-war.md,matched,
/history-content/quiz/24418,/history-content/quiz/women-in-blues-and-jazz/,alias,24418,history-content/quiz/women-in-blues-and-jazz.md,matched,
/history-content/quiz/24419,/history-content/quiz/victory-vegetables/,alias,24419,history-content/quiz/victory-vegetables.md,matched,
/history-content/quiz/24442,/history-content/quiz/the-california-gold-rush/,alias,24442,history-content/quiz/the-california-gold-rush.md,matched,
/history-content/quiz/24443,/history-content/quiz/the-garden-of-infants/,alias,24443,history-content/quiz/the-garden-of-infants.md,matched,
/history-content/quiz/24444,/history-content/quiz/airplane-meals/,alias,24444,history-content/quiz/airplane-meals.md,matched,
/history-content/quiz/24445,/history-content/quiz/sand-sea-and-oil-operation-desert-storm/,alias,24445,history-content/quiz/sand-sea-and-oil-operation-desert-storm.md,matched,
/history-content/quiz/24453,/history-content/quiz/the-great-black-hope/,alias,24453,history-content/quiz/the-great-black-hope.md,matched,
/history-content/quiz/24454,/history-content/quiz/practicing-medicine-on-the-presidents/,alias,24454,history-content/quiz/practicing-medicine-on-the-presidents.md,matched,
/history-content/quiz/24460,/history-content/quiz/riding-the-rails/,alias,24460,history-content/quiz/riding-the-rails.md,matched,
/history-content/quiz/24547,/history-content/quiz/women-in-the-lab-and-the-field/,alias,24547,history-content/quiz/women-in-the-lab-and-the-field.md,matched,
/history-content/quiz/24548,/history-content/quiz/memorializing-memorials/,alias,24548,history-content/quiz/memorializing-memorials.md,matched,
/history-content/quiz/24577,/history-content/quiz/historical-improbabilities/,alias,24577,history-content/quiz/historical-improbabilities.md,matched,
/history-content/quiz/24637,/history-content/quiz/political-animals/,alias,24637,history-content/quiz/political-animals.md,matched,
/history-content/quiz/24638,/history-content/quiz/manias-of-the-gilded-age/,alias,24638,history-content/quiz/manias-of-the-gilded-age.md,matched,
/history-content/quiz/24681,/history-content/quiz/presidents-day-growing-up-to-be-president/,alias,24681,history-content/quiz/presidents-day-growing-up-to-be-president.md,matched,
/history-content/quiz/24684,/history-content/quiz/selling-the-dream/,alias,24684,history-content/quiz/selling-the-dream.md,matched,
/history-content/quiz/25064,/history-content/quiz/constitution-day-count/,alias,25064,history-content/quiz/constitution-day-count.md,matched,
/history-content/quiz/25065,/history-content/quiz/close-up-on-hispanic-american-heritage/,alias,25065,history-content/quiz/close-up-on-hispanic-american-heritage.md,matched,
/history-content/quiz/25066,/history-content/quiz/americas-love-for-the-automobile/,alias,25066,history-content/quiz/americas-love-for-the-automobile.md,matched,
/history-content/quiz/25070,/history-content/quiz/european-explorers-in-north-america-after-columbus/,alias,25070,history-content/quiz/european-explorers-in-north-america-after-columbus.md,matched,
/history-content/quiz/25071,/history-content/quiz/native-american-heritage-month-questioning-photos/,alias,25071,history-content/quiz/native-american-heritage-month-questioning-photos.md,matched,
/history-content/quiz/25072,/history-content/quiz/to-the-source/,alias,25072,history-content/quiz/to-the-source.md,matched,
/history-content/quiz/25073,/history-content/quiz/columbus-day-stories-of-exploration/,alias,25073,history-content/quiz/columbus-day-stories-of-exploration.md,matched,
/history-content/quiz/25108,/history-content/quiz/lewis-hine-caption-critique/,alias,25108,history-content/quiz/lewis-hine-caption-critique.md,matched,
/history-content/quiz/25112,/history-content/quiz/veterans-day-medals-and-merit/,alias,25112,history-content/quiz/veterans-day-medals-and-merit.md,matched,
/history-content/quiz/25113,/history-content/quiz/socks-to-war/,alias,25113,history-content/quiz/socks-to-war.md,matched,
/history-content/quiz/25246,/history-content/quiz/which-witch/,alias,25246,history-content/quiz/which-witch.md,matched,
/history-content/quiz/25265,/history-content/quiz/thanksgiving-presidential-turkeys/,alias,25265,history-content/quiz/thanksgiving-presidential-turkeys.md,matched,
/history-content/quiz/25270,/history-content/quiz/reading-a-cartoon-massive-resistance/,alias,25270,history-content/quiz/reading-a-cartoon-massive-resistance.md,matched,
/history-content/quiz/25271,/history-content/quiz/food-50-years-ago/,alias,25271,history-content/quiz/food-50-years-ago.md,matched,
/history-content/quiz/25274,/history-content/quiz/give-me-nuclear-shelter/,alias,25274,history-content/quiz/give-me-nuclear-shelter.md,matched,
/history-content/quiz/25310,/history-content/quiz/in-dr-kings-words/,alias,25310,history-content/quiz/in-dr-kings-words.md,matched,
/history-content/quiz/25336,/history-content/quiz/mapping-the-past/,alias,25336,history-content/quiz/mapping-the-past.md,matched,
/history-content/quiz/25340,/history-content/quiz/african-american-history-month-civil-rights-worldwide/,alias,25340,history-content/quiz/african-american-history-month-civil-rights-worldwide.md,matched,
/history-content/quiz/25345,/history-content/quiz/reading-photographs-snow-day/,alias,25345,history-content/quiz/reading-photographs-snow-day.md,matched,
/history-content/quiz/25444,/history-content/quiz/the-blue-and-the-grey-and-red-and-green-and-yellow/,alias,25444,history-content/quiz/the-blue-and-the-grey-and-red-and-green-and-yellow.md,matched,
/history-content/quiz/25466,/history-content/quiz/voices-of-womens-reform/,alias,25466,history-content/quiz/voices-of-womens-reform.md,matched,
/history-content/quiz/25468,/history-content/quiz/womens-history-month-picturing-pocahontas/,alias,25468,history-content/quiz/womens-history-month-picturing-pocahontas.md,matched,
/history-content/quiz/25480,/history-content/quiz/probing-probate/,alias,25480,history-content/quiz/probing-probate.md,matched,
/history-content/quiz/25496,/history-content/quiz/reading-a-cartoon-nasts-milk-tickets-for-babies/,alias,25496,history-content/quiz/reading-a-cartoon-nasts-milk-tickets-for-babies.md,matched,
/history-content/quiz/25497,/history-content/quiz/reading-photographs-macarthur-and-hirohito/,alias,25497,history-content/quiz/reading-photographs-macarthur-and-hirohito.md,matched,
/history-content/quiz/25503,/history-content/quiz/a-symbol-of-friendship/,alias,25503,history-content/quiz/a-symbol-of-friendship.md,matched,
/history-content/quiz/25519,/history-content/quiz/who-won-the-war-of-1812/,alias,25519,history-content/quiz/who-won-the-war-of-1812.md,matched,
/history-content/quiz/25520,/history-content/quiz/earth-day-lost-to-history/,alias,25520,history-content/quiz/earth-day-lost-to-history.md,matched,
/history-content/quiz/25570,/history-content/quiz/westward-expansion-image-vs-reality/,alias,25570,history-content/quiz/westward-expansion-image-vs-reality.md,matched,
/history-content/quiz/25573,/history-content/quiz/the-daisy-ad/,alias,25573,history-content/quiz/the-daisy-ad.md,matched,
/history-content/quiz/25574,/history-content/quiz/reading-photographs-a-dusty-street/,alias,25574,history-content/quiz/reading-photographs-a-dusty-street.md,matched,
/history-content/quiz/25583,/history-content/quiz/memorial-day-the-poppy-puzzle/,alias,25583,history-content/quiz/memorial-day-the-poppy-puzzle.md,matched,
/history-content/website-reviews/14599,/history-content/website-reviews/oyez-us-supreme-court-multimedia/,alias,14599,history-content/website-reviews/oyez-us-supreme-court-multimedia.md,matched,
/history-content/website-reviews/14600,/history-content/website-reviews/documents-in-law-history-and-government/,alias,14600,history-content/website-reviews/documents-in-law-history-and-government.md,matched,
/history-content/website-reviews/14601,/history-content/website-reviews/digital-history/,alias,14601,history-content/website-reviews/digital-history.md,matched,
/history-content/website-reviews/14602,/history-content/website-reviews/gifts-of-speech-womens-speeches-from-around-the-world/,alias,14602,history-content/website-reviews/gifts-of-speech-womens-speeches-from-around-the-world.md,matched,
/history-content/website-reviews/14603,/history-content/website-reviews/archival-research-catalog-arc/,alias,14603,history-content/website-reviews/archival-research-catalog-arc.md,matched,
/history-content/website-reviews/14604,/history-content/website-reviews/our-documents/,alias,14604,history-content/website-reviews/our-documents.md,matched,
/history-content/website-reviews/14605,/history-content/website-reviews/archive-of-early-american-images/,alias,14605,history-content/website-reviews/archive-of-early-american-images.md,matched,
/history-content/website-reviews/14606,/history-content/website-reviews/salem-witch-trials-documentary-archive-and-transcription-project/,alias,14606,history-content/website-reviews/salem-witch-trials-documentary-archive-and-transcription-project.md,matched,
/history-content/website-reviews/14607,/history-content/website-reviews/atlantic-slave-trade-and-slave-life-in-the-americas-a-visual-record/,alias,14607,history-content/website-reviews/atlantic-slave-trade-and-slave-life-in-the-americas-a-visual-record.md,matched,
/history-content/website-reviews/14608,/history-content/website-reviews/do-history-martha-ballards-diary-online/,alias,14608,history-content/website-reviews/do-history-martha-ballards-diary-online.md,matched,
/history-content/website-reviews/14609,/history-content/website-reviews/geography-of-slavery-in-america/,alias,14609,history-content/website-reviews/geography-of-slavery-in-america.md,matched,
/history-content/website-reviews/14610,/history-content/website-reviews/thomas-jefferson-digital-archive/,alias,14610,history-content/website-reviews/thomas-jefferson-digital-archive.md,matched,
/history-content/website-reviews/14611,/history-content/website-reviews/journals-of-the-lewis-and-clark-expedition/,alias,14611,history-content/website-reviews/journals-of-the-lewis-and-clark-expedition.md,matched,
/history-content/website-reviews/14612,/history-content/website-reviews/accessible-archives/,alias,14612,history-content/website-reviews/accessible-archives.md,matched,
/history-content/website-reviews/14613,/history-content/website-reviews/selected-civil-war-photographs/,alias,14613,history-content/website-reviews/selected-civil-war-photographs.md,matched,
/history-content/website-reviews/14614,/history-content/website-reviews/valley-of-the-shadow-two-communities-in-the-american-civil-war/,alias,14614,history-content/website-reviews/valley-of-the-shadow-two-communities-in-the-american-civil-war.md,matched,
/history-content/website-reviews/14616,/history-content/website-reviews/american-indians-of-the-pacific-northwest/,alias,14616,history-content/website-reviews/american-indians-of-the-pacific-northwest.md,matched,
/history-content/website-reviews/14617,/history-content/website-reviews/harpweek-explore-history/,alias,14617,history-content/website-reviews/harpweek-explore-history.md,matched,
/history-content/website-reviews/14618,/history-content/website-reviews/civil-rights-in-mississippi-digital-archive/,alias,14618,history-content/website-reviews/civil-rights-in-mississippi-digital-archive.md,matched,
/history-content/website-reviews/14619,/history-content/website-reviews/around-the-world-in-the-1890s-photographs-1894-1896/,alias,14619,history-content/website-reviews/around-the-world-in-the-1890s-photographs-1894-1896.md,matched,
/history-content/website-reviews/14620,/history-content/website-reviews/south-texas-border-1900-1920-the-robert-runyon-collection/,alias,14620,history-content/website-reviews/south-texas-border-1900-1920-the-robert-runyon-collection.md,matched,
/history-content/website-reviews/14621,/history-content/website-reviews/reclaiming-the-everglades-south-floridas-natural-history-1884-1934/,alias,14621,history-content/website-reviews/reclaiming-the-everglades-south-floridas-natural-history-1884-1934.md,matched,
/history-content/website-reviews/14622,/history-content/website-reviews/the-stars-and-stripes-1918-1919/,alias,14622,history-content/website-reviews/the-stars-and-stripes-1918-1919.md,matched,
/history-content/website-reviews/14623,/history-content/website-reviews/the-1906-san-francisco-earthquake-and-fire/,alias,14623,history-content/website-reviews/the-1906-san-francisco-earthquake-and-fire.md,matched,
/history-content/website-reviews/14624,/history-content/website-reviews/the-great-depression-to-world-war-ii-photos-from-the-fsa-owi/,alias,14624,history-content/website-reviews/the-great-depression-to-world-war-ii-photos-from-the-fsa-owi.md,matched,
/history-content/website-reviews/14625,/history-content/website-reviews/us-holocaust-memorial-museum-website/,alias,14625,history-content/website-reviews/us-holocaust-memorial-museum-website.md,matched,
/history-content/website-reviews/14626,/history-content/website-reviews/ansel-adamss-photographs-of-japanese-american-internment-at-manzanar/,alias,14626,history-content/website-reviews/ansel-adamss-photographs-of-japanese-american-internment-at-manzanar.md,matched,
/history-content/website-reviews/14627,/history-content/website-reviews/internet-moving-images-archive/,alias,14627,history-content/website-reviews/internet-moving-images-archive.md,matched,
/history-content/website-reviews/14628,/history-content/website-reviews/brown-v-board-of-education/,alias,14628,history-content/website-reviews/brown-v-board-of-education.md,matched,
/history-content/website-reviews/14629,/history-content/website-reviews/watergate-revisited/,alias,14629,history-content/website-reviews/watergate-revisited.md,matched,
/history-content/website-reviews/14630,/history-content/website-reviews/living-room-candidate-presidential-campaign-commercials-1952-2008/,alias,14630,history-content/website-reviews/living-room-candidate-presidential-campaign-commercials-1952-2008.md,matched,
/history-content/website-reviews/14631,/history-content/website-reviews/september-11-digital-archive/,alias,14631,history-content/website-reviews/september-11-digital-archive.md,matched,
/history-content/website-reviews/14632,/history-content/website-reviews/american-memory-historical-collections-for-the-national-digital-library/,alias,14632,history-content/website-reviews/american-memory-historical-collections-for-the-national-digital-library.md,matched,
/history-content/website-reviews/14633,/history-content/website-reviews/national-park-service-links-to-the-past/,alias,14633,history-content/website-reviews/national-park-service-links-to-the-past.md,matched,
/history-content/website-reviews/14634,/history-content/website-reviews/indian-affairs-laws-and-treaties/,alias,14634,history-content/website-reviews/indian-affairs-laws-and-treaties.md,matched,
/history-content/website-reviews/14635,/history-content/website-reviews/museum-of-the-city-of-san-francisco/,alias,14635,history-content/website-reviews/museum-of-the-city-of-san-francisco.md,matched,
/history-content/website-reviews/14636,/history-content/website-reviews/famous-trials/,alias,14636,history-content/website-reviews/famous-trials.md,matched,
/history-content/website-reviews/14637,/history-content/website-reviews/africans-in-america/,alias,14637,history-content/website-reviews/africans-in-america.md,matched,
/history-content/website-reviews/14638,/history-content/website-reviews/foreign-relations-of-the-united-states-frus-1861-1960/,alias,14638,history-content/website-reviews/foreign-relations-of-the-united-states-frus-1861-1960.md,matched,
/history-content/website-reviews/14639,/history-content/website-reviews/digital-library-of-georgia/,alias,14639,history-content/website-reviews/digital-library-of-georgia.md,matched,
/history-content/website-reviews/14640,/history-content/website-reviews/jews-in-america-our-story/,alias,14640,history-content/website-reviews/jews-in-america-our-story.md,matched,
/history-content/website-reviews/14641,/history-content/website-reviews/alexander-street-press/,alias,14641,history-content/website-reviews/alexander-street-press.md,matched,
/history-content/website-reviews/14642,/history-content/website-reviews/digital-scriptorium/,alias,14642,history-content/website-reviews/digital-scriptorium.md,matched,
/history-content/website-reviews/14643,/history-content/website-reviews/online-archive-of-california/,alias,14643,history-content/website-reviews/online-archive-of-california.md,matched,
/history-content/website-reviews/14644,/history-content/website-reviews/the-kraus-collection-of-sir-francis-drake/,alias,14644,history-content/website-reviews/the-kraus-collection-of-sir-francis-drake.md,matched,
/history-content/website-reviews/14645,/history-content/website-reviews/virtual-jamestown/,alias,14645,history-content/website-reviews/virtual-jamestown.md,matched,
/history-content/website-reviews/14646,/history-content/website-reviews/raid-on-deerfield-the-many-stories-of-1704/,alias,14646,history-content/website-reviews/raid-on-deerfield-the-many-stories-of-1704.md,matched,
/history-content/website-reviews/14648,/history-content/website-reviews/plymouth-colony-archive-project/,alias,14648,history-content/website-reviews/plymouth-colony-archive-project.md,matched,
/history-content/website-reviews/14649,/history-content/website-reviews/religion-and-the-founding-of-the-american-republic/,alias,14649,history-content/website-reviews/religion-and-the-founding-of-the-american-republic.md,matched,
/history-content/website-reviews/14650,/history-content/website-reviews/documents-from-the-continental-congress-and-constitutional-convention/,alias,14650,history-content/website-reviews/documents-from-the-continental-congress-and-constitutional-convention.md,matched,
/history-content/website-reviews/14651,/history-content/website-reviews/james-madison-papers/,alias,14651,history-content/website-reviews/james-madison-papers.md,matched,
/history-content/website-reviews/14652,/history-content/website-reviews/george-washington-papers-1741-1799/,alias,14652,history-content/website-reviews/george-washington-papers-1741-1799.md,matched,
/history-content/website-reviews/14653,/history-content/website-reviews/trails-to-utah-and-the-pacific-diaries-and-letters-1846-1869/,alias,14653,history-content/website-reviews/trails-to-utah-and-the-pacific-diaries-and-letters-1846-1869.md,matched,
/history-content/website-reviews/14654,/history-content/website-reviews/sunday-school-books-shaping-the-values-of-youth-in-19th-century-america/,alias,14654,history-content/website-reviews/sunday-school-books-shaping-the-values-of-youth-in-19th-century-america.md,matched,
/history-content/website-reviews/14655,/history-content/website-reviews/lester-s-levy-collection-of-sheet-music/,alias,14655,history-content/website-reviews/lester-s-levy-collection-of-sheet-music.md,matched,
/history-content/website-reviews/14656,/history-content/website-reviews/daguerreotype-portraits-and-views-1839-1864/,alias,14656,history-content/website-reviews/daguerreotype-portraits-and-views-1839-1864.md,matched,
/history-content/website-reviews/14657,/history-content/website-reviews/freedmens-bureau-online/,alias,14657,history-content/website-reviews/freedmens-bureau-online.md,matched,
/history-content/website-reviews/14658,/history-content/website-reviews/uncle-toms-cabin-and-american-culture/,alias,14658,history-content/website-reviews/uncle-toms-cabin-and-american-culture.md,matched,
/history-content/website-reviews/14659,/history-content/website-reviews/lost-museum/,alias,14659,history-content/website-reviews/lost-museum.md,matched,
/history-content/website-reviews/14660,/history-content/website-reviews/california-as-i-saw-it-first-person-narratives-of-california-1849-1900/,alias,14660,history-content/website-reviews/california-as-i-saw-it-first-person-narratives-of-california-1849-1900.md,matched,
/history-content/website-reviews/14661,/history-content/website-reviews/great-chicago-fire-and-the-web-of-memory/,alias,14661,history-content/website-reviews/great-chicago-fire-and-the-web-of-memory.md,matched,
/history-content/website-reviews/14662,/history-content/website-reviews/mark-twain-in-his-times/,alias,14662,history-content/website-reviews/mark-twain-in-his-times.md,matched,
/history-content/website-reviews/14663,/history-content/website-reviews/kate-and-sue-mcbeth-missionary-teachers-to-the-nez-perce/,alias,14663,history-content/website-reviews/kate-and-sue-mcbeth-missionary-teachers-to-the-nez-perce.md,matched,
/history-content/website-reviews/14664,/history-content/website-reviews/small-town-america-images-from-the-robert-dennis-collection-1850-1920/,alias,14664,history-content/website-reviews/small-town-america-images-from-the-robert-dennis-collection-1850-1920.md,matched,
/history-content/website-reviews/14665,/history-content/website-reviews/prairie-settlement-nebraska-photographs-and-family-letters/,alias,14665,history-content/website-reviews/prairie-settlement-nebraska-photographs-and-family-letters.md,matched,
/history-content/website-reviews/14666,/history-content/website-reviews/sanborn-fire-insurance-maps-ut/,alias,14666,history-content/website-reviews/sanborn-fire-insurance-maps-ut.md,matched,
/history-content/website-reviews/14667,/history-content/website-reviews/the-wizard-of-oz-an-american-fairy-tale/,alias,14667,history-content/website-reviews/the-wizard-of-oz-an-american-fairy-tale.md,matched,
/history-content/website-reviews/14668,/history-content/website-reviews/american-leaders-speak-recordings-from-world-war-i-and-the-1920-election/,alias,14668,history-content/website-reviews/american-leaders-speak-recordings-from-world-war-i-and-the-1920-election.md,matched,
/history-content/website-reviews/14669,/history-content/website-reviews/american-family-immigration-history-center/,alias,14669,history-content/website-reviews/american-family-immigration-history-center.md,matched,
/history-content/website-reviews/14670,/history-content/website-reviews/red-hot-jazz-archive-a-history-of-jazz-before-1930/,alias,14670,history-content/website-reviews/red-hot-jazz-archive-a-history-of-jazz-before-1930.md,matched,
/history-content/website-reviews/14671,/history-content/website-reviews/thomas-a-edison-papers/,alias,14671,history-content/website-reviews/thomas-a-edison-papers.md,matched,
/history-content/website-reviews/14672,/history-content/website-reviews/margaret-sanger-papers-project/,alias,14672,history-content/website-reviews/margaret-sanger-papers-project.md,matched,
/history-content/website-reviews/14673,/history-content/website-reviews/inventing-entertainment-the-early-innovations-of-the-edison-companies/,alias,14673,history-content/website-reviews/inventing-entertainment-the-early-innovations-of-the-edison-companies.md,matched,
/history-content/website-reviews/14674,/history-content/website-reviews/like-a-family-the-making-of-a-southern-cotton-mill-world/,alias,14674,history-content/website-reviews/like-a-family-the-making-of-a-southern-cotton-mill-world.md,matched,
/history-content/website-reviews/14675,/history-content/website-reviews/adaccess/,alias,14675,history-content/website-reviews/adaccess.md,matched,
/history-content/website-reviews/14676,/history-content/website-reviews/without-sanctuary-photographs-and-postcards-of-lynching-in-america/,alias,14676,history-content/website-reviews/without-sanctuary-photographs-and-postcards-of-lynching-in-america.md,matched,
/history-content/website-reviews/14677,/history-content/website-reviews/urban-experience-in-chicago-hull-house-and-its-neighborhoods-1889-1963/,alias,14677,history-content/website-reviews/urban-experience-in-chicago-hull-house-and-its-neighborhoods-1889-1963.md,matched,
/history-content/website-reviews/14678,/history-content/website-reviews/photographs-from-the-chicago-daily-news-1902-1933/,alias,14678,history-content/website-reviews/photographs-from-the-chicago-daily-news-1902-1933.md,matched,
/history-content/website-reviews/14679,/history-content/website-reviews/first-world-war-the-war-to-end-all-wars/,alias,14679,history-content/website-reviews/first-world-war-the-war-to-end-all-wars.md,matched,
/history-content/website-reviews/14680,/history-content/website-reviews/the-world-of-1898-the-spanish-american-war/,alias,14680,history-content/website-reviews/the-world-of-1898-the-spanish-american-war.md,matched,
/history-content/website-reviews/14681,/history-content/website-reviews/amateur-athletic-foundation-digital-archive/,alias,14681,history-content/website-reviews/amateur-athletic-foundation-digital-archive.md,matched,
/history-content/website-reviews/14682,/history-content/website-reviews/chinese-in-california-1850-1925/,alias,14682,history-content/website-reviews/chinese-in-california-1850-1925.md,matched,
/history-content/website-reviews/14683,/history-content/website-reviews/1896-the-presidential-campaign/,alias,14683,history-content/website-reviews/1896-the-presidential-campaign.md,matched,
/history-content/website-reviews/14684,/history-content/website-reviews/densho-the-japanese-american-legacy-project/,alias,14684,history-content/website-reviews/densho-the-japanese-american-legacy-project.md,matched,
/history-content/website-reviews/14685,/history-content/website-reviews/medicine-and-madison-avenue/,alias,14685,history-content/website-reviews/medicine-and-madison-avenue.md,matched,
/history-content/website-reviews/14687,/history-content/website-reviews/the-john-and-ruby-lomax-1939-southern-states-recording-trip/,alias,14687,history-content/website-reviews/the-john-and-ruby-lomax-1939-southern-states-recording-trip.md,matched,
/history-content/website-reviews/14688,/history-content/website-reviews/american-shores-maps-of-the-middle-atlantic-region-to-1850/,alias,14688,history-content/website-reviews/american-shores-maps-of-the-middle-atlantic-region-to-1850.md,matched,
/history-content/website-reviews/14689,/history-content/website-reviews/historic-government-publications-from-world-war-ii-a-digital-library/,alias,14689,history-content/website-reviews/historic-government-publications-from-world-war-ii-a-digital-library.md,matched,
/history-content/website-reviews/14690,/history-content/website-reviews/posters-from-the-wpa-1936-1943/,alias,14690,history-content/website-reviews/posters-from-the-wpa-1936-1943.md,matched,
/history-content/website-reviews/14691,/history-content/website-reviews/disability-history-museum/,alias,14691,history-content/website-reviews/disability-history-museum.md,matched,
/history-content/website-reviews/14692,/history-content/website-reviews/after-the-day-of-infamy/,alias,14692,history-content/website-reviews/after-the-day-of-infamy.md,matched,
/history-content/website-reviews/14693,/history-content/website-reviews/historical-thinking-matters/,alias,14693,history-content/website-reviews/historical-thinking-matters.md,matched,
/history-content/website-reviews/14694,/history-content/website-reviews/history-and-politics-out-loud/,alias,14694,history-content/website-reviews/history-and-politics-out-loud.md,matched,
/history-content/website-reviews/14695,/history-content/website-reviews/women-in-journalism/,alias,14695,history-content/website-reviews/women-in-journalism.md,matched,
/history-content/website-reviews/14696,/history-content/website-reviews/nsa-and-the-cuban-missile-crisis/,alias,14696,history-content/website-reviews/nsa-and-the-cuban-missile-crisis.md,matched,
/history-content/website-reviews/14697,/history-content/website-reviews/experiencing-war-stories-from-the-veterans-history-project/,alias,14697,history-content/website-reviews/experiencing-war-stories-from-the-veterans-history-project.md,matched,
/history-content/website-reviews/14698,/history-content/website-reviews/parallel-history-project-on-cooperative-security/,alias,14698,history-content/website-reviews/parallel-history-project-on-cooperative-security.md,matched,
/history-content/website-reviews/14699,/history-content/website-reviews/presidential-recording-program/,alias,14699,history-content/website-reviews/presidential-recording-program.md,matched,
/history-content/website-reviews/14700,/history-content/website-reviews/cia-electronic-reading-room/,alias,14700,history-content/website-reviews/cia-electronic-reading-room.md,matched,
/history-content/website-reviews/14701,/history-content/website-reviews/fifty-years-of-coca-cola-television-advertisements/,alias,14701,history-content/website-reviews/fifty-years-of-coca-cola-television-advertisements.md,matched,
/history-content/website-reviews/14702,/history-content/website-reviews/legacy-tobacco-documents-library/,alias,14702,history-content/website-reviews/legacy-tobacco-documents-library.md,matched,
/history-content/website-reviews/14703,/history-content/website-reviews/making-the-macintosh-technology-and-culture-in-silicon-valley/,alias,14703,history-content/website-reviews/making-the-macintosh-technology-and-culture-in-silicon-valley.md,matched,
/history-content/website-reviews/14704,/history-content/website-reviews/public-papers-of-the-presidents-of-the-united-states-1992-2001/,alias,14704,history-content/website-reviews/public-papers-of-the-presidents-of-the-united-states-1992-2001.md,matched,
/history-content/website-reviews/14705,/history-content/website-reviews/vietnam-center-and-archive/,alias,14705,history-content/website-reviews/vietnam-center-and-archive.md,matched,
/history-content/website-reviews/14706,/history-content/website-reviews/herblocks-history-political-cartoons-from-the-crash-to-the-millennium/,alias,14706,history-content/website-reviews/herblocks-history-political-cartoons-from-the-crash-to-the-millennium.md,matched,
/history-content/website-reviews/14707,/history-content/website-reviews/selling-the-computer-revolution-marketing-brochures-in-the-collection/,alias,14707,history-content/website-reviews/selling-the-computer-revolution-marketing-brochures-in-the-collection.md,matched,
/history-content/website-reviews/14708,/history-content/website-reviews/map-collections-1500-2003/,alias,14708,history-content/website-reviews/map-collections-1500-2003.md,matched,
/history-content/website-reviews/14709,/history-content/website-reviews/documenting-the-american-south/,alias,14709,history-content/website-reviews/documenting-the-american-south.md,matched,
/history-content/website-reviews/14710,/history-content/website-reviews/new-york-public-library-digital-gallery/,alias,14710,history-content/website-reviews/new-york-public-library-digital-gallery.md,matched,
/history-content/website-reviews/14711,/history-content/website-reviews/naval-history-and-heritage-command/,alias,14711,history-content/website-reviews/naval-history-and-heritage-command.md,matched,
/history-content/website-reviews/14712,/history-content/website-reviews/women-and-social-movements-in-the-united-states-1600-2000/,alias,14712,history-content/website-reviews/women-and-social-movements-in-the-united-states-1600-2000.md,matched,
/history-content/website-reviews/14713,/history-content/website-reviews/hypertext-on-american-history-from-the-colonial-period-until-modern-times/,alias,14713,history-content/website-reviews/hypertext-on-american-history-from-the-colonial-period-until-modern-times.md,matched,
/history-content/website-reviews/14714,/history-content/website-reviews/the-presidents/,alias,14714,history-content/website-reviews/the-presidents.md,matched,
/history-content/website-reviews/14715,/history-content/website-reviews/florida-state-archives-photographic-collection/,alias,14715,history-content/website-reviews/florida-state-archives-photographic-collection.md,matched,
/history-content/website-reviews/14716,/history-content/website-reviews/tangled-roots/,alias,14716,history-content/website-reviews/tangled-roots.md,matched,
/history-content/website-reviews/14717,/history-content/website-reviews/marchand-archive/,alias,14717,history-content/website-reviews/marchand-archive.md,matched,
/history-content/website-reviews/14718,/history-content/website-reviews/kentuckiana-digital-library/,alias,14718,history-content/website-reviews/kentuckiana-digital-library.md,matched,
/history-content/website-reviews/14719,/history-content/website-reviews/core-historical-literature-of-agriculture/,alias,14719,history-content/website-reviews/core-historical-literature-of-agriculture.md,matched,
/history-content/website-reviews/14720,/history-content/website-reviews/usc-archival-research-center/,alias,14720,history-content/website-reviews/usc-archival-research-center.md,matched,
/history-content/website-reviews/14721,/history-content/website-reviews/american-journeys/,alias,14721,history-content/website-reviews/american-journeys.md,matched,
/history-content/website-reviews/14722,/history-content/website-reviews/american-president-an-online-reference-resource/,alias,14722,history-content/website-reviews/american-president-an-online-reference-resource.md,matched,
/history-content/website-reviews/14723,/history-content/website-reviews/lakota-winter-counts/,alias,14723,history-content/website-reviews/lakota-winter-counts.md,matched,
/history-content/website-reviews/14724,/history-content/website-reviews/battle-lines-letters-from-americas-wars/,alias,14724,history-content/website-reviews/battle-lines-letters-from-americas-wars.md,matched,
/history-content/website-reviews/14725,/history-content/website-reviews/proquest-information-and-learning/,alias,14725,history-content/website-reviews/proquest-information-and-learning.md,matched,
/history-content/website-reviews/14726,/history-content/website-reviews/history-matters-the-us-survey-course-on-the-web/,alias,14726,history-content/website-reviews/history-matters-the-us-survey-course-on-the-web.md,matched,
/history-content/website-reviews/14727,/history-content/website-reviews/readex-digital-collections/,alias,14727,history-content/website-reviews/readex-digital-collections.md,matched,
/history-content/website-reviews/14728,/history-content/website-reviews/cultural-readings-colonization-and-print-in-the-americas/,alias,14728,history-content/website-reviews/cultural-readings-colonization-and-print-in-the-americas.md,matched,
/history-content/website-reviews/14729,/history-content/website-reviews/center-for-archaeological-studies/,alias,14729,history-content/website-reviews/center-for-archaeological-studies.md,matched,
/history-content/website-reviews/14730,/history-content/website-reviews/colonial-connecticut-records-1636-1776/,alias,14730,history-content/website-reviews/colonial-connecticut-records-1636-1776.md,matched,
/history-content/website-reviews/14731,/history-content/website-reviews/slavery-in-new-york/,alias,14731,history-content/website-reviews/slavery-in-new-york.md,matched,
/history-content/website-reviews/14732,/history-content/website-reviews/envisaging-the-west-thomas-jefferson-and-the-roots-of-lewis-and-clark/,alias,14732,history-content/website-reviews/envisaging-the-west-thomas-jefferson-and-the-roots-of-lewis-and-clark.md,matched,
/history-content/website-reviews/14733,/history-content/website-reviews/century-of-lawmaking-congressional-documents-and-debates-1774-1873/,alias,14733,history-content/website-reviews/century-of-lawmaking-congressional-documents-and-debates-1774-1873.md,matched,
/history-content/website-reviews/14734,/history-content/website-reviews/thomas-paine-national-historical-association/,alias,14734,history-content/website-reviews/thomas-paine-national-historical-association.md,matched,
/history-content/website-reviews/14735,/history-content/website-reviews/first-american-west-the-ohio-river-valley-1750-1820/,alias,14735,history-content/website-reviews/first-american-west-the-ohio-river-valley-1750-1820.md,matched,
/history-content/website-reviews/14736,/history-content/website-reviews/abraham-lincoln-historical-digitization-project/,alias,14736,history-content/website-reviews/abraham-lincoln-historical-digitization-project.md,matched,
/history-content/website-reviews/14737,/history-content/website-reviews/north-american-slave-narratives-beginnings-to-1920/,alias,14737,history-content/website-reviews/north-american-slave-narratives-beginnings-to-1920.md,matched,
/history-content/website-reviews/14738,/history-content/website-reviews/american-transcendentalism-web/,alias,14738,history-content/website-reviews/american-transcendentalism-web.md,matched,
/history-content/website-reviews/14739,/history-content/website-reviews/mexican-american-war-and-the-media/,alias,14739,history-content/website-reviews/mexican-american-war-and-the-media.md,matched,
/history-content/website-reviews/14740,/history-content/website-reviews/edgar-allan-poe/,alias,14740,history-content/website-reviews/edgar-allan-poe.md,matched,
/history-content/website-reviews/14741,/history-content/website-reviews/touring-turn-of-the-century-america/,alias,14741,history-content/website-reviews/touring-turn-of-the-century-america.md,matched,
/history-content/website-reviews/14742,/history-content/website-reviews/abraham-lincoln-papers/,alias,14742,history-content/website-reviews/abraham-lincoln-papers.md,matched,
/history-content/website-reviews/14743,/history-content/website-reviews/union-army-project/,alias,14743,history-content/website-reviews/union-army-project.md,matched,
/history-content/website-reviews/14744,/history-content/website-reviews/territorial-kansas-online/,alias,14744,history-content/website-reviews/territorial-kansas-online.md,matched,
/history-content/website-reviews/14745,/history-content/website-reviews/taking-the-long-view-panoramic-photographs-1851-1991/,alias,14745,history-content/website-reviews/taking-the-long-view-panoramic-photographs-1851-1991.md,matched,
/history-content/website-reviews/14746,/history-content/website-reviews/making-of-america/,alias,14746,history-content/website-reviews/making-of-america.md,matched,
/history-content/website-reviews/14747,/history-content/website-reviews/david-rumsey-map-collection/,alias,14747,history-content/website-reviews/david-rumsey-map-collection.md,matched,
/history-content/website-reviews/14748,/history-content/website-reviews/evolution-of-the-conservation-movement-1850-1920/,alias,14748,history-content/website-reviews/evolution-of-the-conservation-movement-1850-1920.md,matched,
/history-content/website-reviews/14749,/history-content/website-reviews/chicago-anarchists-on-trial-evidence-from-the-haymarket-affair-1886-1887/,alias,14749,history-content/website-reviews/chicago-anarchists-on-trial-evidence-from-the-haymarket-affair-1886-1887.md,matched,
/history-content/website-reviews/14750,/history-content/website-reviews/spanish-american-war-in-motion-pictures/,alias,14750,history-content/website-reviews/spanish-american-war-in-motion-pictures.md,matched,
/history-content/website-reviews/14751,/history-content/website-reviews/american-variety-stage-vaudeville-and-popular-entertainment-1870-1920/,alias,14751,history-content/website-reviews/american-variety-stage-vaudeville-and-popular-entertainment-1870-1920.md,matched,
/history-content/website-reviews/14752,/history-content/website-reviews/votes-for-women-selections-from-the-nawsa-1848-1921/,alias,14752,history-content/website-reviews/votes-for-women-selections-from-the-nawsa-1848-1921.md,matched,
/history-content/website-reviews/14753,/history-content/website-reviews/world-war-i-document-archive/,alias,14753,history-content/website-reviews/world-war-i-document-archive.md,matched,
/history-content/website-reviews/14754,/history-content/website-reviews/jewish-womens-archive/,alias,14754,history-content/website-reviews/jewish-womens-archive.md,matched,
/history-content/website-reviews/14755,/history-content/website-reviews/marcus-garvey-and-universal-negro-improvement-association-papers-project/,alias,14755,history-content/website-reviews/marcus-garvey-and-universal-negro-improvement-association-papers-project.md,matched,
/history-content/website-reviews/14756,/history-content/website-reviews/triangle-shirtwaist-factory-fire/,alias,14756,history-content/website-reviews/triangle-shirtwaist-factory-fire.md,matched,
/history-content/website-reviews/14757,/history-content/website-reviews/anti-saloon-league-1893-1933/,alias,14757,history-content/website-reviews/anti-saloon-league-1893-1933.md,matched,
/history-content/website-reviews/14758,/history-content/website-reviews/america-at-work-america-at-leisure-motion-pictures-from-1894-1915/,alias,14758,history-content/website-reviews/america-at-work-america-at-leisure-motion-pictures-from-1894-1915.md,matched,
/history-content/website-reviews/14759,/history-content/website-reviews/digital-archive-collections-at-the-university-of-hawaii-at-manoa-library/,alias,14759,history-content/website-reviews/digital-archive-collections-at-the-university-of-hawaii-at-manoa-library.md,matched,
/history-content/website-reviews/14760,/history-content/website-reviews/clash-of-cultures-in-the-1910s-and-1920s/,alias,14760,history-content/website-reviews/clash-of-cultures-in-the-1910s-and-1920s.md,matched,
/history-content/website-reviews/14761,/history-content/website-reviews/edward-s-curtiss-the-north-american-indian/,alias,14761,history-content/website-reviews/edward-s-curtiss-the-north-american-indian.md,matched,
/history-content/website-reviews/14762,/history-content/website-reviews/cylinder-preservation-and-digitization-project/,alias,14762,history-content/website-reviews/cylinder-preservation-and-digitization-project.md,matched,
/history-content/website-reviews/14764,/history-content/website-reviews/siris-image-gallery/,alias,14764,history-content/website-reviews/siris-image-gallery.md,matched,
/history-content/website-reviews/14765,/history-content/website-reviews/manuscripts-from-the-federal-writers-project-1936-1940/,alias,14765,history-content/website-reviews/manuscripts-from-the-federal-writers-project-1936-1940.md,matched,
/history-content/website-reviews/14766,/history-content/website-reviews/frontera-collection-of-mexican-american-music/,alias,14766,history-content/website-reviews/frontera-collection-of-mexican-american-music.md,matched,
/history-content/website-reviews/14767,/history-content/website-reviews/flint-sit-down-strike/,alias,14767,history-content/website-reviews/flint-sit-down-strike.md,matched,
/history-content/website-reviews/14768,/history-content/website-reviews/northwestern-european-military-situation-maps-from-world-war-ii/,alias,14768,history-content/website-reviews/northwestern-european-military-situation-maps-from-world-war-ii.md,matched,
/history-content/website-reviews/14769,/history-content/website-reviews/federal-emergency-relief-administration-fera-photographs/,alias,14769,history-content/website-reviews/federal-emergency-relief-administration-fera-photographs.md,matched,
/history-content/website-reviews/14770,/history-content/website-reviews/martin-luther-king-jr-papers-project/,alias,14770,history-content/website-reviews/martin-luther-king-jr-papers-project.md,matched,
/history-content/website-reviews/14771,/history-content/website-reviews/truman-presidential-museum-and-library/,alias,14771,history-content/website-reviews/truman-presidential-museum-and-library.md,matched,
/history-content/website-reviews/14772,/history-content/website-reviews/national-election-studies/,alias,14772,history-content/website-reviews/national-election-studies.md,matched,
/history-content/website-reviews/14773,/history-content/website-reviews/seattle-civil-rights-and-labor-history-project/,alias,14773,history-content/website-reviews/seattle-civil-rights-and-labor-history-project.md,matched,
/history-content/website-reviews/14774,/history-content/website-reviews/television-news-of-the-civil-rights-era/,alias,14774,history-content/website-reviews/television-news-of-the-civil-rights-era.md,matched,
/history-content/website-reviews/14776,/history-content/website-reviews/teach-womens-history-project/,alias,14776,history-content/website-reviews/teach-womens-history-project.md,matched,
/history-content/website-reviews/14777,/history-content/website-reviews/cq-historic-documents-series-online-edition/,alias,14777,history-content/website-reviews/cq-historic-documents-series-online-edition.md,matched,
/history-content/website-reviews/14778,/history-content/website-reviews/aids-at-20/,alias,14778,history-content/website-reviews/aids-at-20.md,matched,
/history-content/website-reviews/14779,/history-content/website-reviews/bureau-of-economic-analysis/,alias,14779,history-content/website-reviews/bureau-of-economic-analysis.md,matched,
/history-content/website-reviews/14780,/history-content/website-reviews/business-plan-archive/,alias,14780,history-content/website-reviews/business-plan-archive.md,matched,
/history-content/website-reviews/14781,/history-content/website-reviews/the-tax-history-project/,alias,14781,history-content/website-reviews/the-tax-history-project.md,matched,
/history-content/website-reviews/14782,/history-content/website-reviews/built-in-america-historic-american-buildings-survey-and-engineering/,alias,14782,history-content/website-reviews/built-in-america-historic-american-buildings-survey-and-engineering.md,matched,
/history-content/website-reviews/14784,/history-content/website-reviews/studs-terkel-conversations-with-america/,alias,14784,history-content/website-reviews/studs-terkel-conversations-with-america.md,matched,
/history-content/website-reviews/14786,/history-content/website-reviews/sceti-schoenberg-center-for-electronic-text-and-image/,alias,14786,history-content/website-reviews/sceti-schoenberg-center-for-electronic-text-and-image.md,matched,
/history-content/website-reviews/14787,/history-content/website-reviews/american-time-capsule-three-centuries-of-broadsides-and-printed-ephemera/,alias,14787,history-content/website-reviews/american-time-capsule-three-centuries-of-broadsides-and-printed-ephemera.md,matched,
/history-content/website-reviews/14788,/history-content/website-reviews/library-of-virginia-digital-library-program/,alias,14788,history-content/website-reviews/library-of-virginia-digital-library-program.md,matched,
/history-content/website-reviews/14789,/history-content/website-reviews/rivers-edens-empires-lewis-and-clark-and-the-revealing-of-america/,alias,14789,history-content/website-reviews/rivers-edens-empires-lewis-and-clark-and-the-revealing-of-america.md,matched,
/history-content/website-reviews/14791,/history-content/website-reviews/osher-map-library/,alias,14791,history-content/website-reviews/osher-map-library.md,matched,
/history-content/website-reviews/14792,/history-content/website-reviews/public-papers-of-the-presidency/,alias,14792,history-content/website-reviews/public-papers-of-the-presidency.md,matched,
/history-content/website-reviews/14793,/history-content/website-reviews/ohio-memory-an-online-scrapbook-of-ohio-history/,alias,14793,history-content/website-reviews/ohio-memory-an-online-scrapbook-of-ohio-history.md,matched,
/history-content/website-reviews/14794,/history-content/website-reviews/gilder-lehrman-institute-of-american-history/,alias,14794,history-content/website-reviews/gilder-lehrman-institute-of-american-history.md,matched,
/history-content/website-reviews/14795,/history-content/website-reviews/images-of-native-americans/,alias,14795,history-content/website-reviews/images-of-native-americans.md,matched,
/history-content/website-reviews/14796,/history-content/website-reviews/in-motion-the-african-american-migration-experience/,alias,14796,history-content/website-reviews/in-motion-the-african-american-migration-experience.md,matched,
/history-content/website-reviews/14797,/history-content/website-reviews/france-in-america/,alias,14797,history-content/website-reviews/france-in-america.md,matched,
/history-content/website-reviews/14798,/history-content/website-reviews/diary-correspondence-and-papers-of-robert-king-carter-1701-1732/,alias,14798,history-content/website-reviews/diary-correspondence-and-papers-of-robert-king-carter-1701-1732.md,matched,
/history-content/website-reviews/14799,/history-content/website-reviews/primary-documents-in-american-history/,alias,14799,history-content/website-reviews/primary-documents-in-american-history.md,matched,
/history-content/website-reviews/14801,/history-content/website-reviews/dred-scott-case/,alias,14801,history-content/website-reviews/dred-scott-case.md,matched,
/history-content/website-reviews/14802,/history-content/website-reviews/slaves-and-the-courts-1740-1860/,alias,14802,history-content/website-reviews/slaves-and-the-courts-1740-1860.md,matched,
/history-content/website-reviews/14803,/history-content/website-reviews/born-in-slavery-slave-narratives-from-the-federal-writers-project-1936-1938/,alias,14803,history-content/website-reviews/born-in-slavery-slave-narratives-from-the-federal-writers-project-1936-1938.md,matched,
/history-content/website-reviews/14804,/history-content/website-reviews/native-american-documents-project/,alias,14804,history-content/website-reviews/native-american-documents-project.md,matched,
/history-content/website-reviews/14805,/history-content/website-reviews/nineteenth-century-california-sheet-music/,alias,14805,history-content/website-reviews/nineteenth-century-california-sheet-music.md,matched,
/history-content/website-reviews/14806,/history-content/website-reviews/emma-goldman-papers/,alias,14806,history-content/website-reviews/emma-goldman-papers.md,matched,
/history-content/website-reviews/14807,/history-content/website-reviews/franklin-d-roosevelt-presidential-library-and-digital-archives/,alias,14807,history-content/website-reviews/franklin-d-roosevelt-presidential-library-and-digital-archives.md,matched,
/history-content/website-reviews/14808,/history-content/website-reviews/oral-history-digital-collection/,alias,14808,history-content/website-reviews/oral-history-digital-collection.md,matched,
/history-content/website-reviews/14809,/history-content/website-reviews/samuel-j-may-anti-slavery-collection/,alias,14809,history-content/website-reviews/samuel-j-may-anti-slavery-collection.md,matched,
/history-content/website-reviews/14810,/history-content/website-reviews/nineteenth-century-american-children-and-what-they-read/,alias,14810,history-content/website-reviews/nineteenth-century-american-children-and-what-they-read.md,matched,
/history-content/website-reviews/14811,/history-content/website-reviews/child-labor-in-america-1908-1912-photographs-of-lewis-w-hine/,alias,14811,history-content/website-reviews/child-labor-in-america-1908-1912-photographs-of-lewis-w-hine.md,matched,
/history-content/website-reviews/14812,/history-content/website-reviews/american-radicalism-collection/,alias,14812,history-content/website-reviews/american-radicalism-collection.md,matched,
/history-content/website-reviews/14813,/history-content/website-reviews/race-and-place/,alias,14813,history-content/website-reviews/race-and-place.md,matched,
/history-content/website-reviews/14814,/history-content/website-reviews/alcohol-temperance-and-prohibition/,alias,14814,history-content/website-reviews/alcohol-temperance-and-prohibition.md,matched,
/history-content/website-reviews/14815,/history-content/website-reviews/willa-cather-archive/,alias,14815,history-content/website-reviews/willa-cather-archive.md,matched,
/history-content/website-reviews/14816,/history-content/website-reviews/voices-from-the-dust-bowl-1940-1941/,alias,14816,history-content/website-reviews/voices-from-the-dust-bowl-1940-1941.md,matched,
/history-content/website-reviews/14817,/history-content/website-reviews/remembering-jim-crow/,alias,14817,history-content/website-reviews/remembering-jim-crow.md,matched,
/history-content/website-reviews/14818,/history-content/website-reviews/the-vault/,alias,14818,history-content/website-reviews/the-vault.md,matched,
/history-content/website-reviews/14819,/history-content/website-reviews/multilaterals-project/,alias,14819,history-content/website-reviews/multilaterals-project.md,matched,
/history-content/website-reviews/14820,/history-content/website-reviews/wright-american-fiction-1851-1875/,alias,14820,history-content/website-reviews/wright-american-fiction-1851-1875.md,matched,
/history-content/website-reviews/14821,/history-content/website-reviews/civil-war-treasures-from-the-new-york-historical-society/,alias,14821,history-content/website-reviews/civil-war-treasures-from-the-new-york-historical-society.md,matched,
/history-content/website-reviews/14822,/history-content/website-reviews/african-american-experience-in-ohio-from-the-ohio-historical-society/,alias,14822,history-content/website-reviews/african-american-experience-in-ohio-from-the-ohio-historical-society.md,matched,
/history-content/website-reviews/14825,/history-content/website-reviews/performing-arts-in-america-1875-1923/,alias,14825,history-content/website-reviews/performing-arts-in-america-1875-1923.md,matched,
/history-content/website-reviews/14826,/history-content/website-reviews/eugenics-archive/,alias,14826,history-content/website-reviews/eugenics-archive.md,matched,
/history-content/website-reviews/14827,/history-content/website-reviews/the-history-of-social-security/,alias,14827,history-content/website-reviews/the-history-of-social-security.md,matched,
/history-content/website-reviews/14828,/history-content/website-reviews/william-p-gottlieb-photographs-from-the-golden-age-of-jazz/,alias,14828,history-content/website-reviews/william-p-gottlieb-photographs-from-the-golden-age-of-jazz.md,matched,
/history-content/website-reviews/14829,/history-content/website-reviews/profiles-in-science/,alias,14829,history-content/website-reviews/profiles-in-science.md,matched,
/history-content/website-reviews/14830,/history-content/website-reviews/rutgers-oral-history-archives/,alias,14830,history-content/website-reviews/rutgers-oral-history-archives.md,matched,
/history-content/website-reviews/14831,/history-content/website-reviews/gulf-war/,alias,14831,history-content/website-reviews/gulf-war.md,matched,
/history-content/website-reviews/14832,/history-content/website-reviews/african-american-women-writers-of-the-19th-century/,alias,14832,history-content/website-reviews/african-american-women-writers-of-the-19th-century.md,matched,
/history-content/website-reviews/14833,/history-content/website-reviews/alexander-graham-bell-family-papers/,alias,14833,history-content/website-reviews/alexander-graham-bell-family-papers.md,matched,
/history-content/website-reviews/14834,/history-content/website-reviews/african-american-perspectives-pamphlets-from-1818-1907/,alias,14834,history-content/website-reviews/african-american-perspectives-pamphlets-from-1818-1907.md,matched,
/history-content/website-reviews/14835,/history-content/website-reviews/dime-novels-and-penny-dreadfuls/,alias,14835,history-content/website-reviews/dime-novels-and-penny-dreadfuls.md,matched,
/history-content/website-reviews/14836,/history-content/website-reviews/history-of-the-american-west-1860-1920/,alias,14836,history-content/website-reviews/history-of-the-american-west-1860-1920.md,matched,
/history-content/website-reviews/14837,/history-content/website-reviews/the-jack-london-online-collection/,alias,14837,history-content/website-reviews/the-jack-london-online-collection.md,matched,
/history-content/website-reviews/14838,/history-content/website-reviews/time-archive-1923-to-present/,alias,14838,history-content/website-reviews/time-archive-1923-to-present.md,matched,
/history-content/website-reviews/14839,/history-content/website-reviews/dynamics-of-idealism-volunteers-for-civil-rights-1965-1982/,alias,14839,history-content/website-reviews/dynamics-of-idealism-volunteers-for-civil-rights-1965-1982.md,matched,
/history-content/website-reviews/14840,/history-content/website-reviews/cwihp-cold-war-international-history-project/,alias,14840,history-content/website-reviews/cwihp-cold-war-international-history-project.md,matched,
/history-content/website-reviews/14841,/history-content/website-reviews/literature-and-culture-of-the-american-1950s/,alias,14841,history-content/website-reviews/literature-and-culture-of-the-american-1950s.md,matched,
/history-content/website-reviews/14842,/history-content/website-reviews/inter-university-consortium-for-political-and-social-research/,alias,14842,history-content/website-reviews/inter-university-consortium-for-political-and-social-research.md,matched,
/history-content/website-reviews/14843,/history-content/website-reviews/centennial-exhibition-philadelphia-1876/,alias,14843,history-content/website-reviews/centennial-exhibition-philadelphia-1876.md,matched,
/history-content/website-reviews/14844,/history-content/website-reviews/indian-peoples-of-the-northern-great-plains/,alias,14844,history-content/website-reviews/indian-peoples-of-the-northern-great-plains.md,matched,
/history-content/website-reviews/14845,/history-content/website-reviews/american-environmental-photographs-1891-1936/,alias,14845,history-content/website-reviews/american-environmental-photographs-1891-1936.md,matched,
/history-content/website-reviews/14846,/history-content/website-reviews/prosperity-and-thrift-coolidge-era-and-the-consumer-economy/,alias,14846,history-content/website-reviews/prosperity-and-thrift-coolidge-era-and-the-consumer-economy.md,matched,
/history-content/website-reviews/14847,/history-content/website-reviews/emergence-of-advertising-in-america-1850-1920/,alias,14847,history-content/website-reviews/emergence-of-advertising-in-america-1850-1920.md,matched,
/history-content/website-reviews/14848,/history-content/website-reviews/lyndon-baines-johnson-library-and-museum/,alias,14848,history-content/website-reviews/lyndon-baines-johnson-library-and-museum.md,matched,
/history-content/website-reviews/19086,/history-content/website-reviews/digital-vaults/,alias,19086,history-content/website-reviews/digital-vaults.md,matched,
/history-content/website-reviews/19087,/history-content/website-reviews/picturing-america/,alias,19087,history-content/website-reviews/picturing-america.md,matched,
/history-content/website-reviews/19225,/history-content/website-reviews/national-register-of-historic-places-travel-itineraries/,alias,19225,history-content/website-reviews/national-register-of-historic-places-travel-itineraries.md,matched,
/history-content/website-reviews/22280,/history-content/website-reviews/legal-information-institute-supreme-court-collection/,alias,22280,history-content/website-reviews/legal-information-institute-supreme-court-collection.md,matched,
/history-content/website-reviews/22281,/history-content/website-reviews/supreme-court-historical-society/,alias,22281,history-content/website-reviews/supreme-court-historical-society.md,matched,
/history-content/website-reviews/22282,/history-content/website-reviews/landmark-supreme-court-cases/,alias,22282,history-content/website-reviews/landmark-supreme-court-cases.md,matched,
/history-content/website-reviews/22283,/history-content/website-reviews/papers-of-justice-tom-c-clark/,alias,22283,history-content/website-reviews/papers-of-justice-tom-c-clark.md,matched,
/history-content/website-reviews/22284,/history-content/website-reviews/national-security-archive-the-pentagon-papers/,alias,22284,history-content/website-reviews/national-security-archive-the-pentagon-papers.md,matched,
/history-content/website-reviews/22338,/history-content/website-reviews/history-news-network/,alias,22338,history-content/website-reviews/history-news-network.md,matched,
/history-content/website-reviews/22519,/history-content/website-reviews/teaching-with-laurel-grove-school/,alias,22519,history-content/website-reviews/teaching-with-laurel-grove-school.md,matched,
/history-content/website-reviews/22520,/history-content/website-reviews/the-eleanor-roosevelt-papers-project/,alias,22520,history-content/website-reviews/the-eleanor-roosevelt-papers-project.md,matched,
/history-content/website-reviews/22568,/history-content/website-reviews/fly-girls/,alias,22568,history-content/website-reviews/fly-girls.md,matched,
/history-content/website-reviews/22569,/history-content/website-reviews/first-century-of-the-first-state-university-the-creation-of-unc/,alias,22569,history-content/website-reviews/first-century-of-the-first-state-university-the-creation-of-unc.md,matched,
/history-content/website-reviews/22570,/history-content/website-reviews/red-white-blue-brimstone-new-world-literature-and-the-american-millennium/,alias,22570,history-content/website-reviews/red-white-blue-brimstone-new-world-literature-and-the-american-millennium.md,matched,
/history-content/website-reviews/22571,/history-content/website-reviews/lionel-hampton-his-life-and-legacy/,alias,22571,history-content/website-reviews/lionel-hampton-his-life-and-legacy.md,matched,
/history-content/website-reviews/22572,/history-content/website-reviews/history-of-the-tacoma-narrows-bridge/,alias,22572,history-content/website-reviews/history-of-the-tacoma-narrows-bridge.md,matched,
/history-content/website-reviews/22573,/history-content/website-reviews/lbj-oral-history-project-online/,alias,22573,history-content/website-reviews/lbj-oral-history-project-online.md,matched,
/history-content/website-reviews/22575,/history-content/website-reviews/george-catlin-and-his-indian-gallery/,alias,22575,history-content/website-reviews/george-catlin-and-his-indian-gallery.md,matched,
/history-content/website-reviews/22577,/history-content/website-reviews/alabama-maps/,alias,22577,history-content/website-reviews/alabama-maps.md,matched,
/history-content/website-reviews/22578,/history-content/website-reviews/jimmy-carter/,alias,22578,history-content/website-reviews/jimmy-carter.md,matched,
/history-content/website-reviews/22580,/history-content/website-reviews/new-york-public-library-picture-collection-online/,alias,22580,history-content/website-reviews/new-york-public-library-picture-collection-online.md,matched,
/history-content/website-reviews/22582,/history-content/website-reviews/monticello-the-home-of-thomas-jefferson/,alias,22582,history-content/website-reviews/monticello-the-home-of-thomas-jefferson.md,matched,
/history-content/website-reviews/22583,/history-content/website-reviews/the-franklin-county-publication-archives-index/,alias,22583,history-content/website-reviews/the-franklin-county-publication-archives-index.md,matched,
/history-content/website-reviews/22584,/history-content/website-reviews/the-sonic-memorial-project/,alias,22584,history-content/website-reviews/the-sonic-memorial-project.md,matched,
/history-content/website-reviews/22586,/history-content/website-reviews/connecticut-historical-society/,alias,22586,history-content/website-reviews/connecticut-historical-society.md,matched,
/history-content/website-reviews/22587,/history-content/website-reviews/recovered-notebooks-from-the-thomas-harned-walt-whitman-collection/,alias,22587,history-content/website-reviews/recovered-notebooks-from-the-thomas-harned-walt-whitman-collection.md,matched,
/history-content/website-reviews/22588,/history-content/website-reviews/california-gold-northern-california-folk-music-from-the-thirties/,alias,22588,history-content/website-reviews/california-gold-northern-california-folk-music-from-the-thirties.md,matched,
/history-content/website-reviews/22589,/history-content/website-reviews/panoramic-maps-1847-1929/,alias,22589,history-content/website-reviews/panoramic-maps-1847-1929.md,matched,
/history-content/website-reviews/22590,/history-content/website-reviews/american-social-history-projectcenter-for-media-and-learning/,alias,22590,history-content/website-reviews/american-social-history-projectcenter-for-media-and-learning.md,matched,
/history-content/website-reviews/22592,/history-content/website-reviews/american-historical-association/,alias,22592,history-content/website-reviews/american-historical-association.md,matched,
/history-content/website-reviews/22594,/history-content/website-reviews/the-african-american-mosaic/,alias,22594,history-content/website-reviews/the-african-american-mosaic.md,matched,
/history-content/website-reviews/22596,/history-content/website-reviews/center-for-dewey-studies-southern-illinois-university-at-carbondale/,alias,22596,history-content/website-reviews/center-for-dewey-studies-southern-illinois-university-at-carbondale.md,matched,
/history-content/website-reviews/22597,/history-content/website-reviews/archives-of-african-american-music-and-culture/,alias,22597,history-content/website-reviews/archives-of-african-american-music-and-culture.md,matched,
/history-content/website-reviews/22598,/history-content/website-reviews/the-case-of-sacco-and-vanzetti/,alias,22598,history-content/website-reviews/the-case-of-sacco-and-vanzetti.md,matched,
/history-content/website-reviews/22599,/history-content/website-reviews/the-adoption-history-project/,alias,22599,history-content/website-reviews/the-adoption-history-project.md,matched,
/history-content/website-reviews/22600,/history-content/website-reviews/maryland-digital-cultural-heritage/,alias,22600,history-content/website-reviews/maryland-digital-cultural-heritage.md,matched,
/history-content/website-reviews/22601,/history-content/website-reviews/atlanta-in-the-civil-rights-movement/,alias,22601,history-content/website-reviews/atlanta-in-the-civil-rights-movement.md,matched,
/history-content/website-reviews/22602,/history-content/website-reviews/the-great-seattle-fire/,alias,22602,history-content/website-reviews/the-great-seattle-fire.md,matched,
/history-content/website-reviews/22603,/history-content/website-reviews/travel-tourism-and-urban-growth-in-greater-miami-a-digital-archive/,alias,22603,history-content/website-reviews/travel-tourism-and-urban-growth-in-greater-miami-a-digital-archive.md,matched,
/history-content/website-reviews/22604,/history-content/website-reviews/north-american-womens-letters-and-diaries-colonial-times-to-1950/,alias,22604,history-content/website-reviews/north-american-womens-letters-and-diaries-colonial-times-to-1950.md,matched,
/history-content/website-reviews/22605,/history-content/website-reviews/the-lincoln-institute/,alias,22605,history-content/website-reviews/the-lincoln-institute.md,matched,
/history-content/website-reviews/22607,/history-content/website-reviews/life-after-the-holocaust-stories-of-holocaust-survivors-after-the-war/,alias,22607,history-content/website-reviews/life-after-the-holocaust-stories-of-holocaust-survivors-after-the-war.md,matched,
/history-content/website-reviews/22608,/history-content/website-reviews/musicians-local-no-627-and-the-mutual-musicians-foundation/,alias,22608,history-content/website-reviews/musicians-local-no-627-and-the-mutual-musicians-foundation.md,matched,
/history-content/website-reviews/22609,/history-content/website-reviews/the-dick-thornburgh-papers/,alias,22609,history-content/website-reviews/the-dick-thornburgh-papers.md,matched,
/history-content/website-reviews/22610,/history-content/website-reviews/manufacturers-catalogs-from-the-first-decade-of-american-automobiles/,alias,22610,history-content/website-reviews/manufacturers-catalogs-from-the-first-decade-of-american-automobiles.md,matched,
/history-content/website-reviews/22611,/history-content/website-reviews/madison-celebrating-150-years/,alias,22611,history-content/website-reviews/madison-celebrating-150-years.md,matched,
/history-content/website-reviews/22612,/history-content/website-reviews/american-broadsides-and-ephemera-series-i-1760-1900/,alias,22612,history-content/website-reviews/american-broadsides-and-ephemera-series-i-1760-1900.md,matched,
/history-content/website-reviews/22613,/history-content/website-reviews/american-state-papers-1789-1838/,alias,22613,history-content/website-reviews/american-state-papers-1789-1838.md,matched,
/history-content/website-reviews/22614,/history-content/website-reviews/storycorps/,alias,22614,history-content/website-reviews/storycorps.md,matched,
/history-content/website-reviews/22615,/history-content/website-reviews/early-american-imprints-series-ii-shaw-shoemaker-1801-1819/,alias,22615,history-content/website-reviews/early-american-imprints-series-ii-shaw-shoemaker-1801-1819.md,matched,
/history-content/website-reviews/22616,/history-content/website-reviews/probing-the-past/,alias,22616,history-content/website-reviews/probing-the-past.md,matched,
/history-content/website-reviews/22617,/history-content/website-reviews/civil-rights-litigation-clearinghouse/,alias,22617,history-content/website-reviews/civil-rights-litigation-clearinghouse.md,matched,
/history-content/website-reviews/22618,/history-content/website-reviews/the-blues-black-vaudeville-and-the-silver-screen-1912-1930s/,alias,22618,history-content/website-reviews/the-blues-black-vaudeville-and-the-silver-screen-1912-1930s.md,matched,
/history-content/website-reviews/22620,/history-content/website-reviews/gilmer-civil-war-maps-collection/,alias,22620,history-content/website-reviews/gilmer-civil-war-maps-collection.md,matched,
/history-content/website-reviews/22621,/history-content/website-reviews/mckinley-assassination-ink-a-documentary-history/,alias,22621,history-content/website-reviews/mckinley-assassination-ink-a-documentary-history.md,matched,
/history-content/website-reviews/22622,/history-content/website-reviews/getting-the-message-out-national-political-campaign-materials-1840-1860/,alias,22622,history-content/website-reviews/getting-the-message-out-national-political-campaign-materials-1840-1860.md,matched,
/history-content/website-reviews/22643,/history-content/website-reviews/home-sweet-home-life-in-19th-century-ohio/,alias,22643,history-content/website-reviews/home-sweet-home-life-in-19th-century-ohio.md,matched,
/history-content/website-reviews/22644,/history-content/website-reviews/lawrence-denny-lindsley-photographs/,alias,22644,history-content/website-reviews/lawrence-denny-lindsley-photographs.md,matched,
/history-content/website-reviews/22645,/history-content/website-reviews/listening-to-our-ancestors-the-art-of-native-life-along-the-north-pacific-coast/,alias,22645,history-content/website-reviews/listening-to-our-ancestors-the-art-of-native-life-along-the-north-pacific-coast.md,matched,
/history-content/website-reviews/22646,/history-content/website-reviews/lexisnexis/,alias,22646,history-content/website-reviews/lexisnexis.md,matched,
/history-content/website-reviews/22647,/history-content/website-reviews/early-recognized-treaties-with-american-indian-nations/,alias,22647,history-content/website-reviews/early-recognized-treaties-with-american-indian-nations.md,matched,
/history-content/website-reviews/22648,/history-content/website-reviews/northern-visions-of-race-region-and-reform-in-the-press/,alias,22648,history-content/website-reviews/northern-visions-of-race-region-and-reform-in-the-press.md,matched,
/history-content/website-reviews/22649,/history-content/website-reviews/america-history-and-life/,alias,22649,history-content/website-reviews/america-history-and-life.md,matched,
/history-content/website-reviews/22650,/history-content/website-reviews/oxford-african-american-studies-center/,alias,22650,history-content/website-reviews/oxford-african-american-studies-center.md,matched,
/history-content/website-reviews/22651,/history-content/website-reviews/unified-vision-the-architecture-and-design-of-the-prairie-school/,alias,22651,history-content/website-reviews/unified-vision-the-architecture-and-design-of-the-prairie-school.md,matched,
/history-content/website-reviews/22652,/history-content/website-reviews/jacob-lawrence-over-the-line/,alias,22652,history-content/website-reviews/jacob-lawrence-over-the-line.md,matched,
/history-content/website-reviews/22653,/history-content/website-reviews/dolley-madison-digital-edition/,alias,22653,history-content/website-reviews/dolley-madison-digital-edition.md,matched,
/history-content/website-reviews/22654,/history-content/website-reviews/coming-of-age-in-the-twentieth-century-stories-from-minnesota-and-beyond/,alias,22654,history-content/website-reviews/coming-of-age-in-the-twentieth-century-stories-from-minnesota-and-beyond.md,matched,
/history-content/website-reviews/22655,/history-content/website-reviews/liberian-letters/,alias,22655,history-content/website-reviews/liberian-letters.md,matched,
/history-content/website-reviews/22656,/history-content/website-reviews/native-american-constitution-and-law-digitization-project/,alias,22656,history-content/website-reviews/native-american-constitution-and-law-digitization-project.md,matched,
/history-content/website-reviews/22658,/history-content/website-reviews/biddle-edition-archive/,alias,22658,history-content/website-reviews/biddle-edition-archive.md,matched,
/history-content/website-reviews/22659,/history-content/website-reviews/seattle-black-panther-party-history-and-memory-project/,alias,22659,history-content/website-reviews/seattle-black-panther-party-history-and-memory-project.md,matched,
/history-content/website-reviews/22660,/history-content/website-reviews/dickinson-electronic-archives/,alias,22660,history-content/website-reviews/dickinson-electronic-archives.md,matched,
/history-content/website-reviews/22661,/history-content/website-reviews/automobile-in-american-life-and-society/,alias,22661,history-content/website-reviews/automobile-in-american-life-and-society.md,matched,
/history-content/website-reviews/22662,/history-content/website-reviews/stephen-fosters-sketchbook/,alias,22662,history-content/website-reviews/stephen-fosters-sketchbook.md,matched,
/history-content/website-reviews/22663,/history-content/website-reviews/negroes-with-guns-rob-williams-and-black-power/,alias,22663,history-content/website-reviews/negroes-with-guns-rob-williams-and-black-power.md,matched,
/history-content/website-reviews/22664,/history-content/website-reviews/the-eastman-project-images-of-california-life/,alias,22664,history-content/website-reviews/the-eastman-project-images-of-california-life.md,matched,
/history-content/website-reviews/22665,/history-content/website-reviews/minnesota-maps-online/,alias,22665,history-content/website-reviews/minnesota-maps-online.md,matched,
/history-content/website-reviews/22666,/history-content/website-reviews/tennessee-documentary-history-collection-1796-1850/,alias,22666,history-content/website-reviews/tennessee-documentary-history-collection-1796-1850.md,matched,
/history-content/website-reviews/22667,/history-content/website-reviews/thars-gold-in-them-thar-hills-gold-and-gold-mining-in-georgia-1830s-1940s/,alias,22667,history-content/website-reviews/thars-gold-in-them-thar-hills-gold-and-gold-mining-in-georgia-1830s-1940s.md,matched,
/history-content/website-reviews/22668,/history-content/website-reviews/wright-on-the-web/,alias,22668,history-content/website-reviews/wright-on-the-web.md,matched,
/history-content/website-reviews/22669,/history-content/website-reviews/frank-lloyd-wright-designs-for-an-american-landscape-1922-1932/,alias,22669,history-content/website-reviews/frank-lloyd-wright-designs-for-an-american-landscape-1922-1932.md,matched,
/history-content/website-reviews/22670,/history-content/website-reviews/historic-missouri-newspaper-project/,alias,22670,history-content/website-reviews/historic-missouri-newspaper-project.md,matched,
/history-content/website-reviews/22671,/history-content/website-reviews/walt-whitman-archive/,alias,22671,history-content/website-reviews/walt-whitman-archive.md,matched,
/history-content/website-reviews/22672,/history-content/website-reviews/harlem-history/,alias,22672,history-content/website-reviews/harlem-history.md,matched,
/history-content/website-reviews/22673,/history-content/website-reviews/world-war-i-sheet-music/,alias,22673,history-content/website-reviews/world-war-i-sheet-music.md,matched,
/history-content/website-reviews/22674,/history-content/website-reviews/perry-visits-japan/,alias,22674,history-content/website-reviews/perry-visits-japan.md,matched,
/history-content/website-reviews/22675,/history-content/website-reviews/turning-points-in-wisconsin-history/,alias,22675,history-content/website-reviews/turning-points-in-wisconsin-history.md,matched,
/history-content/website-reviews/22676,/history-content/website-reviews/documenting-our-past-the-teenie-harris-archive-project/,alias,22676,history-content/website-reviews/documenting-our-past-the-teenie-harris-archive-project.md,matched,
/history-content/website-reviews/22677,/history-content/website-reviews/encyclopedia-of-chicago-historical-sources/,alias,22677,history-content/website-reviews/encyclopedia-of-chicago-historical-sources.md,matched,
/history-content/website-reviews/22678,/history-content/website-reviews/western-history-photography-collection/,alias,22678,history-content/website-reviews/western-history-photography-collection.md,matched,
/history-content/website-reviews/22680,/history-content/website-reviews/virtual-museum-and-archive-of-the-sec-and-securities-history/,alias,22680,history-content/website-reviews/virtual-museum-and-archive-of-the-sec-and-securities-history.md,matched,
/history-content/website-reviews/22681,/history-content/website-reviews/mcvicarstein-photo-copy-service-collection/,alias,22681,history-content/website-reviews/mcvicarstein-photo-copy-service-collection.md,matched,
/history-content/website-reviews/22682,/history-content/website-reviews/the-atomic-bomb-and-the-end-of-world-war-ii/,alias,22682,history-content/website-reviews/the-atomic-bomb-and-the-end-of-world-war-ii.md,matched,
/history-content/website-reviews/22684,/history-content/website-reviews/women-of-protest-images-from-the-records-of-the-national-womans-party/,alias,22684,history-content/website-reviews/women-of-protest-images-from-the-records-of-the-national-womans-party.md,matched,
/history-content/website-reviews/22686,/history-content/website-reviews/trust-territory-of-the-pacific-islands/,alias,22686,history-content/website-reviews/trust-territory-of-the-pacific-islands.md,matched,
/history-content/website-reviews/22687,/history-content/website-reviews/silicon-valley-history-online/,alias,22687,history-content/website-reviews/silicon-valley-history-online.md,matched,
/history-content/website-reviews/22688,/history-content/website-reviews/illinois-during-the-gilded-age/,alias,22688,history-content/website-reviews/illinois-during-the-gilded-age.md,matched,
/history-content/website-reviews/22689,/history-content/website-reviews/teaching-future-historians-us-history-lesson-plans-using-primary-documents/,alias,22689,history-content/website-reviews/teaching-future-historians-us-history-lesson-plans-using-primary-documents.md,matched,
/history-content/website-reviews/22690,/history-content/website-reviews/the-lives-and-writings-of-antebellum-students-at-unc/,alias,22690,history-content/website-reviews/the-lives-and-writings-of-antebellum-students-at-unc.md,matched,
/history-content/website-reviews/22691,/history-content/website-reviews/new-jersey-public-records-and-archives/,alias,22691,history-content/website-reviews/new-jersey-public-records-and-archives.md,matched,
/history-content/website-reviews/22696,/history-content/website-reviews/las-vegas-an-unconventional-history/,alias,22696,history-content/website-reviews/las-vegas-an-unconventional-history.md,matched,
/history-content/website-reviews/22697,/history-content/website-reviews/portal-to-texas-history/,alias,22697,history-content/website-reviews/portal-to-texas-history.md,matched,
/history-content/website-reviews/22698,/history-content/website-reviews/medicine-in-the-americas-1619-1914/,alias,22698,history-content/website-reviews/medicine-in-the-americas-1619-1914.md,matched,
/history-content/website-reviews/22699,/history-content/website-reviews/ancient-architects-of-the-mississippi/,alias,22699,history-content/website-reviews/ancient-architects-of-the-mississippi.md,matched,
/history-content/website-reviews/22700,/history-content/website-reviews/louisiana-state-museum-jazz-collection/,alias,22700,history-content/website-reviews/louisiana-state-museum-jazz-collection.md,matched,
/history-content/website-reviews/22702,/history-content/website-reviews/invincible-cities/,alias,22702,history-content/website-reviews/invincible-cities.md,matched,
/history-content/website-reviews/22703,/history-content/website-reviews/nova-einsteins-big-idea/,alias,22703,history-content/website-reviews/nova-einsteins-big-idea.md,matched,
/history-content/website-reviews/22704,/history-content/website-reviews/jewish-women-and-the-feminist-revolution/,alias,22704,history-content/website-reviews/jewish-women-and-the-feminist-revolution.md,matched,
/history-content/website-reviews/22705,/history-content/website-reviews/florida-folklife-collection/,alias,22705,history-content/website-reviews/florida-folklife-collection.md,matched,
/history-content/website-reviews/22706,/history-content/website-reviews/the-malcolm-x-project/,alias,22706,history-content/website-reviews/the-malcolm-x-project.md,matched,
/history-content/website-reviews/22707,/history-content/website-reviews/folkstreams/,alias,22707,history-content/website-reviews/folkstreams.md,matched,
/history-content/website-reviews/22708,/history-content/website-reviews/historic-pittsburgh/,alias,22708,history-content/website-reviews/historic-pittsburgh.md,matched,
/history-content/website-reviews/22709,/history-content/website-reviews/illinois-digital-archives/,alias,22709,history-content/website-reviews/illinois-digital-archives.md,matched,
/history-content/website-reviews/22710,/history-content/website-reviews/bound-for-glory-america-in-color-1939-1943/,alias,22710,history-content/website-reviews/bound-for-glory-america-in-color-1939-1943.md,matched,
/history-content/website-reviews/22711,/history-content/website-reviews/the-history-box/,alias,22711,history-content/website-reviews/the-history-box.md,matched,
/history-content/website-reviews/22712,/history-content/website-reviews/seattle-power-and-water-supply-collection/,alias,22712,history-content/website-reviews/seattle-power-and-water-supply-collection.md,matched,
/history-content/website-reviews/22713,/history-content/website-reviews/wisconsin-local-history-and-biography-articles-collection/,alias,22713,history-content/website-reviews/wisconsin-local-history-and-biography-articles-collection.md,matched,
/history-content/website-reviews/22714,/history-content/website-reviews/chronicling-america-historic-american-newspapers/,alias,22714,history-content/website-reviews/chronicling-america-historic-american-newspapers.md,matched,
/history-content/website-reviews/22715,/history-content/website-reviews/anne-sullivan-macy-miracle-worker/,alias,22715,history-content/website-reviews/anne-sullivan-macy-miracle-worker.md,matched,
/history-content/website-reviews/22716,/history-content/website-reviews/a-portion-of-the-people-three-hundred-years-of-southern-jewish-life/,alias,22716,history-content/website-reviews/a-portion-of-the-people-three-hundred-years-of-southern-jewish-life.md,matched,
/history-content/website-reviews/22717,/history-content/website-reviews/helen-keller-kids-museum/,alias,22717,history-content/website-reviews/helen-keller-kids-museum.md,matched,
/history-content/website-reviews/22718,/history-content/website-reviews/sanborn-fire-insurance-maps-for-georgia-towns-and-cities-1884-1922/,alias,22718,history-content/website-reviews/sanborn-fire-insurance-maps-for-georgia-towns-and-cities-1884-1922.md,matched,
/history-content/website-reviews/22719,/history-content/website-reviews/vincentian-postcards/,alias,22719,history-content/website-reviews/vincentian-postcards.md,matched,
/history-content/website-reviews/22720,/history-content/website-reviews/dolley-madison-project/,alias,22720,history-content/website-reviews/dolley-madison-project.md,matched,
/history-content/website-reviews/22721,/history-content/website-reviews/nasa-history-division/,alias,22721,history-content/website-reviews/nasa-history-division.md,matched,
/history-content/website-reviews/22722,/history-content/website-reviews/library-of-congress-webcasts/,alias,22722,history-content/website-reviews/library-of-congress-webcasts.md,matched,
/history-content/website-reviews/22723,/history-content/website-reviews/brittingham-family-lantern-slide-collection/,alias,22723,history-content/website-reviews/brittingham-family-lantern-slide-collection.md,matched,
/history-content/website-reviews/22724,/history-content/website-reviews/benjamin-franklin-in-his-own-words/,alias,22724,history-content/website-reviews/benjamin-franklin-in-his-own-words.md,matched,
/history-content/website-reviews/22725,/history-content/website-reviews/wisconsin-magazine-of-history/,alias,22725,history-content/website-reviews/wisconsin-magazine-of-history.md,matched,
/history-content/website-reviews/22726,/history-content/website-reviews/freedom-now-an-archival-project-of-tougaloo-college-and-brown-university/,alias,22726,history-content/website-reviews/freedom-now-an-archival-project-of-tougaloo-college-and-brown-university.md,matched,
/history-content/website-reviews/22727,/history-content/website-reviews/presidential-papers-of-dwight-david-eisenhower/,alias,22727,history-content/website-reviews/presidential-papers-of-dwight-david-eisenhower.md,matched,
/history-content/website-reviews/22728,/history-content/website-reviews/slavery-and-the-making-of-america/,alias,22728,history-content/website-reviews/slavery-and-the-making-of-america.md,matched,
/history-content/website-reviews/22730,/history-content/website-reviews/black-past/,alias,22730,history-content/website-reviews/black-past.md,matched,
/history-content/website-reviews/22731,/history-content/website-reviews/say-it-plain-a-century-of-great-african-american-speeches/,alias,22731,history-content/website-reviews/say-it-plain-a-century-of-great-african-american-speeches.md,matched,
/history-content/website-reviews/22732,/history-content/website-reviews/rebellion-john-horse-and-the-black-seminoles/,alias,22732,history-content/website-reviews/rebellion-john-horse-and-the-black-seminoles.md,matched,
/history-content/website-reviews/22733,/history-content/website-reviews/adams-family-papers/,alias,22733,history-content/website-reviews/adams-family-papers.md,matched,
/history-content/website-reviews/22734,/history-content/website-reviews/doris-ulmann-photograph-collection/,alias,22734,history-content/website-reviews/doris-ulmann-photograph-collection.md,matched,
/history-content/website-reviews/22735,/history-content/website-reviews/columbia-river-basin-ethnic-history-archive/,alias,22735,history-content/website-reviews/columbia-river-basin-ethnic-history-archive.md,matched,
/history-content/website-reviews/22736,/history-content/website-reviews/hh-bennett-photographer-extraordinaire/,alias,22736,history-content/website-reviews/hh-bennett-photographer-extraordinaire.md,matched,
/history-content/website-reviews/22737,/history-content/website-reviews/lest-we-forget-the-triumph-over-slavery/,alias,22737,history-content/website-reviews/lest-we-forget-the-triumph-over-slavery.md,matched,
/history-content/website-reviews/22738,/history-content/website-reviews/from-haven-to-home-350-years-of-jewish-life-in-america/,alias,22738,history-content/website-reviews/from-haven-to-home-350-years-of-jewish-life-in-america.md,matched,
/history-content/website-reviews/22739,/history-content/website-reviews/a-century-of-progress-the-1933-34-chicago-worlds-fair/,alias,22739,history-content/website-reviews/a-century-of-progress-the-1933-34-chicago-worlds-fair.md,matched,
/history-content/website-reviews/22740,/history-content/website-reviews/brooklyn-in-the-civil-war/,alias,22740,history-content/website-reviews/brooklyn-in-the-civil-war.md,matched,
/history-content/website-reviews/22741,/history-content/website-reviews/vietnam-war-era-ephemera-collection/,alias,22741,history-content/website-reviews/vietnam-war-era-ephemera-collection.md,matched,
/history-content/website-reviews/22742,/history-content/website-reviews/sullivan-clinton-campaign-1779-2005/,alias,22742,history-content/website-reviews/sullivan-clinton-campaign-1779-2005.md,matched,
/history-content/website-reviews/22743,/history-content/website-reviews/alaskas-digital-archive/,alias,22743,history-content/website-reviews/alaskas-digital-archive.md,matched,
/history-content/website-reviews/22744,/history-content/website-reviews/new-jersery-history-partnership-project/,alias,22744,history-content/website-reviews/new-jersery-history-partnership-project.md,matched,
/history-content/website-reviews/22745,/history-content/website-reviews/children-in-urban-america-a-digital-archive/,alias,22745,history-content/website-reviews/children-in-urban-america-a-digital-archive.md,matched,
/history-content/website-reviews/22746,/history-content/website-reviews/charters-of-freedom/,alias,22746,history-content/website-reviews/charters-of-freedom.md,matched,
/history-content/website-reviews/22747,/history-content/website-reviews/civil-war-women/,alias,22747,history-content/website-reviews/civil-war-women.md,matched,
/history-content/website-reviews/22748,/history-content/website-reviews/drafting-the-documents-of-independence/,alias,22748,history-content/website-reviews/drafting-the-documents-of-independence.md,matched,
/history-content/website-reviews/22749,/history-content/website-reviews/edsitement/,alias,22749,history-content/website-reviews/edsitement.md,matched,
/history-content/website-reviews/22750,/history-content/website-reviews/american-slave-narratives/,alias,22750,history-content/website-reviews/american-slave-narratives.md,matched,
/history-content/website-reviews/22751,/history-content/website-reviews/the-american-1890s/,alias,22751,history-content/website-reviews/the-american-1890s.md,matched,
/history-content/website-reviews/22752,/history-content/website-reviews/the-japanese-american-exhibit-and-access-project/,alias,22752,history-content/website-reviews/the-japanese-american-exhibit-and-access-project.md,matched,
/history-content/website-reviews/22758,/history-content/website-reviews/the-wars-for-vietnam-1945-1975/,alias,22758,history-content/website-reviews/the-wars-for-vietnam-1945-1975.md,matched,
/history-content/website-reviews/22759,/history-content/website-reviews/world-war-i-trenches-on-the-web/,alias,22759,history-content/website-reviews/world-war-i-trenches-on-the-web.md,matched,
/history-content/website-reviews/22760,/history-content/website-reviews/national-womens-history-project/,alias,22760,history-content/website-reviews/national-womens-history-project.md,matched,
/history-content/website-reviews/22762,/history-content/website-reviews/national-baseball-hall-of-fame-and-museum/,alias,22762,history-content/website-reviews/national-baseball-hall-of-fame-and-museum.md,matched,
/history-content/website-reviews/22763,/history-content/website-reviews/the-lindbergh-case-the-trial-of-the-century/,alias,22763,history-content/website-reviews/the-lindbergh-case-the-trial-of-the-century.md,matched,
/history-content/website-reviews/22764,/history-content/website-reviews/still-going-on-celebrating-the-life-and-times-of-william-grant-still/,alias,22764,history-content/website-reviews/still-going-on-celebrating-the-life-and-times-of-william-grant-still.md,matched,
/history-content/website-reviews/22765,/history-content/website-reviews/people-with-a-history-lesbian-gay-bisexual-and-trans-history/,alias,22765,history-content/website-reviews/people-with-a-history-lesbian-gay-bisexual-and-trans-history.md,matched,
/history-content/website-reviews/22766,/history-content/website-reviews/archiving-early-america/,alias,22766,history-content/website-reviews/archiving-early-america.md,matched,
/history-content/website-reviews/22767,/history-content/website-reviews/civil-war-letters-of-galutia-york/,alias,22767,history-content/website-reviews/civil-war-letters-of-galutia-york.md,matched,
/history-content/website-reviews/22768,/history-content/website-reviews/posters-american-style/,alias,22768,history-content/website-reviews/posters-american-style.md,matched,
/history-content/website-reviews/22769,/history-content/website-reviews/womens-studies-database/,alias,22769,history-content/website-reviews/womens-studies-database.md,matched,
/history-content/website-reviews/22770,/history-content/website-reviews/letters-from-an-iowa-soldier-in-the-civil-war/,alias,22770,history-content/website-reviews/letters-from-an-iowa-soldier-in-the-civil-war.md,matched,
/history-content/website-reviews/22771,/history-content/website-reviews/images-of-battle-selected-civil-war-letters/,alias,22771,history-content/website-reviews/images-of-battle-selected-civil-war-letters.md,matched,
/history-content/website-reviews/22773,/history-content/website-reviews/godeys-ladys-book-online/,alias,22773,history-content/website-reviews/godeys-ladys-book-online.md,matched,
/history-content/website-reviews/22774,/history-content/website-reviews/women-in-america-1820-to-1842/,alias,22774,history-content/website-reviews/women-in-america-1820-to-1842.md,matched,
/history-content/website-reviews/22777,/history-content/website-reviews/japanese-american-internment/,alias,22777,history-content/website-reviews/japanese-american-internment.md,matched,
/history-content/website-reviews/22779,/history-content/website-reviews/remembering-nagasaki/,alias,22779,history-content/website-reviews/remembering-nagasaki.md,matched,
/history-content/website-reviews/22781,/history-content/website-reviews/sixties-project-viet-nam-generation/,alias,22781,history-content/website-reviews/sixties-project-viet-nam-generation.md,matched,
/history-content/website-reviews/22782,/history-content/website-reviews/1492-an-ongoing-voyage/,alias,22782,history-content/website-reviews/1492-an-ongoing-voyage.md,matched,
/history-content/website-reviews/22783,/history-content/website-reviews/views-of-the-famine/,alias,22783,history-content/website-reviews/views-of-the-famine.md,matched,
/history-content/website-reviews/22784,/history-content/website-reviews/hiroshima-peace-site/,alias,22784,history-content/website-reviews/hiroshima-peace-site.md,matched,
/history-content/website-reviews/22785,/history-content/website-reviews/a-cybrary-of-the-holocaust/,alias,22785,history-content/website-reviews/a-cybrary-of-the-holocaust.md,matched,
/history-content/website-reviews/22786,/history-content/website-reviews/thomas-jefferson-on-politics-and-government/,alias,22786,history-content/website-reviews/thomas-jefferson-on-politics-and-government.md,matched,
/history-content/website-reviews/22787,/history-content/website-reviews/powers-of-persuasion-poster-art-from-world-war-ii/,alias,22787,history-content/website-reviews/powers-of-persuasion-poster-art-from-world-war-ii.md,matched,
/history-content/website-reviews/22788,/history-content/website-reviews/when-nixon-met-elvis/,alias,22788,history-content/website-reviews/when-nixon-met-elvis.md,matched,
/history-content/website-reviews/22789,/history-content/website-reviews/american-originals/,alias,22789,history-content/website-reviews/american-originals.md,matched,
/history-content/website-reviews/22790,/history-content/website-reviews/a-new-deal-for-the-arts/,alias,22790,history-content/website-reviews/a-new-deal-for-the-arts.md,matched,
/history-content/website-reviews/22791,/history-content/website-reviews/a-people-at-war/,alias,22791,history-content/website-reviews/a-people-at-war.md,matched,
/history-content/website-reviews/22792,/history-content/website-reviews/california-heritage-collection/,alias,22792,history-content/website-reviews/california-heritage-collection.md,matched,
/history-content/website-reviews/22793,/history-content/website-reviews/first-person-narratives-of-the-american-south-1860-1920/,alias,22793,history-content/website-reviews/first-person-narratives-of-the-american-south-1860-1920.md,matched,
/history-content/website-reviews/22794,/history-content/website-reviews/an-american-ballroom-companion-dance-instruction-manuals-ca-1490-1920/,alias,22794,history-content/website-reviews/an-american-ballroom-companion-dance-instruction-manuals-ca-1490-1920.md,matched,
/history-content/website-reviews/22795,/history-content/website-reviews/buckaroos-in-paradise-ranching-culture-in-northern-nevada-1945-1982/,alias,22795,history-content/website-reviews/buckaroos-in-paradise-ranching-culture-in-northern-nevada-1945-1982.md,matched,
/history-content/website-reviews/22796,/history-content/website-reviews/documents-from-the-womens-liberation-movement/,alias,22796,history-content/website-reviews/documents-from-the-womens-liberation-movement.md,matched,
/history-content/website-reviews/22797,/history-content/website-reviews/george-percival-scriven-an-american-in-bohol-the-philippines-1899-1901/,alias,22797,history-content/website-reviews/george-percival-scriven-an-american-in-bohol-the-philippines-1899-1901.md,matched,
/history-content/website-reviews/22798,/history-content/website-reviews/african-american-women/,alias,22798,history-content/website-reviews/african-american-women.md,matched,
/history-content/website-reviews/22799,/history-content/website-reviews/america-votes-presidential-campaign-memorabilia/,alias,22799,history-content/website-reviews/america-votes-presidential-campaign-memorabilia.md,matched,
/history-content/website-reviews/22800,/history-content/website-reviews/emma-spaulding-bryant-letters/,alias,22800,history-content/website-reviews/emma-spaulding-bryant-letters.md,matched,
/history-content/website-reviews/22801,/history-content/website-reviews/the-urban-landscape/,alias,22801,history-content/website-reviews/the-urban-landscape.md,matched,
/history-content/website-reviews/22802,/history-content/website-reviews/political-thought-page/,alias,22802,history-content/website-reviews/political-thought-page.md,matched,
/history-content/website-reviews/22803,/history-content/website-reviews/living-the-legacy-the-womens-rights-movement-1848-1998/,alias,22803,history-content/website-reviews/living-the-legacy-the-womens-rights-movement-1848-1998.md,matched,
/history-content/website-reviews/22804,/history-content/website-reviews/center-for-working-class-studies/,alias,22804,history-content/website-reviews/center-for-working-class-studies.md,matched,
/history-content/website-reviews/22808,/history-content/website-reviews/hitting-the-sawdust-trail-with-billy-sunday/,alias,22808,history-content/website-reviews/hitting-the-sawdust-trail-with-billy-sunday.md,matched,
/history-content/website-reviews/22809,/history-content/website-reviews/architecture-and-interior-design-for-america-1935-1955/,alias,22809,history-content/website-reviews/architecture-and-interior-design-for-america-1935-1955.md,matched,
/history-content/website-reviews/22810,/history-content/website-reviews/jackie-robinson-and-other-baseball-highlights-1860s-1960s/,alias,22810,history-content/website-reviews/jackie-robinson-and-other-baseball-highlights-1860s-1960s.md,matched,
/history-content/website-reviews/22811,/history-content/website-reviews/new-deal-stage-selections-from-the-federal-theatre-project-1935-1939/,alias,22811,history-content/website-reviews/new-deal-stage-selections-from-the-federal-theatre-project-1935-1939.md,matched,
/history-content/website-reviews/22812,/history-content/website-reviews/photographs-from-the-fred-hulstrand-and-f-a-pazandak-photograph-collections/,alias,22812,history-content/website-reviews/photographs-from-the-fred-hulstrand-and-f-a-pazandak-photograph-collections.md,matched,
/history-content/website-reviews/22813,/history-content/website-reviews/creative-americans-portraits-by-carl-van-vechten-1932-1964/,alias,22813,history-content/website-reviews/creative-americans-portraits-by-carl-van-vechten-1932-1964.md,matched,
/history-content/website-reviews/22814,/history-content/website-reviews/by-popular-demand-votes-for-women-suffrage-pictures-1850-1920/,alias,22814,history-content/website-reviews/by-popular-demand-votes-for-women-suffrage-pictures-1850-1920.md,matched,
/history-content/website-reviews/22815,/history-content/website-reviews/washington-as-it-was-photographs-by-theodor-horydczak-1923-1959/,alias,22815,history-content/website-reviews/washington-as-it-was-photographs-by-theodor-horydczak-1923-1959.md,matched,
/history-content/website-reviews/22816,/history-content/website-reviews/words-and-deeds-in-american-history/,alias,22816,history-content/website-reviews/words-and-deeds-in-american-history.md,matched,
/history-content/website-reviews/22817,/history-content/website-reviews/organization-of-american-historians/,alias,22817,history-content/website-reviews/organization-of-american-historians.md,matched,
/history-content/website-reviews/22818,/history-content/website-reviews/modern-and-contemporary-american-poetry/,alias,22818,history-content/website-reviews/modern-and-contemporary-american-poetry.md,matched,
/history-content/website-reviews/22819,/history-content/website-reviews/www-virtual-library-history-central-catalogue/,alias,22819,history-content/website-reviews/www-virtual-library-history-central-catalogue.md,matched,
/history-content/website-reviews/22820,/history-content/website-reviews/history-the-national-park-service/,alias,22820,history-content/website-reviews/history-the-national-park-service.md,matched,
/history-content/website-reviews/22821,/history-content/website-reviews/national-center-for-history-in-the-schools/,alias,22821,history-content/website-reviews/national-center-for-history-in-the-schools.md,matched,
/history-content/website-reviews/22822,/history-content/website-reviews/digital-librarian-a-librarians-choice-of-the-best-of-the-history-web/,alias,22822,history-content/website-reviews/digital-librarian-a-librarians-choice-of-the-best-of-the-history-web.md,matched,
/history-content/website-reviews/22824,/history-content/website-reviews/excerpts-from-slave-narratives/,alias,22824,history-content/website-reviews/excerpts-from-slave-narratives.md,matched,
/history-content/website-reviews/22825,/history-content/website-reviews/third-person-first-person-slave-voices/,alias,22825,history-content/website-reviews/third-person-first-person-slave-voices.md,matched,
/history-content/website-reviews/22826,/history-content/website-reviews/voices-from-the-gaps-women-writers-and-artists-of-color/,alias,22826,history-content/website-reviews/voices-from-the-gaps-women-writers-and-artists-of-color.md,matched,
/history-content/website-reviews/22827,/history-content/website-reviews/freedmen-and-southern-society-project/,alias,22827,history-content/website-reviews/freedmen-and-southern-society-project.md,matched,
/history-content/website-reviews/22829,/history-content/website-reviews/chickasaw-historical-research-page/,alias,22829,history-content/website-reviews/chickasaw-historical-research-page.md,matched,
/history-content/website-reviews/22830,/history-content/website-reviews/american-womens-history-a-research-guide/,alias,22830,history-content/website-reviews/american-womens-history-a-research-guide.md,matched,
/history-content/website-reviews/22832,/history-content/website-reviews/american-museum-of-photography/,alias,22832,history-content/website-reviews/american-museum-of-photography.md,matched,
/history-content/website-reviews/22833,/history-content/website-reviews/fdr-cartoon-archive/,alias,22833,history-content/website-reviews/fdr-cartoon-archive.md,matched,
/history-content/website-reviews/22834,/history-content/website-reviews/westweb-western-studies-and-research-resources/,alias,22834,history-content/website-reviews/westweb-western-studies-and-research-resources.md,matched,
/history-content/website-reviews/22835,/history-content/website-reviews/the-five-points-site/,alias,22835,history-content/website-reviews/the-five-points-site.md,matched,
/history-content/website-reviews/22836,/history-content/website-reviews/the-digital-classroom/,alias,22836,history-content/website-reviews/the-digital-classroom.md,matched,
/history-content/website-reviews/22837,/history-content/website-reviews/scout-report-archives/,alias,22837,history-content/website-reviews/scout-report-archives.md,matched,
/history-content/website-reviews/22839,/history-content/website-reviews/magic-illusion-and-detection-in-turn-of-the-century-america/,alias,22839,history-content/website-reviews/magic-illusion-and-detection-in-turn-of-the-century-america.md,matched,
/history-content/website-reviews/22840,/history-content/website-reviews/h-net-humanities-and-social-sciences-online/,alias,22840,history-content/website-reviews/h-net-humanities-and-social-sciences-online.md,matched,
/history-content/website-reviews/22841,/history-content/website-reviews/mapping-history/,alias,22841,history-content/website-reviews/mapping-history.md,matched,
/history-content/website-reviews/22842,/history-content/website-reviews/at-home-in-the-heartland/,alias,22842,history-content/website-reviews/at-home-in-the-heartland.md,matched,
/history-content/website-reviews/22844,/history-content/website-reviews/crisis-at-fort-sumter/,alias,22844,history-content/website-reviews/crisis-at-fort-sumter.md,matched,
/history-content/website-reviews/22845,/history-content/website-reviews/lewis-and-clark-maps-of-exploration-1507-1814/,alias,22845,history-content/website-reviews/lewis-and-clark-maps-of-exploration-1507-1814.md,matched,
/history-content/website-reviews/22846,/history-content/website-reviews/regarding-vietnam-stories-since-the-war/,alias,22846,history-content/website-reviews/regarding-vietnam-stories-since-the-war.md,matched,
/history-content/website-reviews/22847,/history-content/website-reviews/womens-history-the-1850-worcester-convention/,alias,22847,history-content/website-reviews/womens-history-the-1850-worcester-convention.md,matched,
/history-content/website-reviews/22848,/history-content/website-reviews/seneca-village/,alias,22848,history-content/website-reviews/seneca-village.md,matched,
/history-content/website-reviews/22849,/history-content/website-reviews/by-popular-demand-portraits-of-the-presidents-and-first-ladies-1789-present/,alias,22849,history-content/website-reviews/by-popular-demand-portraits-of-the-presidents-and-first-ladies-1789-present.md,matched,
/history-content/website-reviews/22850,/history-content/website-reviews/the-alexis-de-tocqueville-tour-exploring-democracy-in-america/,alias,22850,history-content/website-reviews/the-alexis-de-tocqueville-tour-exploring-democracy-in-america.md,matched,
/history-content/website-reviews/22851,/history-content/website-reviews/american-treasures-of-the-library-of-congress/,alias,22851,history-content/website-reviews/american-treasures-of-the-library-of-congress.md,matched,
/history-content/website-reviews/22852,/history-content/website-reviews/chicago-imagebase/,alias,22852,history-content/website-reviews/chicago-imagebase.md,matched,
/history-content/website-reviews/22854,/history-content/website-reviews/cold-war-postwar-estrangement/,alias,22854,history-content/website-reviews/cold-war-postwar-estrangement.md,matched,
/history-content/website-reviews/22855,/history-content/website-reviews/the-president-john-f-kennedy-assassination-records-collection/,alias,22855,history-content/website-reviews/the-president-john-f-kennedy-assassination-records-collection.md,matched,
/history-content/website-reviews/22856,/history-content/website-reviews/the-internet-african-american-history-challenge/,alias,22856,history-content/website-reviews/the-internet-african-american-history-challenge.md,matched,
/history-content/website-reviews/22857,/history-content/website-reviews/augustana-college-library-digital-projects/,alias,22857,history-content/website-reviews/augustana-college-library-digital-projects.md,matched,
/history-content/website-reviews/22859,/history-content/website-reviews/nativeweb-resources-for-indigneous-cultures-around-the-world/,alias,22859,history-content/website-reviews/nativeweb-resources-for-indigneous-cultures-around-the-world.md,matched,
/history-content/website-reviews/22860,/history-content/website-reviews/center-for-the-study-of-the-american-south/,alias,22860,history-content/website-reviews/center-for-the-study-of-the-american-south.md,matched,
/history-content/website-reviews/22862,/history-content/website-reviews/omohundro-institute-of-early-american-history-and-culture/,alias,22862,history-content/website-reviews/omohundro-institute-of-early-american-history-and-culture.md,matched,
/history-content/website-reviews/22863,/history-content/website-reviews/project-muse-journals-online/,alias,22863,history-content/website-reviews/project-muse-journals-online.md,matched,
/history-content/website-reviews/22864,/history-content/website-reviews/encyclopedia-britannica/,alias,22864,history-content/website-reviews/encyclopedia-britannica.md,matched,
/history-content/website-reviews/22865,/history-content/website-reviews/pluralism-and-unity/,alias,22865,history-content/website-reviews/pluralism-and-unity.md,matched,
/history-content/website-reviews/22866,/history-content/website-reviews/building-an-archives/,alias,22866,history-content/website-reviews/building-an-archives.md,matched,
/history-content/website-reviews/22867,/history-content/website-reviews/lewis-and-clark-the-journey-of-the-corps-of-discovery/,alias,22867,history-content/website-reviews/lewis-and-clark-the-journey-of-the-corps-of-discovery.md,matched,
/history-content/website-reviews/22869,/history-content/website-reviews/voice-of-the-shuttle-web-page-for-humanities-research/,alias,22869,history-content/website-reviews/voice-of-the-shuttle-web-page-for-humanities-research.md,matched,
/history-content/website-reviews/22870,/history-content/website-reviews/investigating-the-vietnam-war/,alias,22870,history-content/website-reviews/investigating-the-vietnam-war.md,matched,
/history-content/website-reviews/22871,/history-content/website-reviews/a-curriculum-of-united-states-labor-history-for-teachers/,alias,22871,history-content/website-reviews/a-curriculum-of-united-states-labor-history-for-teachers.md,matched,
/history-content/website-reviews/22874,/history-content/website-reviews/rare-map-collection/,alias,22874,history-content/website-reviews/rare-map-collection.md,matched,
/history-content/website-reviews/22875,/history-content/website-reviews/democracy-in-america-alexis-de-tocqueville/,alias,22875,history-content/website-reviews/democracy-in-america-alexis-de-tocqueville.md,matched,
/history-content/website-reviews/22876,/history-content/website-reviews/hard-hat-riots-an-online-history-project/,alias,22876,history-content/website-reviews/hard-hat-riots-an-online-history-project.md,matched,
/history-content/website-reviews/22877,/history-content/website-reviews/coal-mining-in-the-gilded-age-and-progressive-era/,alias,22877,history-content/website-reviews/coal-mining-in-the-gilded-age-and-progressive-era.md,matched,
/history-content/website-reviews/22964,/history-content/website-reviews/roy-rosenzweig-center-for-history-and-new-media/,alias,22964,history-content/website-reviews/roy-rosenzweig-center-for-history-and-new-media.md,matched,
/history-content/website-reviews/22966,/history-content/website-reviews/bethlehem-digital-history-project/,alias,22966,history-content/website-reviews/bethlehem-digital-history-project.md,matched,
/history-content/website-reviews/22967,/history-content/website-reviews/connecticut-history-online/,alias,22967,history-content/website-reviews/connecticut-history-online.md,matched,
/history-content/website-reviews/22968,/history-content/website-reviews/george-mason-university-electronic-documentary-history/,alias,22968,history-content/website-reviews/george-mason-university-electronic-documentary-history.md,matched,
/history-content/website-reviews/22970,/history-content/website-reviews/presidents-of-the-united-states-potus/,alias,22970,history-content/website-reviews/presidents-of-the-united-states-potus.md,matched,
/history-content/website-reviews/22971,/history-content/website-reviews/freedom-bound-the-underground-railroad-in-lycoming-county-pa/,alias,22971,history-content/website-reviews/freedom-bound-the-underground-railroad-in-lycoming-county-pa.md,matched,
/history-content/website-reviews/22972,/history-content/website-reviews/mission-to-arizona-19161940-father-augustine-schwarz-ofm/,alias,22972,history-content/website-reviews/mission-to-arizona-19161940-father-augustine-schwarz-ofm.md,matched,
/history-content/website-reviews/22973,/history-content/website-reviews/san-francisco-historical-photograph-collection/,alias,22973,history-content/website-reviews/san-francisco-historical-photograph-collection.md,matched,
/history-content/website-reviews/22974,/history-content/website-reviews/home-economics-archive-research-tradition-history/,alias,22974,history-content/website-reviews/home-economics-archive-research-tradition-history.md,matched,
/history-content/website-reviews/22975,/history-content/website-reviews/the-story-of-virginia/,alias,22975,history-content/website-reviews/the-story-of-virginia.md,matched,
/history-content/website-reviews/22976,/history-content/website-reviews/civil-rights-movement-veterans/,alias,22976,history-content/website-reviews/civil-rights-movement-veterans.md,matched,
/history-content/website-reviews/22977,/history-content/website-reviews/american-photography-a-century-of-images/,alias,22977,history-content/website-reviews/american-photography-a-century-of-images.md,matched,
/history-content/website-reviews/22978,/history-content/website-reviews/rediscovering-george-washington/,alias,22978,history-content/website-reviews/rediscovering-george-washington.md,matched,
/history-content/website-reviews/22979,/history-content/website-reviews/the-zora-neale-hurston-plays/,alias,22979,history-content/website-reviews/the-zora-neale-hurston-plays.md,matched,
/history-content/website-reviews/22980,/history-content/website-reviews/voices-from-the-days-of-slavery-former-slaves-tell-their-stories/,alias,22980,history-content/website-reviews/voices-from-the-days-of-slavery-former-slaves-tell-their-stories.md,matched,
/history-content/website-reviews/22981,/history-content/website-reviews/new-france-new-horizons-on-french-soil-in-america/,alias,22981,history-content/website-reviews/new-france-new-horizons-on-french-soil-in-america.md,matched,
/history-content/website-reviews/22982,/history-content/website-reviews/wra-photographs-of-japanese-american-evacuation-and-resettlement/,alias,22982,history-content/website-reviews/wra-photographs-of-japanese-american-evacuation-and-resettlement.md,matched,
/history-content/website-reviews/22983,/history-content/website-reviews/kennedy-and-castro-the-secret-history/,alias,22983,history-content/website-reviews/kennedy-and-castro-the-secret-history.md,matched,
/history-content/website-reviews/22984,/history-content/website-reviews/tupperware/,alias,22984,history-content/website-reviews/tupperware.md,matched,
/history-content/website-reviews/22985,/history-content/website-reviews/women-of-valor/,alias,22985,history-content/website-reviews/women-of-valor.md,matched,
/history-content/website-reviews/22986,/history-content/website-reviews/utah-digital-newspapers/,alias,22986,history-content/website-reviews/utah-digital-newspapers.md,matched,
/history-content/website-reviews/22987,/history-content/website-reviews/african-americans-in-the-spanish-civil-war/,alias,22987,history-content/website-reviews/african-americans-in-the-spanish-civil-war.md,matched,
/history-content/website-reviews/22988,/history-content/website-reviews/maine-memory-network/,alias,22988,history-content/website-reviews/maine-memory-network.md,matched,
/history-content/website-reviews/22989,/history-content/website-reviews/what-exit-new-jersey-and-its-turnpike/,alias,22989,history-content/website-reviews/what-exit-new-jersey-and-its-turnpike.md,matched,
/history-content/website-reviews/22990,/history-content/website-reviews/the-united-states-and-brazil-expanding-frontiers-comparing-cultures/,alias,22990,history-content/website-reviews/the-united-states-and-brazil-expanding-frontiers-comparing-cultures.md,matched,
/history-content/website-reviews/22992,/history-content/website-reviews/the-vietnam-project/,alias,22992,history-content/website-reviews/the-vietnam-project.md,matched,
/history-content/website-reviews/22993,/history-content/website-reviews/colonial-house/,alias,22993,history-content/website-reviews/colonial-house.md,matched,
/history-content/website-reviews/22995,/history-content/website-reviews/education-by-design-using-visual-aids/,alias,22995,history-content/website-reviews/education-by-design-using-visual-aids.md,matched,
/history-content/website-reviews/22996,/history-content/website-reviews/american-memory-learning-page/,alias,22996,history-content/website-reviews/american-memory-learning-page.md,matched,
/history-content/website-reviews/22998,/history-content/website-reviews/carriers-addresses/,alias,22998,history-content/website-reviews/carriers-addresses.md,matched,
/history-content/website-reviews/22999,/history-content/website-reviews/a-civil-war-soldier-in-the-wild-cat-regiment/,alias,22999,history-content/website-reviews/a-civil-war-soldier-in-the-wild-cat-regiment.md,matched,
/history-content/website-reviews/23000,/history-content/website-reviews/the-new-georgia-encyclopedia/,alias,23000,history-content/website-reviews/the-new-georgia-encyclopedia.md,matched,
/history-content/website-reviews/23001,/history-content/website-reviews/spalding-base-ball-guides-1889-1939/,alias,23001,history-content/website-reviews/spalding-base-ball-guides-1889-1939.md,matched,
/history-content/website-reviews/23002,/history-content/website-reviews/military-campaign-maps/,alias,23002,history-content/website-reviews/military-campaign-maps.md,matched,
/history-content/website-reviews/23003,/history-content/website-reviews/women-working-1800-1930/,alias,23003,history-content/website-reviews/women-working-1800-1930.md,matched,
/history-content/website-reviews/23004,/history-content/website-reviews/jonathan-edwards-online/,alias,23004,history-content/website-reviews/jonathan-edwards-online.md,matched,
/history-content/website-reviews/23005,/history-content/website-reviews/the-pill/,alias,23005,history-content/website-reviews/the-pill.md,matched,
/history-content/website-reviews/23006,/history-content/website-reviews/university-of-california-history-digital-archives/,alias,23006,history-content/website-reviews/university-of-california-history-digital-archives.md,matched,
/history-content/website-reviews/23007,/history-content/website-reviews/brown-v-board-of-education-50th-anniversary-digital-archive/,alias,23007,history-content/website-reviews/brown-v-board-of-education-50th-anniversary-digital-archive.md,matched,
/history-content/website-reviews/23008,/history-content/website-reviews/with-an-even-hand-brown-v-board-at-fifty/,alias,23008,history-content/website-reviews/with-an-even-hand-brown-v-board-at-fifty.md,matched,
/history-content/website-reviews/23010,/history-content/website-reviews/womans-legal-history-biography-project/,alias,23010,history-content/website-reviews/womans-legal-history-biography-project.md,matched,
/history-content/website-reviews/23011,/history-content/website-reviews/milwaukee-neighborhoods-photos-and-maps-1885-1992/,alias,23011,history-content/website-reviews/milwaukee-neighborhoods-photos-and-maps-1885-1992.md,matched,
/history-content/website-reviews/23013,/history-content/website-reviews/washington-history/,alias,23013,history-content/website-reviews/washington-history.md,matched,
/history-content/website-reviews/23014,/history-content/website-reviews/alexander-hamilton-the-man-who-made-modern-america/,alias,23014,history-content/website-reviews/alexander-hamilton-the-man-who-made-modern-america.md,matched,
/history-content/website-reviews/23015,/history-content/website-reviews/childrens-books-online/,alias,23015,history-content/website-reviews/childrens-books-online.md,matched,
/history-content/website-reviews/23016,/history-content/website-reviews/the-history-of-sanitary-sewers/,alias,23016,history-content/website-reviews/the-history-of-sanitary-sewers.md,matched,
/history-content/website-reviews/23017,/history-content/website-reviews/humors-edge/,alias,23017,history-content/website-reviews/humors-edge.md,matched,
/history-content/website-reviews/23018,/history-content/website-reviews/historical-maps-online/,alias,23018,history-content/website-reviews/historical-maps-online.md,matched,
/history-content/website-reviews/23019,/history-content/website-reviews/harrisburgs-old-8th-ward/,alias,23019,history-content/website-reviews/harrisburgs-old-8th-ward.md,matched,
/history-content/website-reviews/23020,/history-content/website-reviews/reston-collection-images/,alias,23020,history-content/website-reviews/reston-collection-images.md,matched,
/history-content/website-reviews/23021,/history-content/website-reviews/boston-streets-mapping-directory-data/,alias,23021,history-content/website-reviews/boston-streets-mapping-directory-data.md,matched,
/history-content/website-reviews/23022,/history-content/website-reviews/pittsburgh-city-photographer/,alias,23022,history-content/website-reviews/pittsburgh-city-photographer.md,matched,
/history-content/website-reviews/23023,/history-content/website-reviews/popular-american-music/,alias,23023,history-content/website-reviews/popular-american-music.md,matched,
/history-content/website-reviews/23024,/history-content/website-reviews/historic-topographic-maps-of-california/,alias,23024,history-content/website-reviews/historic-topographic-maps-of-california.md,matched,
/history-content/website-reviews/23025,/history-content/website-reviews/samuel-f-b-morse-papers-1793-1919/,alias,23025,history-content/website-reviews/samuel-f-b-morse-papers-1793-1919.md,matched,
/history-content/website-reviews/23026,/history-content/website-reviews/the-primeline-midi-library/,alias,23026,history-content/website-reviews/the-primeline-midi-library.md,matched,
/history-content/website-reviews/23027,/history-content/website-reviews/perfessor-bill-edwards-ragtimeold-time-piano-gallery/,alias,23027,history-content/website-reviews/perfessor-bill-edwards-ragtimeold-time-piano-gallery.md,matched,
/history-content/website-reviews/23028,/history-content/website-reviews/goldband-records-every-one-a-musical-treat/,alias,23028,history-content/website-reviews/goldband-records-every-one-a-musical-treat.md,matched,
/history-content/website-reviews/23029,/history-content/website-reviews/the-american-presidency-a-glorious-burden/,alias,23029,history-content/website-reviews/the-american-presidency-a-glorious-burden.md,matched,
/history-content/website-reviews/23030,/history-content/website-reviews/the-star-spangled-banner/,alias,23030,history-content/website-reviews/the-star-spangled-banner.md,matched,
/history-content/website-reviews/23031,/history-content/website-reviews/american-roots-music/,alias,23031,history-content/website-reviews/american-roots-music.md,matched,
/history-content/website-reviews/23032,/history-content/website-reviews/the-barbara-mcclintock-papers/,alias,23032,history-content/website-reviews/the-barbara-mcclintock-papers.md,matched,
/history-content/website-reviews/23033,/history-content/website-reviews/a-more-perfect-union/,alias,23033,history-content/website-reviews/a-more-perfect-union.md,matched,
/history-content/website-reviews/23035,/history-content/website-reviews/election-statistics/,alias,23035,history-content/website-reviews/election-statistics.md,matched,
/history-content/website-reviews/23036,/history-content/website-reviews/familysearch/,alias,23036,history-content/website-reviews/familysearch.md,matched,
/history-content/website-reviews/23037,/history-content/website-reviews/club-kaycee-golden-age-of-kansas-city-jazz/,alias,23037,history-content/website-reviews/club-kaycee-golden-age-of-kansas-city-jazz.md,matched,
/history-content/website-reviews/23038,/history-content/website-reviews/sda-survey-documentation-and-analysis/,alias,23038,history-content/website-reviews/sda-survey-documentation-and-analysis.md,matched,
/history-content/website-reviews/23039,/history-content/website-reviews/the-wright-brothers-in-photographs/,alias,23039,history-content/website-reviews/the-wright-brothers-in-photographs.md,matched,
/history-content/website-reviews/23040,/history-content/website-reviews/the-church-in-the-southern-black-community-1780-1925/,alias,23040,history-content/website-reviews/the-church-in-the-southern-black-community-1780-1925.md,matched,
/history-content/website-reviews/23042,/history-content/website-reviews/crime-and-justice-data-online/,alias,23042,history-content/website-reviews/crime-and-justice-data-online.md,matched,
/history-content/website-reviews/23043,/history-content/website-reviews/wto-history-project/,alias,23043,history-content/website-reviews/wto-history-project.md,matched,
/history-content/website-reviews/23044,/history-content/website-reviews/oneida-indian-nation-culture-and-history/,alias,23044,history-content/website-reviews/oneida-indian-nation-culture-and-history.md,matched,
/history-content/website-reviews/23045,/history-content/website-reviews/belgian-american-research-collection/,alias,23045,history-content/website-reviews/belgian-american-research-collection.md,matched,
/history-content/website-reviews/23046,/history-content/website-reviews/conservation-and-environmental-maps/,alias,23046,history-content/website-reviews/conservation-and-environmental-maps.md,matched,
/history-content/website-reviews/23047,/history-content/website-reviews/the-uses-abuses-of-the-constitution/,alias,23047,history-content/website-reviews/the-uses-abuses-of-the-constitution.md,matched,
/history-content/website-reviews/23048,/history-content/website-reviews/digital-map-collection/,alias,23048,history-content/website-reviews/digital-map-collection.md,matched,
/history-content/website-reviews/23049,/history-content/website-reviews/national-museum-of-american-history-kenneth-e-behring-center/,alias,23049,history-content/website-reviews/national-museum-of-american-history-kenneth-e-behring-center.md,matched,
/history-content/website-reviews/23050,/history-content/website-reviews/st-louis-circuit-court-historical-records-project/,alias,23050,history-content/website-reviews/st-louis-circuit-court-historical-records-project.md,matched,
/history-content/website-reviews/23052,/history-content/website-reviews/picturing-modern-america-project/,alias,23052,history-content/website-reviews/picturing-modern-america-project.md,matched,
/history-content/website-reviews/23053,/history-content/website-reviews/access-to-archival-databases/,alias,23053,history-content/website-reviews/access-to-archival-databases.md,matched,
/history-content/website-reviews/23055,/history-content/website-reviews/photographs-of-the-historic-american-buildings-survey-georgia/,alias,23055,history-content/website-reviews/photographs-of-the-historic-american-buildings-survey-georgia.md,matched,
/history-content/website-reviews/23056,/history-content/website-reviews/little-cowpuncher-rural-school-newspaper-of-southern-arizona/,alias,23056,history-content/website-reviews/little-cowpuncher-rural-school-newspaper-of-southern-arizona.md,matched,
/history-content/website-reviews/23057,/history-content/website-reviews/earliest-voices-a-gallery-from-the-vincent-voice-library/,alias,23057,history-content/website-reviews/earliest-voices-a-gallery-from-the-vincent-voice-library.md,matched,
/history-content/website-reviews/23058,/history-content/website-reviews/across-the-generations-exploring-us-history-through-family-papers/,alias,23058,history-content/website-reviews/across-the-generations-exploring-us-history-through-family-papers.md,matched,
/history-content/website-reviews/23060,/history-content/website-reviews/great-lakes-maritime-history-project/,alias,23060,history-content/website-reviews/great-lakes-maritime-history-project.md,matched,
/history-content/website-reviews/23061,/history-content/website-reviews/national-security-archive/,alias,23061,history-content/website-reviews/national-security-archive.md,matched,
/history-content/website-reviews/23062,/history-content/website-reviews/presidential-elections/,alias,23062,history-content/website-reviews/presidential-elections.md,matched,
/history-content/website-reviews/23063,/history-content/website-reviews/brooklyn-daily-eagle-online-1841-1902/,alias,23063,history-content/website-reviews/brooklyn-daily-eagle-online-1841-1902.md,matched,
/history-content/website-reviews/23064,/history-content/website-reviews/drawing-the-western-frontier-the-james-e-taylor-album/,alias,23064,history-content/website-reviews/drawing-the-western-frontier-the-james-e-taylor-album.md,matched,
/history-content/website-reviews/23065,/history-content/website-reviews/the-american-experience/,alias,23065,history-content/website-reviews/the-american-experience.md,matched,
/history-content/website-reviews/23066,/history-content/website-reviews/riverboats-and-jazz/,alias,23066,history-content/website-reviews/riverboats-and-jazz.md,matched,
/history-content/website-reviews/23067,/history-content/website-reviews/common-place-the-interactive-journal-of-early-american-life/,alias,23067,history-content/website-reviews/common-place-the-interactive-journal-of-early-american-life.md,matched,
/history-content/website-reviews/23068,/history-content/website-reviews/conversations-with-history/,alias,23068,history-content/website-reviews/conversations-with-history.md,matched,
/history-content/website-reviews/23069,/history-content/website-reviews/gold-rush/,alias,23069,history-content/website-reviews/gold-rush.md,matched,
/history-content/website-reviews/23070,/history-content/website-reviews/web-de-anza/,alias,23070,history-content/website-reviews/web-de-anza.md,matched,
/history-content/website-reviews/23071,/history-content/website-reviews/river-of-song/,alias,23071,history-content/website-reviews/river-of-song.md,matched,
/history-content/website-reviews/23072,/history-content/website-reviews/new-perspectives-on-the-west/,alias,23072,history-content/website-reviews/new-perspectives-on-the-west.md,matched,
/history-content/website-reviews/23073,/history-content/website-reviews/toledos-attic-a-virtual-museum-of-toledo-ohio/,alias,23073,history-content/website-reviews/toledos-attic-a-virtual-museum-of-toledo-ohio.md,matched,
/history-content/website-reviews/23075,/history-content/website-reviews/dr-seuss-went-to-war-a-catalog-of-political-cartoons/,alias,23075,history-content/website-reviews/dr-seuss-went-to-war-a-catalog-of-political-cartoons.md,matched,
/history-content/website-reviews/23076,/history-content/website-reviews/presidential-elections-and-the-electoral-college/,alias,23076,history-content/website-reviews/presidential-elections-and-the-electoral-college.md,matched,
/history-content/website-reviews/23077,/history-content/website-reviews/eye-of-the-storm/,alias,23077,history-content/website-reviews/eye-of-the-storm.md,matched,
/history-content/website-reviews/23078,/history-content/website-reviews/florida-heritage-collection/,alias,23078,history-content/website-reviews/florida-heritage-collection.md,matched,
/history-content/website-reviews/23079,/history-content/website-reviews/the-texas-constitutions-digitization-project/,alias,23079,history-content/website-reviews/the-texas-constitutions-digitization-project.md,matched,
/history-content/website-reviews/23080,/history-content/website-reviews/jazz-a-film-by-ken-burns/,alias,23080,history-content/website-reviews/jazz-a-film-by-ken-burns.md,matched,
/history-content/website-reviews/23081,/history-content/website-reviews/mapping-the-national-parks/,alias,23081,history-content/website-reviews/mapping-the-national-parks.md,matched,
/history-content/website-reviews/23082,/history-content/website-reviews/the-life-of-a-city-early-films-of-new-york-1898-1906/,alias,23082,history-content/website-reviews/the-life-of-a-city-early-films-of-new-york-1898-1906.md,matched,
/history-content/website-reviews/23083,/history-content/website-reviews/the-19th-century-in-print-books/,alias,23083,history-content/website-reviews/the-19th-century-in-print-books.md,matched,
/history-content/website-reviews/23084,/history-content/website-reviews/the-19th-century-in-print-periodicals/,alias,23084,history-content/website-reviews/the-19th-century-in-print-periodicals.md,matched,
/history-content/website-reviews/23085,/history-content/website-reviews/omaha-indian-music/,alias,23085,history-content/website-reviews/omaha-indian-music.md,matched,
/history-content/website-reviews/23086,/history-content/website-reviews/puerto-rico-at-the-dawn-of-the-modern-age/,alias,23086,history-content/website-reviews/puerto-rico-at-the-dawn-of-the-modern-age.md,matched,
/history-content/website-reviews/23087,/history-content/website-reviews/quilts-and-quiltmaking-in-america-1978-1996/,alias,23087,history-content/website-reviews/quilts-and-quiltmaking-in-america-1978-1996.md,matched,
/history-content/website-reviews/23088,/history-content/website-reviews/railroad-maps-1828-1900/,alias,23088,history-content/website-reviews/railroad-maps-1828-1900.md,matched,
/history-content/website-reviews/23089,/history-content/website-reviews/the-american-revolution-and-its-era-maps-and-charts/,alias,23089,history-content/website-reviews/the-american-revolution-and-its-era-maps-and-charts.md,matched,
/history-content/website-reviews/23090,/history-content/website-reviews/theodore-roosevelt-his-life-and-times-on-film/,alias,23090,history-content/website-reviews/theodore-roosevelt-his-life-and-times-on-film.md,matched,
/history-content/website-reviews/23091,/history-content/website-reviews/before-and-after-the-earthquake-and-fire-early-films-of-san-francisco/,alias,23091,history-content/website-reviews/before-and-after-the-earthquake-and-fire-early-films-of-san-francisco.md,matched,
/history-content/website-reviews/23092,/history-content/website-reviews/historic-american-sheet-music-1850-1920/,alias,23092,history-content/website-reviews/historic-american-sheet-music-1850-1920.md,matched,
/history-content/website-reviews/23093,/history-content/website-reviews/music-for-the-nation-american-sheet-music-1870-1885/,alias,23093,history-content/website-reviews/music-for-the-nation-american-sheet-music-1870-1885.md,matched,
/history-content/website-reviews/23094,/history-content/website-reviews/america-singing-19th-century-song-sheets/,alias,23094,history-content/website-reviews/america-singing-19th-century-song-sheets.md,matched,
/history-content/website-reviews/23095,/history-content/website-reviews/pioneering-the-upper-midwest-rare-books-c-1820-1910/,alias,23095,history-content/website-reviews/pioneering-the-upper-midwest-rare-books-c-1820-1910.md,matched,
/history-content/website-reviews/23097,/history-content/website-reviews/the-cuban-missile-crisis-1962-the-40th-anniversary/,alias,23097,history-content/website-reviews/the-cuban-missile-crisis-1962-the-40th-anniversary.md,matched,
/history-content/website-reviews/23098,/history-content/website-reviews/james-fenimore-cooper-society/,alias,23098,history-content/website-reviews/james-fenimore-cooper-society.md,matched,
/history-content/website-reviews/23100,/history-content/website-reviews/the-3cities-project/,alias,23100,history-content/website-reviews/the-3cities-project.md,matched,
/history-content/website-reviews/23102,/history-content/website-reviews/camping-with-the-siouxfieldwork-diary-of-alice-cunningham-fletcher/,alias,23102,history-content/website-reviews/camping-with-the-siouxfieldwork-diary-of-alice-cunningham-fletcher.md,matched,
/history-content/website-reviews/23103,/history-content/website-reviews/korean-american-digital-archive/,alias,23103,history-content/website-reviews/korean-american-digital-archive.md,matched,
/history-content/website-reviews/23104,/history-content/website-reviews/documents-relating-to-american-foreign-policy-during-the-cuban-missile-crisis/,alias,23104,history-content/website-reviews/documents-relating-to-american-foreign-policy-during-the-cuban-missile-crisis.md,matched,
/history-content/website-reviews/23105,/history-content/website-reviews/fdic-historical-studies/,alias,23105,history-content/website-reviews/fdic-historical-studies.md,matched,
/history-content/website-reviews/23106,/history-content/website-reviews/19th-century-advertising-harpers-weekly/,alias,23106,history-content/website-reviews/19th-century-advertising-harpers-weekly.md,matched,
/history-content/website-reviews/23107,/history-content/website-reviews/hannah-arendt-papers/,alias,23107,history-content/website-reviews/hannah-arendt-papers.md,matched,
/history-content/website-reviews/23108,/history-content/website-reviews/kellogg-african-american-health-care-project-the-oral-histories/,alias,23108,history-content/website-reviews/kellogg-african-american-health-care-project-the-oral-histories.md,matched,
/history-content/website-reviews/23109,/history-content/website-reviews/may-4-collection-kent-state-university/,alias,23109,history-content/website-reviews/may-4-collection-kent-state-university.md,matched,
/history-content/website-reviews/23110,/history-content/website-reviews/civics-online/,alias,23110,history-content/website-reviews/civics-online.md,matched,
/history-content/website-reviews/23111,/history-content/website-reviews/history-cooperative/,alias,23111,history-content/website-reviews/history-cooperative.md,matched,
/history-content/website-reviews/23112,/history-content/website-reviews/online-encyclopedia-of-washington-state-history/,alias,23112,history-content/website-reviews/online-encyclopedia-of-washington-state-history.md,matched,
/history-content/website-reviews/23113,/history-content/website-reviews/traveling-culture-circuit-chautauqua-in-the-twentieth-century/,alias,23113,history-content/website-reviews/traveling-culture-circuit-chautauqua-in-the-twentieth-century.md,matched,
/history-content/website-reviews/23114,/history-content/website-reviews/max-hunter-folk-song-collection/,alias,23114,history-content/website-reviews/max-hunter-folk-song-collection.md,matched,
/history-content/website-reviews/23115,/history-content/website-reviews/papers-of-john-jay/,alias,23115,history-content/website-reviews/papers-of-john-jay.md,matched,
/history-content/website-reviews/23116,/history-content/website-reviews/one-hundred-years-of-photography-from-the-national-archives/,alias,23116,history-content/website-reviews/one-hundred-years-of-photography-from-the-national-archives.md,matched,
/history-content/website-reviews/23117,/history-content/website-reviews/historical-atlas-of-the-twentieth-century/,alias,23117,history-content/website-reviews/historical-atlas-of-the-twentieth-century.md,matched,
/history-content/website-reviews/23118,/history-content/website-reviews/a-brush-with-history-paintings-from-the-national-portrait-gallery/,alias,23118,history-content/website-reviews/a-brush-with-history-paintings-from-the-national-portrait-gallery.md,matched,
/history-content/website-reviews/23119,/history-content/website-reviews/a-southern-mill-village-history-of-old-west-durham/,alias,23119,history-content/website-reviews/a-southern-mill-village-history-of-old-west-durham.md,matched,
/history-content/website-reviews/23120,/history-content/website-reviews/to-the-moon/,alias,23120,history-content/website-reviews/to-the-moon.md,matched,
/history-content/website-reviews/23121,/history-content/website-reviews/nber-macrohistory-database/,alias,23121,history-content/website-reviews/nber-macrohistory-database.md,matched,
/history-content/website-reviews/23122,/history-content/website-reviews/hall-of-black-achievement-gallery/,alias,23122,history-content/website-reviews/hall-of-black-achievement-gallery.md,matched,
/history-content/website-reviews/23123,/history-content/website-reviews/a-maritime-perspective-on-american-expansion-1820-1890/,alias,23123,history-content/website-reviews/a-maritime-perspective-on-american-expansion-1820-1890.md,matched,
/history-content/website-reviews/23124,/history-content/website-reviews/jo-freemancom/,alias,23124,history-content/website-reviews/jo-freemancom.md,matched,
/history-content/website-reviews/23127,/history-content/website-reviews/freeze-frame-eadweard-muybridges-photography-of-motion/,alias,23127,history-content/website-reviews/freeze-frame-eadweard-muybridges-photography-of-motion.md,matched,
/history-content/website-reviews/23129,/history-content/website-reviews/women-artists-of-the-american-west/,alias,23129,history-content/website-reviews/women-artists-of-the-american-west.md,matched,
/history-content/website-reviews/23130,/history-content/website-reviews/photographs-of-the-american-west-1861-1912/,alias,23130,history-content/website-reviews/photographs-of-the-american-west-1861-1912.md,matched,
/history-content/website-reviews/23131,/history-content/website-reviews/pictures-of-african-americans-during-world-war-ii/,alias,23131,history-content/website-reviews/pictures-of-african-americans-during-world-war-ii.md,matched,
/history-content/website-reviews/23132,/history-content/website-reviews/pictures-of-the-american-city/,alias,23132,history-content/website-reviews/pictures-of-the-american-city.md,matched,
/history-content/website-reviews/23133,/history-content/website-reviews/pictures-of-world-war-ii/,alias,23133,history-content/website-reviews/pictures-of-world-war-ii.md,matched,
/history-content/website-reviews/23134,/history-content/website-reviews/william-gedney-photographs-and-writings/,alias,23134,history-content/website-reviews/william-gedney-photographs-and-writings.md,matched,
/history-content/website-reviews/23135,/history-content/website-reviews/a-visual-journey-photographs-by-lisa-law-1965-1971/,alias,23135,history-content/website-reviews/a-visual-journey-photographs-by-lisa-law-1965-1971.md,matched,
/history-content/website-reviews/23137,/history-content/website-reviews/the-daguerreian-society/,alias,23137,history-content/website-reviews/the-daguerreian-society.md,matched,
/history-content/website-reviews/23140,/history-content/website-reviews/private-passions-public-legacy-paul-mellons-personal-library/,alias,23140,history-content/website-reviews/private-passions-public-legacy-paul-mellons-personal-library.md,matched,
/history-content/website-reviews/23141,/history-content/website-reviews/bay-of-pigs-reports/,alias,23141,history-content/website-reviews/bay-of-pigs-reports.md,matched,
/history-content/website-reviews/23142,/history-content/website-reviews/an-american-family-the-beecher-tradition/,alias,23142,history-content/website-reviews/an-american-family-the-beecher-tradition.md,matched,
/history-content/website-reviews/23143,/history-content/website-reviews/regional-oral-history-office/,alias,23143,history-content/website-reviews/regional-oral-history-office.md,matched,
/history-content/website-reviews/23144,/history-content/website-reviews/free-speech-movement-student-protest-uc-berkeley-1964-65/,alias,23144,history-content/website-reviews/free-speech-movement-student-protest-uc-berkeley-1964-65.md,matched,
/history-content/website-reviews/23146,/history-content/website-reviews/slave-movement-during-the-18th-and-19th-centuries/,alias,23146,history-content/website-reviews/slave-movement-during-the-18th-and-19th-centuries.md,matched,
/history-content/website-reviews/23147,/history-content/website-reviews/american-civil-war-manuscript-guides/,alias,23147,history-content/website-reviews/american-civil-war-manuscript-guides.md,matched,
/history-content/website-reviews/23148,/history-content/website-reviews/civil-war-letters-of-the-christie-family/,alias,23148,history-content/website-reviews/civil-war-letters-of-the-christie-family.md,matched,
/history-content/website-reviews/23149,/history-content/website-reviews/texts-from-collections-of-the-university-of-wisconsin-madison/,alias,23149,history-content/website-reviews/texts-from-collections-of-the-university-of-wisconsin-madison.md,matched,
/history-content/website-reviews/23150,/history-content/website-reviews/keffer-collection-of-sheet-music-ca-1790-1895/,alias,23150,history-content/website-reviews/keffer-collection-of-sheet-music-ca-1790-1895.md,matched,
/history-content/website-reviews/23151,/history-content/website-reviews/archives-of-american-art-oral-history-collections/,alias,23151,history-content/website-reviews/archives-of-american-art-oral-history-collections.md,matched,
/history-content/website-reviews/23152,/history-content/website-reviews/traders-voices-from-the-trading-post/,alias,23152,history-content/website-reviews/traders-voices-from-the-trading-post.md,matched,
/history-content/website-reviews/23153,/history-content/website-reviews/agents-of-social-change-20th-century-womens-activism/,alias,23153,history-content/website-reviews/agents-of-social-change-20th-century-womens-activism.md,matched,
/history-content/website-reviews/23154,/history-content/website-reviews/democratic-vistas-the-william-clyde-devane-lecture-series/,alias,23154,history-content/website-reviews/democratic-vistas-the-william-clyde-devane-lecture-series.md,matched,
/history-content/website-reviews/23155,/history-content/website-reviews/adflip/,alias,23155,history-content/website-reviews/adflip.md,matched,
/history-content/website-reviews/23156,/history-content/website-reviews/heading-west-and-touring-west/,alias,23156,history-content/website-reviews/heading-west-and-touring-west.md,matched,
/history-content/website-reviews/23157,/history-content/website-reviews/surveyors-of-the-west-william-henry-jackson-and-robert-brewster-stanton/,alias,23157,history-content/website-reviews/surveyors-of-the-west-william-henry-jackson-and-robert-brewster-stanton.md,matched,
/history-content/website-reviews/23158,/history-content/website-reviews/national-security-action-memoranda-of-john-f-kennedy/,alias,23158,history-content/website-reviews/national-security-action-memoranda-of-john-f-kennedy.md,matched,
/history-content/website-reviews/23159,/history-content/website-reviews/spy-letters-of-the-american-revolution/,alias,23159,history-content/website-reviews/spy-letters-of-the-american-revolution.md,matched,
/history-content/website-reviews/23160,/history-content/website-reviews/the-irving-fine-collection-ca-1914-1962/,alias,23160,history-content/website-reviews/the-irving-fine-collection-ca-1914-1962.md,matched,
/history-content/website-reviews/23161,/history-content/website-reviews/interpreting-the-declaration-of-independence-by-translation/,alias,23161,history-content/website-reviews/interpreting-the-declaration-of-independence-by-translation.md,matched,
/history-content/website-reviews/23162,/history-content/website-reviews/american-colonization-society-collection-maps-of-liberia-1830-1870/,alias,23162,history-content/website-reviews/american-colonization-society-collection-maps-of-liberia-1830-1870.md,matched,
/history-content/website-reviews/23163,/history-content/website-reviews/the-capital-and-the-bay-ca-1600-1925/,alias,23163,history-content/website-reviews/the-capital-and-the-bay-ca-1600-1925.md,matched,
/history-content/website-reviews/23164,/history-content/website-reviews/national-security-archives-the-pentagons-spies/,alias,23164,history-content/website-reviews/national-security-archives-the-pentagons-spies.md,matched,
/history-content/website-reviews/23165,/history-content/website-reviews/labor-arts/,alias,23165,history-content/website-reviews/labor-arts.md,matched,
/history-content/website-reviews/23166,/history-content/website-reviews/virginia-historical-inventory-vhi/,alias,23166,history-content/website-reviews/virginia-historical-inventory-vhi.md,matched,
/history-content/website-reviews/23168,/history-content/website-reviews/we-shall-overcome-historic-places-of-the-civil-rights-movement/,alias,23168,history-content/website-reviews/we-shall-overcome-historic-places-of-the-civil-rights-movement.md,matched,
/history-content/website-reviews/23170,/history-content/website-reviews/american-originals-part-ii/,alias,23170,history-content/website-reviews/american-originals-part-ii.md,matched,
/history-content/website-reviews/23171,/history-content/website-reviews/today-in-history-web-resources/,alias,23171,history-content/website-reviews/today-in-history-web-resources.md,matched,
/history-content/website-reviews/23172,/history-content/website-reviews/korea-50-no-longer-forgotten/,alias,23172,history-content/website-reviews/korea-50-no-longer-forgotten.md,matched,
/history-content/website-reviews/23174,/history-content/website-reviews/phillip-morris-advertising-archive/,alias,23174,history-content/website-reviews/phillip-morris-advertising-archive.md,matched,
/history-content/website-reviews/23175,/history-content/website-reviews/austin-treasures-online-exhibits-from-the-austin-history-center/,alias,23175,history-content/website-reviews/austin-treasures-online-exhibits-from-the-austin-history-center.md,matched,
/history-content/website-reviews/23177,/history-content/website-reviews/brooklyns-eighteenth-century-lott-house/,alias,23177,history-content/website-reviews/brooklyns-eighteenth-century-lott-house.md,matched,
/history-content/website-reviews/23178,/history-content/website-reviews/historywired-a-few-of-our-favorite-things/,alias,23178,history-content/website-reviews/historywired-a-few-of-our-favorite-things.md,matched,
/history-content/website-reviews/23180,/history-content/website-reviews/historical-map-and-chart-collection/,alias,23180,history-content/website-reviews/historical-map-and-chart-collection.md,matched,
/history-content/website-reviews/23181,/history-content/website-reviews/data-information-services-center-online-data-archive/,alias,23181,history-content/website-reviews/data-information-services-center-online-data-archive.md,matched,
/history-content/website-reviews/23182,/history-content/website-reviews/characteristics-of-census-tracts-in-nine-us-cities-1940-1960/,alias,23182,history-content/website-reviews/characteristics-of-census-tracts-in-nine-us-cities-1940-1960.md,matched,
/history-content/website-reviews/23183,/history-content/website-reviews/library-of-american-broadcasting-sound-bites/,alias,23183,history-content/website-reviews/library-of-american-broadcasting-sound-bites.md,matched,
/history-content/website-reviews/23184,/history-content/website-reviews/historic-usgs-maps-of-new-england/,alias,23184,history-content/website-reviews/historic-usgs-maps-of-new-england.md,matched,
/history-content/website-reviews/23185,/history-content/website-reviews/department-of-transportation-digital-special-collections/,alias,23185,history-content/website-reviews/department-of-transportation-digital-special-collections.md,matched,
/history-content/website-reviews/23186,/history-content/website-reviews/history-through-deaf-eyes/,alias,23186,history-content/website-reviews/history-through-deaf-eyes.md,matched,
/history-content/website-reviews/23187,/history-content/website-reviews/science-technology-and-the-cia/,alias,23187,history-content/website-reviews/science-technology-and-the-cia.md,matched,
/history-content/website-reviews/23188,/history-content/website-reviews/industrial-research-and-development-information-system/,alias,23188,history-content/website-reviews/industrial-research-and-development-information-system.md,matched,
/history-content/website-reviews/23189,/history-content/website-reviews/voices-of-the-colorado-plateau/,alias,23189,history-content/website-reviews/voices-of-the-colorado-plateau.md,matched,
/history-content/website-reviews/23190,/history-content/website-reviews/the-yale-map-collection-online-maps/,alias,23190,history-content/website-reviews/the-yale-map-collection-online-maps.md,matched,
/history-content/website-reviews/23191,/history-content/website-reviews/the-luso-hispanic-world-in-maps/,alias,23191,history-content/website-reviews/the-luso-hispanic-world-in-maps.md,matched,
/history-content/website-reviews/23192,/history-content/website-reviews/woody-guthrie-and-the-archive-of-american-folk-song-1940-1950/,alias,23192,history-content/website-reviews/woody-guthrie-and-the-archive-of-american-folk-song-1940-1950.md,matched,
/history-content/website-reviews/23193,/history-content/website-reviews/remembering-herblock/,alias,23193,history-content/website-reviews/remembering-herblock.md,matched,
/history-content/website-reviews/23194,/history-content/website-reviews/economic-data-fred-ii/,alias,23194,history-content/website-reviews/economic-data-fred-ii.md,matched,
/history-content/website-reviews/23195,/history-content/website-reviews/the-commercial-closet/,alias,23195,history-content/website-reviews/the-commercial-closet.md,matched,
/history-content/website-reviews/23196,/history-content/website-reviews/brief-timeline-of-american-literature-music-and-movies/,alias,23196,history-content/website-reviews/brief-timeline-of-american-literature-music-and-movies.md,matched,
/history-content/website-reviews/23197,/history-content/website-reviews/dismukes-virtual-talking-machine/,alias,23197,history-content/website-reviews/dismukes-virtual-talking-machine.md,matched,
/history-content/website-reviews/23199,/history-content/website-reviews/lift-every-voice-music-in-american-life/,alias,23199,history-content/website-reviews/lift-every-voice-music-in-american-life.md,matched,
/history-content/website-reviews/23200,/history-content/website-reviews/washington-during-the-civil-war-the-diary-of-horatio-nelson-taft-1861-1865/,alias,23200,history-content/website-reviews/washington-during-the-civil-war-the-diary-of-horatio-nelson-taft-1861-1865.md,matched,
/history-content/website-reviews/23201,/history-content/website-reviews/thomas-jefferson-papers/,alias,23201,history-content/website-reviews/thomas-jefferson-papers.md,matched,
/history-content/website-reviews/23203,/history-content/website-reviews/amdocs-documents-for-the-study-of-american-history/,alias,23203,history-content/website-reviews/amdocs-documents-for-the-study-of-american-history.md,matched,
/history-content/website-reviews/23204,/history-content/website-reviews/lesson-plans-library/,alias,23204,history-content/website-reviews/lesson-plans-library.md,matched,
/history-content/website-reviews/23205,/history-content/website-reviews/us-steel-gary-works-photograph-collection-1906-1971/,alias,23205,history-content/website-reviews/us-steel-gary-works-photograph-collection-1906-1971.md,matched,
/history-content/website-reviews/23206,/history-content/website-reviews/living-voices-voces-vivas/,alias,23206,history-content/website-reviews/living-voices-voces-vivas.md,matched,
/history-content/website-reviews/23207,/history-content/website-reviews/the-hartford-black-history-project/,alias,23207,history-content/website-reviews/the-hartford-black-history-project.md,matched,
/history-content/website-reviews/23208,/history-content/website-reviews/linus-pauling-research-notebooks/,alias,23208,history-content/website-reviews/linus-pauling-research-notebooks.md,matched,
/history-content/website-reviews/23209,/history-content/website-reviews/george-washington-a-national-treasure/,alias,23209,history-content/website-reviews/george-washington-a-national-treasure.md,matched,
/history-content/website-reviews/23210,/history-content/website-reviews/record-of-officers-and-men-of-new-jersey-in-the-civil-war-1861-1865/,alias,23210,history-content/website-reviews/record-of-officers-and-men-of-new-jersey-in-the-civil-war-1861-1865.md,matched,
/history-content/website-reviews/23211,/history-content/website-reviews/student-voices-from-world-war-ii-and-the-mccarthy-era/,alias,23211,history-content/website-reviews/student-voices-from-world-war-ii-and-the-mccarthy-era.md,matched,
/history-content/website-reviews/23212,/history-content/website-reviews/mark-twain-a-film-directed-by-ken-burns/,alias,23212,history-content/website-reviews/mark-twain-a-film-directed-by-ken-burns.md,matched,
/history-content/website-reviews/23213,/history-content/website-reviews/history-of-american-education-web-project/,alias,23213,history-content/website-reviews/history-of-american-education-web-project.md,matched,
/history-content/website-reviews/23214,/history-content/website-reviews/picturing-hemingway-a-writer-in-his-time/,alias,23214,history-content/website-reviews/picturing-hemingway-a-writer-in-his-time.md,matched,
/history-content/website-reviews/23215,/history-content/website-reviews/hirshhorn-museum-and-sculpture-garden/,alias,23215,history-content/website-reviews/hirshhorn-museum-and-sculpture-garden.md,matched,
/history-content/website-reviews/23217,/history-content/website-reviews/encyclopedia-britannica-the-1911-edition/,alias,23217,history-content/website-reviews/encyclopedia-britannica-the-1911-edition.md,matched,
/history-content/website-reviews/23218,/history-content/website-reviews/afro-louisiana-history-and-genealogy-1718-1820/,alias,23218,history-content/website-reviews/afro-louisiana-history-and-genealogy-1718-1820.md,matched,
/history-content/website-reviews/23219,/history-content/website-reviews/rfk-in-the-land-of-apartheid-a-ripple-of-hope/,alias,23219,history-content/website-reviews/rfk-in-the-land-of-apartheid-a-ripple-of-hope.md,matched,
/history-content/website-reviews/23220,/history-content/website-reviews/world-war-i-history-commission-questionnaires/,alias,23220,history-content/website-reviews/world-war-i-history-commission-questionnaires.md,matched,
/history-content/website-reviews/23221,/history-content/website-reviews/1939-worlds-fair-photograph-collection/,alias,23221,history-content/website-reviews/1939-worlds-fair-photograph-collection.md,matched,
/history-content/website-reviews/23222,/history-content/website-reviews/us-army-signal-corps-photograph-collection/,alias,23222,history-content/website-reviews/us-army-signal-corps-photograph-collection.md,matched,
/history-content/website-reviews/23223,/history-content/website-reviews/wpa-life-histories-virginia-interviews/,alias,23223,history-content/website-reviews/wpa-life-histories-virginia-interviews.md,matched,
/history-content/website-reviews/23224,/history-content/website-reviews/physical-sciences-collection-surveying-and-geodesy/,alias,23224,history-content/website-reviews/physical-sciences-collection-surveying-and-geodesy.md,matched,
/history-content/website-reviews/23225,/history-content/website-reviews/meeting-of-frontiers/,alias,23225,history-content/website-reviews/meeting-of-frontiers.md,matched,
/history-content/website-reviews/23226,/history-content/website-reviews/digital-archive-of-american-architecture/,alias,23226,history-content/website-reviews/digital-archive-of-american-architecture.md,matched,
/history-content/website-reviews/23227,/history-content/website-reviews/the-joshua-lederberg-papers/,alias,23227,history-content/website-reviews/the-joshua-lederberg-papers.md,matched,
/history-content/website-reviews/23230,/history-content/website-reviews/black-wings-african-american-pioneer-aviators/,alias,23230,history-content/website-reviews/black-wings-african-american-pioneer-aviators.md,matched,
/history-content/website-reviews/23231,/history-content/website-reviews/kiowa-drawings/,alias,23231,history-content/website-reviews/kiowa-drawings.md,matched,
/history-content/website-reviews/23232,/history-content/website-reviews/emile-berliner-and-the-birth-of-the-recording-industry/,alias,23232,history-content/website-reviews/emile-berliner-and-the-birth-of-the-recording-industry.md,matched,
/history-content/website-reviews/23233,/history-content/website-reviews/oral-history-research-center/,alias,23233,history-content/website-reviews/oral-history-research-center.md,matched,
/history-content/website-reviews/23234,/history-content/website-reviews/china-and-the-united-states-from-hostility-to-engagement-1960-1998/,alias,23234,history-content/website-reviews/china-and-the-united-states-from-hostility-to-engagement-1960-1998.md,matched,
/history-content/website-reviews/23235,/history-content/website-reviews/us-intelligence-policy-documentation-project/,alias,23235,history-content/website-reviews/us-intelligence-policy-documentation-project.md,matched,
/history-content/website-reviews/23236,/history-content/website-reviews/working-in-paterson-occupational-heritage-in-an-urban-setting/,alias,23236,history-content/website-reviews/working-in-paterson-occupational-heritage-in-an-urban-setting.md,matched,
/history-content/website-reviews/23237,/history-content/website-reviews/july-1942-united-we-stand/,alias,23237,history-content/website-reviews/july-1942-united-we-stand.md,matched,
/history-content/website-reviews/23238,/history-content/website-reviews/worthington-memory-online-scrapbook/,alias,23238,history-content/website-reviews/worthington-memory-online-scrapbook.md,matched,
/history-content/website-reviews/23239,/history-content/website-reviews/museum-of-musical-instruments-momi/,alias,23239,history-content/website-reviews/museum-of-musical-instruments-momi.md,matched,
/history-content/website-reviews/23240,/history-content/website-reviews/selected-historical-decennial-census-population-and-housing-counts/,alias,23240,history-content/website-reviews/selected-historical-decennial-census-population-and-housing-counts.md,matched,
/history-content/website-reviews/23241,/history-content/website-reviews/harvesting-the-river/,alias,23241,history-content/website-reviews/harvesting-the-river.md,matched,
/history-content/website-reviews/23242,/history-content/website-reviews/thomas-eakins-american-realist/,alias,23242,history-content/website-reviews/thomas-eakins-american-realist.md,matched,
/history-content/website-reviews/23243,/history-content/website-reviews/dox-thrash-an-african-american-master-printmaker-rediscovered/,alias,23243,history-content/website-reviews/dox-thrash-an-african-american-master-printmaker-rediscovered.md,matched,
/history-content/website-reviews/23244,/history-content/website-reviews/nineteenth-century-texas-law-online-gammels-the-laws-of-texas/,alias,23244,history-content/website-reviews/nineteenth-century-texas-law-online-gammels-the-laws-of-texas.md,matched,
/history-content/website-reviews/23245,/history-content/website-reviews/best-of-history-websites/,alias,23245,history-content/website-reviews/best-of-history-websites.md,matched,
/history-content/website-reviews/23246,/history-content/website-reviews/african-americans-in-massachusetts/,alias,23246,history-content/website-reviews/african-americans-in-massachusetts.md,matched,
/history-content/website-reviews/23247,/history-content/website-reviews/african-americans-biography-autobiography-and-history/,alias,23247,history-content/website-reviews/african-americans-biography-autobiography-and-history.md,matched,
/history-content/website-reviews/23248,/history-content/website-reviews/murphy-and-bolanz-block-and-addition-books-dallas-county-1880-1920/,alias,23248,history-content/website-reviews/murphy-and-bolanz-block-and-addition-books-dallas-county-1880-1920.md,matched,
/history-content/website-reviews/23249,/history-content/website-reviews/streetscape-and-townscape-of-metropolitan-new-york-city-1860-1942/,alias,23249,history-content/website-reviews/streetscape-and-townscape-of-metropolitan-new-york-city-1860-1942.md,matched,
/history-content/website-reviews/23250,/history-content/website-reviews/early-washington-maps-a-digital-collection/,alias,23250,history-content/website-reviews/early-washington-maps-a-digital-collection.md,matched,
/history-content/website-reviews/23252,/history-content/website-reviews/jim-crow-museum-of-racist-memorabilia/,alias,23252,history-content/website-reviews/jim-crow-museum-of-racist-memorabilia.md,matched,
/history-content/website-reviews/23253,/history-content/website-reviews/echo-exploring-and-collecting-the-history-online/,alias,23253,history-content/website-reviews/echo-exploring-and-collecting-the-history-online.md,matched,
/history-content/website-reviews/23254,/history-content/website-reviews/american-womens-dime-novel-project/,alias,23254,history-content/website-reviews/american-womens-dime-novel-project.md,matched,
/history-content/website-reviews/23255,/history-content/website-reviews/calvin-coolidge-30th-president-of-the-united-states/,alias,23255,history-content/website-reviews/calvin-coolidge-30th-president-of-the-united-states.md,matched,
/history-content/website-reviews/23256,/history-content/website-reviews/communism-in-washington-state-history-and-memory-project/,alias,23256,history-content/website-reviews/communism-in-washington-state-history-and-memory-project.md,matched,
/history-content/website-reviews/23257,/history-content/website-reviews/urban-planning-1794-1918-an-international-anthology/,alias,23257,history-content/website-reviews/urban-planning-1794-1918-an-international-anthology.md,matched,
/history-content/website-reviews/23258,/history-content/website-reviews/arizona-state-museum/,alias,23258,history-content/website-reviews/arizona-state-museum.md,matched,
/history-content/website-reviews/23260,/history-content/website-reviews/bob-hope-and-american-variety/,alias,23260,history-content/website-reviews/bob-hope-and-american-variety.md,matched,
/history-content/website-reviews/23261,/history-content/website-reviews/linus-pauling-and-the-race-for-dna-a-documentary-history/,alias,23261,history-content/website-reviews/linus-pauling-and-the-race-for-dna-a-documentary-history.md,matched,
/history-content/website-reviews/23262,/history-content/website-reviews/jacob-lawrence-exploring-stories/,alias,23262,history-content/website-reviews/jacob-lawrence-exploring-stories.md,matched,
/history-content/website-reviews/23263,/history-content/website-reviews/cleveland-digital-library/,alias,23263,history-content/website-reviews/cleveland-digital-library.md,matched,
/history-content/website-reviews/23264,/history-content/website-reviews/dwight-d-eisenhower-library-and-museum/,alias,23264,history-content/website-reviews/dwight-d-eisenhower-library-and-museum.md,matched,
/history-content/website-reviews/23265,/history-content/website-reviews/charles-h-templeton-sheet-music-collection/,alias,23265,history-content/website-reviews/charles-h-templeton-sheet-music-collection.md,matched,
/history-content/website-reviews/23266,/history-content/website-reviews/images-of-african-americans-from-the-cook-collection-of-photographs/,alias,23266,history-content/website-reviews/images-of-african-americans-from-the-cook-collection-of-photographs.md,matched,
/history-content/website-reviews/23267,/history-content/website-reviews/carnegie-libraries-of-california/,alias,23267,history-content/website-reviews/carnegie-libraries-of-california.md,matched,
/history-content/website-reviews/23268,/history-content/website-reviews/colonial-williamsburg/,alias,23268,history-content/website-reviews/colonial-williamsburg.md,matched,
/history-content/website-reviews/23269,/history-content/website-reviews/the-pilgrims-in-american-culture-thanksgiving/,alias,23269,history-content/website-reviews/the-pilgrims-in-american-culture-thanksgiving.md,matched,
/history-content/website-reviews/23270,/history-content/website-reviews/abraham-lincoln-presidential-library-and-museum/,alias,23270,history-content/website-reviews/abraham-lincoln-presidential-library-and-museum.md,matched,
/history-content/website-reviews/23271,/history-content/website-reviews/ghost-town-gallery/,alias,23271,history-content/website-reviews/ghost-town-gallery.md,matched,
/history-content/website-reviews/23272,/history-content/website-reviews/freedom-a-history-of-us/,alias,23272,history-content/website-reviews/freedom-a-history-of-us.md,matched,
/history-content/website-reviews/23273,/history-content/website-reviews/university-of-missouri-columbia-digital-library-collections/,alias,23273,history-content/website-reviews/university-of-missouri-columbia-digital-library-collections.md,matched,
/history-content/website-reviews/23274,/history-content/website-reviews/north-carolinians-and-the-great-war/,alias,23274,history-content/website-reviews/north-carolinians-and-the-great-war.md,matched,
/history-content/website-reviews/23275,/history-content/website-reviews/when-they-were-young-a-photographic-retrospective-of-childhood/,alias,23275,history-content/website-reviews/when-they-were-young-a-photographic-retrospective-of-childhood.md,matched,
/history-content/website-reviews/23276,/history-content/website-reviews/philip-s-hench-walter-reed-yellow-fever-collection/,alias,23276,history-content/website-reviews/philip-s-hench-walter-reed-yellow-fever-collection.md,matched,
/history-content/website-reviews/23277,/history-content/website-reviews/life-interrupted-the-japanese-american-experience-in-ww-ii-arkansas/,alias,23277,history-content/website-reviews/life-interrupted-the-japanese-american-experience-in-ww-ii-arkansas.md,matched,
/history-content/website-reviews/23278,/history-content/website-reviews/knowing-poe/,alias,23278,history-content/website-reviews/knowing-poe.md,matched,
/history-content/website-reviews/23279,/history-content/website-reviews/forests-fields-and-the-falls/,alias,23279,history-content/website-reviews/forests-fields-and-the-falls.md,matched,
/history-content/website-reviews/23280,/history-content/website-reviews/the-official-leonard-bernstein-site/,alias,23280,history-content/website-reviews/the-official-leonard-bernstein-site.md,matched,
/history-content/website-reviews/23281,/history-content/website-reviews/national-postal-museum/,alias,23281,history-content/website-reviews/national-postal-museum.md,matched,
/history-content/website-reviews/23282,/history-content/website-reviews/gilder-lehrman-center-for-the-study-of-slavery-resistance-and-abolition/,alias,23282,history-content/website-reviews/gilder-lehrman-center-for-the-study-of-slavery-resistance-and-abolition.md,matched,
/history-content/website-reviews/23283,/history-content/website-reviews/united-states-early-radio-history/,alias,23283,history-content/website-reviews/united-states-early-radio-history.md,matched,
/history-content/website-reviews/23284,/history-content/website-reviews/fats-waller-forever-digital-exhibit/,alias,23284,history-content/website-reviews/fats-waller-forever-digital-exhibit.md,matched,
/history-content/website-reviews/23285,/history-content/website-reviews/congress-for-the-new-urbanism/,alias,23285,history-content/website-reviews/congress-for-the-new-urbanism.md,matched,
/history-content/website-reviews/23287,/history-content/website-reviews/the-official-george-and-ira-gershwin-website/,alias,23287,history-content/website-reviews/the-official-george-and-ira-gershwin-website.md,matched,
/history-content/website-reviews/23288,/history-content/website-reviews/the-perilous-fight-americas-world-war-ii-in-color/,alias,23288,history-content/website-reviews/the-perilous-fight-americas-world-war-ii-in-color.md,matched,
/history-content/website-reviews/23289,/history-content/website-reviews/the-annexation-of-hawaii-a-collection-of-documents/,alias,23289,history-content/website-reviews/the-annexation-of-hawaii-a-collection-of-documents.md,matched,
/history-content/website-reviews/23290,/history-content/website-reviews/american-women/,alias,23290,history-content/website-reviews/american-women.md,matched,
/history-content/website-reviews/23291,/history-content/website-reviews/photographer-to-the-world-the-detroit-publishing-company/,alias,23291,history-content/website-reviews/photographer-to-the-world-the-detroit-publishing-company.md,matched,
/history-content/website-reviews/23292,/history-content/website-reviews/federal-township-plats-of-illinois-1804-1891/,alias,23292,history-content/website-reviews/federal-township-plats-of-illinois-1804-1891.md,matched,
/history-content/website-reviews/23293,/history-content/website-reviews/civil-rights-oral-history-interviews-spokane-washington/,alias,23293,history-content/website-reviews/civil-rights-oral-history-interviews-spokane-washington.md,matched,
/history-content/website-reviews/23294,/history-content/website-reviews/spain-the-united-states-and-the-american-frontier-historias-paralelas/,alias,23294,history-content/website-reviews/spain-the-united-states-and-the-american-frontier-historias-paralelas.md,matched,
/history-content/website-reviews/23296,/history-content/website-reviews/directory-of-corporate-archives-in-the-united-states-and-canada/,alias,23296,history-content/website-reviews/directory-of-corporate-archives-in-the-united-states-and-canada.md,matched,
/history-content/website-reviews/23297,/history-content/website-reviews/the-crisis-of-the-union/,alias,23297,history-content/website-reviews/the-crisis-of-the-union.md,matched,
/history-content/website-reviews/23298,/history-content/website-reviews/national-geographic-online-the-underground-railroad/,alias,23298,history-content/website-reviews/national-geographic-online-the-underground-railroad.md,matched,
/history-content/website-reviews/23300,/history-content/website-reviews/gardners-photographic-sketch-book-of-the-war/,alias,23300,history-content/website-reviews/gardners-photographic-sketch-book-of-the-war.md,matched,
/history-content/website-reviews/23301,/history-content/website-reviews/september-11-2001-attack-on-america/,alias,23301,history-content/website-reviews/september-11-2001-attack-on-america.md,matched,
/history-content/website-reviews/23302,/history-content/website-reviews/wilbur-and-orville-wright-papers/,alias,23302,history-content/website-reviews/wilbur-and-orville-wright-papers.md,matched,
/history-content/website-reviews/23303,/history-content/website-reviews/nixon-tapes/,alias,23303,history-content/website-reviews/nixon-tapes.md,matched,
/history-content/website-reviews/23304,/history-content/website-reviews/american-notes-travels-in-america-1750-1920/,alias,23304,history-content/website-reviews/american-notes-travels-in-america-1750-1920.md,matched,
/history-content/website-reviews/23306,/history-content/website-reviews/early-american-imprints-series-i-evans-1639-1800/,alias,23306,history-content/website-reviews/early-american-imprints-series-i-evans-1639-1800.md,matched,
/history-content/website-reviews/23307,/history-content/website-reviews/liberty-rhetoric-and-19th-century-american-women/,alias,23307,history-content/website-reviews/liberty-rhetoric-and-19th-century-american-women.md,matched,
/history-content/website-reviews/23309,/history-content/website-reviews/cia-and-the-vietnam-policy-makers-three-episodes-1962-1968/,alias,23309,history-content/website-reviews/cia-and-the-vietnam-policy-makers-three-episodes-1962-1968.md,matched,
/history-content/website-reviews/23310,/history-content/website-reviews/florida-folklife-from-the-wpa-collections-1937-1942/,alias,23310,history-content/website-reviews/florida-folklife-from-the-wpa-collections-1937-1942.md,matched,
/history-content/website-reviews/23311,/history-content/website-reviews/fiddle-tunes-of-the-old-frontier-the-henry-reed-collection/,alias,23311,history-content/website-reviews/fiddle-tunes-of-the-old-frontier-the-henry-reed-collection.md,matched,
/history-content/website-reviews/23312,/history-content/website-reviews/american-landscape-and-architectural-design-1850-1920/,alias,23312,history-content/website-reviews/american-landscape-and-architectural-design-1850-1920.md,matched,
/history-content/website-reviews/23314,/history-content/website-reviews/nixon-and-sports/,alias,23314,history-content/website-reviews/nixon-and-sports.md,matched,
/history-content/website-reviews/23315,/history-content/website-reviews/promise-of-gold-mountain-tucsons-chinese-heritage/,alias,23315,history-content/website-reviews/promise-of-gold-mountain-tucsons-chinese-heritage.md,matched,
/history-content/website-reviews/23317,/history-content/website-reviews/us-womens-history-workshop/,alias,23317,history-content/website-reviews/us-womens-history-workshop.md,matched,
/history-content/website-reviews/23319,/history-content/website-reviews/through-our-parents-eyes-tucsons-diverse-community/,alias,23319,history-content/website-reviews/through-our-parents-eyes-tucsons-diverse-community.md,matched,
/history-content/website-reviews/23320,/history-content/website-reviews/foreign-relations-of-the-united-states-frus-1945-1972/,alias,23320,history-content/website-reviews/foreign-relations-of-the-united-states-frus-1945-1972.md,matched,
/history-content/website-reviews/23321,/history-content/website-reviews/oregon-trail/,alias,23321,history-content/website-reviews/oregon-trail.md,matched,
/history-content/website-reviews/23322,/history-content/website-reviews/salem-witchcraft-hysteria-a-national-geographic-interactive-site/,alias,23322,history-content/website-reviews/salem-witchcraft-hysteria-a-national-geographic-interactive-site.md,matched,
/history-content/website-reviews/23323,/history-content/website-reviews/john-brown-and-the-valley-of-the-shadow/,alias,23323,history-content/website-reviews/john-brown-and-the-valley-of-the-shadow.md,matched,
/history-content/website-reviews/23325,/history-content/website-reviews/talking-history-with-bryan-lebeau/,alias,23325,history-content/website-reviews/talking-history-with-bryan-lebeau.md,matched,
/history-content/website-reviews/23326,/history-content/website-reviews/educational-resources-information-center-eric-resources-for-teachers/,alias,23326,history-content/website-reviews/educational-resources-information-center-eric-resources-for-teachers.md,matched,
/history-content/website-reviews/23327,/history-content/website-reviews/finding-precedent-the-impeachment-of-andrew-johnson/,alias,23327,history-content/website-reviews/finding-precedent-the-impeachment-of-andrew-johnson.md,matched,
/history-content/website-reviews/23328,/history-content/website-reviews/the-challenge-of-democracy-lbj-in-the-oval-office-johnsons-vietnam-anguish/,alias,23328,history-content/website-reviews/the-challenge-of-democracy-lbj-in-the-oval-office-johnsons-vietnam-anguish.md,matched,
/history-content/website-reviews/23329,/history-content/website-reviews/african-americans-in-the-harmon-foundation-collection/,alias,23329,history-content/website-reviews/african-americans-in-the-harmon-foundation-collection.md,matched,
/history-content/website-reviews/23330,/history-content/website-reviews/nativetech-native-american-technology-and-art/,alias,23330,history-content/website-reviews/nativetech-native-american-technology-and-art.md,matched,
/history-content/website-reviews/23331,/history-content/website-reviews/today-in-history/,alias,23331,history-content/website-reviews/today-in-history.md,matched,
/history-content/website-reviews/23333,/history-content/website-reviews/map-historyhistory-of-cartography-the-gateway-to-the-subject/,alias,23333,history-content/website-reviews/map-historyhistory-of-cartography-the-gateway-to-the-subject.md,matched,
/history-content/website-reviews/23334,/history-content/website-reviews/the-whole-world-was-watching-an-oral-history-of-1968/,alias,23334,history-content/website-reviews/the-whole-world-was-watching-an-oral-history-of-1968.md,matched,
/history-content/website-reviews/23335,/history-content/website-reviews/vietnam-online/,alias,23335,history-content/website-reviews/vietnam-online.md,matched,
/history-content/website-reviews/23336,/history-content/website-reviews/mathew-bradys-portraits/,alias,23336,history-content/website-reviews/mathew-bradys-portraits.md,matched,
/history-content/website-reviews/23337,/history-content/website-reviews/for-european-recovery-the-fiftieth-anniversary-of-the-marshall-plan/,alias,23337,history-content/website-reviews/for-european-recovery-the-fiftieth-anniversary-of-the-marshall-plan.md,matched,
/history-content/website-reviews/23338,/history-content/website-reviews/godeys-ladys-book/,alias,23338,history-content/website-reviews/godeys-ladys-book.md,matched,
/history-content/website-reviews/23340,/history-content/website-reviews/the-underground-railroad/,alias,23340,history-content/website-reviews/the-underground-railroad.md,matched,
/history-content/website-reviews/23341,/history-content/website-reviews/red-scare-1918-1921/,alias,23341,history-content/website-reviews/red-scare-1918-1921.md,matched,
/history-content/website-reviews/23342,/history-content/website-reviews/origins-of-american-animation/,alias,23342,history-content/website-reviews/origins-of-american-animation.md,matched,
/history-content/website-reviews/23344,/history-content/website-reviews/classics-in-the-history-of-psychology/,alias,23344,history-content/website-reviews/classics-in-the-history-of-psychology.md,matched,
/history-content/website-reviews/23345,/history-content/website-reviews/the-american-colonists-library/,alias,23345,history-content/website-reviews/the-american-colonists-library.md,matched,
/history-content/website-reviews/23346,/history-content/website-reviews/the-african-american-odyssey-a-quest-for-full-citizenship/,alias,23346,history-content/website-reviews/the-african-american-odyssey-a-quest-for-full-citizenship.md,matched,
/history-content/website-reviews/23347,/history-content/website-reviews/inside-an-american-factory-films-of-the-westinghouse-works-1904/,alias,23347,history-content/website-reviews/inside-an-american-factory-films-of-the-westinghouse-works-1904.md,matched,
/history-content/website-reviews/23348,/history-content/website-reviews/the-aaron-copland-collection-ca-1900-1990/,alias,23348,history-content/website-reviews/the-aaron-copland-collection-ca-1900-1990.md,matched,
/history-content/website-reviews/23349,/history-content/website-reviews/tending-the-commons-folklife-and-landscape-in-southern-west-virginia/,alias,23349,history-content/website-reviews/tending-the-commons-folklife-and-landscape-in-southern-west-virginia.md,matched,
/history-content/website-reviews/23350,/history-content/website-reviews/hispano-music-and-culture-from-the-northern-rio-grande/,alias,23350,history-content/website-reviews/hispano-music-and-culture-from-the-northern-rio-grande.md,matched,
/history-content/website-reviews/23351,/history-content/website-reviews/the-last-days-of-a-president-films-of-mckinley-1901/,alias,23351,history-content/website-reviews/the-last-days-of-a-president-films-of-mckinley-1901.md,matched,
/history-content/website-reviews/23352,/history-content/website-reviews/the-mercury-theater-on-the-air/,alias,23352,history-content/website-reviews/the-mercury-theater-on-the-air.md,matched,
/history-content/website-reviews/23353,/history-content/website-reviews/images-of-african-americans-from-the-19th-century/,alias,23353,history-content/website-reviews/images-of-african-americans-from-the-19th-century.md,matched,
/history-content/website-reviews/23354,/history-content/website-reviews/jewish-american-history-on-the-web/,alias,23354,history-content/website-reviews/jewish-american-history-on-the-web.md,matched,
/history-content/website-reviews/23356,/history-content/website-reviews/white-trash-the-construction-of-an-american-scapegoat/,alias,23356,history-content/website-reviews/white-trash-the-construction-of-an-american-scapegoat.md,matched,
/history-content/website-reviews/23357,/history-content/website-reviews/albert-and-vera-weisbord-archives/,alias,23357,history-content/website-reviews/albert-and-vera-weisbord-archives.md,matched,
/history-content/website-reviews/23358,/history-content/website-reviews/history-now-american-history-online/,alias,23358,history-content/website-reviews/history-now-american-history-online.md,matched,
/history-content/website-reviews/23360,/history-content/website-reviews/leslie-brock-center-for-the-study-of-colonial-currency-university-of-virginia/,alias,23360,history-content/website-reviews/leslie-brock-center-for-the-study-of-colonial-currency-university-of-virginia.md,matched,
/history-content/website-reviews/23361,/history-content/website-reviews/17th-century-colonial-new-england/,alias,23361,history-content/website-reviews/17th-century-colonial-new-england.md,matched,
/history-content/website-reviews/23363,/history-content/website-reviews/divining-america-religion-and-the-national-culture/,alias,23363,history-content/website-reviews/divining-america-religion-and-the-national-culture.md,matched,
/history-content/website-reviews/23364,/history-content/website-reviews/carrie-chapman-catt-girlhood-home-and-museum/,alias,23364,history-content/website-reviews/carrie-chapman-catt-girlhood-home-and-museum.md,matched,
/history-content/website-reviews/23366,/history-content/website-reviews/hagley-digital-archives/,alias,23366,history-content/website-reviews/hagley-digital-archives.md,matched,
/history-content/website-reviews/23367,/history-content/website-reviews/mount-vernon/,alias,23367,history-content/website-reviews/mount-vernon.md,matched,
/history-content/website-reviews/23368,/history-content/website-reviews/historical-maps-of-the-united-states/,alias,23368,history-content/website-reviews/historical-maps-of-the-united-states.md,matched,
/history-content/website-reviews/23369,/history-content/website-reviews/discovery-and-exploration-maps/,alias,23369,history-content/website-reviews/discovery-and-exploration-maps.md,matched,
/history-content/website-reviews/23370,/history-content/website-reviews/liberty-the-american-revolution/,alias,23370,history-content/website-reviews/liberty-the-american-revolution.md,matched,
/history-content/website-reviews/23371,/history-content/website-reviews/famous-american-trials-salem-witchcraft-trials/,alias,23371,history-content/website-reviews/famous-american-trials-salem-witchcraft-trials.md,matched,
/history-content/website-reviews/23372,/history-content/website-reviews/death-of-the-dream-farmhouses-in-the-heartland/,alias,23372,history-content/website-reviews/death-of-the-dream-farmhouses-in-the-heartland.md,matched,
/history-content/website-reviews/23373,/history-content/website-reviews/material-history-of-american-religion-project/,alias,23373,history-content/website-reviews/material-history-of-american-religion-project.md,matched,
/history-content/website-reviews/23374,/history-content/website-reviews/us-senate-historical-office/,alias,23374,history-content/website-reviews/us-senate-historical-office.md,matched,
/history-content/website-reviews/23375,/history-content/website-reviews/the-vietnam-war-declassification-project/,alias,23375,history-content/website-reviews/the-vietnam-war-declassification-project.md,matched,
/history-content/website-reviews/23376,/history-content/website-reviews/wet-with-blood-the-investigation-of-mary-todd-lincolns-cloak/,alias,23376,history-content/website-reviews/wet-with-blood-the-investigation-of-mary-todd-lincolns-cloak.md,matched,
/history-content/website-reviews/23377,/history-content/website-reviews/history-of-presidential-elections-site/,alias,23377,history-content/website-reviews/history-of-presidential-elections-site.md,matched,
/history-content/website-reviews/23378,/history-content/website-reviews/us-electoral-college/,alias,23378,history-content/website-reviews/us-electoral-college.md,matched,
/history-content/website-reviews/23379,/history-content/website-reviews/the-papers-of-george-washington/,alias,23379,history-content/website-reviews/the-papers-of-george-washington.md,matched,
/history-content/website-reviews/23380,/history-content/website-reviews/gerald-r-ford-presidential-library-and-museum/,alias,23380,history-content/website-reviews/gerald-r-ford-presidential-library-and-museum.md,matched,
/history-content/website-reviews/23381,/history-content/website-reviews/national-park-service-teaching-with-historic-places/,alias,23381,history-content/website-reviews/national-park-service-teaching-with-historic-places.md,matched,
/history-content/website-reviews/23382,/history-content/website-reviews/jeffersons-blood/,alias,23382,history-content/website-reviews/jeffersons-blood.md,matched,
/history-content/website-reviews/23383,/history-content/website-reviews/bartleby-great-books-online/,alias,23383,history-content/website-reviews/bartleby-great-books-online.md,matched,
/history-content/website-reviews/23384,/history-content/website-reviews/virginia-historical-society/,alias,23384,history-content/website-reviews/virginia-historical-society.md,matched,
/history-content/website-reviews/23385,/history-content/website-reviews/impeachment-trial-of-andrew-johnson/,alias,23385,history-content/website-reviews/impeachment-trial-of-andrew-johnson.md,matched,
/history-content/website-reviews/23386,/history-content/website-reviews/mr-lincolns-virtual-library/,alias,23386,history-content/website-reviews/mr-lincolns-virtual-library.md,matched,
/history-content/website-reviews/23387,/history-content/website-reviews/marian-anderson-a-life-in-song/,alias,23387,history-content/website-reviews/marian-anderson-a-life-in-song.md,matched,
/history-content/website-reviews/23388,/history-content/website-reviews/photographing-history-fred-j-maroon-and-the-nixon-years/,alias,23388,history-content/website-reviews/photographing-history-fred-j-maroon-and-the-nixon-years.md,matched,
/history-content/website-reviews/23389,/history-content/website-reviews/thomas-jefferson-papers-library-of-congress/,alias,23389,history-content/website-reviews/thomas-jefferson-papers-library-of-congress.md,matched,
/history-content/website-reviews/23390,/history-content/website-reviews/african-american-sheet-music-1850-1920/,alias,23390,history-content/website-reviews/african-american-sheet-music-1850-1920.md,matched,
/history-content/website-reviews/23391,/history-content/website-reviews/now-what-a-time-blues-gospel-and-the-fort-valley-music-festivals-1938-1943/,alias,23391,history-content/website-reviews/now-what-a-time-blues-gospel-and-the-fort-valley-music-festivals-1938-1943.md,matched,
/history-content/website-reviews/23392,/history-content/website-reviews/baseball-cards-1887-1914/,alias,23392,history-content/website-reviews/baseball-cards-1887-1914.md,matched,
/history-content/website-reviews/23393,/history-content/website-reviews/the-leonard-bernstein-collection-ca1920-1989/,alias,23393,history-content/website-reviews/the-leonard-bernstein-collection-ca1920-1989.md,matched,
/history-content/website-reviews/23394,/history-content/website-reviews/band-music-from-the-civil-war-era/,alias,23394,history-content/website-reviews/band-music-from-the-civil-war-era.md,matched,
/history-content/website-reviews/23395,/history-content/website-reviews/civil-war-maps/,alias,23395,history-content/website-reviews/civil-war-maps.md,matched,
/history-content/website-reviews/23396,/history-content/website-reviews/integrated-public-use-microdata-series/,alias,23396,history-content/website-reviews/integrated-public-use-microdata-series.md,matched,
/history-content/website-reviews/23397,/history-content/website-reviews/museum-of-the-city-of-san-francisco-the-great-1906-earthquake-and-fire/,alias,23397,history-content/website-reviews/museum-of-the-city-of-san-francisco-the-great-1906-earthquake-and-fire.md,matched,
/history-content/website-reviews/23398,/history-content/website-reviews/trial-of-the-chicago-seven/,alias,23398,history-content/website-reviews/trial-of-the-chicago-seven.md,matched,
/history-content/website-reviews/23401,/history-content/website-reviews/bisbee-deportation-of-1917/,alias,23401,history-content/website-reviews/bisbee-deportation-of-1917.md,matched,
/history-content/website-reviews/23402,/history-content/website-reviews/sanborn-fire-insurance-maps-of-south-carolina/,alias,23402,history-content/website-reviews/sanborn-fire-insurance-maps-of-south-carolina.md,matched,
/history-content/website-reviews/23403,/history-content/website-reviews/savannah-images-project/,alias,23403,history-content/website-reviews/savannah-images-project.md,matched,
/history-content/website-reviews/23405,/history-content/website-reviews/john-browns-holy-war/,alias,23405,history-content/website-reviews/john-browns-holy-war.md,matched,
/history-content/website-reviews/23406,/history-content/website-reviews/faces-of-science-african-americans-in-the-sciences/,alias,23406,history-content/website-reviews/faces-of-science-african-americans-in-the-sciences.md,matched,
/history-content/website-reviews/23407,/history-content/website-reviews/famous-american-trials-the-scottsboro-boys-trials-1931-1937/,alias,23407,history-content/website-reviews/famous-american-trials-the-scottsboro-boys-trials-1931-1937.md,matched,
/history-content/website-reviews/23408,/history-content/website-reviews/beyond-face-value-depictions-of-slavery-in-confederate-currency/,alias,23408,history-content/website-reviews/beyond-face-value-depictions-of-slavery-in-confederate-currency.md,matched,
/history-content/website-reviews/23410,/history-content/website-reviews/the-dramas-of-haymarket/,alias,23410,history-content/website-reviews/the-dramas-of-haymarket.md,matched,
/history-content/website-reviews/23574,/history-content/website-reviews/early-american-newspapers-series-1-1690-1876/,alias,23574,history-content/website-reviews/early-american-newspapers-series-1-1690-1876.md,matched,
/history-content/website-reviews/23575,/history-content/website-reviews/john-f-kennedy-presidential-library-and-museum/,alias,23575,history-content/website-reviews/john-f-kennedy-presidential-library-and-museum.md,matched,
/history-content/website-reviews/23576,/history-content/website-reviews/kheel-center-labor-photos/,alias,23576,history-content/website-reviews/kheel-center-labor-photos.md,matched,
/history-content/website-reviews/23578,/history-content/website-reviews/library-of-southern-literature/,alias,23578,history-content/website-reviews/library-of-southern-literature.md,matched,
/history-content/website-reviews/23582,/history-content/website-reviews/national-museum-of-the-american-indian-beauty-surrounds-us/,alias,23582,history-content/website-reviews/national-museum-of-the-american-indian-beauty-surrounds-us.md,matched,
/history-content/website-reviews/23590,/history-content/website-reviews/platte-river-basin-in-nebraska/,alias,23590,history-content/website-reviews/platte-river-basin-in-nebraska.md,matched,
/history-content/website-reviews/23591,/history-content/website-reviews/thomas-jeffersons-library/,alias,23591,history-content/website-reviews/thomas-jeffersons-library.md,matched,
/history-content/website-reviews/23598,/history-content/website-reviews/toolbox-library-primary-resources-in-us-history-and-literature/,alias,23598,history-content/website-reviews/toolbox-library-primary-resources-in-us-history-and-literature.md,matched,
/history-content/website-reviews/23599,/history-content/website-reviews/us-congressional-serial-set-1817-1994/,alias,23599,history-content/website-reviews/us-congressional-serial-set-1817-1994.md,matched,
/history-content/website-reviews/23606,/history-content/website-reviews/wisconsin-historical-society-freedoms-journal/,alias,23606,history-content/website-reviews/wisconsin-historical-society-freedoms-journal.md,matched,
/history-content/website-reviews/23608,/history-content/website-reviews/land-of-unequal-opportunity/,alias,23608,history-content/website-reviews/land-of-unequal-opportunity.md,matched,
/history-content/website-reviews/23618,/history-content/website-reviews/the-woodrow-wilson-presidential-library-elibrary/,alias,23618,history-content/website-reviews/the-woodrow-wilson-presidential-library-elibrary.md,matched,
/history-content/website-reviews/23619,/history-content/website-reviews/the-social-museum-collection-at-harvard-university/,alias,23619,history-content/website-reviews/the-social-museum-collection-at-harvard-university.md,matched,
/history-content/website-reviews/23814,/history-content/website-reviews/annie-oakley/,alias,23814,history-content/website-reviews/annie-oakley.md,matched,
/history-content/website-reviews/23815,/history-content/website-reviews/feeding-america-the-historic-american-cookbook-project/,alias,23815,history-content/website-reviews/feeding-america-the-historic-american-cookbook-project.md,matched,
/history-content/website-reviews/23817,/history-content/website-reviews/curating-the-city-wilshire-blvd/,alias,23817,history-content/website-reviews/curating-the-city-wilshire-blvd.md,matched,
/history-content/website-reviews/23818,/history-content/website-reviews/missouri-digital-heritage/,alias,23818,history-content/website-reviews/missouri-digital-heritage.md,matched,
/history-content/website-reviews/23825,/history-content/website-reviews/duluth-lynchings-online-resource-the-tragic-events-of-june-15-1920/,alias,23825,history-content/website-reviews/duluth-lynchings-online-resource-the-tragic-events-of-june-15-1920.md,matched,
/history-content/website-reviews/23827,/history-content/website-reviews/enduring-outrage-editorial-cartoons-by-herblock/,alias,23827,history-content/website-reviews/enduring-outrage-editorial-cartoons-by-herblock.md,matched,
/history-content/website-reviews/23828,/history-content/website-reviews/black-mask-magazine/,alias,23828,history-content/website-reviews/black-mask-magazine.md,matched,
/history-content/website-reviews/23841,/history-content/website-reviews/old-time-radio/,alias,23841,history-content/website-reviews/old-time-radio.md,matched,
/history-content/website-reviews/23842,/history-content/website-reviews/bubbles-panics-and-crashes-a-century-of-financial-crises-1830s-1930s/,alias,23842,history-content/website-reviews/bubbles-panics-and-crashes-a-century-of-financial-crises-1830s-1930s.md,matched,
/history-content/website-reviews/23887,/history-content/website-reviews/tennessee-4-me/,alias,23887,history-content/website-reviews/tennessee-4-me.md,matched,
/history-content/website-reviews/23908,/history-content/website-reviews/the-mountain-meadows-massacre-in-public-discourse/,alias,23908,history-content/website-reviews/the-mountain-meadows-massacre-in-public-discourse.md,matched,
/history-content/website-reviews/23909,/history-content/website-reviews/milwaukee-art-museum-collections/,alias,23909,history-content/website-reviews/milwaukee-art-museum-collections.md,matched,
/history-content/website-reviews/23958,/history-content/website-reviews/ulysses-s-grant-digital-archive/,alias,23958,history-content/website-reviews/ulysses-s-grant-digital-archive.md,matched,
/history-content/website-reviews/23968,/history-content/website-reviews/university-of-wyoming-digital-collections/,alias,23968,history-content/website-reviews/university-of-wyoming-digital-collections.md,matched,
/history-content/website-reviews/23969,/history-content/website-reviews/washington-state-digital-archives/,alias,23969,history-content/website-reviews/washington-state-digital-archives.md,matched,
/history-content/website-reviews/23970,/history-content/website-reviews/wisconsin-state-historical-society-online-collections/,alias,23970,history-content/website-reviews/wisconsin-state-historical-society-online-collections.md,matched,
/history-content/website-reviews/24015,/history-content/website-reviews/university-of-washington-libraries-moving-image-collection/,alias,24015,history-content/website-reviews/university-of-washington-libraries-moving-image-collection.md,matched,
/history-content/website-reviews/24016,/history-content/website-reviews/lincoln-archives-digital-project/,alias,24016,history-content/website-reviews/lincoln-archives-digital-project.md,matched,
/history-content/website-reviews/24017,/history-content/website-reviews/monticello-explorer/,alias,24017,history-content/website-reviews/monticello-explorer.md,matched,
/history-content/website-reviews/24022,/history-content/website-reviews/the-deadly-virus-the-influenza-epidemic-of-1918/,alias,24022,history-content/website-reviews/the-deadly-virus-the-influenza-epidemic-of-1918.md,matched,
/history-content/website-reviews/24023,/history-content/website-reviews/mass-moments/,alias,24023,history-content/website-reviews/mass-moments.md,matched,
/history-content/website-reviews/24033,/history-content/website-reviews/chicanoa-movement-in-washington-state-history-project/,alias,24033,history-content/website-reviews/chicanoa-movement-in-washington-state-history-project.md,matched,
/history-content/website-reviews/24034,/history-content/website-reviews/politics-of-a-massacre-discovering-wilmington-1898/,alias,24034,history-content/website-reviews/politics-of-a-massacre-discovering-wilmington-1898.md,matched,
/history-content/website-reviews/24035,/history-content/website-reviews/seattle-general-strike-project/,alias,24035,history-content/website-reviews/seattle-general-strike-project.md,matched,
/history-content/website-reviews/24056,/history-content/website-reviews/nixtontapesorg/,alias,24056,history-content/website-reviews/nixtontapesorg.md,matched,
/history-content/website-reviews/24057,/history-content/website-reviews/philaplace/,alias,24057,history-content/website-reviews/philaplace.md,matched,
/history-content/website-reviews/24096,/history-content/website-reviews/unforgivable-blackness-the-rise-and-fall-of-jack-johnson/,alias,24096,history-content/website-reviews/unforgivable-blackness-the-rise-and-fall-of-jack-johnson.md,matched,
/history-content/website-reviews/24103,/history-content/website-reviews/coming-of-the-american-revolution-1764-1776/,alias,24103,history-content/website-reviews/coming-of-the-american-revolution-1764-1776.md,matched,
/history-content/website-reviews/24105,/history-content/website-reviews/ronald-reagan-presidential-foundation-and-library/,alias,24105,history-content/website-reviews/ronald-reagan-presidential-foundation-and-library.md,matched,
/history-content/website-reviews/24145,/history-content/website-reviews/lower-east-side-tenement-museum/,alias,24145,history-content/website-reviews/lower-east-side-tenement-museum.md,matched,
/history-content/website-reviews/24146,/history-content/website-reviews/los-angeles-public-library-photo-collection/,alias,24146,history-content/website-reviews/los-angeles-public-library-photo-collection.md,matched,
/history-content/website-reviews/24147,/history-content/website-reviews/playing-househomemaking-for-children/,alias,24147,history-content/website-reviews/playing-househomemaking-for-children.md,matched,
/history-content/website-reviews/24149,/history-content/website-reviews/indiana-historical-society-digital-image-collections/,alias,24149,history-content/website-reviews/indiana-historical-society-digital-image-collections.md,matched,
/history-content/website-reviews/24151,/history-content/website-reviews/paul-laurence-dunbar-digital-collection/,alias,24151,history-content/website-reviews/paul-laurence-dunbar-digital-collection.md,matched,
/history-content/website-reviews/24153,/history-content/website-reviews/state-of-the-union/,alias,24153,history-content/website-reviews/state-of-the-union.md,matched,
/history-content/website-reviews/24154,/history-content/website-reviews/freedom-trail-foundation/,alias,24154,history-content/website-reviews/freedom-trail-foundation.md,matched,
/history-content/website-reviews/24155,/history-content/website-reviews/the-museum-of-broadcast-communications/,alias,24155,history-content/website-reviews/the-museum-of-broadcast-communications.md,matched,
/history-content/website-reviews/24156,/history-content/website-reviews/center-for-the-study-of-upper-midwestern-culture/,alias,24156,history-content/website-reviews/center-for-the-study-of-upper-midwestern-culture.md,matched,
/history-content/website-reviews/24160,/history-content/website-reviews/international-center-of-photography/,alias,24160,history-content/website-reviews/international-center-of-photography.md,matched,
/history-content/website-reviews/24286,/history-content/website-reviews/ourstory/,alias,24286,history-content/website-reviews/ourstory.md,matched,
/history-content/website-reviews/24310,/history-content/website-reviews/history-explorer/,alias,24310,history-content/website-reviews/history-explorer.md,matched,
/history-content/website-reviews/24356,/history-content/website-reviews/teacherserve/,alias,24356,history-content/website-reviews/teacherserve.md,matched,
/history-content/website-reviews/24399,/history-content/website-reviews/nature-transformed-the-environment-in-american-history/,alias,24399,history-content/website-reviews/nature-transformed-the-environment-in-american-history.md,matched,
/history-content/website-reviews/24400,/history-content/website-reviews/freedoms-story-teaching-african-american-literature-and-history/,alias,24400,history-content/website-reviews/freedoms-story-teaching-african-american-literature-and-history.md,matched,
/history-content/website-reviews/24401,/history-content/website-reviews/presidential-timeline-of-the-twentieth-century/,alias,24401,history-content/website-reviews/presidential-timeline-of-the-twentieth-century.md,matched,
/history-content/website-reviews/24527,/history-content/website-reviews/zinn-education-project/,alias,24527,history-content/website-reviews/zinn-education-project.md,matched,
/history-content/website-reviews/24530,/history-content/website-reviews/virginia-memory/,alias,24530,history-content/website-reviews/virginia-memory.md,matched,
/history-content/website-reviews/24531,/history-content/website-reviews/union-or-secession-virginians-decide/,alias,24531,history-content/website-reviews/union-or-secession-virginians-decide.md,matched,
/history-content/website-reviews/24550,/history-content/website-reviews/laura-jernegan-girl-on-a-whaleship/,alias,24550,history-content/website-reviews/laura-jernegan-girl-on-a-whaleship.md,matched,
/history-content/website-reviews/24584,/history-content/website-reviews/children-and-youth-in-history/,alias,24584,history-content/website-reviews/children-and-youth-in-history.md,matched,
/history-content/website-reviews/24594,/history-content/website-reviews/the-object-of-history/,alias,24594,history-content/website-reviews/the-object-of-history.md,matched,
/history-content/website-reviews/24981,/history-content/website-reviews/center-on-congress/,alias,24981,history-content/website-reviews/center-on-congress.md,matched,
/history-content/website-reviews/24983,/history-content/website-reviews/hsi-historical-scene-investigation/,alias,24983,history-content/website-reviews/hsi-historical-scene-investigation.md,matched,
/history-content/website-reviews/24984,/history-content/website-reviews/slavery-in-canada/,alias,24984,history-content/website-reviews/slavery-in-canada.md,matched,
/history-content/website-reviews/24985,/history-content/website-reviews/freedom-riders/,alias,24985,history-content/website-reviews/freedom-riders.md,matched,
/history-content/website-reviews/24986,/history-content/website-reviews/lincoln-douglas-debates-of-1858/,alias,24986,history-content/website-reviews/lincoln-douglas-debates-of-1858.md,matched,
/history-content/website-reviews/24988,/history-content/website-reviews/national-jukebox/,alias,24988,history-content/website-reviews/national-jukebox.md,matched,
/history-content/website-reviews/24989,/history-content/website-reviews/taking-the-mystery-out-of-copyright/,alias,24989,history-content/website-reviews/taking-the-mystery-out-of-copyright.md,matched,
/history-content/website-reviews/24990,/history-content/website-reviews/snag-learning/,alias,24990,history-content/website-reviews/snag-learning.md,matched,
/history-content/website-reviews/24993,/history-content/website-reviews/william-steinway-diary-1861-1896/,alias,24993,history-content/website-reviews/william-steinway-diary-1861-1896.md,matched,
/history-content/website-reviews/24994,/history-content/website-reviews/shaping-the-constitution/,alias,24994,history-content/website-reviews/shaping-the-constitution.md,matched,
/history-content/website-reviews/24995,/history-content/website-reviews/new-york-philharmonic-digital-archives/,alias,24995,history-content/website-reviews/new-york-philharmonic-digital-archives.md,matched,
/history-content/website-reviews/24999,/history-content/website-reviews/national-park-service-history-e-library/,alias,24999,history-content/website-reviews/national-park-service-history-e-library.md,matched,
/history-content/website-reviews/25001,/history-content/website-reviews/diary-of-a-civil-war-nurse/,alias,25001,history-content/website-reviews/diary-of-a-civil-war-nurse.md,matched,
/history-content/website-reviews/25002,/history-content/website-reviews/yale-digital-commons/,alias,25002,history-content/website-reviews/yale-digital-commons.md,matched,
/history-content/website-reviews/25003,/history-content/website-reviews/throughout-the-ages/,alias,25003,history-content/website-reviews/throughout-the-ages.md,matched,
/history-content/website-reviews/25005,/history-content/website-reviews/from-slavery-to-freedom-the-african-american-pamphlet-collection-1822-1909/,alias,25005,history-content/website-reviews/from-slavery-to-freedom-the-african-american-pamphlet-collection-1822-1909.md,matched,
/history-content/website-reviews/25006,/history-content/website-reviews/herb-social-history-for-every-classroom/,alias,25006,history-content/website-reviews/herb-social-history-for-every-classroom.md,matched,
/history-content/website-reviews/25007,/history-content/website-reviews/open-yale-courses/,alias,25007,history-content/website-reviews/open-yale-courses.md,matched,
/history-content/website-reviews/25011,/history-content/website-reviews/texas-archive-of-the-moving-image/,alias,25011,history-content/website-reviews/texas-archive-of-the-moving-image.md,matched,
/history-content/website-reviews/25016,/history-content/website-reviews/finishing-the-dream-learning-from-the-civil-rights-era/,alias,25016,history-content/website-reviews/finishing-the-dream-learning-from-the-civil-rights-era.md,matched,
/history-content/website-reviews/25017,/history-content/website-reviews/docsteach/,alias,25017,history-content/website-reviews/docsteach.md,matched,
/history-content/website-reviews/25018,/history-content/website-reviews/icivics/,alias,25018,history-content/website-reviews/icivics.md,matched,
/history-content/website-reviews/25019,/history-content/website-reviews/creating-a-more-perfect-union-1861-1865/,alias,25019,history-content/website-reviews/creating-a-more-perfect-union-1861-1865.md,matched,
/history-content/website-reviews/25020,/history-content/website-reviews/betty-h-carter-women-veterans-historical-project/,alias,25020,history-content/website-reviews/betty-h-carter-women-veterans-historical-project.md,matched,
/history-content/website-reviews/25021,/history-content/website-reviews/joe-hill/,alias,25021,history-content/website-reviews/joe-hill.md,matched,
/history-content/website-reviews/25022,/history-content/website-reviews/d-day/,alias,25022,history-content/website-reviews/d-day.md,matched,
/history-content/website-reviews/25023,/history-content/website-reviews/the-supreme-court/,alias,25023,history-content/website-reviews/the-supreme-court.md,matched,
/history-content/website-reviews/25024,/history-content/website-reviews/bland-county-history-archives/,alias,25024,history-content/website-reviews/bland-county-history-archives.md,matched,
/history-content/website-reviews/25025,/history-content/website-reviews/gilded-age-plains-city/,alias,25025,history-content/website-reviews/gilded-age-plains-city.md,matched,
/history-content/website-reviews/25026,/history-content/website-reviews/sewall-belmont-house-museum-collections/,alias,25026,history-content/website-reviews/sewall-belmont-house-museum-collections.md,matched,
/history-content/website-reviews/25027,/history-content/website-reviews/ballyhoo-posters-as-portraiture/,alias,25027,history-content/website-reviews/ballyhoo-posters-as-portraiture.md,matched,
/history-content/website-reviews/25040,/history-content/website-reviews/national-constitution-center-explore-the-constitution/,alias,25040,history-content/website-reviews/national-constitution-center-explore-the-constitution.md,matched,
/history-content/website-reviews/25042,/history-content/website-reviews/911-memorial/,alias,25042,history-content/website-reviews/911-memorial.md,matched,
/history-content/website-reviews/25043,/history-content/website-reviews/september-11-2001-documentary-project/,alias,25043,history-content/website-reviews/september-11-2001-documentary-project.md,matched,
/history-content/website-reviews/25044,/history-content/website-reviews/september-11-2001-web-archive/,alias,25044,history-content/website-reviews/september-11-2001-web-archive.md,matched,
/history-content/website-reviews/25057,/history-content/website-reviews/gettysburg-national-military-park-camp-life/,alias,25057,history-content/website-reviews/gettysburg-national-military-park-camp-life.md,matched,
/history-content/website-reviews/25103,/history-content/website-reviews/here-is-new-york/,alias,25103,history-content/website-reviews/here-is-new-york.md,matched,
/history-content/website-reviews/25104,/history-content/website-reviews/september-11th-sourcebooks/,alias,25104,history-content/website-reviews/september-11th-sourcebooks.md,matched,
/history-content/website-reviews/25144,/history-content/website-reviews/living-new-deal-project/,alias,25144,history-content/website-reviews/living-new-deal-project.md,matched,
/history-content/website-reviews/25145,/history-content/website-reviews/encyclopedia-of-alabama/,alias,25145,history-content/website-reviews/encyclopedia-of-alabama.md,matched,
/history-content/website-reviews/25158,/history-content/website-reviews/shays-rebellion-and-the-making-of-a-nation/,alias,25158,history-content/website-reviews/shays-rebellion-and-the-making-of-a-nation.md,matched,
/history-content/website-reviews/25171,/history-content/website-reviews/the-us-house-of-representatives-remembers-september-11/,alias,25171,history-content/website-reviews/the-us-house-of-representatives-remembers-september-11.md,matched,
/history-content/website-reviews/25180,/history-content/website-reviews/puerto-rico-encyclopediaenciclopedia-de-puerto-rico/,alias,25180,history-content/website-reviews/puerto-rico-encyclopediaenciclopedia-de-puerto-rico.md,matched,
/history-content/website-reviews/25189,/history-content/website-reviews/e-wv-the-west-virginia-encyclopedia/,alias,25189,history-content/website-reviews/e-wv-the-west-virginia-encyclopedia.md,matched,
/history-content/website-reviews/25218,/history-content/website-reviews/hope-for-america/,alias,25218,history-content/website-reviews/hope-for-america.md,matched,
/history-content/website-reviews/25228,/history-content/website-reviews/the-jewish-americans/,alias,25228,history-content/website-reviews/the-jewish-americans.md,matched,
/history-content/website-reviews/25229,/history-content/website-reviews/red-cross-exploring-humanitarian-law/,alias,25229,history-content/website-reviews/red-cross-exploring-humanitarian-law.md,matched,
/history-content/website-reviews/25230,/history-content/website-reviews/idea-of-america/,alias,25230,history-content/website-reviews/idea-of-america.md,matched,
/history-content/website-reviews/25231,/history-content/website-reviews/american-turning-point-the-civil-war-in-virginia/,alias,25231,history-content/website-reviews/american-turning-point-the-civil-war-in-virginia.md,matched,
/history-content/website-reviews/25240,/history-content/website-reviews/frederick-douglass-national-historic-site-virtual-museum-exhibit/,alias,25240,history-content/website-reviews/frederick-douglass-national-historic-site-virtual-museum-exhibit.md,matched,
/history-content/website-reviews/25259,/history-content/website-reviews/guampedia/,alias,25259,history-content/website-reviews/guampedia.md,matched,
/history-content/website-reviews/25260,/history-content/website-reviews/digital-resource-guide-for-the-labor-archives-of-washington-state/,alias,25260,history-content/website-reviews/digital-resource-guide-for-the-labor-archives-of-washington-state.md,matched,
/history-content/website-reviews/25261,/history-content/website-reviews/conrad-w-chapman-a-confederate-soldiers-paintings-of-the-defense-of-charleston/,alias,25261,history-content/website-reviews/conrad-w-chapman-a-confederate-soldiers-paintings-of-the-defense-of-charleston.md,matched,
/history-content/website-reviews/25262,/history-content/website-reviews/bill-of-rights-institute/,alias,25262,history-content/website-reviews/bill-of-rights-institute.md,matched,
/history-content/website-reviews/25275,/history-content/website-reviews/encyclopedia-virginia/,alias,25275,history-content/website-reviews/encyclopedia-virginia.md,matched,
/history-content/website-reviews/25276,/history-content/website-reviews/explorepahistory/,alias,25276,history-content/website-reviews/explorepahistory.md,matched,
/history-content/website-reviews/25277,/history-content/website-reviews/the-encyclopedia-of-arkansas-history-and-culture/,alias,25277,history-content/website-reviews/the-encyclopedia-of-arkansas-history-and-culture.md,matched,
/history-content/website-reviews/25278,/history-content/website-reviews/knowla-encyclopedia-of-louisiana/,alias,25278,history-content/website-reviews/knowla-encyclopedia-of-louisiana.md,matched,
/history-content/website-reviews/25279,/history-content/website-reviews/online-nevada-encyclopedia/,alias,25279,history-content/website-reviews/online-nevada-encyclopedia.md,matched,
/history-content/website-reviews/25280,/history-content/website-reviews/the-oregon-encyclopedia/,alias,25280,history-content/website-reviews/the-oregon-encyclopedia.md,matched,
/history-content/website-reviews/25281,/history-content/website-reviews/tennessee-encyclopedia-of-history-and-culture/,alias,25281,history-content/website-reviews/tennessee-encyclopedia-of-history-and-culture.md,matched,
/history-content/website-reviews/25282,/history-content/website-reviews/handbook-of-texas-online/,alias,25282,history-content/website-reviews/handbook-of-texas-online.md,matched,
/history-content/website-reviews/25302,/history-content/website-reviews/recipe-for-victory-food-and-cooking-in-wartime/,alias,25302,history-content/website-reviews/recipe-for-victory-food-and-cooking-in-wartime.md,matched,
/history-content/website-reviews/25366,/history-content/website-reviews/flashing-across-the-country-mr-zip-and-the-zip-code-promotional-campaign/,alias,25366,history-content/website-reviews/flashing-across-the-country-mr-zip-and-the-zip-code-promotional-campaign.md,matched,
/history-content/website-reviews/25367,/history-content/website-reviews/witness-and-response-september-11-acquisitions-at-the-library-of-congress/,alias,25367,history-content/website-reviews/witness-and-response-september-11-acquisitions-at-the-library-of-congress.md,matched,
/history-content/website-reviews/25368,/history-content/website-reviews/mnopedia/,alias,25368,history-content/website-reviews/mnopedia.md,matched,
/history-content/website-reviews/25369,/history-content/website-reviews/all-hands-on-deck/,alias,25369,history-content/website-reviews/all-hands-on-deck.md,matched,
/history-content/website-reviews/25371,/history-content/website-reviews/civilian-public-service-story/,alias,25371,history-content/website-reviews/civilian-public-service-story.md,matched,
/history-content/website-reviews/25375,/history-content/website-reviews/creating-the-united-states/,alias,25375,history-content/website-reviews/creating-the-united-states.md,matched,
/history-content/website-reviews/25377,/history-content/website-reviews/a-sailors-life-for-me/,alias,25377,history-content/website-reviews/a-sailors-life-for-me.md,matched,
/history-content/website-reviews/25381,/history-content/website-reviews/memoirs-v-tapes-president-nixon-and-the-december-bombings/,alias,25381,history-content/website-reviews/memoirs-v-tapes-president-nixon-and-the-december-bombings.md,matched,
/history-content/website-reviews/25382,/history-content/website-reviews/voces-oral-history-project/,alias,25382,history-content/website-reviews/voces-oral-history-project.md,matched,
/history-content/website-reviews/25383,/history-content/website-reviews/world-trade-center-rescue-recovery-response/,alias,25383,history-content/website-reviews/world-trade-center-rescue-recovery-response.md,matched,
/history-content/website-reviews/25389,/history-content/website-reviews/understanding-911-a-television-news-archive/,alias,25389,history-content/website-reviews/understanding-911-a-television-news-archive.md,matched,
/history-content/website-reviews/25390,/history-content/website-reviews/quilt-index/,alias,25390,history-content/website-reviews/quilt-index.md,matched,
/history-content/website-reviews/25465,/history-content/website-reviews/maryland-historical-society-collections-online/,alias,25465,history-content/website-reviews/maryland-historical-society-collections-online.md,matched,
/history-content/website-reviews/25467,/history-content/website-reviews/iwitness/,alias,25467,history-content/website-reviews/iwitness.md,matched,
/history-content/website-reviews/25474,/history-content/website-reviews/pearl-harbor-attack-map/,alias,25474,history-content/website-reviews/pearl-harbor-attack-map.md,matched,
/history-content/website-reviews/25481,/history-content/website-reviews/japanese-american-national-museum-collections/,alias,25481,history-content/website-reviews/japanese-american-national-museum-collections.md,matched,
/history-content/website-reviews/25500,/history-content/website-reviews/white-house-historical-association/,alias,25500,history-content/website-reviews/white-house-historical-association.md,matched,
/history-content/website-reviews/25507,/history-content/website-reviews/sakura-cherry-blossoms-as-living-symbols-of-friendship/,alias,25507,history-content/website-reviews/sakura-cherry-blossoms-as-living-symbols-of-friendship.md,matched,
/history-content/website-reviews/25509,/history-content/website-reviews/clio-visualizing-history/,alias,25509,history-content/website-reviews/clio-visualizing-history.md,matched,
/history-content/website-reviews/25586,/history-content/website-reviews/civil-war-in-art/,alias,25586,history-content/website-reviews/civil-war-in-art.md,matched,
/history-content/website-reviews/25647,/history-content/website-reviews/homicide-in-chicago-1870-1930/,alias,25647,history-content/website-reviews/homicide-in-chicago-1870-1930.md,matched,
/history-content/website-reviews/25766,/history-content/website-reviews/the-march-on-milwaukee-civil-rights-history-project/,alias,25766,history-content/website-reviews/the-march-on-milwaukee-civil-rights-history-project.md,matched,
/history-content/website-reviews/25770,/history-content/website-reviews/after-slavery/,alias,25770,history-content/website-reviews/after-slavery.md,matched,
/history-content/website-reviews/25776,/history-content/website-reviews/penn-museum-online-collections/,alias,25776,history-content/website-reviews/penn-museum-online-collections.md,matched,
/history-content/website-reviews/25778,/history-content/website-reviews/the-history-of-vaccines/,alias,25778,history-content/website-reviews/the-history-of-vaccines.md,matched,
/history-content/website-reviews/25789,/history-content/website-reviews/childrens-lives-at-colonial-london-town/,alias,25789,history-content/website-reviews/childrens-lives-at-colonial-london-town.md,matched,
/history-content/website-reviews/25806,/history-content/website-reviews/the-montgomery-bus-boycott-they-changed-the-world/,alias,25806,history-content/website-reviews/the-montgomery-bus-boycott-they-changed-the-world.md,matched,
/history-content/website-reviews/25810,/history-content/website-reviews/prohibition-a-film-by-ken-burns-lynn-novick/,alias,25810,history-content/website-reviews/prohibition-a-film-by-ken-burns-lynn-novick.md,matched,
/history-content/website-reviews/25811,/history-content/website-reviews/digital-public-library-of-america/,alias,25811,history-content/website-reviews/digital-public-library-of-america.md,matched,
/history-content/website-reviews/25812,/history-content/website-reviews/100-years-of-parcels-packages-and-packets-oh-my/,alias,25812,history-content/website-reviews/100-years-of-parcels-packages-and-packets-oh-my.md,matched,
/history-content/website-reviews/25816,/history-content/website-reviews/american-archive-of-public-broadcasting/,alias,25816,history-content/website-reviews/american-archive-of-public-broadcasting.md,matched,
/history-content/website-reviews/25817,/history-content/website-reviews/abmc-war-dead-database/,alias,25817,history-content/website-reviews/abmc-war-dead-database.md,matched,
/history-content/website-reviews/25818,/history-content/website-reviews/history-unfolded-us-newspapers-and-the-holocaust/,alias,25818,history-content/website-reviews/history-unfolded-us-newspapers-and-the-holocaust.md,matched,
/history-content/website-reviews/25820,/history-content/website-reviews/open-parks-network/,alias,25820,history-content/website-reviews/open-parks-network.md,matched,
/history-content/website-reviews/25821,/history-content/website-reviews/eisenhower-memorial-commission/,alias,25821,history-content/website-reviews/eisenhower-memorial-commission.md,matched,
/history-content/website-reviews/25823,/history-content/website-reviews/beyond-words/,alias,25823,history-content/website-reviews/beyond-words.md,matched,
/history-content/website-reviews/25824,/history-content/website-reviews/eagle-eye-citizen/,alias,25824,history-content/website-reviews/eagle-eye-citizen.md,matched,
/history-content/website-reviews/25825,/history-content/website-reviews/the-lone-woman-and-last-indians-digital-archive/,alias,25825,history-content/website-reviews/the-lone-woman-and-last-indians-digital-archive.md,matched,
/history-content/website-reviews/25826,/history-content/website-reviews/american-revolution-2019/,alias,25826,history-content/website-reviews/american-revolution-2019.md,matched,
/history-content/website-reviews/25827,/history-content/website-reviews/discover-diplomacy-diplomatic-simulations-in-the-classroom/,alias,25827,history-content/website-reviews/discover-diplomacy-diplomatic-simulations-in-the-classroom.md,matched,
/history-content/website-reviews/25839,/history-content/website-reviews/for-us-the-living/,alias,25839,history-content/website-reviews/for-us-the-living.md,matched,
/history-content/website-reviews/25840,/history-content/website-reviews/abmc-education/,alias,25840,history-content/website-reviews/abmc-education.md,matched,
/history-content/website-reviews/25841,/history-content/website-reviews/readinquirewrite/,alias,25841,history-content/website-reviews/readinquirewrite.md,matched,
/history-content/website-reviews/25842,/history-content/website-reviews/race-and-ethnicity-in-advertising/,alias,25842,history-content/website-reviews/race-and-ethnicity-in-advertising.md,matched,
/history-content/website-reviews/25863,/history-content/website-reviews/statistics-in-schools/,alias,25863,history-content/website-reviews/statistics-in-schools.md,matched,
/lesson-plan-reviews-intro,/page/lesson-plan-reviews-introduction/,alias,24412,page/lesson-plan-reviews-introduction.md,matched,
/middle-quick-links,/middle-quick-links/quick-links-for-middle-school-teachers/,alias,24284,middle-quick-links/quick-links-for-middle-school-teachers.md,matched,
/middle-school-intro,/page/middle-school-introduction/,alias,24409,page/middle-school-introduction.md,matched,
/nhec-blog/14873,/blog/pbs-television-specials-celebrate-african-american-lives/,alias,14873,blog/pbs-television-specials-celebrate-african-american-lives.md,matched,
/nhec-blog/14877,/blog/my-friend-flickr-a-match-made-in-photo-heaven/,alias,14877,blog/my-friend-flickr-a-match-made-in-photo-heaven.md,matched,
/nhec-blog/14882,/blog/secrets-of-the-us-history-advanced-placement-exam/,alias,14882,blog/secrets-of-the-us-history-advanced-placement-exam.md,matched,
/nhec-blog/14883,/blog/picturing-america-program-unveiled-at-white-house/,alias,14883,blog/picturing-america-program-unveiled-at-white-house.md,matched,
/nhec-blog/14896,/blog/history-and-art-george-washington-goes-back-to-school/,alias,14896,blog/history-and-art-george-washington-goes-back-to-school.md,matched,
/nhec-blog/14898,/blog/learn-outloud-podcasts-for-teachers-and-students/,alias,14898,blog/learn-outloud-podcasts-for-teachers-and-students.md,matched,
/nhec-blog/14912,/blog/march-is-womens-history-month/,alias,14912,blog/march-is-womens-history-month.md,matched,
/nhec-blog/14914,/blog/national-history-day-exhibiting-excellence/,alias,14914,blog/national-history-day-exhibiting-excellence.md,matched,
/nhec-blog/14917,/blog/technology-in-the-classroom-wikis/,alias,14917,blog/technology-in-the-classroom-wikis.md,matched,
/nhec-blog/14943,/blog/womens-history-month-historians-in-the-news/,alias,14943,blog/womens-history-month-historians-in-the-news.md,matched,
/nhec-blog/15990,/blog/public-broadcasting-reports-on-education/,alias,15990,blog/public-broadcasting-reports-on-education.md,matched,
/nhec-blog/19068,/blog/were-listening-to/,alias,19068,blog/were-listening-to.md,matched,
/nhec-blog/19085,/blog/architecture-as-a-primary-source-in-the-classroom/,alias,19085,blog/architecture-as-a-primary-source-in-the-classroom.md,matched,
/nhec-blog/19122,/blog/american-civil-war-center-at-historic-tredegar-launches-education-web-companion/,alias,19122,blog/american-civil-war-center-at-historic-tredegar-launches-education-web-companion.md,matched,
/nhec-blog/19123,/blog/chronicling-america-newspaper-site-adds-more-pages-features/,alias,19123,blog/chronicling-america-newspaper-site-adds-more-pages-features.md,matched,
/nhec-blog/19126,/blog/adams-family-papers-letters-behind-an-hbo-miniseries/,alias,19126,blog/adams-family-papers-letters-behind-an-hbo-miniseries.md,matched,
/nhec-blog/19142,/blog/us-department-of-education-announces-teaching-american-history-grant-awards/,alias,19142,blog/us-department-of-education-announces-teaching-american-history-grant-awards.md,matched,
/nhec-blog/19266,/blog/teaching-about-memorial-day/,alias,19266,blog/teaching-about-memorial-day.md,matched,
/nhec-blog/19267,/blog/highlights-from-the-american-historical-association/,alias,19267,blog/highlights-from-the-american-historical-association.md,matched,
/nhec-blog/19268,/blog/especially-for-new-teachers/,alias,19268,blog/especially-for-new-teachers.md,matched,
/nhec-blog/19269,/blog/summer-surfing/,alias,19269,blog/summer-surfing.md,matched,
/nhec-blog/19270,/blog/a-history-institute-for-teachers/,alias,19270,blog/a-history-institute-for-teachers.md,matched,
/nhec-blog/19299,/blog/preserve-america-presidential-awards/,alias,19299,blog/preserve-america-presidential-awards.md,matched,
/nhec-blog/19348,/blog/journal-of-the-association-for-history-and-computing/,alias,19348,blog/journal-of-the-association-for-history-and-computing.md,matched,
/nhec-blog/19433,/blog/dozens-of-distinctive-destinations/,alias,19433,blog/dozens-of-distinctive-destinations.md,matched,
/nhec-blog/19449,/blog/thinking-like-a-historian-rethinking-history-instruction/,alias,19449,blog/thinking-like-a-historian-rethinking-history-instruction.md,matched,
/nhec-blog/19472,/blog/schools-and-social-networking-tools/,alias,19472,blog/schools-and-social-networking-tools.md,matched,
/nhec-blog/19494,/blog/from-medieval-europe-to-colonial-america/,alias,19494,blog/from-medieval-europe-to-colonial-america.md,matched,
/nhec-blog/19500,/blog/organization-of-american-historians-highlights-of-the-august-newsletter/,alias,19500,blog/organization-of-american-historians-highlights-of-the-august-newsletter.md,matched,
/nhec-blog/19505,/blog/teaching-resources-for-constitution-day/,alias,19505,blog/teaching-resources-for-constitution-day.md,matched,
/nhec-blog/19506,/blog/more-resources-for-teaching-about-elections/,alias,19506,blog/more-resources-for-teaching-about-elections.md,matched,
/nhec-blog/19532,/blog/teaching-about-presidential-elections/,alias,19532,blog/teaching-about-presidential-elections.md,matched,
/nhec-blog/19533,/blog/picturing-america-round-two/,alias,19533,blog/picturing-america-round-two.md,matched,
/nhec-blog/19549,/blog/bringing-national-parks-into-the-classroom/,alias,19549,blog/bringing-national-parks-into-the-classroom.md,matched,
/nhec-blog/19576,/blog/objects-and-memory-making-sense-of-catastrophe/,alias,19576,blog/objects-and-memory-making-sense-of-catastrophe.md,matched,
/nhec-blog/19586,/blog/national-museum-of-american-history/,alias,19586,blog/national-museum-of-american-history.md,matched,
/nhec-blog/19591,/blog/teaching-911/,alias,19591,blog/teaching-911.md,matched,
/nhec-blog/19592,/blog/learn-about-mexican-american-history/,alias,19592,blog/learn-about-mexican-american-history.md,matched,
/nhec-blog/19756,/blog/showcasing-student-work-on-the-us-constitution/,alias,19756,blog/showcasing-student-work-on-the-us-constitution.md,matched,
/nhec-blog/19825,/blog/civil-rights-history-project-a-new-initiative/,alias,19825,blog/civil-rights-history-project-a-new-initiative.md,matched,
/nhec-blog/19826,/blog/presidential-campaign-commercials-1952-2008/,alias,19826,blog/presidential-campaign-commercials-1952-2008.md,matched,
/nhec-blog/19950,/blog/lincoln-bicentennial/,alias,19950,blog/lincoln-bicentennial.md,matched,
/nhec-blog/19968,/blog/preserve-america-announces-44-grant-awards/,alias,19968,blog/preserve-america-announces-44-grant-awards.md,matched,
/nhec-blog/19981,/blog/flickr-update-the-commons/,alias,19981,blog/flickr-update-the-commons.md,matched,
/nhec-blog/19983,/blog/black-americans-in-congress/,alias,19983,blog/black-americans-in-congress.md,matched,
/nhec-blog/20044,/blog/the-great-depression-and-today/,alias,20044,blog/the-great-depression-and-today.md,matched,
/nhec-blog/20045,/blog/tech-tips-for-everybody-from-david-pogue-at-the-new-york-times/,alias,20045,blog/tech-tips-for-everybody-from-david-pogue-at-the-new-york-times.md,matched,
/nhec-blog/20138,/blog/national-council-for-history-education-nche-presents-award-to-senator-robert-byrd/,alias,20138,blog/national-council-for-history-education-nche-presents-award-to-senator-robert-byrd.md,matched,
/nhec-blog/20145,/blog/students-and-historic-preservation/,alias,20145,blog/students-and-historic-preservation.md,matched,
/nhec-blog/20148,/blog/snips-and-shoes-and-sealing-wax-new-publications-and-websites/,alias,20148,blog/snips-and-shoes-and-sealing-wax-new-publications-and-websites.md,matched,
/nhec-blog/20207,/blog/visit-clearinghouse-lesson-plan-reviews/,alias,20207,blog/visit-clearinghouse-lesson-plan-reviews.md,matched,
/nhec-blog/20291,/blog/a-new-look-at-abraham-lincoln/,alias,20291,blog/a-new-look-at-abraham-lincoln.md,matched,
/nhec-blog/20292,/blog/sessions-especially-for-teachers-at-the-123rd-american-historical-association-annual-meeting/,alias,20292,blog/sessions-especially-for-teachers-at-the-123rd-american-historical-association-annual-meeting.md,matched,
/nhec-blog/20293,/blog/laura-bush-presents-2008-preserve-america-history-teacher-of-the-year-award/,alias,20293,blog/laura-bush-presents-2008-preserve-america-history-teacher-of-the-year-award.md,matched,
/nhec-blog/20296,/blog/comment-period-begins-on-changes-to-selection-criteria-for-teaching-american-history-grants/,alias,20296,blog/comment-period-begins-on-changes-to-selection-criteria-for-teaching-american-history-grants.md,matched,
/nhec-blog/20373,/blog/teaching-american-history-project-directors-conference-registration-information-and-agenda/,alias,20373,blog/teaching-american-history-project-directors-conference-registration-information-and-agenda.md,matched,
/nhec-blog/20430,/blog/news-from-the-bill-of-rights-institute-for-educators-and-high-school-students/,alias,20430,blog/news-from-the-bill-of-rights-institute-for-educators-and-high-school-students.md,matched,
/nhec-blog/20536,/blog/department-of-education-publishes-2009-teaching-american-history-grant-notice/,alias,20536,blog/department-of-education-publishes-2009-teaching-american-history-grant-notice.md,matched,
/nhec-blog/20576,/blog/classroom-resources-presidential-inaugurals/,alias,20576,blog/classroom-resources-presidential-inaugurals.md,matched,
/nhec-blog/20591,/blog/save-the-date-national-teach-in-on-lincoln/,alias,20591,blog/save-the-date-national-teach-in-on-lincoln.md,matched,
/nhec-blog/20690,/blog/register-for-your-virtual-seat-smithsonian-education-online-lincoln-conference/,alias,20690,blog/register-for-your-virtual-seat-smithsonian-education-online-lincoln-conference.md,matched,
/nhec-blog/20712,/blog/2009-horizon-report-emerging-technologies-in-higher-education/,alias,20712,blog/2009-horizon-report-emerging-technologies-in-higher-education.md,matched,
/nhec-blog/20737,/blog/lincoln-bicentennial-a-teachable-moment-updated-february-24/,alias,20737,blog/lincoln-bicentennial-a-teachable-moment-updated-february-24.md,matched,
/nhec-blog/21712,/blog/remember-the-ladiesbut-not-just-in-march/,alias,21712,blog/remember-the-ladiesbut-not-just-in-march.md,matched,
/nhec-blog/21719,/blog/the-electronic-schoolhouselaescuela-electronica-a-bilingual-history-education-resource/,alias,21719,blog/the-electronic-schoolhouselaescuela-electronica-a-bilingual-history-education-resource.md,matched,
/nhec-blog/21725,/blog/happy-presidents-day/,alias,21725,blog/happy-presidents-day.md,matched,
/nhec-blog/21739,/blog/another-kind-of-american-idol/,alias,21739,blog/another-kind-of-american-idol.md,matched,
/nhec-blog/21760,/blog/if-the-omnibus-spending-bill/,alias,21760,blog/if-the-omnibus-spending-bill.md,matched,
/nhec-blog/21783,/blog/recession-depression-hard-times-new-deal-classroom-resources-updated-april-7/,alias,21783,blog/recession-depression-hard-times-new-deal-classroom-resources-updated-april-7.md,matched,
/nhec-blog/21823,/blog/omnibus-spending-bill-fy-09-passes-good-news-for-history/,alias,21823,blog/omnibus-spending-bill-fy-09-passes-good-news-for-history.md,matched,
/nhec-blog/21827,/blog/american-experience-we-shall-remain/,alias,21827,blog/american-experience-we-shall-remain.md,matched,
/nhec-blog/21849,/blog/join-the-clearinghouse-on-facebook-and-twitter/,alias,21849,blog/join-the-clearinghouse-on-facebook-and-twitter.md,matched,
/nhec-blog/21879,/blog/john-hope-franklin-1915-2009/,alias,21879,blog/john-hope-franklin-1915-2009.md,matched,
/nhec-blog/21892,/blog/bookmark-this-resources-for-movie-friday/,alias,21892,blog/bookmark-this-resources-for-movie-friday.md,matched,
/nhec-blog/21953,/blog/bookmark-this-history-sites-on-youtube/,alias,21953,blog/bookmark-this-history-sites-on-youtube.md,matched,
/nhec-blog/21980,/blog/tonights-the-night-pbs-broadcasts-we-shall-remain/,alias,21980,blog/tonights-the-night-pbs-broadcasts-we-shall-remain.md,matched,
/nhec-blog/21984,/blog/new-visitors-center-opens-at-monticello/,alias,21984,blog/new-visitors-center-opens-at-monticello.md,matched,
/nhec-blog/21991,/blog/interactive-exhibit-from-the-american-art-museum/,alias,21991,blog/interactive-exhibit-from-the-american-art-museum.md,matched,
/nhec-blog/22027,/blog/resources-asian-pacific-american-heritage-month/,alias,22027,blog/resources-asian-pacific-american-heritage-month.md,matched,
/nhec-blog/22028,/blog/bookmark-this-beneath-the-surface-of-wikipedia/,alias,22028,blog/bookmark-this-beneath-the-surface-of-wikipedia.md,matched,
/nhec-blog/22244,/blog/the-supreme-court-connections-between-past-and-present/,alias,22244,blog/the-supreme-court-connections-between-past-and-present.md,matched,
/nhec-blog/22337,/blog/summer-reading-clearinghouse-staff-recommendations-part-i/,alias,22337,blog/summer-reading-clearinghouse-staff-recommendations-part-i.md,matched,
/nhec-blog/22339,/blog/john-brown-harpers-ferry-students-history-and-technology/,alias,22339,blog/john-brown-harpers-ferry-students-history-and-technology.md,matched,
/nhec-blog/22366,/blog/bookmark-this-teacher-resources-at-the-library-of-congress/,alias,22366,blog/bookmark-this-teacher-resources-at-the-library-of-congress.md,matched,
/nhec-blog/22379,/blog/when-did-july-4-become-the-fourth-of-july/,alias,22379,blog/when-did-july-4-become-the-fourth-of-july.md,matched,
/nhec-blog/22390,/blog/national-council-for-social-studies-building-community-with-ning/,alias,22390,blog/national-council-for-social-studies-building-community-with-ning.md,matched,
/nhec-blog/22391,/blog/school-internet-firewalls-hindrance-or-help/,alias,22391,blog/school-internet-firewalls-hindrance-or-help.md,matched,
/nhec-blog/22394,/blog/forty-years-ago-one-giant-leap-for-mankind/,alias,22394,blog/forty-years-ago-one-giant-leap-for-mankind.md,matched,
/nhec-blog/22406,/blog/national-history-club-having-fun-and-doing-history/,alias,22406,blog/national-history-club-having-fun-and-doing-history.md,matched,
/nhec-blog/22408,/blog/summer-reading-clearinghouse-staff-recommendations-part-ii/,alias,22408,blog/summer-reading-clearinghouse-staff-recommendations-part-ii.md,matched,
/nhec-blog/22431,/blog/department-of-education-announces-tah-grant-awards/,alias,22431,blog/department-of-education-announces-tah-grant-awards.md,matched,
/nhec-blog/22441,/blog/whats-new-on-the-clearinghouse-site-lessons-learned-on-video/,alias,22441,blog/whats-new-on-the-clearinghouse-site-lessons-learned-on-video.md,matched,
/nhec-blog/22442,/blog/bookmark-this-blogs-for-history-teachers-worth-a-visit/,alias,22442,blog/bookmark-this-blogs-for-history-teachers-worth-a-visit.md,matched,
/nhec-blog/22461,/blog/august-1945-hiroshima-and-nagasaki/,alias,22461,blog/august-1945-hiroshima-and-nagasaki.md,matched,
/nhec-blog/22466,/blog/bookmark-this-new-and-improved-websites-and-lesson-plans/,alias,22466,blog/bookmark-this-new-and-improved-websites-and-lesson-plans.md,matched,
/nhec-blog/22468,/blog/teaching-without-textbooks/,alias,22468,blog/teaching-without-textbooks.md,matched,
/nhec-blog/22474,/blog/summer-reading-clearinghouse-staff-recommendations-part-iii/,alias,22474,blog/summer-reading-clearinghouse-staff-recommendations-part-iii.md,matched,
/nhec-blog/22482,/blog/bookmark-this-our-courts-especially-for-middle-school-students/,alias,22482,blog/bookmark-this-our-courts-especially-for-middle-school-students.md,matched,
/nhec-blog/22515,/blog/third-graders-and-local-history/,alias,22515,blog/third-graders-and-local-history.md,matched,
/nhec-blog/22560,/blog/teaching-our-students-to-evaluate-websites/,alias,22560,blog/teaching-our-students-to-evaluate-websites.md,matched,
/nhec-blog/22561,/blog/hispanic-heritage-month/,alias,22561,blog/hispanic-heritage-month.md,matched,
/nhec-blog/22562,/blog/especially-for-teachers-annenberg-medias-online-us-history-textbook/,alias,22562,blog/especially-for-teachers-annenberg-medias-online-us-history-textbook.md,matched,
/nhec-blog/22626,/blog/watch-it-live-president-barack-obama-addresses-americas-students-on-september-8/,alias,22626,blog/watch-it-live-president-barack-obama-addresses-americas-students-on-september-8.md,matched,
/nhec-blog/22627,/blog/rotflol-president-john-quincy-adams-twittered/,alias,22627,blog/rotflol-president-john-quincy-adams-twittered.md,matched,
/nhec-blog/22879,/blog/bookmark-this-teaching-mexican-american-history-with-the-bracero-program/,alias,22879,blog/bookmark-this-teaching-mexican-american-history-with-the-bracero-program.md,matched,
/nhec-blog/22886,/blog/teaching-the-constitution/,alias,22886,blog/teaching-the-constitution.md,matched,
/nhec-blog/22900,/blog/online-professional-development-through-the-library-of-congress/,alias,22900,blog/online-professional-development-through-the-library-of-congress.md,matched,
/nhec-blog/22907,/blog/bookmark-this-gilder-lehrmans-history-now/,alias,22907,blog/bookmark-this-gilder-lehrmans-history-now.md,matched,
/nhec-blog/22928,/blog/especially-for-secondary-school-teachers-american-history-on-facebook/,alias,22928,blog/especially-for-secondary-school-teachers-american-history-on-facebook.md,matched,
/nhec-blog/22929,/blog/bookmark-this-free-maps/,alias,22929,blog/bookmark-this-free-maps.md,matched,
/nhec-blog/22940,/blog/primary-sources-100-milestone-documents/,alias,22940,blog/primary-sources-100-milestone-documents.md,matched,
/nhec-blog/22950,/blog/bookmark-this-virtual-fieldtrips/,alias,22950,blog/bookmark-this-virtual-fieldtrips.md,matched,
/nhec-blog/22951,/blog/teaching-about-columbus-day-mythbusters/,alias,22951,blog/teaching-about-columbus-day-mythbusters.md,matched,
/nhec-blog/23431,/blog/bring-the-national-parks-americas-best-idea-into-the-classroom/,alias,23431,blog/bring-the-national-parks-americas-best-idea-into-the-classroom.md,matched,
/nhec-blog/23463,/blog/veterans-oral-history-and-the-library-of-congress/,alias,23463,blog/veterans-oral-history-and-the-library-of-congress.md,matched,
/nhec-blog/23484,/blog/teaching-the-cuban-missile-crisis/,alias,23484,blog/teaching-the-cuban-missile-crisis.md,matched,
/nhec-blog/23490,/blog/teaching-native-american-history-i-is-for-inclusion/,alias,23490,blog/teaching-native-american-history-i-is-for-inclusion.md,matched,
/nhec-blog/23530,/blog/bookmark-this-history-and-headlines/,alias,23530,blog/bookmark-this-history-and-headlines.md,matched,
/nhec-blog/23571,/blog/bookmark-this-google-scholar-finding-the-laws-that-govern-us/,alias,23571,blog/bookmark-this-google-scholar-finding-the-laws-that-govern-us.md,matched,
/nhec-blog/23572,/blog/thanksgiving-the-real-backstory/,alias,23572,blog/thanksgiving-the-real-backstory.md,matched,
/nhec-blog/23602,/blog/a-roundup-of-resources/,alias,23602,blog/a-roundup-of-resources.md,matched,
/nhec-blog/23603,/blog/236-years-since-the-boston-tea-party/,alias,23603,blog/236-years-since-the-boston-tea-party.md,matched,
/nhec-blog/23617,/blog/maps-theyre-not-just-for-geography-any-more/,alias,23617,blog/maps-theyre-not-just-for-geography-any-more.md,matched,
/nhec-blog/23628,/blog/primary-sources-historical-reenactments-and-twitter/,alias,23628,blog/primary-sources-historical-reenactments-and-twitter.md,matched,
/nhec-blog/23632,/blog/bookmark-this-world-war-ii-interactive-collection-free-from-footnote-december-only/,alias,23632,blog/bookmark-this-world-war-ii-interactive-collection-free-from-footnote-december-only.md,matched,
/nhec-blog/23672,/blog/a-national-plan-for-educational-technology/,alias,23672,blog/a-national-plan-for-educational-technology.md,matched,
/nhec-blog/23675,/blog/the-people-speak-to-zinn-or-not-to-zinn/,alias,23675,blog/the-people-speak-to-zinn-or-not-to-zinn.md,matched,
/nhec-blog/23709,/blog/teaching-about-dr-martin-luther-king/,alias,23709,blog/teaching-about-dr-martin-luther-king.md,matched,
/nhec-blog/23710,/blog/bookmark-this-contests-for-students-and-teachers/,alias,23710,blog/bookmark-this-contests-for-students-and-teachers.md,matched,
/nhec-blog/23731,/blog/national-history-day-2010/,alias,23731,blog/national-history-day-2010.md,matched,
/nhec-blog/23744,/blog/looking-forward-in-2010/,alias,23744,blog/looking-forward-in-2010.md,matched,
/nhec-blog/23747,/blog/update-martin-luther-king-documentary-airs-on-history-channel/,alias,23747,blog/update-martin-luther-king-documentary-airs-on-history-channel.md,matched,
/nhec-blog/23785,/blog/teaching-american-history-tah-grant-application-deadlines/,alias,23785,blog/teaching-american-history-tah-grant-application-deadlines.md,matched,
/nhec-blog/23787,/blog/teaching-about-haiti/,alias,23787,blog/teaching-about-haiti.md,matched,
/nhec-blog/23816,/blog/howard-zinn-the-peoples-historian-dies-at-87/,alias,23816,blog/howard-zinn-the-peoples-historian-dies-at-87.md,matched,
/nhec-blog/23820,/blog/from-the-atlantic-monthly-what-makes-a-great-teacher/,alias,23820,blog/from-the-atlantic-monthly-what-makes-a-great-teacher.md,matched,
/nhec-blog/23847,/blog/teaching-african-american-history-do-we-still-need-a-black-history-month/,alias,23847,blog/teaching-african-american-history-do-we-still-need-a-black-history-month.md,matched,
/nhec-blog/23897,/blog/maps-theyre-not-just-for-geography-any-more-part-2/,alias,23897,blog/maps-theyre-not-just-for-geography-any-more-part-2.md,matched,
/nhec-blog/23898,/blog/bringing-primary-sources-into-the-classroom/,alias,23898,blog/bringing-primary-sources-into-the-classroom.md,matched,
/nhec-blog/23920,/blog/stand-up-and-be-counted-teaching-with-the-census/,alias,23920,blog/stand-up-and-be-counted-teaching-with-the-census.md,matched,
/nhec-blog/23921,/blog/teaching-about-vietnam/,alias,23921,blog/teaching-about-vietnam.md,matched,
/nhec-blog/23938,/blog/left-right-and-center-teaching-about-conservatism/,alias,23938,blog/left-right-and-center-teaching-about-conservatism.md,matched,
/nhec-blog/23946,/blog/welcome-to-our-redesign-and-thank-you/,alias,23946,blog/welcome-to-our-redesign-and-thank-you.md,matched,
/nhec-blog/23967,/blog/bookmark-this-america-the-story-of-us-on-history-channel/,alias,23967,blog/bookmark-this-america-the-story-of-us-on-history-channel.md,matched,
/nhec-blog/24065,/blog/bookmark-this-teachers-teens-and-technology/,alias,24065,blog/bookmark-this-teachers-teens-and-technology.md,matched,
/nhec-blog/24068,/blog/top-tens-or-best-sites-for/,alias,24068,blog/top-tens-or-best-sites-for.md,matched,
/nhec-blog/24072,/blog/picturing-america/,alias,24072,blog/picturing-america.md,matched,
/nhec-blog/24110,/blog/teachinghistoryorg-at-iste/,alias,24110,blog/teachinghistoryorg-at-iste.md,matched,
/nhec-blog/24112,/blog/the-smithsonian-commons-vast-findable-shareable-free/,alias,24112,blog/the-smithsonian-commons-vast-findable-shareable-free.md,matched,
/nhec-blog/24164,/blog/teaching-american-history-grants-awarded/,alias,24164,blog/teaching-american-history-grants-awarded.md,matched,
/nhec-blog/24174,/blog/historical-thinking-poster/,alias,24174,blog/historical-thinking-poster.md,matched,
/nhec-blog/24199,/blog/history-education-news-06-analyzing-images/,alias,24199,blog/history-education-news-06-analyzing-images.md,matched,
/nhec-blog/24215,/blog/patents-as-primary-sources/,alias,24215,blog/patents-as-primary-sources.md,matched,
/nhec-blog/24230,/blog/constitution-day-2010/,alias,24230,blog/constitution-day-2010.md,matched,
/nhec-blog/24263,/blog/our-weekly-quizzes-return/,alias,24263,blog/our-weekly-quizzes-return.md,matched,
/nhec-blog/24273,/blog/amy-trenkle-on-experiencing-the-first-amendment/,alias,24273,blog/amy-trenkle-on-experiencing-the-first-amendment.md,matched,
/nhec-blog/24274,/blog/elizabeth-schaefer-on-the-impact-of-911-in-the-classroom/,alias,24274,blog/elizabeth-schaefer-on-the-impact-of-911-in-the-classroom.md,matched,
/nhec-blog/24276,/blog/national-archives-launches-docsteach/,alias,24276,blog/national-archives-launches-docsteach.md,matched,
/nhec-blog/24279,/blog/jennifer-orr-on-questioning-columbus/,alias,24279,blog/jennifer-orr-on-questioning-columbus.md,matched,
/nhec-blog/24296,/blog/amy-trenkles-columbus-in-the-capital/,alias,24296,blog/amy-trenkles-columbus-in-the-capital.md,matched,
/nhec-blog/24307,/blog/memorializing-veterans-teaching-with-place/,alias,24307,blog/memorializing-veterans-teaching-with-place.md,matched,
/nhec-blog/24320,/blog/elizabeth-schaefer-on-the-interactive-declaration-of-independence/,alias,24320,blog/elizabeth-schaefer-on-the-interactive-declaration-of-independence.md,matched,
/nhec-blog/24326,/blog/joe-jelen-on-document-cameras/,alias,24326,blog/joe-jelen-on-document-cameras.md,matched,
/nhec-blog/24336,/blog/finding-professional-development/,alias,24336,blog/finding-professional-development.md,matched,
/nhec-blog/24344,/blog/anthony-pellegrino-let-the-music-playin-our-classrooms/,alias,24344,blog/anthony-pellegrino-let-the-music-playin-our-classrooms.md,matched,
/nhec-blog/24377,/blog/jennifer-orr-on-teaching-thanksgiving/,alias,24377,blog/jennifer-orr-on-teaching-thanksgiving.md,matched,
/nhec-blog/24402,/blog/michael-yell-on-developing-a-climate-of-engagement/,alias,24402,blog/michael-yell-on-developing-a-climate-of-engagement.md,matched,
/nhec-blog/24425,/blog/joe-jelen-on-digital-timelines/,alias,24425,blog/joe-jelen-on-digital-timelines.md,matched,
/nhec-blog/24426,/blog/ron-gorrs-trifecta-primary-sources-technology-and-student-interaction-in-one-activity/,alias,24426,blog/ron-gorrs-trifecta-primary-sources-technology-and-student-interaction-in-one-activity.md,matched,
/nhec-blog/24434,/blog/what-is-historical-thinking/,alias,24434,blog/what-is-historical-thinking.md,matched,
/nhec-blog/24435,/blog/amy-trenkles-be-the-blogger/,alias,24435,blog/amy-trenkles-be-the-blogger.md,matched,
/nhec-blog/24436,/blog/elizabeth-schaefer-on-mental-maps-in-american-history/,alias,24436,blog/elizabeth-schaefer-on-mental-maps-in-american-history.md,matched,
/nhec-blog/24437,/blog/nominations-open-for-gilder-lehrman-teacher-of-the-year-award/,alias,24437,blog/nominations-open-for-gilder-lehrman-teacher-of-the-year-award.md,matched,
/nhec-blog/24447,/blog/anthony-pellegrino-reexamining-pre-service-field-experience/,alias,24447,blog/anthony-pellegrino-reexamining-pre-service-field-experience.md,matched,
/nhec-blog/24452,/blog/jennifer-orr-on-making-technology-work-for-primary-students-part-one/,alias,24452,blog/jennifer-orr-on-making-technology-work-for-primary-students-part-one.md,matched,
/nhec-blog/24456,/blog/a-day-on-not-a-day-off/,alias,24456,blog/a-day-on-not-a-day-off.md,matched,
/nhec-blog/24458,/blog/upcoming-deadlines-for-professional-development/,alias,24458,blog/upcoming-deadlines-for-professional-development.md,matched,
/nhec-blog/24465,/blog/150-years-ago-today/,alias,24465,blog/150-years-ago-today.md,matched,
/nhec-blog/24469,/blog/conference-going-for-the-educational-professional/,alias,24469,blog/conference-going-for-the-educational-professional.md,matched,
/nhec-blog/24485,/blog/michael-yell-motivates-students-with-the-mystery-strategy/,alias,24485,blog/michael-yell-motivates-students-with-the-mystery-strategy.md,matched,
/nhec-blog/24502,/blog/african-american-history-month-2011/,alias,24502,blog/african-american-history-month-2011.md,matched,
/nhec-blog/24514,/blog/elizabeth-schaefers-vocabulary-in-motion/,alias,24514,blog/elizabeth-schaefers-vocabulary-in-motion.md,matched,
/nhec-blog/24523,/blog/jennifer-orr-on-making-technology-work-for-primary-students-part-two/,alias,24523,blog/jennifer-orr-on-making-technology-work-for-primary-students-part-two.md,matched,
/nhec-blog/24524,/blog/teaching-american-history-program-invites-2011-applications/,alias,24524,blog/teaching-american-history-program-invites-2011-applications.md,matched,
/nhec-blog/24526,/blog/teaching-and-learning-history-in-the-digital-age-aha-2011/,alias,24526,blog/teaching-and-learning-history-in-the-digital-age-aha-2011.md,matched,
/nhec-blog/24528,/blog/presidents-in-the-library/,alias,24528,blog/presidents-in-the-library.md,matched,
/nhec-blog/24532,/blog/anthony-pellegrinos-into-the-weeds-harnessing-the-power-of-music-to-teach-social-studies/,alias,24532,blog/anthony-pellegrinos-into-the-weeds-harnessing-the-power-of-music-to-teach-social-studies.md,matched,
/nhec-blog/24533,/blog/women-taking-history-womens-history-month-2011/,alias,24533,blog/women-taking-history-womens-history-month-2011.md,matched,
/nhec-blog/24540,/blog/joe-jelen-on-googles-art-project/,alias,24540,blog/joe-jelen-on-googles-art-project.md,matched,
/nhec-blog/24557,/blog/film-review-titanic/,alias,24557,blog/film-review-titanic.md,matched,
/nhec-blog/24581,/blog/international-aid-how-and-when-the-us-helps/,alias,24581,blog/international-aid-how-and-when-the-us-helps.md,matched,
/nhec-blog/24585,/blog/diana-laufenberg-on-teaching-history-thematically/,alias,24585,blog/diana-laufenberg-on-teaching-history-thematically.md,matched,
/nhec-blog/24588,/blog/amy-trenkle-on-interactive-whiteboards/,alias,24588,blog/amy-trenkle-on-interactive-whiteboards.md,matched,
/nhec-blog/24592,/blog/copyright-finding-images-to-tell-the-story-of-history/,alias,24592,blog/copyright-finding-images-to-tell-the-story-of-history.md,matched,
/nhec-blog/24595,/blog/joe-jelen-on-the-new-york-public-library-digital-gallery/,alias,24595,blog/joe-jelen-on-the-new-york-public-library-digital-gallery.md,matched,
/nhec-blog/24596,/blog/anthony-pellegrinos-classroom-simulations-begin-with-paris/,alias,24596,blog/anthony-pellegrinos-classroom-simulations-begin-with-paris.md,matched,
/nhec-blog/24599,/blog/searching-for-sesquicentennial-sources/,alias,24599,blog/searching-for-sesquicentennial-sources.md,matched,
/nhec-blog/24626,/blog/the-conspirator-in-the-classroom/,alias,24626,blog/the-conspirator-in-the-classroom.md,matched,
/nhec-blog/24649,/blog/jennifer-orr-on-voicethread/,alias,24649,blog/jennifer-orr-on-voicethread.md,matched,
/nhec-blog/24650,/blog/ron-gorr-on-go-to-the-source-gtts-activities/,alias,24650,blog/ron-gorr-on-go-to-the-source-gtts-activities.md,matched,
/nhec-blog/24651,/blog/michael-yells-strategies-for-using-primary-sources-in-your-classroom/,alias,24651,blog/michael-yells-strategies-for-using-primary-sources-in-your-classroom.md,matched,
/nhec-blog/24652,/blog/jennifer-orr-on-integrating-history-into-1st-grade-instruction/,alias,24652,blog/jennifer-orr-on-integrating-history-into-1st-grade-instruction.md,matched,
/nhec-blog/24668,/blog/cintia-cabibs-interdisciplinary-gardening/,alias,24668,blog/cintia-cabibs-interdisciplinary-gardening.md,matched,
/nhec-blog/24670,/blog/joe-jelen-on-pocket-camcorders/,alias,24670,blog/joe-jelen-on-pocket-camcorders.md,matched,
/nhec-blog/24677,/blog/anthony-pellegrinos-teaching-with-class-in-mind/,alias,24677,blog/anthony-pellegrinos-teaching-with-class-in-mind.md,matched,
/nhec-blog/24678,/blog/michael-yell-on-a-strategy-for-the-use-of-textbooks-in-the-history-classroom/,alias,24678,blog/michael-yell-on-a-strategy-for-the-use-of-textbooks-in-the-history-classroom.md,matched,
/nhec-blog/24679,/blog/vitamins-in-chocolate-cake-why-use-historical-fiction-in-the-classroom/,alias,24679,blog/vitamins-in-chocolate-cake-why-use-historical-fiction-in-the-classroom.md,matched,
/nhec-blog/24692,/blog/asian-pacific-american-heritage-month-2011/,alias,24692,blog/asian-pacific-american-heritage-month-2011.md,matched,
/nhec-blog/24695,/blog/amy-trenkle-on-national-history-dayits-more-than-just-a-dayand-its-more-than-just-history/,alias,24695,blog/amy-trenkle-on-national-history-dayits-more-than-just-a-dayand-its-more-than-just-history.md,matched,
/nhec-blog/24697,/blog/joe-jelens-ads-as-primary-sources-the-ad-councils-historic-campaigns/,alias,24697,blog/joe-jelens-ads-as-primary-sources-the-ad-councils-historic-campaigns.md,matched,
/nhec-blog/24707,/blog/comic-books-in-the-history-classroom/,alias,24707,blog/comic-books-in-the-history-classroom.md,matched,
/nhec-blog/24708,/blog/questioning-history-using-the-census/,alias,24708,blog/questioning-history-using-the-census.md,matched,
/nhec-blog/24709,/blog/ron-gorr-on-socratic-seminars-with-primary-documents/,alias,24709,blog/ron-gorr-on-socratic-seminars-with-primary-documents.md,matched,
/nhec-blog/24714,/blog/anthony-pellegrino-on-teaching-segregated-history/,alias,24714,blog/anthony-pellegrino-on-teaching-segregated-history.md,matched,
/nhec-blog/24715,/blog/elizabeth-schaefer-on-facebook-in-the-classroom/,alias,24715,blog/elizabeth-schaefer-on-facebook-in-the-classroom.md,matched,
/nhec-blog/24716,/blog/diana-laufenberg-on-the-power-of-visuals/,alias,24716,blog/diana-laufenberg-on-the-power-of-visuals.md,matched,
/nhec-blog/24748,/blog/jennifer-orr-on-primary-sources-in-primary-classrooms/,alias,24748,blog/jennifer-orr-on-primary-sources-in-primary-classrooms.md,matched,
/nhec-blog/24817,/blog/an-ear-for-the-past-the-national-jukebox/,alias,24817,blog/an-ear-for-the-past-the-national-jukebox.md,matched,
/nhec-blog/24840,/blog/film-review-ken-burnss-jazz/,alias,24840,blog/film-review-ken-burnss-jazz.md,matched,
/nhec-blog/24841,/blog/amy-trenkle-on-glogging-class-greats/,alias,24841,blog/amy-trenkle-on-glogging-class-greats.md,matched,
/nhec-blog/24976,/blog/the-nations-report-card-us-history-2010/,alias,24976,blog/the-nations-report-card-us-history-2010.md,matched,
/nhec-blog/24977,/blog/michael-yell-on-critical-thinking-and-teaching-history/,alias,24977,blog/michael-yell-on-critical-thinking-and-teaching-history.md,matched,
/nhec-blog/24978,/blog/valerie-tripps-looking-backward-looping-forward-how-to-make-a-period-of-history-matter-to-your-stude/,alias,24978,blog/valerie-tripps-looking-backward-looping-forward-how-to-make-a-period-of-history-matter-to-your-stude.md,matched,
/nhec-blog/24979,/blog/elizabeth-glynns-student-led-monuments-and-memorials-tour/,alias,24979,blog/elizabeth-glynns-student-led-monuments-and-memorials-tour.md,matched,
/nhec-blog/24980,/blog/elizabeth-glynn-on-using-art-to-create-interdisciplinary-classrooms/,alias,24980,blog/elizabeth-glynn-on-using-art-to-create-interdisciplinary-classrooms.md,matched,
/nhec-blog/25030,/blog/ron-gorr-on-imagining-the-great-depression-mixing-primary-documents-and-student-creativity/,alias,25030,blog/ron-gorr-on-imagining-the-great-depression-mixing-primary-documents-and-student-creativity.md,matched,
/nhec-blog/25031,/blog/valerie-tripp-salty-ham-using-the-senses-in-historical-research/,alias,25031,blog/valerie-tripp-salty-ham-using-the-senses-in-historical-research.md,matched,
/nhec-blog/25039,/blog/michael-yell-on-using-dvdsvideo-segments-in-the-history-classroom/,alias,25039,blog/michael-yell-on-using-dvdsvideo-segments-in-the-history-classroom.md,matched,
/nhec-blog/25047,/blog/elizabeth-schaefer-on-a-new-approach-to-president-lincoln/,alias,25047,blog/elizabeth-schaefer-on-a-new-approach-to-president-lincoln.md,matched,
/nhec-blog/25061,/blog/film-review-the-aviator/,alias,25061,blog/film-review-the-aviator.md,matched,
/nhec-blog/25075,/blog/film-review-john-adams/,alias,25075,blog/film-review-john-adams.md,matched,
/nhec-blog/25076,/blog/film-review-the-tenth-inning/,alias,25076,blog/film-review-the-tenth-inning.md,matched,
/nhec-blog/25077,/blog/film-review-gods-and-generals/,alias,25077,blog/film-review-gods-and-generals.md,matched,
/nhec-blog/25078,/blog/in-remembrance-september-11-2001/,alias,25078,blog/in-remembrance-september-11-2001.md,matched,
/nhec-blog/25105,/blog/civil-war-poster/,alias,25105,blog/civil-war-poster.md,matched,
/nhec-blog/25114,/blog/valerie-tripp-on-the-power-of-everyday-objects-in-teaching-history/,alias,25114,blog/valerie-tripp-on-the-power-of-everyday-objects-in-teaching-history.md,matched,
/nhec-blog/25117,/blog/jeremiah-mccall-on-using-simulation-games-in-the-history-classroom/,alias,25117,blog/jeremiah-mccall-on-using-simulation-games-in-the-history-classroom.md,matched,
/nhec-blog/25150,/blog/jennifer-orr-starts-the-year/,alias,25150,blog/jennifer-orr-starts-the-year.md,matched,
/nhec-blog/25152,/blog/elizabeth-glynn-on-personal-tablet-computers/,alias,25152,blog/elizabeth-glynn-on-personal-tablet-computers.md,matched,
/nhec-blog/25157,/blog/joe-jelen-old-newspapers-find-a-home-in-new-technology/,alias,25157,blog/joe-jelen-old-newspapers-find-a-home-in-new-technology.md,matched,
/nhec-blog/25160,/blog/film-review-the-alamo/,alias,25160,blog/film-review-the-alamo.md,matched,
/nhec-blog/25172,/blog/the-connection-between-literacy-and-history/,alias,25172,blog/the-connection-between-literacy-and-history.md,matched,
/nhec-blog/25182,/blog/amy-burvalls-life-as-a-technotroubadour/,alias,25182,blog/amy-burvalls-life-as-a-technotroubadour.md,matched,
/nhec-blog/25183,/blog/mark-smith-on-using-constructivist-video-production/,alias,25183,blog/mark-smith-on-using-constructivist-video-production.md,matched,
/nhec-blog/25186,/blog/resources-for-columbus-day/,alias,25186,blog/resources-for-columbus-day.md,matched,
/nhec-blog/25200,/blog/joe-jelen-makes-students-thinking-visible-with-backchannel-discussion/,alias,25200,blog/joe-jelen-makes-students-thinking-visible-with-backchannel-discussion.md,matched,
/nhec-blog/25225,/blog/jeremiah-mccall-on-evaluating-simulation-games-for-classroom-use/,alias,25225,blog/jeremiah-mccall-on-evaluating-simulation-games-for-classroom-use.md,matched,
/nhec-blog/25243,/blog/jennifer-orr-on-teaching-heroes/,alias,25243,blog/jennifer-orr-on-teaching-heroes.md,matched,
/nhec-blog/25255,/blog/teachinghistoryorg-teacher-representative-wins-2011-national-history-teacher-of-the-year/,alias,25255,blog/teachinghistoryorg-teacher-representative-wins-2011-national-history-teacher-of-the-year.md,matched,
/nhec-blog/25264,/blog/mark-smith-on-nonverbal-williamsburg/,alias,25264,blog/mark-smith-on-nonverbal-williamsburg.md,matched,
/nhec-blog/25266,/blog/michael-yell-on-making-every-history-lecture-engaging/,alias,25266,blog/michael-yell-on-making-every-history-lecture-engaging.md,matched,
/nhec-blog/25296,/blog/resources-for-veterans-day/,alias,25296,blog/resources-for-veterans-day.md,matched,
/nhec-blog/25300,/blog/meg-griffin-on-google-docs/,alias,25300,blog/meg-griffin-on-google-docs.md,matched,
/nhec-blog/25306,/blog/trickle-or-tsunami-getting-involved-with-the-common-core-standards/,alias,25306,blog/trickle-or-tsunami-getting-involved-with-the-common-core-standards.md,matched,
/nhec-blog/25309,/blog/teaching-thanksgiving-2011/,alias,25309,blog/teaching-thanksgiving-2011.md,matched,
/nhec-blog/25317,/blog/film-review-pearl-harbor-and-u-571/,alias,25317,blog/film-review-pearl-harbor-and-u-571.md,matched,
/nhec-blog/25324,/blog/remembering-pearl-harbor-resources-for-the-70th-anniversary/,alias,25324,blog/remembering-pearl-harbor-resources-for-the-70th-anniversary.md,matched,
/nhec-blog/25325,/blog/michael-yell-uses-national-history-day-for-classroom-differentiation/,alias,25325,blog/michael-yell-uses-national-history-day-for-classroom-differentiation.md,matched,
/nhec-blog/25338,/blog/jeremiah-mccall-on-structuring-lesson-plans-using-simulation-games/,alias,25338,blog/jeremiah-mccall-on-structuring-lesson-plans-using-simulation-games.md,matched,
/nhec-blog/25341,/blog/start-planning-now-for-summer-professional-development/,alias,25341,blog/start-planning-now-for-summer-professional-development.md,matched,
/nhec-blog/25361,/blog/jennifer-orr-on-data-retrieval-charts/,alias,25361,blog/jennifer-orr-on-data-retrieval-charts.md,matched,
/nhec-blog/25364,/blog/social-studies-education-down-south/,alias,25364,blog/social-studies-education-down-south.md,matched,
/nhec-blog/25365,/blog/the-bicentennial-of-1812/,alias,25365,blog/the-bicentennial-of-1812.md,matched,
/nhec-blog/25372,/blog/joe-jelen-on-discovering-history-through-student-genealogy-research/,alias,25372,blog/joe-jelen-on-discovering-history-through-student-genealogy-research.md,matched,
/nhec-blog/25376,/blog/resources-for-martin-luther-king-jr-day/,alias,25376,blog/resources-for-martin-luther-king-jr-day.md,matched,
/nhec-blog/25378,/blog/resources-for-african-american-history-month/,alias,25378,blog/resources-for-african-american-history-month.md,matched,
/nhec-blog/25380,/blog/teachinghistoryorgs-aha-workshop-teaching-the-past-in-a-digital-world/,alias,25380,blog/teachinghistoryorgs-aha-workshop-teaching-the-past-in-a-digital-world.md,matched,
/nhec-blog/25385,/blog/report-on-state-of-history-education-released/,alias,25385,blog/report-on-state-of-history-education-released.md,matched,
/nhec-blog/25415,/blog/joe-jelen-on-political-cartoons-20/,alias,25415,blog/joe-jelen-on-political-cartoons-20.md,matched,
/nhec-blog/25419,/blog/resources-for-presidents-day/,alias,25419,blog/resources-for-presidents-day.md,matched,
/nhec-blog/25424,/blog/michael-yell-on-writing-as-thinking/,alias,25424,blog/michael-yell-on-writing-as-thinking.md,matched,
/nhec-blog/25426,/blog/jennifer-orr-on-making-history-books/,alias,25426,blog/jennifer-orr-on-making-history-books.md,matched,
/nhec-blog/25442,/blog/resources-for-teaching-the-war-of-1812/,alias,25442,blog/resources-for-teaching-the-war-of-1812.md,matched,
/nhec-blog/25449,/blog/national-history-day-wins-2011-national-humanities-medal/,alias,25449,blog/national-history-day-wins-2011-national-humanities-medal.md,matched,
/nhec-blog/25451,/blog/jeremiah-mccall-on-activities-and-assessments-for-simulation-games/,alias,25451,blog/jeremiah-mccall-on-activities-and-assessments-for-simulation-games.md,matched,
/nhec-blog/25464,/blog/resources-for-womens-history-month/,alias,25464,blog/resources-for-womens-history-month.md,matched,
/nhec-blog/25483,/blog/film-review-iron-jawed-angels/,alias,25483,blog/film-review-iron-jawed-angels.md,matched,
/nhec-blog/25486,/blog/resources-for-earth-day/,alias,25486,blog/resources-for-earth-day.md,matched,
/nhec-blog/25487,/blog/resources-for-asian-pacific-american-heritage-month/,alias,25487,blog/resources-for-asian-pacific-american-heritage-month.md,matched,
/nhec-blog/25494,/blog/joe-jelen-on-creating-e-books/,alias,25494,blog/joe-jelen-on-creating-e-books.md,matched,
/nhec-blog/25501,/blog/visiting-history-a-guide-for-professional-development/,alias,25501,blog/visiting-history-a-guide-for-professional-development.md,matched,
/nhec-blog/25506,/blog/lessons-online-ted-ed/,alias,25506,blog/lessons-online-ted-ed.md,matched,
/nhec-blog/25508,/blog/preparing-for-the-days-of-remembrance/,alias,25508,blog/preparing-for-the-days-of-remembrance.md,matched,
/nhec-blog/25518,/blog/molly-myers-on-tweeting-towards-success/,alias,25518,blog/molly-myers-on-tweeting-towards-success.md,matched,
/nhec-blog/25521,/blog/jennifer-orr-on-teaching-failure/,alias,25521,blog/jennifer-orr-on-teaching-failure.md,matched,
/nhec-blog/25523,/blog/jeremiah-mccall-on-evaluative-activities-and-assessments-for-simulation-games/,alias,25523,blog/jeremiah-mccall-on-evaluative-activities-and-assessments-for-simulation-games.md,matched,
/nhec-blog/25550,/blog/resources-for-the-titanics-centennial/,alias,25550,blog/resources-for-the-titanics-centennial.md,matched,
/nhec-blog/25576,/blog/jennifer-orr-on-experiencing-history-a-visit-to-the-parson-weems-house/,alias,25576,blog/jennifer-orr-on-experiencing-history-a-visit-to-the-parson-weems-house.md,matched,
/nhec-blog/25582,/blog/resources-for-memorial-day/,alias,25582,blog/resources-for-memorial-day.md,matched,
/nhec-blog/25617,/blog/resources-for-flag-day/,alias,25617,blog/resources-for-flag-day.md,matched,
/nhec-blog/25618,/blog/teaching-history-with-archaeology/,alias,25618,blog/teaching-history-with-archaeology.md,matched,
/nhec-blog/25621,/blog/resources-for-independence-day/,alias,25621,blog/resources-for-independence-day.md,matched,
/nhec-blog/25624,/blog/jeremiah-mccall-on-historical-problem-spaces/,alias,25624,blog/jeremiah-mccall-on-historical-problem-spaces.md,matched,
/nhec-blog/25632,/blog/olympic-spirit-teaching-with-the-olympics/,alias,25632,blog/olympic-spirit-teaching-with-the-olympics.md,matched,
/nhec-blog/25641,/blog/family-history-and-the-1940-census/,alias,25641,blog/family-history-and-the-1940-census.md,matched,
/nhec-blog/25642,/blog/jennifer-orr-wins-iste-kay-l-bitter-vision-award/,alias,25642,blog/jennifer-orr-wins-iste-kay-l-bitter-vision-award.md,matched,
/nhec-blog/25643,/blog/introducing-teachinghistoryorg-mobile/,alias,25643,blog/introducing-teachinghistoryorg-mobile.md,matched,
/nhec-blog/25648,/blog/the-history-of-american-health/,alias,25648,blog/the-history-of-american-health.md,matched,
/nhec-blog/25653,/blog/film-review-amelia/,alias,25653,blog/film-review-amelia.md,matched,
/nhec-blog/25654,/blog/film-review-prohibition/,alias,25654,blog/film-review-prohibition.md,matched,
/nhec-blog/25663,/blog/the-history-of-americans/,alias,25663,blog/the-history-of-americans.md,matched,
/nhec-blog/25664,/blog/abraham-lincoln-vampire-hunter/,alias,25664,blog/abraham-lincoln-vampire-hunter.md,matched,
/nhec-blog/25669,/blog/jeremiah-mccall-on-group-discussions/,alias,25669,blog/jeremiah-mccall-on-group-discussions.md,matched,
/nhec-blog/25686,/blog/a-push-in-the-right-direction/,alias,25686,blog/a-push-in-the-right-direction.md,matched,
/nhec-blog/25688,/blog/historical-thinking-interactive-poster/,alias,25688,blog/historical-thinking-interactive-poster.md,matched,
/nhec-blog/25695,/blog/plan-ahead-for-professional-development-in-spring-2013/,alias,25695,blog/plan-ahead-for-professional-development-in-spring-2013.md,matched,
/nhec-blog/25696,/blog/fee-free-days-for-national-parks/,alias,25696,blog/fee-free-days-for-national-parks.md,matched,
/nhec-blog/25700,/blog/teaching-the-emancipation-proclamation-on-constitution-day/,alias,25700,blog/teaching-the-emancipation-proclamation-on-constitution-day.md,matched,
/nhec-blog/25704,/blog/teaching-work-resources-for-labor-day/,alias,25704,blog/teaching-work-resources-for-labor-day.md,matched,
/nhec-blog/25715,/blog/constitution-day-2012-founding-documents/,alias,25715,blog/constitution-day-2012-founding-documents.md,matched,
/nhec-blog/25729,/blog/teaching-with-food/,alias,25729,blog/teaching-with-food.md,matched,
/nhec-blog/25745,/blog/resources-for-hispanic-heritage-month/,alias,25745,blog/resources-for-hispanic-heritage-month.md,matched,
/nhec-blog/25751,/blog/resources-for-teacher-educators-and-historysocial-studies-methods-classes/,alias,25751,blog/resources-for-teacher-educators-and-historysocial-studies-methods-classes.md,matched,
/nhec-blog/25767,/blog/lincoln-on-the-big-screen/,alias,25767,blog/lincoln-on-the-big-screen.md,matched,
/nhec-blog/25782,/blog/turning-students-into-historians/,alias,25782,blog/turning-students-into-historians.md,matched,
/nhec-blog/25790,/blog/history-hitting-home-childrens-history-local-history-and-digital-storytelling/,alias,25790,blog/history-hitting-home-childrens-history-local-history-and-digital-storytelling.md,matched,
/nhec-blog/25804,/blog/teachinghistoryorg-wins-2013-aaslh-award-of-merit/,alias,25804,blog/teachinghistoryorg-wins-2013-aaslh-award-of-merit.md,matched,
/node/14557,/history-content/ask-a-historian/broadcasting-longevity/,node,14557,history-content/ask-a-historian/broadcasting-longevity.md,matched,
/node/14559,/history-content/ask-a-historian/typical-in-the-1930s/,node,14559,history-content/ask-a-historian/typical-in-the-1930s.md,matched,
/node/14561,/best-practices/using-primary-sources/making-sense-of-oral-history/,node,14561,best-practices/using-primary-sources/making-sense-of-oral-history.md,matched,
/node/14562,/best-practices/using-primary-sources/making-sense-of-films/,node,14562,best-practices/using-primary-sources/making-sense-of-films.md,matched,
/node/14563,/best-practices/using-primary-sources/making-sense-of-maps/,node,14563,best-practices/using-primary-sources/making-sense-of-maps.md,matched,
/node/14564,/best-practices/using-primary-sources/making-sense-of-numbers/,node,14564,best-practices/using-primary-sources/making-sense-of-numbers.md,matched,
/node/14565,/best-practices/using-primary-sources/making-sense-of-letters-and-diaries/,node,14565,best-practices/using-primary-sources/making-sense-of-letters-and-diaries.md,matched,
/node/14566,/best-practices/using-primary-sources/making-sense-of-advertisements/,node,14566,best-practices/using-primary-sources/making-sense-of-advertisements.md,matched,
/node/14567,/best-practices/using-primary-sources/making-sense-of-american-popular-songs/,node,14567,best-practices/using-primary-sources/making-sense-of-american-popular-songs.md,matched,
/node/14568,/best-practices/using-primary-sources/making-sense-of-documentary-photography/,node,14568,best-practices/using-primary-sources/making-sense-of-documentary-photography.md,matched,
/node/14572,/best-practices/using-primary-sources/scholars-in-action-analyzing-19th-century-letters/,node,14572,best-practices/using-primary-sources/scholars-in-action-analyzing-19th-century-letters.md,matched,
/node/14576,/best-practices/using-primary-sources/media-analysis-tools/,node,14576,best-practices/using-primary-sources/media-analysis-tools.md,matched,
/node/14578,/best-practices/using-primary-sources/document-analysis-worksheets/,node,14578,best-practices/using-primary-sources/document-analysis-worksheets.md,matched,
/node/14585,/digital-classroom/tech-for-teachers/zotero/,node,14585,digital-classroom/tech-for-teachers/zotero.md,matched,
/node/14586,/digital-classroom/tech-for-teachers/google-docs/,node,14586,digital-classroom/tech-for-teachers/google-docs.md,matched,
/node/14587,/digital-classroom/tech-for-teachers/primaryaccess/,node,14587,digital-classroom/tech-for-teachers/primaryaccess.md,matched,
/node/14588,/digital-classroom/tech-for-teachers/social-explorer/,node,14588,digital-classroom/tech-for-teachers/social-explorer.md,matched,
/node/14589,/digital-classroom/tech-for-teachers/web-poster-wizard/,node,14589,digital-classroom/tech-for-teachers/web-poster-wizard.md,matched,
/node/14590,/digital-classroom/tech-for-teachers/blogs/,node,14590,digital-classroom/tech-for-teachers/blogs.md,matched,
/node/14592,/digital-classroom/tech-for-teachers/wikis/,node,14592,digital-classroom/tech-for-teachers/wikis.md,matched,
/node/14599,/history-content/website-reviews/oyez-us-supreme-court-multimedia/,node,14599,history-content/website-reviews/oyez-us-supreme-court-multimedia.md,matched,
/node/14600,/history-content/website-reviews/documents-in-law-history-and-government/,node,14600,history-content/website-reviews/documents-in-law-history-and-government.md,matched,
/node/14601,/history-content/website-reviews/digital-history/,node,14601,history-content/website-reviews/digital-history.md,matched,
/node/14602,/history-content/website-reviews/gifts-of-speech-womens-speeches-from-around-the-world/,node,14602,history-content/website-reviews/gifts-of-speech-womens-speeches-from-around-the-world.md,matched,
/node/14603,/history-content/website-reviews/archival-research-catalog-arc/,node,14603,history-content/website-reviews/archival-research-catalog-arc.md,matched,
/node/14604,/history-content/website-reviews/our-documents/,node,14604,history-content/website-reviews/our-documents.md,matched,
/node/14605,/history-content/website-reviews/archive-of-early-american-images/,node,14605,history-content/website-reviews/archive-of-early-american-images.md,matched,
/node/14606,/history-content/website-reviews/salem-witch-trials-documentary-archive-and-transcription-project/,node,14606,history-content/website-reviews/salem-witch-trials-documentary-archive-and-transcription-project.md,matched,
/node/14607,/history-content/website-reviews/atlantic-slave-trade-and-slave-life-in-the-americas-a-visual-record/,node,14607,history-content/website-reviews/atlantic-slave-trade-and-slave-life-in-the-americas-a-visual-record.md,matched,
/node/14608,/history-content/website-reviews/do-history-martha-ballards-diary-online/,node,14608,history-content/website-reviews/do-history-martha-ballards-diary-online.md,matched,
/node/14609,/history-content/website-reviews/geography-of-slavery-in-america/,node,14609,history-content/website-reviews/geography-of-slavery-in-america.md,matched,
/node/14610,/history-content/website-reviews/thomas-jefferson-digital-archive/,node,14610,history-content/website-reviews/thomas-jefferson-digital-archive.md,matched,
/node/14611,/history-content/website-reviews/journals-of-the-lewis-and-clark-expedition/,node,14611,history-content/website-reviews/journals-of-the-lewis-and-clark-expedition.md,matched,
/node/14612,/history-content/website-reviews/accessible-archives/,node,14612,history-content/website-reviews/accessible-archives.md,matched,
/node/14613,/history-content/website-reviews/selected-civil-war-photographs/,node,14613,history-content/website-reviews/selected-civil-war-photographs.md,matched,
/node/14614,/history-content/website-reviews/valley-of-the-shadow-two-communities-in-the-american-civil-war/,node,14614,history-content/website-reviews/valley-of-the-shadow-two-communities-in-the-american-civil-war.md,matched,
/node/14616,/history-content/website-reviews/american-indians-of-the-pacific-northwest/,node,14616,history-content/website-reviews/american-indians-of-the-pacific-northwest.md,matched,
/node/14617,/history-content/website-reviews/harpweek-explore-history/,node,14617,history-content/website-reviews/harpweek-explore-history.md,matched,
/node/14618,/history-content/website-reviews/civil-rights-in-mississippi-digital-archive/,node,14618,history-content/website-reviews/civil-rights-in-mississippi-digital-archive.md,matched,
/node/14619,/history-content/website-reviews/around-the-world-in-the-1890s-photographs-1894-1896/,node,14619,history-content/website-reviews/around-the-world-in-the-1890s-photographs-1894-1896.md,matched,
/node/14620,/history-content/website-reviews/south-texas-border-1900-1920-the-robert-runyon-collection/,node,14620,history-content/website-reviews/south-texas-border-1900-1920-the-robert-runyon-collection.md,matched,
/node/14621,/history-content/website-reviews/reclaiming-the-everglades-south-floridas-natural-history-1884-1934/,node,14621,history-content/website-reviews/reclaiming-the-everglades-south-floridas-natural-history-1884-1934.md,matched,
/node/14622,/history-content/website-reviews/the-stars-and-stripes-1918-1919/,node,14622,history-content/website-reviews/the-stars-and-stripes-1918-1919.md,matched,
/node/14623,/history-content/website-reviews/the-1906-san-francisco-earthquake-and-fire/,node,14623,history-content/website-reviews/the-1906-san-francisco-earthquake-and-fire.md,matched,
/node/14624,/history-content/website-reviews/the-great-depression-to-world-war-ii-photos-from-the-fsa-owi/,node,14624,history-content/website-reviews/the-great-depression-to-world-war-ii-photos-from-the-fsa-owi.md,matched,
/node/14625,/history-content/website-reviews/us-holocaust-memorial-museum-website/,node,14625,history-content/website-reviews/us-holocaust-memorial-museum-website.md,matched,
/node/14626,/history-content/website-reviews/ansel-adamss-photographs-of-japanese-american-internment-at-manzanar/,node,14626,history-content/website-reviews/ansel-adamss-photographs-of-japanese-american-internment-at-manzanar.md,matched,
/node/14627,/history-content/website-reviews/internet-moving-images-archive/,node,14627,history-content/website-reviews/internet-moving-images-archive.md,matched,
/node/14628,/history-content/website-reviews/brown-v-board-of-education/,node,14628,history-content/website-reviews/brown-v-board-of-education.md,matched,
/node/14629,/history-content/website-reviews/watergate-revisited/,node,14629,history-content/website-reviews/watergate-revisited.md,matched,
/node/14630,/history-content/website-reviews/living-room-candidate-presidential-campaign-commercials-1952-2008/,node,14630,history-content/website-reviews/living-room-candidate-presidential-campaign-commercials-1952-2008.md,matched,
/node/14631,/history-content/website-reviews/september-11-digital-archive/,node,14631,history-content/website-reviews/september-11-digital-archive.md,matched,
/node/14632,/history-content/website-reviews/american-memory-historical-collections-for-the-national-digital-library/,node,14632,history-content/website-reviews/american-memory-historical-collections-for-the-national-digital-library.md,matched,
/node/14633,/history-content/website-reviews/national-park-service-links-to-the-past/,node,14633,history-content/website-reviews/national-park-service-links-to-the-past.md,matched,
/node/14634,/history-content/website-reviews/indian-affairs-laws-and-treaties/,node,14634,history-content/website-reviews/indian-affairs-laws-and-treaties.md,matched,
/node/14635,/history-content/website-reviews/museum-of-the-city-of-san-francisco/,node,14635,history-content/website-reviews/museum-of-the-city-of-san-francisco.md,matched,
/node/14636,/history-content/website-reviews/famous-trials/,node,14636,history-content/website-reviews/famous-trials.md,matched,
/node/14637,/history-content/website-reviews/africans-in-america/,node,14637,history-content/website-reviews/africans-in-america.md,matched,
/node/14638,/history-content/website-reviews/foreign-relations-of-the-united-states-frus-1861-1960/,node,14638,history-content/website-reviews/foreign-relations-of-the-united-states-frus-1861-1960.md,matched,
/node/14639,/history-content/website-reviews/digital-library-of-georgia/,node,14639,history-content/website-reviews/digital-library-of-georgia.md,matched,
/node/14640,/history-content/website-reviews/jews-in-america-our-story/,node,14640,history-content/website-reviews/jews-in-america-our-story.md,matched,
/node/14641,/history-content/website-reviews/alexander-street-press/,node,14641,history-content/website-reviews/alexander-street-press.md,matched,
/node/14642,/history-content/website-reviews/digital-scriptorium/,node,14642,history-content/website-reviews/digital-scriptorium.md,matched,
/node/14643,/history-content/website-reviews/online-archive-of-california/,node,14643,history-content/website-reviews/online-archive-of-california.md,matched,
/node/14644,/history-content/website-reviews/the-kraus-collection-of-sir-francis-drake/,node,14644,history-content/website-reviews/the-kraus-collection-of-sir-francis-drake.md,matched,
/node/14645,/history-content/website-reviews/virtual-jamestown/,node,14645,history-content/website-reviews/virtual-jamestown.md,matched,
/node/14646,/history-content/website-reviews/raid-on-deerfield-the-many-stories-of-1704/,node,14646,history-content/website-reviews/raid-on-deerfield-the-many-stories-of-1704.md,matched,
/node/14648,/history-content/website-reviews/plymouth-colony-archive-project/,node,14648,history-content/website-reviews/plymouth-colony-archive-project.md,matched,
/node/14649,/history-content/website-reviews/religion-and-the-founding-of-the-american-republic/,node,14649,history-content/website-reviews/religion-and-the-founding-of-the-american-republic.md,matched,
/node/14650,/history-content/website-reviews/documents-from-the-continental-congress-and-constitutional-convention/,node,14650,history-content/website-reviews/documents-from-the-continental-congress-and-constitutional-convention.md,matched,
/node/14651,/history-content/website-reviews/james-madison-papers/,node,14651,history-content/website-reviews/james-madison-papers.md,matched,
/node/14652,/history-content/website-reviews/george-washington-papers-1741-1799/,node,14652,history-content/website-reviews/george-washington-papers-1741-1799.md,matched,
/node/14653,/history-content/website-reviews/trails-to-utah-and-the-pacific-diaries-and-letters-1846-1869/,node,14653,history-content/website-reviews/trails-to-utah-and-the-pacific-diaries-and-letters-1846-1869.md,matched,
/node/14654,/history-content/website-reviews/sunday-school-books-shaping-the-values-of-youth-in-19th-century-america/,node,14654,history-content/website-reviews/sunday-school-books-shaping-the-values-of-youth-in-19th-century-america.md,matched,
/node/14655,/history-content/website-reviews/lester-s-levy-collection-of-sheet-music/,node,14655,history-content/website-reviews/lester-s-levy-collection-of-sheet-music.md,matched,
/node/14656,/history-content/website-reviews/daguerreotype-portraits-and-views-1839-1864/,node,14656,history-content/website-reviews/daguerreotype-portraits-and-views-1839-1864.md,matched,
/node/14657,/history-content/website-reviews/freedmens-bureau-online/,node,14657,history-content/website-reviews/freedmens-bureau-online.md,matched,
/node/14658,/history-content/website-reviews/uncle-toms-cabin-and-american-culture/,node,14658,history-content/website-reviews/uncle-toms-cabin-and-american-culture.md,matched,
/node/14659,/history-content/website-reviews/lost-museum/,node,14659,history-content/website-reviews/lost-museum.md,matched,
/node/14660,/history-content/website-reviews/california-as-i-saw-it-first-person-narratives-of-california-1849-1900/,node,14660,history-content/website-reviews/california-as-i-saw-it-first-person-narratives-of-california-1849-1900.md,matched,
/node/14661,/history-content/website-reviews/great-chicago-fire-and-the-web-of-memory/,node,14661,history-content/website-reviews/great-chicago-fire-and-the-web-of-memory.md,matched,
/node/14662,/history-content/website-reviews/mark-twain-in-his-times/,node,14662,history-content/website-reviews/mark-twain-in-his-times.md,matched,
/node/14663,/history-content/website-reviews/kate-and-sue-mcbeth-missionary-teachers-to-the-nez-perce/,node,14663,history-content/website-reviews/kate-and-sue-mcbeth-missionary-teachers-to-the-nez-perce.md,matched,
/node/14664,/history-content/website-reviews/small-town-america-images-from-the-robert-dennis-collection-1850-1920/,node,14664,history-content/website-reviews/small-town-america-images-from-the-robert-dennis-collection-1850-1920.md,matched,
/node/14665,/history-content/website-reviews/prairie-settlement-nebraska-photographs-and-family-letters/,node,14665,history-content/website-reviews/prairie-settlement-nebraska-photographs-and-family-letters.md,matched,
/node/14666,/history-content/website-reviews/sanborn-fire-insurance-maps-ut/,node,14666,history-content/website-reviews/sanborn-fire-insurance-maps-ut.md,matched,
/node/14667,/history-content/website-reviews/the-wizard-of-oz-an-american-fairy-tale/,node,14667,history-content/website-reviews/the-wizard-of-oz-an-american-fairy-tale.md,matched,
/node/14668,/history-content/website-reviews/american-leaders-speak-recordings-from-world-war-i-and-the-1920-election/,node,14668,history-content/website-reviews/american-leaders-speak-recordings-from-world-war-i-and-the-1920-election.md,matched,
/node/14669,/history-content/website-reviews/american-family-immigration-history-center/,node,14669,history-content/website-reviews/american-family-immigration-history-center.md,matched,
/node/14670,/history-content/website-reviews/red-hot-jazz-archive-a-history-of-jazz-before-1930/,node,14670,history-content/website-reviews/red-hot-jazz-archive-a-history-of-jazz-before-1930.md,matched,
/node/14671,/history-content/website-reviews/thomas-a-edison-papers/,node,14671,history-content/website-reviews/thomas-a-edison-papers.md,matched,
/node/14672,/history-content/website-reviews/margaret-sanger-papers-project/,node,14672,history-content/website-reviews/margaret-sanger-papers-project.md,matched,
/node/14673,/history-content/website-reviews/inventing-entertainment-the-early-innovations-of-the-edison-companies/,node,14673,history-content/website-reviews/inventing-entertainment-the-early-innovations-of-the-edison-companies.md,matched,
/node/14674,/history-content/website-reviews/like-a-family-the-making-of-a-southern-cotton-mill-world/,node,14674,history-content/website-reviews/like-a-family-the-making-of-a-southern-cotton-mill-world.md,matched,
/node/14675,/history-content/website-reviews/adaccess/,node,14675,history-content/website-reviews/adaccess.md,matched,
/node/14676,/history-content/website-reviews/without-sanctuary-photographs-and-postcards-of-lynching-in-america/,node,14676,history-content/website-reviews/without-sanctuary-photographs-and-postcards-of-lynching-in-america.md,matched,
/node/14677,/history-content/website-reviews/urban-experience-in-chicago-hull-house-and-its-neighborhoods-1889-1963/,node,14677,history-content/website-reviews/urban-experience-in-chicago-hull-house-and-its-neighborhoods-1889-1963.md,matched,
/node/14678,/history-content/website-reviews/photographs-from-the-chicago-daily-news-1902-1933/,node,14678,history-content/website-reviews/photographs-from-the-chicago-daily-news-1902-1933.md,matched,
/node/14679,/history-content/website-reviews/first-world-war-the-war-to-end-all-wars/,node,14679,history-content/website-reviews/first-world-war-the-war-to-end-all-wars.md,matched,
/node/14680,/history-content/website-reviews/the-world-of-1898-the-spanish-american-war/,node,14680,history-content/website-reviews/the-world-of-1898-the-spanish-american-war.md,matched,
/node/14681,/history-content/website-reviews/amateur-athletic-foundation-digital-archive/,node,14681,history-content/website-reviews/amateur-athletic-foundation-digital-archive.md,matched,
/node/14682,/history-content/website-reviews/chinese-in-california-1850-1925/,node,14682,history-content/website-reviews/chinese-in-california-1850-1925.md,matched,
/node/14683,/history-content/website-reviews/1896-the-presidential-campaign/,node,14683,history-content/website-reviews/1896-the-presidential-campaign.md,matched,
/node/14684,/history-content/website-reviews/densho-the-japanese-american-legacy-project/,node,14684,history-content/website-reviews/densho-the-japanese-american-legacy-project.md,matched,
/node/14685,/history-content/website-reviews/medicine-and-madison-avenue/,node,14685,history-content/website-reviews/medicine-and-madison-avenue.md,matched,
/node/14687,/history-content/website-reviews/the-john-and-ruby-lomax-1939-southern-states-recording-trip/,node,14687,history-content/website-reviews/the-john-and-ruby-lomax-1939-southern-states-recording-trip.md,matched,
/node/14688,/history-content/website-reviews/american-shores-maps-of-the-middle-atlantic-region-to-1850/,node,14688,history-content/website-reviews/american-shores-maps-of-the-middle-atlantic-region-to-1850.md,matched,
/node/14689,/history-content/website-reviews/historic-government-publications-from-world-war-ii-a-digital-library/,node,14689,history-content/website-reviews/historic-government-publications-from-world-war-ii-a-digital-library.md,matched,
/node/14690,/history-content/website-reviews/posters-from-the-wpa-1936-1943/,node,14690,history-content/website-reviews/posters-from-the-wpa-1936-1943.md,matched,
/node/14691,/history-content/website-reviews/disability-history-museum/,node,14691,history-content/website-reviews/disability-history-museum.md,matched,
/node/14692,/history-content/website-reviews/after-the-day-of-infamy/,node,14692,history-content/website-reviews/after-the-day-of-infamy.md,matched,
/node/14693,/history-content/website-reviews/historical-thinking-matters/,node,14693,history-content/website-reviews/historical-thinking-matters.md,matched,
/node/14694,/history-content/website-reviews/history-and-politics-out-loud/,node,14694,history-content/website-reviews/history-and-politics-out-loud.md,matched,
/node/14695,/history-content/website-reviews/women-in-journalism/,node,14695,history-content/website-reviews/women-in-journalism.md,matched,
/node/14696,/history-content/website-reviews/nsa-and-the-cuban-missile-crisis/,node,14696,history-content/website-reviews/nsa-and-the-cuban-missile-crisis.md,matched,
/node/14697,/history-content/website-reviews/experiencing-war-stories-from-the-veterans-history-project/,node,14697,history-content/website-reviews/experiencing-war-stories-from-the-veterans-history-project.md,matched,
/node/14698,/history-content/website-reviews/parallel-history-project-on-cooperative-security/,node,14698,history-content/website-reviews/parallel-history-project-on-cooperative-security.md,matched,
/node/14699,/history-content/website-reviews/presidential-recording-program/,node,14699,history-content/website-reviews/presidential-recording-program.md,matched,
/node/14700,/history-content/website-reviews/cia-electronic-reading-room/,node,14700,history-content/website-reviews/cia-electronic-reading-room.md,matched,
/node/14701,/history-content/website-reviews/fifty-years-of-coca-cola-television-advertisements/,node,14701,history-content/website-reviews/fifty-years-of-coca-cola-television-advertisements.md,matched,
/node/14702,/history-content/website-reviews/legacy-tobacco-documents-library/,node,14702,history-content/website-reviews/legacy-tobacco-documents-library.md,matched,
/node/14703,/history-content/website-reviews/making-the-macintosh-technology-and-culture-in-silicon-valley/,node,14703,history-content/website-reviews/making-the-macintosh-technology-and-culture-in-silicon-valley.md,matched,
/node/14704,/history-content/website-reviews/public-papers-of-the-presidents-of-the-united-states-1992-2001/,node,14704,history-content/website-reviews/public-papers-of-the-presidents-of-the-united-states-1992-2001.md,matched,
/node/14705,/history-content/website-reviews/vietnam-center-and-archive/,node,14705,history-content/website-reviews/vietnam-center-and-archive.md,matched,
/node/14706,/history-content/website-reviews/herblocks-history-political-cartoons-from-the-crash-to-the-millennium/,node,14706,history-content/website-reviews/herblocks-history-political-cartoons-from-the-crash-to-the-millennium.md,matched,
/node/14707,/history-content/website-reviews/selling-the-computer-revolution-marketing-brochures-in-the-collection/,node,14707,history-content/website-reviews/selling-the-computer-revolution-marketing-brochures-in-the-collection.md,matched,
/node/14708,/history-content/website-reviews/map-collections-1500-2003/,node,14708,history-content/website-reviews/map-collections-1500-2003.md,matched,
/node/14709,/history-content/website-reviews/documenting-the-american-south/,node,14709,history-content/website-reviews/documenting-the-american-south.md,matched,
/node/14710,/history-content/website-reviews/new-york-public-library-digital-gallery/,node,14710,history-content/website-reviews/new-york-public-library-digital-gallery.md,matched,
/node/14711,/history-content/website-reviews/naval-history-and-heritage-command/,node,14711,history-content/website-reviews/naval-history-and-heritage-command.md,matched,
/node/14712,/history-content/website-reviews/women-and-social-movements-in-the-united-states-1600-2000/,node,14712,history-content/website-reviews/women-and-social-movements-in-the-united-states-1600-2000.md,matched,
/node/14713,/history-content/website-reviews/hypertext-on-american-history-from-the-colonial-period-until-modern-times/,node,14713,history-content/website-reviews/hypertext-on-american-history-from-the-colonial-period-until-modern-times.md,matched,
/node/14714,/history-content/website-reviews/the-presidents/,node,14714,history-content/website-reviews/the-presidents.md,matched,
/node/14715,/history-content/website-reviews/florida-state-archives-photographic-collection/,node,14715,history-content/website-reviews/florida-state-archives-photographic-collection.md,matched,
/node/14716,/history-content/website-reviews/tangled-roots/,node,14716,history-content/website-reviews/tangled-roots.md,matched,
/node/14717,/history-content/website-reviews/marchand-archive/,node,14717,history-content/website-reviews/marchand-archive.md,matched,
/node/14718,/history-content/website-reviews/kentuckiana-digital-library/,node,14718,history-content/website-reviews/kentuckiana-digital-library.md,matched,
/node/14719,/history-content/website-reviews/core-historical-literature-of-agriculture/,node,14719,history-content/website-reviews/core-historical-literature-of-agriculture.md,matched,
/node/14720,/history-content/website-reviews/usc-archival-research-center/,node,14720,history-content/website-reviews/usc-archival-research-center.md,matched,
/node/14721,/history-content/website-reviews/american-journeys/,node,14721,history-content/website-reviews/american-journeys.md,matched,
/node/14722,/history-content/website-reviews/american-president-an-online-reference-resource/,node,14722,history-content/website-reviews/american-president-an-online-reference-resource.md,matched,
/node/14723,/history-content/website-reviews/lakota-winter-counts/,node,14723,history-content/website-reviews/lakota-winter-counts.md,matched,
/node/14724,/history-content/website-reviews/battle-lines-letters-from-americas-wars/,node,14724,history-content/website-reviews/battle-lines-letters-from-americas-wars.md,matched,
/node/14725,/history-content/website-reviews/proquest-information-and-learning/,node,14725,history-content/website-reviews/proquest-information-and-learning.md,matched,
/node/14726,/history-content/website-reviews/history-matters-the-us-survey-course-on-the-web/,node,14726,history-content/website-reviews/history-matters-the-us-survey-course-on-the-web.md,matched,
/node/14727,/history-content/website-reviews/readex-digital-collections/,node,14727,history-content/website-reviews/readex-digital-collections.md,matched,
/node/14728,/history-content/website-reviews/cultural-readings-colonization-and-print-in-the-americas/,node,14728,history-content/website-reviews/cultural-readings-colonization-and-print-in-the-americas.md,matched,
/node/14729,/history-content/website-reviews/center-for-archaeological-studies/,node,14729,history-content/website-reviews/center-for-archaeological-studies.md,matched,
/node/14730,/history-content/website-reviews/colonial-connecticut-records-1636-1776/,node,14730,history-content/website-reviews/colonial-connecticut-records-1636-1776.md,matched,
/node/14731,/history-content/website-reviews/slavery-in-new-york/,node,14731,history-content/website-reviews/slavery-in-new-york.md,matched,
/node/14732,/history-content/website-reviews/envisaging-the-west-thomas-jefferson-and-the-roots-of-lewis-and-clark/,node,14732,history-content/website-reviews/envisaging-the-west-thomas-jefferson-and-the-roots-of-lewis-and-clark.md,matched,
/node/14733,/history-content/website-reviews/century-of-lawmaking-congressional-documents-and-debates-1774-1873/,node,14733,history-content/website-reviews/century-of-lawmaking-congressional-documents-and-debates-1774-1873.md,matched,
/node/14734,/history-content/website-reviews/thomas-paine-national-historical-association/,node,14734,history-content/website-reviews/thomas-paine-national-historical-association.md,matched,
/node/14735,/history-content/website-reviews/first-american-west-the-ohio-river-valley-1750-1820/,node,14735,history-content/website-reviews/first-american-west-the-ohio-river-valley-1750-1820.md,matched,
/node/14736,/history-content/website-reviews/abraham-lincoln-historical-digitization-project/,node,14736,history-content/website-reviews/abraham-lincoln-historical-digitization-project.md,matched,
/node/14737,/history-content/website-reviews/north-american-slave-narratives-beginnings-to-1920/,node,14737,history-content/website-reviews/north-american-slave-narratives-beginnings-to-1920.md,matched,
/node/14738,/history-content/website-reviews/american-transcendentalism-web/,node,14738,history-content/website-reviews/american-transcendentalism-web.md,matched,
/node/14739,/history-content/website-reviews/mexican-american-war-and-the-media/,node,14739,history-content/website-reviews/mexican-american-war-and-the-media.md,matched,
/node/14740,/history-content/website-reviews/edgar-allan-poe/,node,14740,history-content/website-reviews/edgar-allan-poe.md,matched,
/node/14741,/history-content/website-reviews/touring-turn-of-the-century-america/,node,14741,history-content/website-reviews/touring-turn-of-the-century-america.md,matched,
/node/14742,/history-content/website-reviews/abraham-lincoln-papers/,node,14742,history-content/website-reviews/abraham-lincoln-papers.md,matched,
/node/14743,/history-content/website-reviews/union-army-project/,node,14743,history-content/website-reviews/union-army-project.md,matched,
/node/14744,/history-content/website-reviews/territorial-kansas-online/,node,14744,history-content/website-reviews/territorial-kansas-online.md,matched,
/node/14745,/history-content/website-reviews/taking-the-long-view-panoramic-photographs-1851-1991/,node,14745,history-content/website-reviews/taking-the-long-view-panoramic-photographs-1851-1991.md,matched,
/node/14746,/history-content/website-reviews/making-of-america/,node,14746,history-content/website-reviews/making-of-america.md,matched,
/node/14747,/history-content/website-reviews/david-rumsey-map-collection/,node,14747,history-content/website-reviews/david-rumsey-map-collection.md,matched,
/node/14748,/history-content/website-reviews/evolution-of-the-conservation-movement-1850-1920/,node,14748,history-content/website-reviews/evolution-of-the-conservation-movement-1850-1920.md,matched,
/node/14749,/history-content/website-reviews/chicago-anarchists-on-trial-evidence-from-the-haymarket-affair-1886-1887/,node,14749,history-content/website-reviews/chicago-anarchists-on-trial-evidence-from-the-haymarket-affair-1886-1887.md,matched,
/node/14750,/history-content/website-reviews/spanish-american-war-in-motion-pictures/,node,14750,history-content/website-reviews/spanish-american-war-in-motion-pictures.md,matched,
/node/14751,/history-content/website-reviews/american-variety-stage-vaudeville-and-popular-entertainment-1870-1920/,node,14751,history-content/website-reviews/american-variety-stage-vaudeville-and-popular-entertainment-1870-1920.md,matched,
/node/14752,/history-content/website-reviews/votes-for-women-selections-from-the-nawsa-1848-1921/,node,14752,history-content/website-reviews/votes-for-women-selections-from-the-nawsa-1848-1921.md,matched,
/node/14753,/history-content/website-reviews/world-war-i-document-archive/,node,14753,history-content/website-reviews/world-war-i-document-archive.md,matched,
/node/14754,/history-content/website-reviews/jewish-womens-archive/,node,14754,history-content/website-reviews/jewish-womens-archive.md,matched,
/node/14755,/history-content/website-reviews/marcus-garvey-and-universal-negro-improvement-association-papers-project/,node,14755,history-content/website-reviews/marcus-garvey-and-universal-negro-improvement-association-papers-project.md,matched,
/node/14756,/history-content/website-reviews/triangle-shirtwaist-factory-fire/,node,14756,history-content/website-reviews/triangle-shirtwaist-factory-fire.md,matched,
/node/14757,/history-content/website-reviews/anti-saloon-league-1893-1933/,node,14757,history-content/website-reviews/anti-saloon-league-1893-1933.md,matched,
/node/14758,/history-content/website-reviews/america-at-work-america-at-leisure-motion-pictures-from-1894-1915/,node,14758,history-content/website-reviews/america-at-work-america-at-leisure-motion-pictures-from-1894-1915.md,matched,
/node/14759,/history-content/website-reviews/digital-archive-collections-at-the-university-of-hawaii-at-manoa-library/,node,14759,history-content/website-reviews/digital-archive-collections-at-the-university-of-hawaii-at-manoa-library.md,matched,
/node/14760,/history-content/website-reviews/clash-of-cultures-in-the-1910s-and-1920s/,node,14760,history-content/website-reviews/clash-of-cultures-in-the-1910s-and-1920s.md,matched,
/node/14761,/history-content/website-reviews/edward-s-curtiss-the-north-american-indian/,node,14761,history-content/website-reviews/edward-s-curtiss-the-north-american-indian.md,matched,
/node/14762,/history-content/website-reviews/cylinder-preservation-and-digitization-project/,node,14762,history-content/website-reviews/cylinder-preservation-and-digitization-project.md,matched,
/node/14764,/history-content/website-reviews/siris-image-gallery/,node,14764,history-content/website-reviews/siris-image-gallery.md,matched,
/node/14765,/history-content/website-reviews/manuscripts-from-the-federal-writers-project-1936-1940/,node,14765,history-content/website-reviews/manuscripts-from-the-federal-writers-project-1936-1940.md,matched,
/node/14766,/history-content/website-reviews/frontera-collection-of-mexican-american-music/,node,14766,history-content/website-reviews/frontera-collection-of-mexican-american-music.md,matched,
/node/14767,/history-content/website-reviews/flint-sit-down-strike/,node,14767,history-content/website-reviews/flint-sit-down-strike.md,matched,
/node/14768,/history-content/website-reviews/northwestern-european-military-situation-maps-from-world-war-ii/,node,14768,history-content/website-reviews/northwestern-european-military-situation-maps-from-world-war-ii.md,matched,
/node/14769,/history-content/website-reviews/federal-emergency-relief-administration-fera-photographs/,node,14769,history-content/website-reviews/federal-emergency-relief-administration-fera-photographs.md,matched,
/node/14770,/history-content/website-reviews/martin-luther-king-jr-papers-project/,node,14770,history-content/website-reviews/martin-luther-king-jr-papers-project.md,matched,
/node/14771,/history-content/website-reviews/truman-presidential-museum-and-library/,node,14771,history-content/website-reviews/truman-presidential-museum-and-library.md,matched,
/node/14772,/history-content/website-reviews/national-election-studies/,node,14772,history-content/website-reviews/national-election-studies.md,matched,
/node/14773,/history-content/website-reviews/seattle-civil-rights-and-labor-history-project/,node,14773,history-content/website-reviews/seattle-civil-rights-and-labor-history-project.md,matched,
/node/14774,/history-content/website-reviews/television-news-of-the-civil-rights-era/,node,14774,history-content/website-reviews/television-news-of-the-civil-rights-era.md,matched,
/node/14776,/history-content/website-reviews/teach-womens-history-project/,node,14776,history-content/website-reviews/teach-womens-history-project.md,matched,
/node/14777,/history-content/website-reviews/cq-historic-documents-series-online-edition/,node,14777,history-content/website-reviews/cq-historic-documents-series-online-edition.md,matched,
/node/14778,/history-content/website-reviews/aids-at-20/,node,14778,history-content/website-reviews/aids-at-20.md,matched,
/node/14779,/history-content/website-reviews/bureau-of-economic-analysis/,node,14779,history-content/website-reviews/bureau-of-economic-analysis.md,matched,
/node/14780,/history-content/website-reviews/business-plan-archive/,node,14780,history-content/website-reviews/business-plan-archive.md,matched,
/node/14781,/history-content/website-reviews/the-tax-history-project/,node,14781,history-content/website-reviews/the-tax-history-project.md,matched,
/node/14782,/history-content/website-reviews/built-in-america-historic-american-buildings-survey-and-engineering/,node,14782,history-content/website-reviews/built-in-america-historic-american-buildings-survey-and-engineering.md,matched,
/node/14784,/history-content/website-reviews/studs-terkel-conversations-with-america/,node,14784,history-content/website-reviews/studs-terkel-conversations-with-america.md,matched,
/node/14786,/history-content/website-reviews/sceti-schoenberg-center-for-electronic-text-and-image/,node,14786,history-content/website-reviews/sceti-schoenberg-center-for-electronic-text-and-image.md,matched,
/node/14787,/history-content/website-reviews/american-time-capsule-three-centuries-of-broadsides-and-printed-ephemera/,node,14787,history-content/website-reviews/american-time-capsule-three-centuries-of-broadsides-and-printed-ephemera.md,matched,
/node/14788,/history-content/website-reviews/library-of-virginia-digital-library-program/,node,14788,history-content/website-reviews/library-of-virginia-digital-library-program.md,matched,
/node/14789,/history-content/website-reviews/rivers-edens-empires-lewis-and-clark-and-the-revealing-of-america/,node,14789,history-content/website-reviews/rivers-edens-empires-lewis-and-clark-and-the-revealing-of-america.md,matched,
/node/14791,/history-content/website-reviews/osher-map-library/,node,14791,history-content/website-reviews/osher-map-library.md,matched,
/node/14792,/history-content/website-reviews/public-papers-of-the-presidency/,node,14792,history-content/website-reviews/public-papers-of-the-presidency.md,matched,
/node/14793,/history-content/website-reviews/ohio-memory-an-online-scrapbook-of-ohio-history/,node,14793,history-content/website-reviews/ohio-memory-an-online-scrapbook-of-ohio-history.md,matched,
/node/14794,/history-content/website-reviews/gilder-lehrman-institute-of-american-history/,node,14794,history-content/website-reviews/gilder-lehrman-institute-of-american-history.md,matched,
/node/14795,/history-content/website-reviews/images-of-native-americans/,node,14795,history-content/website-reviews/images-of-native-americans.md,matched,
/node/14796,/history-content/website-reviews/in-motion-the-african-american-migration-experience/,node,14796,history-content/website-reviews/in-motion-the-african-american-migration-experience.md,matched,
/node/14797,/history-content/website-reviews/france-in-america/,node,14797,history-content/website-reviews/france-in-america.md,matched,
/node/14798,/history-content/website-reviews/diary-correspondence-and-papers-of-robert-king-carter-1701-1732/,node,14798,history-content/website-reviews/diary-correspondence-and-papers-of-robert-king-carter-1701-1732.md,matched,
/node/14799,/history-content/website-reviews/primary-documents-in-american-history/,node,14799,history-content/website-reviews/primary-documents-in-american-history.md,matched,
/node/14801,/history-content/website-reviews/dred-scott-case/,node,14801,history-content/website-reviews/dred-scott-case.md,matched,
/node/14802,/history-content/website-reviews/slaves-and-the-courts-1740-1860/,node,14802,history-content/website-reviews/slaves-and-the-courts-1740-1860.md,matched,
/node/14803,/history-content/website-reviews/born-in-slavery-slave-narratives-from-the-federal-writers-project-1936-1938/,node,14803,history-content/website-reviews/born-in-slavery-slave-narratives-from-the-federal-writers-project-1936-1938.md,matched,
/node/14804,/history-content/website-reviews/native-american-documents-project/,node,14804,history-content/website-reviews/native-american-documents-project.md,matched,
/node/14805,/history-content/website-reviews/nineteenth-century-california-sheet-music/,node,14805,history-content/website-reviews/nineteenth-century-california-sheet-music.md,matched,
/node/14806,/history-content/website-reviews/emma-goldman-papers/,node,14806,history-content/website-reviews/emma-goldman-papers.md,matched,
/node/14807,/history-content/website-reviews/franklin-d-roosevelt-presidential-library-and-digital-archives/,node,14807,history-content/website-reviews/franklin-d-roosevelt-presidential-library-and-digital-archives.md,matched,
/node/14808,/history-content/website-reviews/oral-history-digital-collection/,node,14808,history-content/website-reviews/oral-history-digital-collection.md,matched,
/node/14809,/history-content/website-reviews/samuel-j-may-anti-slavery-collection/,node,14809,history-content/website-reviews/samuel-j-may-anti-slavery-collection.md,matched,
/node/14810,/history-content/website-reviews/nineteenth-century-american-children-and-what-they-read/,node,14810,history-content/website-reviews/nineteenth-century-american-children-and-what-they-read.md,matched,
/node/14811,/history-content/website-reviews/child-labor-in-america-1908-1912-photographs-of-lewis-w-hine/,node,14811,history-content/website-reviews/child-labor-in-america-1908-1912-photographs-of-lewis-w-hine.md,matched,
/node/14812,/history-content/website-reviews/american-radicalism-collection/,node,14812,history-content/website-reviews/american-radicalism-collection.md,matched,
/node/14813,/history-content/website-reviews/race-and-place/,node,14813,history-content/website-reviews/race-and-place.md,matched,
/node/14814,/history-content/website-reviews/alcohol-temperance-and-prohibition/,node,14814,history-content/website-reviews/alcohol-temperance-and-prohibition.md,matched,
/node/14815,/history-content/website-reviews/willa-cather-archive/,node,14815,history-content/website-reviews/willa-cather-archive.md,matched,
/node/14816,/history-content/website-reviews/voices-from-the-dust-bowl-1940-1941/,node,14816,history-content/website-reviews/voices-from-the-dust-bowl-1940-1941.md,matched,
/node/14817,/history-content/website-reviews/remembering-jim-crow/,node,14817,history-content/website-reviews/remembering-jim-crow.md,matched,
/node/14818,/history-content/website-reviews/the-vault/,node,14818,history-content/website-reviews/the-vault.md,matched,
/node/14819,/history-content/website-reviews/multilaterals-project/,node,14819,history-content/website-reviews/multilaterals-project.md,matched,
/node/14820,/history-content/website-reviews/wright-american-fiction-1851-1875/,node,14820,history-content/website-reviews/wright-american-fiction-1851-1875.md,matched,
/node/14821,/history-content/website-reviews/civil-war-treasures-from-the-new-york-historical-society/,node,14821,history-content/website-reviews/civil-war-treasures-from-the-new-york-historical-society.md,matched,
/node/14822,/history-content/website-reviews/african-american-experience-in-ohio-from-the-ohio-historical-society/,node,14822,history-content/website-reviews/african-american-experience-in-ohio-from-the-ohio-historical-society.md,matched,
/node/14825,/history-content/website-reviews/performing-arts-in-america-1875-1923/,node,14825,history-content/website-reviews/performing-arts-in-america-1875-1923.md,matched,
/node/14826,/history-content/website-reviews/eugenics-archive/,node,14826,history-content/website-reviews/eugenics-archive.md,matched,
/node/14827,/history-content/website-reviews/the-history-of-social-security/,node,14827,history-content/website-reviews/the-history-of-social-security.md,matched,
/node/14828,/history-content/website-reviews/william-p-gottlieb-photographs-from-the-golden-age-of-jazz/,node,14828,history-content/website-reviews/william-p-gottlieb-photographs-from-the-golden-age-of-jazz.md,matched,
/node/14829,/history-content/website-reviews/profiles-in-science/,node,14829,history-content/website-reviews/profiles-in-science.md,matched,
/node/14830,/history-content/website-reviews/rutgers-oral-history-archives/,node,14830,history-content/website-reviews/rutgers-oral-history-archives.md,matched,
/node/14831,/history-content/website-reviews/gulf-war/,node,14831,history-content/website-reviews/gulf-war.md,matched,
/node/14832,/history-content/website-reviews/african-american-women-writers-of-the-19th-century/,node,14832,history-content/website-reviews/african-american-women-writers-of-the-19th-century.md,matched,
/node/14833,/history-content/website-reviews/alexander-graham-bell-family-papers/,node,14833,history-content/website-reviews/alexander-graham-bell-family-papers.md,matched,
/node/14834,/history-content/website-reviews/african-american-perspectives-pamphlets-from-1818-1907/,node,14834,history-content/website-reviews/african-american-perspectives-pamphlets-from-1818-1907.md,matched,
/node/14835,/history-content/website-reviews/dime-novels-and-penny-dreadfuls/,node,14835,history-content/website-reviews/dime-novels-and-penny-dreadfuls.md,matched,
/node/14836,/history-content/website-reviews/history-of-the-american-west-1860-1920/,node,14836,history-content/website-reviews/history-of-the-american-west-1860-1920.md,matched,
/node/14837,/history-content/website-reviews/the-jack-london-online-collection/,node,14837,history-content/website-reviews/the-jack-london-online-collection.md,matched,
/node/14838,/history-content/website-reviews/time-archive-1923-to-present/,node,14838,history-content/website-reviews/time-archive-1923-to-present.md,matched,
/node/14839,/history-content/website-reviews/dynamics-of-idealism-volunteers-for-civil-rights-1965-1982/,node,14839,history-content/website-reviews/dynamics-of-idealism-volunteers-for-civil-rights-1965-1982.md,matched,
/node/14840,/history-content/website-reviews/cwihp-cold-war-international-history-project/,node,14840,history-content/website-reviews/cwihp-cold-war-international-history-project.md,matched,
/node/14841,/history-content/website-reviews/literature-and-culture-of-the-american-1950s/,node,14841,history-content/website-reviews/literature-and-culture-of-the-american-1950s.md,matched,
/node/14842,/history-content/website-reviews/inter-university-consortium-for-political-and-social-research/,node,14842,history-content/website-reviews/inter-university-consortium-for-political-and-social-research.md,matched,
/node/14843,/history-content/website-reviews/centennial-exhibition-philadelphia-1876/,node,14843,history-content/website-reviews/centennial-exhibition-philadelphia-1876.md,matched,
/node/14844,/history-content/website-reviews/indian-peoples-of-the-northern-great-plains/,node,14844,history-content/website-reviews/indian-peoples-of-the-northern-great-plains.md,matched,
/node/14845,/history-content/website-reviews/american-environmental-photographs-1891-1936/,node,14845,history-content/website-reviews/american-environmental-photographs-1891-1936.md,matched,
/node/14846,/history-content/website-reviews/prosperity-and-thrift-coolidge-era-and-the-consumer-economy/,node,14846,history-content/website-reviews/prosperity-and-thrift-coolidge-era-and-the-consumer-economy.md,matched,
/node/14847,/history-content/website-reviews/emergence-of-advertising-in-america-1850-1920/,node,14847,history-content/website-reviews/emergence-of-advertising-in-america-1850-1920.md,matched,
/node/14848,/history-content/website-reviews/lyndon-baines-johnson-library-and-museum/,node,14848,history-content/website-reviews/lyndon-baines-johnson-library-and-museum.md,matched,
/node/14865,/page/about-the-project/,node,14865,page/about-the-project.md,matched,
/node/14870,/page/technical-working-group/,node,14870,page/technical-working-group.md,matched,
/node/14871,/page/partners/,node,14871,page/partners.md,matched,
/node/14872,/page/nhec-contributors/,node,14872,page/nhec-contributors.md,matched,
/node/14873,/blog/pbs-television-specials-celebrate-african-american-lives/,node,14873,blog/pbs-television-specials-celebrate-african-american-lives.md,matched,
/node/14877,/blog/my-friend-flickr-a-match-made-in-photo-heaven/,node,14877,blog/my-friend-flickr-a-match-made-in-photo-heaven.md,matched,
/node/14882,/blog/secrets-of-the-us-history-advanced-placement-exam/,node,14882,blog/secrets-of-the-us-history-advanced-placement-exam.md,matched,
/node/14883,/blog/picturing-america-program-unveiled-at-white-house/,node,14883,blog/picturing-america-program-unveiled-at-white-house.md,matched,
/node/14896,/blog/history-and-art-george-washington-goes-back-to-school/,node,14896,blog/history-and-art-george-washington-goes-back-to-school.md,matched,
/node/14898,/blog/learn-outloud-podcasts-for-teachers-and-students/,node,14898,blog/learn-outloud-podcasts-for-teachers-and-students.md,matched,
/node/14912,/blog/march-is-womens-history-month/,node,14912,blog/march-is-womens-history-month.md,matched,
/node/14914,/blog/national-history-day-exhibiting-excellence/,node,14914,blog/national-history-day-exhibiting-excellence.md,matched,
/node/14917,/blog/technology-in-the-classroom-wikis/,node,14917,blog/technology-in-the-classroom-wikis.md,matched,
/node/14943,/blog/womens-history-month-historians-in-the-news/,node,14943,blog/womens-history-month-historians-in-the-news.md,matched,
/node/14946,/best-practices/examples-of-historical-thinking/an-introduction-to-historical-thinking-and-reading/,node,14946,best-practices/examples-of-historical-thinking/an-introduction-to-historical-thinking-and-reading.md,matched,
/node/14947,/best-practices/teaching-in-action/historical-context-and-roleplaying/,node,14947,best-practices/teaching-in-action/historical-context-and-roleplaying.md,matched,
/node/14958,/teaching-materials/ask-a-master-teacher/using-document-based-questions-with-struggling-readers/,node,14958,teaching-materials/ask-a-master-teacher/using-document-based-questions-with-struggling-readers.md,matched,
/node/15765,/best-practices/examples-of-historical-thinking/sourcing-a-primary-document/,node,15765,best-practices/examples-of-historical-thinking/sourcing-a-primary-document.md,matched,
/node/15772,/best-practices/teaching-in-action/using-maps-as-primary-sources/,node,15772,best-practices/teaching-in-action/using-maps-as-primary-sources.md,matched,
/node/15990,/blog/public-broadcasting-reports-on-education/,node,15990,blog/public-broadcasting-reports-on-education.md,matched,
/node/19068,/blog/were-listening-to/,node,19068,blog/were-listening-to.md,matched,
/node/19079,/best-practices/using-primary-sources/primary-sources-what-are-they/,node,19079,best-practices/using-primary-sources/primary-sources-what-are-they.md,matched,
/node/19080,/best-practices/using-primary-sources/secondary-sources-what-are-they/,node,19080,best-practices/using-primary-sources/secondary-sources-what-are-they.md,matched,
/node/19085,/blog/architecture-as-a-primary-source-in-the-classroom/,node,19085,blog/architecture-as-a-primary-source-in-the-classroom.md,matched,
/node/19086,/history-content/website-reviews/digital-vaults/,node,19086,history-content/website-reviews/digital-vaults.md,matched,
/node/19087,/history-content/website-reviews/picturing-america/,node,19087,history-content/website-reviews/picturing-america.md,matched,
/node/19122,/blog/american-civil-war-center-at-historic-tredegar-launches-education-web-companion/,node,19122,blog/american-civil-war-center-at-historic-tredegar-launches-education-web-companion.md,matched,
/node/19123,/blog/chronicling-america-newspaper-site-adds-more-pages-features/,node,19123,blog/chronicling-america-newspaper-site-adds-more-pages-features.md,matched,
/node/19126,/blog/adams-family-papers-letters-behind-an-hbo-miniseries/,node,19126,blog/adams-family-papers-letters-behind-an-hbo-miniseries.md,matched,
/node/19142,/blog/us-department-of-education-announces-teaching-american-history-grant-awards/,node,19142,blog/us-department-of-education-announces-teaching-american-history-grant-awards.md,matched,
/node/19183,/history-content/national-resources/library-of-congress/,node,19183,history-content/national-resources/library-of-congress.md,matched,
/node/19184,/history-content/national-resources/national-archives-and-records-administration/,node,19184,history-content/national-resources/national-archives-and-records-administration.md,matched,
/node/19185,/history-content/national-resources/preserve-america/,node,19185,history-content/national-resources/preserve-america.md,matched,
/node/19186,/history-content/national-resources/national-park-service/,node,19186,history-content/national-resources/national-park-service.md,matched,
/node/19187,/history-content/national-resources/military-history/,node,19187,history-content/national-resources/military-history.md,matched,
/node/19188,/history-content/national-resources/smithsonian/,node,19188,history-content/national-resources/smithsonian.md,matched,
/node/19189,/history-content/national-resources/us-holocaust-memorial-museum/,node,19189,history-content/national-resources/us-holocaust-memorial-museum.md,matched,
/node/19191,/history-content/national-resources/federal-judicial-center/,node,19191,history-content/national-resources/federal-judicial-center.md,matched,
/node/19195,/history-content/national-resources/us-senate-historical-office/,node,19195,history-content/national-resources/us-senate-historical-office.md,matched,
/node/19197,/history-content/national-resources/presidents-of-the-united-states/,node,19197,history-content/national-resources/presidents-of-the-united-states.md,matched,
/node/19198,/history-content/national-resources/federal-resources-for-educational-excellence/,node,19198,history-content/national-resources/federal-resources-for-educational-excellence.md,matched,
/node/19199,/history-content/national-resources/national-endowment-for-the-humanities/,node,19199,history-content/national-resources/national-endowment-for-the-humanities.md,matched,
/node/19200,/history-content/national-resources/national-oceanic-and-atmospheric-administration/,node,19200,history-content/national-resources/national-oceanic-and-atmospheric-administration.md,matched,
/node/19201,/history-content/national-resources/us-department-of-education/,node,19201,history-content/national-resources/us-department-of-education.md,matched,
/node/19225,/history-content/website-reviews/national-register-of-historic-places-travel-itineraries/,node,19225,history-content/website-reviews/national-register-of-historic-places-travel-itineraries.md,matched,
/node/19227,/history-content/ask-a-historian/join-or-die/,node,19227,history-content/ask-a-historian/join-or-die.md,matched,
/node/19228,/history-content/national-resources/us-house-of-representatives-office-of-the-clerk/,node,19228,history-content/national-resources/us-house-of-representatives-office-of-the-clerk.md,matched,
/node/19230,/teaching-materials/lesson-plan-reviews/american-presidents/,node,19230,teaching-materials/lesson-plan-reviews/american-presidents.md,matched,
/node/19252,/teaching-materials/ask-a-master-teacher/challenging-gifted-10th-graders/,node,19252,teaching-materials/ask-a-master-teacher/challenging-gifted-10th-graders.md,matched,
/node/19262,/teaching-materials/lesson-plan-reviews/a-look-at-slavery-through-posters-and-broadsides/,node,19262,teaching-materials/lesson-plan-reviews/a-look-at-slavery-through-posters-and-broadsides.md,matched,
/node/19263,/history-content/ask-a-historian/menu-for-the-first-thanksgiving/,node,19263,history-content/ask-a-historian/menu-for-the-first-thanksgiving.md,matched,
/node/19266,/blog/teaching-about-memorial-day/,node,19266,blog/teaching-about-memorial-day.md,matched,
/node/19267,/blog/highlights-from-the-american-historical-association/,node,19267,blog/highlights-from-the-american-historical-association.md,matched,
/node/19268,/blog/especially-for-new-teachers/,node,19268,blog/especially-for-new-teachers.md,matched,
/node/19269,/blog/summer-surfing/,node,19269,blog/summer-surfing.md,matched,
/node/19270,/blog/a-history-institute-for-teachers/,node,19270,blog/a-history-institute-for-teachers.md,matched,
/node/19299,/blog/preserve-america-presidential-awards/,node,19299,blog/preserve-america-presidential-awards.md,matched,
/node/19348,/blog/journal-of-the-association-for-history-and-computing/,node,19348,blog/journal-of-the-association-for-history-and-computing.md,matched,
/node/19393,/teaching-materials/ask-a-master-teacher/teaching-with-lectures-and-documents/,node,19393,teaching-materials/ask-a-master-teacher/teaching-with-lectures-and-documents.md,matched,
/node/19423,/history-content/ask-a-historian/premonition-of-death/,node,19423,history-content/ask-a-historian/premonition-of-death.md,matched,
/node/19424,/history-content/ask-a-historian/the-reason-behind-the-stars-and-bars/,node,19424,history-content/ask-a-historian/the-reason-behind-the-stars-and-bars.md,matched,
/node/19429,/teaching-materials/lesson-plan-reviews/lewis-and-clark-same-place-different-perspectives/,node,19429,teaching-materials/lesson-plan-reviews/lewis-and-clark-same-place-different-perspectives.md,matched,
/node/19430,/teaching-materials/lesson-plan-reviews/opening-up-the-textbook-rosa-parks/,node,19430,teaching-materials/lesson-plan-reviews/opening-up-the-textbook-rosa-parks.md,matched,
/node/19433,/blog/dozens-of-distinctive-destinations/,node,19433,blog/dozens-of-distinctive-destinations.md,matched,
/node/19435,/best-practices/using-primary-sources/teaching-with-museum-collections/,node,19435,best-practices/using-primary-sources/teaching-with-museum-collections.md,matched,
/node/19436,/history-content/ask-a-historian/quantity-of-soldiersnot-quality-of-their-aimwon-battles/,node,19436,history-content/ask-a-historian/quantity-of-soldiersnot-quality-of-their-aimwon-battles.md,matched,
/node/19438,/best-practices/teaching-with-textbooks/opening-up-the-textbook/,node,19438,best-practices/teaching-with-textbooks/opening-up-the-textbook.md,matched,
/node/19439,/best-practices/teaching-with-textbooks/the-grammar-of-history-textbooks-part-i-language-analysis/,node,19439,best-practices/teaching-with-textbooks/the-grammar-of-history-textbooks-part-i-language-analysis.md,matched,
/node/19442,/history-content/ask-a-historian/court-packing-controversies/,node,19442,history-content/ask-a-historian/court-packing-controversies.md,matched,
/node/19444,/best-practices/examples-of-historical-thinking/seeing-and-engaging-in-historical-thinking-a-tutorial/,node,19444,best-practices/examples-of-historical-thinking/seeing-and-engaging-in-historical-thinking-a-tutorial.md,matched,
/node/19447,/teaching-materials/ask-a-master-teacher/teaching-the-homebound-or-hospitalized/,node,19447,teaching-materials/ask-a-master-teacher/teaching-the-homebound-or-hospitalized.md,matched,
/node/19448,/teaching-materials/ask-a-master-teacher/bridging-the-language-barrier/,node,19448,teaching-materials/ask-a-master-teacher/bridging-the-language-barrier.md,matched,
/node/19449,/blog/thinking-like-a-historian-rethinking-history-instruction/,node,19449,blog/thinking-like-a-historian-rethinking-history-instruction.md,matched,
/node/19472,/blog/schools-and-social-networking-tools/,node,19472,blog/schools-and-social-networking-tools.md,matched,
/node/19494,/blog/from-medieval-europe-to-colonial-america/,node,19494,blog/from-medieval-europe-to-colonial-america.md,matched,
/node/19497,/history-content/ask-a-historian/contradictions-in-john-fremonts-political-chart-of-the-us-1856/,node,19497,history-content/ask-a-historian/contradictions-in-john-fremonts-political-chart-of-the-us-1856.md,matched,
/node/19500,/blog/organization-of-american-historians-highlights-of-the-august-newsletter/,node,19500,blog/organization-of-american-historians-highlights-of-the-august-newsletter.md,matched,
/node/19505,/blog/teaching-resources-for-constitution-day/,node,19505,blog/teaching-resources-for-constitution-day.md,matched,
/node/19506,/blog/more-resources-for-teaching-about-elections/,node,19506,blog/more-resources-for-teaching-about-elections.md,matched,
/node/19528,/best-practices/examples-of-historical-thinking/close-reading-of-a-primary-document/,node,19528,best-practices/examples-of-historical-thinking/close-reading-of-a-primary-document.md,matched,
/node/19529,/best-practices/examples-of-historical-thinking/intertextual-reading-of-two-primary-documents/,node,19529,best-practices/examples-of-historical-thinking/intertextual-reading-of-two-primary-documents.md,matched,
/node/19530,/history-content/ask-a-historian/namesake-of-a-peacekeeper/,node,19530,history-content/ask-a-historian/namesake-of-a-peacekeeper.md,matched,
/node/19532,/blog/teaching-about-presidential-elections/,node,19532,blog/teaching-about-presidential-elections.md,matched,
/node/19533,/blog/picturing-america-round-two/,node,19533,blog/picturing-america-round-two.md,matched,
/node/19547,/history-content/ask-a-historian/quoting-economic-policy/,node,19547,history-content/ask-a-historian/quoting-economic-policy.md,matched,
/node/19549,/blog/bringing-national-parks-into-the-classroom/,node,19549,blog/bringing-national-parks-into-the-classroom.md,matched,
/node/19567,/best-practices/teaching-in-action/causal-reasoning/,node,19567,best-practices/teaching-in-action/causal-reasoning.md,matched,
/node/19569,/best-practices/teaching-in-action/causes-of-world-war-i/,node,19569,best-practices/teaching-in-action/causes-of-world-war-i.md,matched,
/node/19572,/teaching-materials/lesson-plan-reviews/declaration-of-independence-rough-draft-to-proclamation/,node,19572,teaching-materials/lesson-plan-reviews/declaration-of-independence-rough-draft-to-proclamation.md,matched,
/node/19576,/blog/objects-and-memory-making-sense-of-catastrophe/,node,19576,blog/objects-and-memory-making-sense-of-catastrophe.md,matched,
/node/19586,/blog/national-museum-of-american-history/,node,19586,blog/national-museum-of-american-history.md,matched,
/node/19591,/blog/teaching-911/,node,19591,blog/teaching-911.md,matched,
/node/19592,/blog/learn-about-mexican-american-history/,node,19592,blog/learn-about-mexican-american-history.md,matched,
/node/19699,/best-practices/using-primary-sources/integrating-material-culture-into-the-classroom/,node,19699,best-practices/using-primary-sources/integrating-material-culture-into-the-classroom.md,matched,
/node/19756,/blog/showcasing-student-work-on-the-us-constitution/,node,19756,blog/showcasing-student-work-on-the-us-constitution.md,matched,
/node/19821,/history-content/ask-a-historian/what-happened-to-the-fenians-after-1866/,node,19821,history-content/ask-a-historian/what-happened-to-the-fenians-after-1866.md,matched,
/node/19825,/blog/civil-rights-history-project-a-new-initiative/,node,19825,blog/civil-rights-history-project-a-new-initiative.md,matched,
/node/19826,/blog/presidential-campaign-commercials-1952-2008/,node,19826,blog/presidential-campaign-commercials-1952-2008.md,matched,
/node/19950,/blog/lincoln-bicentennial/,node,19950,blog/lincoln-bicentennial.md,matched,
/node/19968,/blog/preserve-america-announces-44-grant-awards/,node,19968,blog/preserve-america-announces-44-grant-awards.md,matched,
/node/19981,/blog/flickr-update-the-commons/,node,19981,blog/flickr-update-the-commons.md,matched,
/node/19983,/blog/black-americans-in-congress/,node,19983,blog/black-americans-in-congress.md,matched,
/node/20012,/teaching-materials/lesson-plan-reviews/abraham-lincoln/,node,20012,teaching-materials/lesson-plan-reviews/abraham-lincoln.md,matched,
/node/20013,/teaching-materials/lesson-plan-reviews/civil-rights-and-incarceration/,node,20013,teaching-materials/lesson-plan-reviews/civil-rights-and-incarceration.md,matched,
/node/20044,/blog/the-great-depression-and-today/,node,20044,blog/the-great-depression-and-today.md,matched,
/node/20045,/blog/tech-tips-for-everybody-from-david-pogue-at-the-new-york-times/,node,20045,blog/tech-tips-for-everybody-from-david-pogue-at-the-new-york-times.md,matched,
/node/20054,/teaching-materials/lesson-plan-reviews/three-perspectives-on-native-american-removal-and-westward-expansion/,node,20054,teaching-materials/lesson-plan-reviews/three-perspectives-on-native-american-removal-and-westward-expansion.md,matched,
/node/20138,/blog/national-council-for-history-education-nche-presents-award-to-senator-robert-byrd/,node,20138,blog/national-council-for-history-education-nche-presents-award-to-senator-robert-byrd.md,matched,
/node/20145,/blog/students-and-historic-preservation/,node,20145,blog/students-and-historic-preservation.md,matched,
/node/20148,/blog/snips-and-shoes-and-sealing-wax-new-publications-and-websites/,node,20148,blog/snips-and-shoes-and-sealing-wax-new-publications-and-websites.md,matched,
/node/20190,/teaching-materials/lesson-plan-reviews/the-debate-in-the-united-states-over-the-league-of-nations/,node,20190,teaching-materials/lesson-plan-reviews/the-debate-in-the-united-states-over-the-league-of-nations.md,matched,
/node/20207,/blog/visit-clearinghouse-lesson-plan-reviews/,node,20207,blog/visit-clearinghouse-lesson-plan-reviews.md,matched,
/node/20291,/blog/a-new-look-at-abraham-lincoln/,node,20291,blog/a-new-look-at-abraham-lincoln.md,matched,
/node/20292,/blog/sessions-especially-for-teachers-at-the-123rd-american-historical-association-annual-meeting/,node,20292,blog/sessions-especially-for-teachers-at-the-123rd-american-historical-association-annual-meeting.md,matched,
/node/20293,/blog/laura-bush-presents-2008-preserve-america-history-teacher-of-the-year-award/,node,20293,blog/laura-bush-presents-2008-preserve-america-history-teacher-of-the-year-award.md,matched,
/node/20296,/blog/comment-period-begins-on-changes-to-selection-criteria-for-teaching-american-history-grants/,node,20296,blog/comment-period-begins-on-changes-to-selection-criteria-for-teaching-american-history-grants.md,matched,
/node/20298,/teaching-materials/ask-a-master-teacher/changes-in-teaching-history-over-the-past-10-years/,node,20298,teaching-materials/ask-a-master-teacher/changes-in-teaching-history-over-the-past-10-years.md,matched,
/node/20309,/history-content/ask-a-historian/was-there-an-african-american-president-before-barack-obama/,node,20309,history-content/ask-a-historian/was-there-an-african-american-president-before-barack-obama.md,matched,
/node/20341,/best-practices/teaching-in-action/teaching-historical-interpretation-through-planning-documentary-films/,node,20341,best-practices/teaching-in-action/teaching-historical-interpretation-through-planning-documentary-films.md,matched,
/node/20343,/history-content/ask-a-historian/why-was-the-boston-tea-party-not-stopped-by-british-troops/,node,20343,history-content/ask-a-historian/why-was-the-boston-tea-party-not-stopped-by-british-troops.md,matched,
/node/20348,/history-content/ask-a-historian/what-happened-to-the-royal-family-of-hawaii-after-the-us-took-over/,node,20348,history-content/ask-a-historian/what-happened-to-the-royal-family-of-hawaii-after-the-us-took-over.md,matched,
/node/20373,/blog/teaching-american-history-project-directors-conference-registration-information-and-agenda/,node,20373,blog/teaching-american-history-project-directors-conference-registration-information-and-agenda.md,matched,
/node/20374,/best-practices/teaching-in-action/exploring-historical-texts-in-a-discussion-based-class/,node,20374,best-practices/teaching-in-action/exploring-historical-texts-in-a-discussion-based-class.md,matched,
/node/20402,/history-content/ask-a-historian/kitty-hawk-during-the-time-of-the-wright-brothers/,node,20402,history-content/ask-a-historian/kitty-hawk-during-the-time-of-the-wright-brothers.md,matched,
/node/20424,/best-practices/teaching-with-textbooks/using-historiography-to-analyze-the-mexican-american-war/,node,20424,best-practices/teaching-with-textbooks/using-historiography-to-analyze-the-mexican-american-war.md,matched,
/node/20430,/blog/news-from-the-bill-of-rights-institute-for-educators-and-high-school-students/,node,20430,blog/news-from-the-bill-of-rights-institute-for-educators-and-high-school-students.md,matched,
/node/20431,/history-content/ask-a-historian/presidential-death-during-the-election-process/,node,20431,history-content/ask-a-historian/presidential-death-during-the-election-process.md,matched,
/node/20494,/history-content/ask-a-historian/jewish-immigration-during-the-revolutionary-war/,node,20494,history-content/ask-a-historian/jewish-immigration-during-the-revolutionary-war.md,matched,
/node/20536,/blog/department-of-education-publishes-2009-teaching-american-history-grant-notice/,node,20536,blog/department-of-education-publishes-2009-teaching-american-history-grant-notice.md,matched,
/node/20571,/best-practices/teaching-with-textbooks/questioning-textbook-authority/,node,20571,best-practices/teaching-with-textbooks/questioning-textbook-authority.md,matched,
/node/20572,/teaching-materials/lesson-plan-reviews/messages-of-houses-and-their-contents-1780-1820/,node,20572,teaching-materials/lesson-plan-reviews/messages-of-houses-and-their-contents-1780-1820.md,matched,
/node/20574,/best-practices/teaching-with-textbooks/the-grammar-of-history-textbooks-part-ii-questioning-the-text/,node,20574,best-practices/teaching-with-textbooks/the-grammar-of-history-textbooks-part-ii-questioning-the-text.md,matched,
/node/20576,/blog/classroom-resources-presidential-inaugurals/,node,20576,blog/classroom-resources-presidential-inaugurals.md,matched,
/node/20591,/blog/save-the-date-national-teach-in-on-lincoln/,node,20591,blog/save-the-date-national-teach-in-on-lincoln.md,matched,
/node/20632,/history-content/ask-a-historian/who-earned-a-medal-for-cutting-costs-by-starving-confederate-prisoners/,node,20632,history-content/ask-a-historian/who-earned-a-medal-for-cutting-costs-by-starving-confederate-prisoners.md,matched,
/node/20657,/history-content/ask-a-historian/are-there-instances-of-raids-similar-to-the-boston-tea-party/,node,20657,history-content/ask-a-historian/are-there-instances-of-raids-similar-to-the-boston-tea-party.md,matched,
/node/20674,/digital-classroom/tech-for-teachers/ning/,node,20674,digital-classroom/tech-for-teachers/ning.md,matched,
/node/20685,/teaching-materials/ask-a-master-teacher/seeking-us-history-books-for-9th-and-11th-graders/,node,20685,teaching-materials/ask-a-master-teacher/seeking-us-history-books-for-9th-and-11th-graders.md,matched,
/node/20690,/blog/register-for-your-virtual-seat-smithsonian-education-online-lincoln-conference/,node,20690,blog/register-for-your-virtual-seat-smithsonian-education-online-lincoln-conference.md,matched,
/node/20693,/digital-classroom/tech-for-teachers/slideshare/,node,20693,digital-classroom/tech-for-teachers/slideshare.md,matched,
/node/20697,/digital-classroom/tech-for-teachers/rss/,node,20697,digital-classroom/tech-for-teachers/rss.md,matched,
/node/20712,/blog/2009-horizon-report-emerging-technologies-in-higher-education/,node,20712,blog/2009-horizon-report-emerging-technologies-in-higher-education.md,matched,
/node/20737,/blog/lincoln-bicentennial-a-teachable-moment-updated-february-24/,node,20737,blog/lincoln-bicentennial-a-teachable-moment-updated-february-24.md,matched,
/node/20785,/digital-classroom/tech-for-teachers/wordle/,node,20785,digital-classroom/tech-for-teachers/wordle.md,matched,
/node/20795,/best-practices/teaching-in-action/reading-and-thinking-aloud-to-understand/,node,20795,best-practices/teaching-in-action/reading-and-thinking-aloud-to-understand.md,matched,
/node/21573,/history-content/ask-a-historian/is-the-story-of-george-washington-and-the-colt-a-true-story/,node,21573,history-content/ask-a-historian/is-the-story-of-george-washington-and-the-colt-a-true-story.md,matched,
/node/21576,/history-content/ask-a-historian/significant-changes-in-teaching-history-over-the-past-decade/,node,21576,history-content/ask-a-historian/significant-changes-in-teaching-history-over-the-past-decade.md,matched,
/node/21577,/digital-classroom/tech-for-teachers/whiteboards/,node,21577,digital-classroom/tech-for-teachers/whiteboards.md,matched,
/node/21706,/best-practices/teaching-in-action/prologue-to-studying-the-emancipation-proclamation/,node,21706,best-practices/teaching-in-action/prologue-to-studying-the-emancipation-proclamation.md,matched,
/node/21712,/blog/remember-the-ladiesbut-not-just-in-march/,node,21712,blog/remember-the-ladiesbut-not-just-in-march.md,matched,
/node/21719,/blog/the-electronic-schoolhouselaescuela-electronica-a-bilingual-history-education-resource/,node,21719,blog/the-electronic-schoolhouselaescuela-electronica-a-bilingual-history-education-resource.md,matched,
/node/21725,/blog/happy-presidents-day/,node,21725,blog/happy-presidents-day.md,matched,
/node/21731,/teaching-materials/teaching-guides/structured-academic-controversy-sac/,node,21731,teaching-materials/teaching-guides/structured-academic-controversy-sac.md,matched,
/node/21733,/teaching-materials/teaching-guides/interpreting-political-cartoons-in-the-history-classroom/,node,21733,teaching-materials/teaching-guides/interpreting-political-cartoons-in-the-history-classroom.md,matched,
/node/21739,/blog/another-kind-of-american-idol/,node,21739,blog/another-kind-of-american-idol.md,matched,
/node/21760,/blog/if-the-omnibus-spending-bill/,node,21760,blog/if-the-omnibus-spending-bill.md,matched,
/node/21770,/teaching-materials/ask-a-master-teacher/teaching-the-declaration-without-overwhelming-students/,node,21770,teaching-materials/ask-a-master-teacher/teaching-the-declaration-without-overwhelming-students.md,matched,
/node/21780,/history-content/national-resources/national-aeronautics-and-space-administration/,node,21780,history-content/national-resources/national-aeronautics-and-space-administration.md,matched,
/node/21781,/history-content/national-resources/social-security-administration/,node,21781,history-content/national-resources/social-security-administration.md,matched,
/node/21782,/history-content/national-resources/federal-aviation-administration/,node,21782,history-content/national-resources/federal-aviation-administration.md,matched,
/node/21783,/blog/recession-depression-hard-times-new-deal-classroom-resources-updated-april-7/,node,21783,blog/recession-depression-hard-times-new-deal-classroom-resources-updated-april-7.md,matched,
/node/21784,/history-content/national-resources/national-institutes-of-health/,node,21784,history-content/national-resources/national-institutes-of-health.md,matched,
/node/21785,/history-content/national-resources/society-for-history-in-the-federal-government/,node,21785,history-content/national-resources/society-for-history-in-the-federal-government.md,matched,
/node/21786,/teaching-materials/ask-a-master-teacher/data-on-students-knowledge-of-american-history/,node,21786,teaching-materials/ask-a-master-teacher/data-on-students-knowledge-of-american-history.md,matched,
/node/21806,/teaching-materials/teaching-guides/applying-kwl-guides-to-sources-with-elementary-students/,node,21806,teaching-materials/teaching-guides/applying-kwl-guides-to-sources-with-elementary-students.md,matched,
/node/21810,/history-content/ask-a-historian/home-sales-during-the-great-depression/,node,21810,history-content/ask-a-historian/home-sales-during-the-great-depression.md,matched,
/node/21823,/blog/omnibus-spending-bill-fy-09-passes-good-news-for-history/,node,21823,blog/omnibus-spending-bill-fy-09-passes-good-news-for-history.md,matched,
/node/21827,/blog/american-experience-we-shall-remain/,node,21827,blog/american-experience-we-shall-remain.md,matched,
/node/21844,/digital-classroom/tech-for-teachers/voicethread/,node,21844,digital-classroom/tech-for-teachers/voicethread.md,matched,
/node/21849,/blog/join-the-clearinghouse-on-facebook-and-twitter/,node,21849,blog/join-the-clearinghouse-on-facebook-and-twitter.md,matched,
/node/21851,/digital-classroom/tech-for-teachers/twitter/,node,21851,digital-classroom/tech-for-teachers/twitter.md,matched,
/node/21861,/history-content/ask-a-historian/james-madisons-failed-amendments/,node,21861,history-content/ask-a-historian/james-madisons-failed-amendments.md,matched,
/node/21867,/teaching-materials/teaching-guides/well-behaved-women-and-men-seldom-make-history/,node,21867,teaching-materials/teaching-guides/well-behaved-women-and-men-seldom-make-history.md,matched,
/node/21873,/teaching-materials/lesson-plan-reviews/marbury-v-madison/,node,21873,teaching-materials/lesson-plan-reviews/marbury-v-madison.md,matched,
/node/21874,/teaching-materials/lesson-plan-reviews/civilian-conservation-corps/,node,21874,teaching-materials/lesson-plan-reviews/civilian-conservation-corps.md,matched,
/node/21879,/blog/john-hope-franklin-1915-2009/,node,21879,blog/john-hope-franklin-1915-2009.md,matched,
/node/21892,/blog/bookmark-this-resources-for-movie-friday/,node,21892,blog/bookmark-this-resources-for-movie-friday.md,matched,
/node/21914,/history-content/ask-a-historian/can-you-recommend-three-texts-on-historiography/,node,21914,history-content/ask-a-historian/can-you-recommend-three-texts-on-historiography.md,matched,
/node/21919,/history-content/national-resources/government-printing-office/,node,21919,history-content/national-resources/government-printing-office.md,matched,
/node/21920,/history-content/national-resources/us-patent-and-trademark-office/,node,21920,history-content/national-resources/us-patent-and-trademark-office.md,matched,
/node/21953,/blog/bookmark-this-history-sites-on-youtube/,node,21953,blog/bookmark-this-history-sites-on-youtube.md,matched,
/node/21980,/blog/tonights-the-night-pbs-broadcasts-we-shall-remain/,node,21980,blog/tonights-the-night-pbs-broadcasts-we-shall-remain.md,matched,
/node/21984,/blog/new-visitors-center-opens-at-monticello/,node,21984,blog/new-visitors-center-opens-at-monticello.md,matched,
/node/21991,/blog/interactive-exhibit-from-the-american-art-museum/,node,21991,blog/interactive-exhibit-from-the-american-art-museum.md,matched,
/node/22027,/blog/resources-asian-pacific-american-heritage-month/,node,22027,blog/resources-asian-pacific-american-heritage-month.md,matched,
/node/22028,/blog/bookmark-this-beneath-the-surface-of-wikipedia/,node,22028,blog/bookmark-this-beneath-the-surface-of-wikipedia.md,matched,
/node/22057,/teaching-materials/lesson-plan-reviews/evaluating-the-validity-of-information/,node,22057,teaching-materials/lesson-plan-reviews/evaluating-the-validity-of-information.md,matched,
/node/22063,/teaching-materials/lesson-plan-reviews/discovering-angel-island-the-story-behind-the-poems/,node,22063,teaching-materials/lesson-plan-reviews/discovering-angel-island-the-story-behind-the-poems.md,matched,
/node/22158,/best-practices/teaching-in-action/foundations-of-american-history-john-brown-song/,node,22158,best-practices/teaching-in-action/foundations-of-american-history-john-brown-song.md,matched,
/node/22205,/history-content/ask-a-historian/why-did-president-polk-want-war-with-mexico/,node,22205,history-content/ask-a-historian/why-did-president-polk-want-war-with-mexico.md,matched,
/node/22206,/teaching-materials/teaching-guides/stating-your-case-writing-thesis-statements-effectively/,node,22206,teaching-materials/teaching-guides/stating-your-case-writing-thesis-statements-effectively.md,matched,
/node/22244,/blog/the-supreme-court-connections-between-past-and-present/,node,22244,blog/the-supreme-court-connections-between-past-and-present.md,matched,
/node/22245,/history-content/ask-a-historian/which-native-american-tribes-allied-themselves-with-the-french/,node,22245,history-content/ask-a-historian/which-native-american-tribes-allied-themselves-with-the-french.md,matched,
/node/22261,/teaching-materials/teaching-guides/using-blogs-in-a-history-classroom/,node,22261,teaching-materials/teaching-guides/using-blogs-in-a-history-classroom.md,matched,
/node/22269,/teaching-materials/lesson-plan-reviews/what-events-led-to-lincolns-assassination/,node,22269,teaching-materials/lesson-plan-reviews/what-events-led-to-lincolns-assassination.md,matched,
/node/22270,/history-content/ask-a-historian/how-did-colonel-become-ker-nul/,node,22270,history-content/ask-a-historian/how-did-colonel-become-ker-nul.md,matched,
/node/22276,/teaching-materials/ask-a-master-teacher/online-us-history-textbooks/,node,22276,teaching-materials/ask-a-master-teacher/online-us-history-textbooks.md,matched,
/node/22280,/history-content/website-reviews/legal-information-institute-supreme-court-collection/,node,22280,history-content/website-reviews/legal-information-institute-supreme-court-collection.md,matched,
/node/22281,/history-content/website-reviews/supreme-court-historical-society/,node,22281,history-content/website-reviews/supreme-court-historical-society.md,matched,
/node/22282,/history-content/website-reviews/landmark-supreme-court-cases/,node,22282,history-content/website-reviews/landmark-supreme-court-cases.md,matched,
/node/22283,/history-content/website-reviews/papers-of-justice-tom-c-clark/,node,22283,history-content/website-reviews/papers-of-justice-tom-c-clark.md,matched,
/node/22284,/history-content/website-reviews/national-security-archive-the-pentagon-papers/,node,22284,history-content/website-reviews/national-security-archive-the-pentagon-papers.md,matched,
/node/22329,/history-content/ask-a-historian/baptist-origins/,node,22329,history-content/ask-a-historian/baptist-origins.md,matched,
/node/22337,/blog/summer-reading-clearinghouse-staff-recommendations-part-i/,node,22337,blog/summer-reading-clearinghouse-staff-recommendations-part-i.md,matched,
/node/22338,/history-content/website-reviews/history-news-network/,node,22338,history-content/website-reviews/history-news-network.md,matched,
/node/22339,/blog/john-brown-harpers-ferry-students-history-and-technology/,node,22339,blog/john-brown-harpers-ferry-students-history-and-technology.md,matched,
/node/22365,/teaching-materials/teaching-guides/historical-agency-in-history-book-sets-hbs/,node,22365,teaching-materials/teaching-guides/historical-agency-in-history-book-sets-hbs.md,matched,
/node/22366,/blog/bookmark-this-teacher-resources-at-the-library-of-congress/,node,22366,blog/bookmark-this-teacher-resources-at-the-library-of-congress.md,matched,
/node/22379,/blog/when-did-july-4-become-the-fourth-of-july/,node,22379,blog/when-did-july-4-become-the-fourth-of-july.md,matched,
/node/22390,/blog/national-council-for-social-studies-building-community-with-ning/,node,22390,blog/national-council-for-social-studies-building-community-with-ning.md,matched,
/node/22391,/blog/school-internet-firewalls-hindrance-or-help/,node,22391,blog/school-internet-firewalls-hindrance-or-help.md,matched,
/node/22394,/blog/forty-years-ago-one-giant-leap-for-mankind/,node,22394,blog/forty-years-ago-one-giant-leap-for-mankind.md,matched,
/node/22395,/teaching-materials/lesson-plan-reviews/the-boston-massacre-fact-fiction-or-bad-memory/,node,22395,teaching-materials/lesson-plan-reviews/the-boston-massacre-fact-fiction-or-bad-memory.md,matched,
/node/22405,/history-content/national-resources/us-navy/,node,22405,history-content/national-resources/us-navy.md,matched,
/node/22406,/blog/national-history-club-having-fun-and-doing-history/,node,22406,blog/national-history-club-having-fun-and-doing-history.md,matched,
/node/22407,/history-content/national-resources/us-army/,node,22407,history-content/national-resources/us-army.md,matched,
/node/22408,/blog/summer-reading-clearinghouse-staff-recommendations-part-ii/,node,22408,blog/summer-reading-clearinghouse-staff-recommendations-part-ii.md,matched,
/node/22431,/blog/department-of-education-announces-tah-grant-awards/,node,22431,blog/department-of-education-announces-tah-grant-awards.md,matched,
/node/22432,/best-practices/using-primary-sources/teaching-with-historic-places/,node,22432,best-practices/using-primary-sources/teaching-with-historic-places.md,matched,
/node/22435,/history-content/ask-a-historian/supreme-court-nominations/,node,22435,history-content/ask-a-historian/supreme-court-nominations.md,matched,
/node/22440,/best-practices/teaching-in-action/what-does-it-mean-to-be-an-american/,node,22440,best-practices/teaching-in-action/what-does-it-mean-to-be-an-american.md,matched,
/node/22441,/blog/whats-new-on-the-clearinghouse-site-lessons-learned-on-video/,node,22441,blog/whats-new-on-the-clearinghouse-site-lessons-learned-on-video.md,matched,
/node/22442,/blog/bookmark-this-blogs-for-history-teachers-worth-a-visit/,node,22442,blog/bookmark-this-blogs-for-history-teachers-worth-a-visit.md,matched,
/node/22461,/blog/august-1945-hiroshima-and-nagasaki/,node,22461,blog/august-1945-hiroshima-and-nagasaki.md,matched,
/node/22462,/history-content/national-resources/us-coast-guard/,node,22462,history-content/national-resources/us-coast-guard.md,matched,
/node/22463,/history-content/national-resources/central-intelligence-agency/,node,22463,history-content/national-resources/central-intelligence-agency.md,matched,
/node/22464,/history-content/national-resources/national-atlas/,node,22464,history-content/national-resources/national-atlas.md,matched,
/node/22466,/blog/bookmark-this-new-and-improved-websites-and-lesson-plans/,node,22466,blog/bookmark-this-new-and-improved-websites-and-lesson-plans.md,matched,
/node/22467,/best-practices/teaching-with-textbooks/childrens-voices-from-the-civil-war/,node,22467,best-practices/teaching-with-textbooks/childrens-voices-from-the-civil-war.md,matched,
/node/22468,/blog/teaching-without-textbooks/,node,22468,blog/teaching-without-textbooks.md,matched,
/node/22471,/teaching-materials/ask-a-master-teacher/finding-local-history-resources/,node,22471,teaching-materials/ask-a-master-teacher/finding-local-history-resources.md,matched,
/node/22474,/blog/summer-reading-clearinghouse-staff-recommendations-part-iii/,node,22474,blog/summer-reading-clearinghouse-staff-recommendations-part-iii.md,matched,
/node/22477,/history-content/national-resources/us-mint/,node,22477,history-content/national-resources/us-mint.md,matched,
/node/22481,/history-content/ask-a-historian/who-invented-the-telephone/,node,22481,history-content/ask-a-historian/who-invented-the-telephone.md,matched,
/node/22482,/blog/bookmark-this-our-courts-especially-for-middle-school-students/,node,22482,blog/bookmark-this-our-courts-especially-for-middle-school-students.md,matched,
/node/22483,/history-content/national-resources/us-air-force/,node,22483,history-content/national-resources/us-air-force.md,matched,
/node/22511,/history-content/national-resources/center-for-disease-control-and-prevention/,node,22511,history-content/national-resources/center-for-disease-control-and-prevention.md,matched,
/node/22515,/blog/third-graders-and-local-history/,node,22515,blog/third-graders-and-local-history.md,matched,
/node/22517,/history-content/ask-a-historian/how-much-have-federal-census-takers-made-through-the-years/,node,22517,history-content/ask-a-historian/how-much-have-federal-census-takers-made-through-the-years.md,matched,
/node/22518,/history-content/national-resources/us-marine-corps/,node,22518,history-content/national-resources/us-marine-corps.md,matched,
/node/22519,/history-content/website-reviews/teaching-with-laurel-grove-school/,node,22519,history-content/website-reviews/teaching-with-laurel-grove-school.md,matched,
/node/22520,/history-content/website-reviews/the-eleanor-roosevelt-papers-project/,node,22520,history-content/website-reviews/the-eleanor-roosevelt-papers-project.md,matched,
/node/22534,/teaching-materials/lesson-plan-reviews/immigration/,node,22534,teaching-materials/lesson-plan-reviews/immigration.md,matched,
/node/22560,/blog/teaching-our-students-to-evaluate-websites/,node,22560,blog/teaching-our-students-to-evaluate-websites.md,matched,
/node/22561,/blog/hispanic-heritage-month/,node,22561,blog/hispanic-heritage-month.md,matched,
/node/22562,/blog/especially-for-teachers-annenberg-medias-online-us-history-textbook/,node,22562,blog/especially-for-teachers-annenberg-medias-online-us-history-textbook.md,matched,
/node/22568,/history-content/website-reviews/fly-girls/,node,22568,history-content/website-reviews/fly-girls.md,matched,
/node/22569,/history-content/website-reviews/first-century-of-the-first-state-university-the-creation-of-unc/,node,22569,history-content/website-reviews/first-century-of-the-first-state-university-the-creation-of-unc.md,matched,
/node/22570,/history-content/website-reviews/red-white-blue-brimstone-new-world-literature-and-the-american-millennium/,node,22570,history-content/website-reviews/red-white-blue-brimstone-new-world-literature-and-the-american-millennium.md,matched,
/node/22571,/history-content/website-reviews/lionel-hampton-his-life-and-legacy/,node,22571,history-content/website-reviews/lionel-hampton-his-life-and-legacy.md,matched,
/node/22572,/history-content/website-reviews/history-of-the-tacoma-narrows-bridge/,node,22572,history-content/website-reviews/history-of-the-tacoma-narrows-bridge.md,matched,
/node/22573,/history-content/website-reviews/lbj-oral-history-project-online/,node,22573,history-content/website-reviews/lbj-oral-history-project-online.md,matched,
/node/22575,/history-content/website-reviews/george-catlin-and-his-indian-gallery/,node,22575,history-content/website-reviews/george-catlin-and-his-indian-gallery.md,matched,
/node/22577,/history-content/website-reviews/alabama-maps/,node,22577,history-content/website-reviews/alabama-maps.md,matched,
/node/22578,/history-content/website-reviews/jimmy-carter/,node,22578,history-content/website-reviews/jimmy-carter.md,matched,
/node/22580,/history-content/website-reviews/new-york-public-library-picture-collection-online/,node,22580,history-content/website-reviews/new-york-public-library-picture-collection-online.md,matched,
/node/22582,/history-content/website-reviews/monticello-the-home-of-thomas-jefferson/,node,22582,history-content/website-reviews/monticello-the-home-of-thomas-jefferson.md,matched,
/node/22583,/history-content/website-reviews/the-franklin-county-publication-archives-index/,node,22583,history-content/website-reviews/the-franklin-county-publication-archives-index.md,matched,
/node/22584,/history-content/website-reviews/the-sonic-memorial-project/,node,22584,history-content/website-reviews/the-sonic-memorial-project.md,matched,
/node/22586,/history-content/website-reviews/connecticut-historical-society/,node,22586,history-content/website-reviews/connecticut-historical-society.md,matched,
/node/22587,/history-content/website-reviews/recovered-notebooks-from-the-thomas-harned-walt-whitman-collection/,node,22587,history-content/website-reviews/recovered-notebooks-from-the-thomas-harned-walt-whitman-collection.md,matched,
/node/22588,/history-content/website-reviews/california-gold-northern-california-folk-music-from-the-thirties/,node,22588,history-content/website-reviews/california-gold-northern-california-folk-music-from-the-thirties.md,matched,
/node/22589,/history-content/website-reviews/panoramic-maps-1847-1929/,node,22589,history-content/website-reviews/panoramic-maps-1847-1929.md,matched,
/node/22590,/history-content/website-reviews/american-social-history-projectcenter-for-media-and-learning/,node,22590,history-content/website-reviews/american-social-history-projectcenter-for-media-and-learning.md,matched,
/node/22592,/history-content/website-reviews/american-historical-association/,node,22592,history-content/website-reviews/american-historical-association.md,matched,
/node/22594,/history-content/website-reviews/the-african-american-mosaic/,node,22594,history-content/website-reviews/the-african-american-mosaic.md,matched,
/node/22596,/history-content/website-reviews/center-for-dewey-studies-southern-illinois-university-at-carbondale/,node,22596,history-content/website-reviews/center-for-dewey-studies-southern-illinois-university-at-carbondale.md,matched,
/node/22597,/history-content/website-reviews/archives-of-african-american-music-and-culture/,node,22597,history-content/website-reviews/archives-of-african-american-music-and-culture.md,matched,
/node/22598,/history-content/website-reviews/the-case-of-sacco-and-vanzetti/,node,22598,history-content/website-reviews/the-case-of-sacco-and-vanzetti.md,matched,
/node/22599,/history-content/website-reviews/the-adoption-history-project/,node,22599,history-content/website-reviews/the-adoption-history-project.md,matched,
/node/22600,/history-content/website-reviews/maryland-digital-cultural-heritage/,node,22600,history-content/website-reviews/maryland-digital-cultural-heritage.md,matched,
/node/22601,/history-content/website-reviews/atlanta-in-the-civil-rights-movement/,node,22601,history-content/website-reviews/atlanta-in-the-civil-rights-movement.md,matched,
/node/22602,/history-content/website-reviews/the-great-seattle-fire/,node,22602,history-content/website-reviews/the-great-seattle-fire.md,matched,
/node/22603,/history-content/website-reviews/travel-tourism-and-urban-growth-in-greater-miami-a-digital-archive/,node,22603,history-content/website-reviews/travel-tourism-and-urban-growth-in-greater-miami-a-digital-archive.md,matched,
/node/22604,/history-content/website-reviews/north-american-womens-letters-and-diaries-colonial-times-to-1950/,node,22604,history-content/website-reviews/north-american-womens-letters-and-diaries-colonial-times-to-1950.md,matched,
/node/22605,/history-content/website-reviews/the-lincoln-institute/,node,22605,history-content/website-reviews/the-lincoln-institute.md,matched,
/node/22607,/history-content/website-reviews/life-after-the-holocaust-stories-of-holocaust-survivors-after-the-war/,node,22607,history-content/website-reviews/life-after-the-holocaust-stories-of-holocaust-survivors-after-the-war.md,matched,
/node/22608,/history-content/website-reviews/musicians-local-no-627-and-the-mutual-musicians-foundation/,node,22608,history-content/website-reviews/musicians-local-no-627-and-the-mutual-musicians-foundation.md,matched,
/node/22609,/history-content/website-reviews/the-dick-thornburgh-papers/,node,22609,history-content/website-reviews/the-dick-thornburgh-papers.md,matched,
/node/22610,/history-content/website-reviews/manufacturers-catalogs-from-the-first-decade-of-american-automobiles/,node,22610,history-content/website-reviews/manufacturers-catalogs-from-the-first-decade-of-american-automobiles.md,matched,
/node/22611,/history-content/website-reviews/madison-celebrating-150-years/,node,22611,history-content/website-reviews/madison-celebrating-150-years.md,matched,
/node/22612,/history-content/website-reviews/american-broadsides-and-ephemera-series-i-1760-1900/,node,22612,history-content/website-reviews/american-broadsides-and-ephemera-series-i-1760-1900.md,matched,
/node/22613,/history-content/website-reviews/american-state-papers-1789-1838/,node,22613,history-content/website-reviews/american-state-papers-1789-1838.md,matched,
/node/22614,/history-content/website-reviews/storycorps/,node,22614,history-content/website-reviews/storycorps.md,matched,
/node/22615,/history-content/website-reviews/early-american-imprints-series-ii-shaw-shoemaker-1801-1819/,node,22615,history-content/website-reviews/early-american-imprints-series-ii-shaw-shoemaker-1801-1819.md,matched,
/node/22616,/history-content/website-reviews/probing-the-past/,node,22616,history-content/website-reviews/probing-the-past.md,matched,
/node/22617,/history-content/website-reviews/civil-rights-litigation-clearinghouse/,node,22617,history-content/website-reviews/civil-rights-litigation-clearinghouse.md,matched,
/node/22618,/history-content/website-reviews/the-blues-black-vaudeville-and-the-silver-screen-1912-1930s/,node,22618,history-content/website-reviews/the-blues-black-vaudeville-and-the-silver-screen-1912-1930s.md,matched,
/node/22620,/history-content/website-reviews/gilmer-civil-war-maps-collection/,node,22620,history-content/website-reviews/gilmer-civil-war-maps-collection.md,matched,
/node/22621,/history-content/website-reviews/mckinley-assassination-ink-a-documentary-history/,node,22621,history-content/website-reviews/mckinley-assassination-ink-a-documentary-history.md,matched,
/node/22622,/history-content/website-reviews/getting-the-message-out-national-political-campaign-materials-1840-1860/,node,22622,history-content/website-reviews/getting-the-message-out-national-political-campaign-materials-1840-1860.md,matched,
/node/22624,/history-content/national-resources/us-drug-enforcement-agency/,node,22624,history-content/national-resources/us-drug-enforcement-agency.md,matched,
/node/22625,/history-content/national-resources/us-geological-survey/,node,22625,history-content/national-resources/us-geological-survey.md,matched,
/node/22626,/blog/watch-it-live-president-barack-obama-addresses-americas-students-on-september-8/,node,22626,blog/watch-it-live-president-barack-obama-addresses-americas-students-on-september-8.md,matched,
/node/22627,/blog/rotflol-president-john-quincy-adams-twittered/,node,22627,blog/rotflol-president-john-quincy-adams-twittered.md,matched,
/node/22641,/history-content/national-resources/us-department-of-veterans-affairs/,node,22641,history-content/national-resources/us-department-of-veterans-affairs.md,matched,
/node/22643,/history-content/website-reviews/home-sweet-home-life-in-19th-century-ohio/,node,22643,history-content/website-reviews/home-sweet-home-life-in-19th-century-ohio.md,matched,
/node/22644,/history-content/website-reviews/lawrence-denny-lindsley-photographs/,node,22644,history-content/website-reviews/lawrence-denny-lindsley-photographs.md,matched,
/node/22645,/history-content/website-reviews/listening-to-our-ancestors-the-art-of-native-life-along-the-north-pacific-coast/,node,22645,history-content/website-reviews/listening-to-our-ancestors-the-art-of-native-life-along-the-north-pacific-coast.md,matched,
/node/22646,/history-content/website-reviews/lexisnexis/,node,22646,history-content/website-reviews/lexisnexis.md,matched,
/node/22647,/history-content/website-reviews/early-recognized-treaties-with-american-indian-nations/,node,22647,history-content/website-reviews/early-recognized-treaties-with-american-indian-nations.md,matched,
/node/22648,/history-content/website-reviews/northern-visions-of-race-region-and-reform-in-the-press/,node,22648,history-content/website-reviews/northern-visions-of-race-region-and-reform-in-the-press.md,matched,
/node/22649,/history-content/website-reviews/america-history-and-life/,node,22649,history-content/website-reviews/america-history-and-life.md,matched,
/node/22650,/history-content/website-reviews/oxford-african-american-studies-center/,node,22650,history-content/website-reviews/oxford-african-american-studies-center.md,matched,
/node/22651,/history-content/website-reviews/unified-vision-the-architecture-and-design-of-the-prairie-school/,node,22651,history-content/website-reviews/unified-vision-the-architecture-and-design-of-the-prairie-school.md,matched,
/node/22652,/history-content/website-reviews/jacob-lawrence-over-the-line/,node,22652,history-content/website-reviews/jacob-lawrence-over-the-line.md,matched,
/node/22653,/history-content/website-reviews/dolley-madison-digital-edition/,node,22653,history-content/website-reviews/dolley-madison-digital-edition.md,matched,
/node/22654,/history-content/website-reviews/coming-of-age-in-the-twentieth-century-stories-from-minnesota-and-beyond/,node,22654,history-content/website-reviews/coming-of-age-in-the-twentieth-century-stories-from-minnesota-and-beyond.md,matched,
/node/22655,/history-content/website-reviews/liberian-letters/,node,22655,history-content/website-reviews/liberian-letters.md,matched,
/node/22656,/history-content/website-reviews/native-american-constitution-and-law-digitization-project/,node,22656,history-content/website-reviews/native-american-constitution-and-law-digitization-project.md,matched,
/node/22658,/history-content/website-reviews/biddle-edition-archive/,node,22658,history-content/website-reviews/biddle-edition-archive.md,matched,
/node/22659,/history-content/website-reviews/seattle-black-panther-party-history-and-memory-project/,node,22659,history-content/website-reviews/seattle-black-panther-party-history-and-memory-project.md,matched,
/node/22660,/history-content/website-reviews/dickinson-electronic-archives/,node,22660,history-content/website-reviews/dickinson-electronic-archives.md,matched,
/node/22661,/history-content/website-reviews/automobile-in-american-life-and-society/,node,22661,history-content/website-reviews/automobile-in-american-life-and-society.md,matched,
/node/22662,/history-content/website-reviews/stephen-fosters-sketchbook/,node,22662,history-content/website-reviews/stephen-fosters-sketchbook.md,matched,
/node/22663,/history-content/website-reviews/negroes-with-guns-rob-williams-and-black-power/,node,22663,history-content/website-reviews/negroes-with-guns-rob-williams-and-black-power.md,matched,
/node/22664,/history-content/website-reviews/the-eastman-project-images-of-california-life/,node,22664,history-content/website-reviews/the-eastman-project-images-of-california-life.md,matched,
/node/22665,/history-content/website-reviews/minnesota-maps-online/,node,22665,history-content/website-reviews/minnesota-maps-online.md,matched,
/node/22666,/history-content/website-reviews/tennessee-documentary-history-collection-1796-1850/,node,22666,history-content/website-reviews/tennessee-documentary-history-collection-1796-1850.md,matched,
/node/22667,/history-content/website-reviews/thars-gold-in-them-thar-hills-gold-and-gold-mining-in-georgia-1830s-1940s/,node,22667,history-content/website-reviews/thars-gold-in-them-thar-hills-gold-and-gold-mining-in-georgia-1830s-1940s.md,matched,
/node/22668,/history-content/website-reviews/wright-on-the-web/,node,22668,history-content/website-reviews/wright-on-the-web.md,matched,
/node/22669,/history-content/website-reviews/frank-lloyd-wright-designs-for-an-american-landscape-1922-1932/,node,22669,history-content/website-reviews/frank-lloyd-wright-designs-for-an-american-landscape-1922-1932.md,matched,
/node/22670,/history-content/website-reviews/historic-missouri-newspaper-project/,node,22670,history-content/website-reviews/historic-missouri-newspaper-project.md,matched,
/node/22671,/history-content/website-reviews/walt-whitman-archive/,node,22671,history-content/website-reviews/walt-whitman-archive.md,matched,
/node/22672,/history-content/website-reviews/harlem-history/,node,22672,history-content/website-reviews/harlem-history.md,matched,
/node/22673,/history-content/website-reviews/world-war-i-sheet-music/,node,22673,history-content/website-reviews/world-war-i-sheet-music.md,matched,
/node/22674,/history-content/website-reviews/perry-visits-japan/,node,22674,history-content/website-reviews/perry-visits-japan.md,matched,
/node/22675,/history-content/website-reviews/turning-points-in-wisconsin-history/,node,22675,history-content/website-reviews/turning-points-in-wisconsin-history.md,matched,
/node/22676,/history-content/website-reviews/documenting-our-past-the-teenie-harris-archive-project/,node,22676,history-content/website-reviews/documenting-our-past-the-teenie-harris-archive-project.md,matched,
/node/22677,/history-content/website-reviews/encyclopedia-of-chicago-historical-sources/,node,22677,history-content/website-reviews/encyclopedia-of-chicago-historical-sources.md,matched,
/node/22678,/history-content/website-reviews/western-history-photography-collection/,node,22678,history-content/website-reviews/western-history-photography-collection.md,matched,
/node/22680,/history-content/website-reviews/virtual-museum-and-archive-of-the-sec-and-securities-history/,node,22680,history-content/website-reviews/virtual-museum-and-archive-of-the-sec-and-securities-history.md,matched,
/node/22681,/history-content/website-reviews/mcvicarstein-photo-copy-service-collection/,node,22681,history-content/website-reviews/mcvicarstein-photo-copy-service-collection.md,matched,
/node/22682,/history-content/website-reviews/the-atomic-bomb-and-the-end-of-world-war-ii/,node,22682,history-content/website-reviews/the-atomic-bomb-and-the-end-of-world-war-ii.md,matched,
/node/22684,/history-content/website-reviews/women-of-protest-images-from-the-records-of-the-national-womans-party/,node,22684,history-content/website-reviews/women-of-protest-images-from-the-records-of-the-national-womans-party.md,matched,
/node/22686,/history-content/website-reviews/trust-territory-of-the-pacific-islands/,node,22686,history-content/website-reviews/trust-territory-of-the-pacific-islands.md,matched,
/node/22687,/history-content/website-reviews/silicon-valley-history-online/,node,22687,history-content/website-reviews/silicon-valley-history-online.md,matched,
/node/22688,/history-content/website-reviews/illinois-during-the-gilded-age/,node,22688,history-content/website-reviews/illinois-during-the-gilded-age.md,matched,
/node/22689,/history-content/website-reviews/teaching-future-historians-us-history-lesson-plans-using-primary-documents/,node,22689,history-content/website-reviews/teaching-future-historians-us-history-lesson-plans-using-primary-documents.md,matched,
/node/22690,/history-content/website-reviews/the-lives-and-writings-of-antebellum-students-at-unc/,node,22690,history-content/website-reviews/the-lives-and-writings-of-antebellum-students-at-unc.md,matched,
/node/22691,/history-content/website-reviews/new-jersey-public-records-and-archives/,node,22691,history-content/website-reviews/new-jersey-public-records-and-archives.md,matched,
/node/22692,/history-content/national-resources/us-census-bureau/,node,22692,history-content/national-resources/us-census-bureau.md,matched,
/node/22693,/history-content/ask-a-historian/american-pows-in-japanese-captivity/,node,22693,history-content/ask-a-historian/american-pows-in-japanese-captivity.md,matched,
/node/22696,/history-content/website-reviews/las-vegas-an-unconventional-history/,node,22696,history-content/website-reviews/las-vegas-an-unconventional-history.md,matched,
/node/22697,/history-content/website-reviews/portal-to-texas-history/,node,22697,history-content/website-reviews/portal-to-texas-history.md,matched,
/node/22698,/history-content/website-reviews/medicine-in-the-americas-1619-1914/,node,22698,history-content/website-reviews/medicine-in-the-americas-1619-1914.md,matched,
/node/22699,/history-content/website-reviews/ancient-architects-of-the-mississippi/,node,22699,history-content/website-reviews/ancient-architects-of-the-mississippi.md,matched,
/node/22700,/history-content/website-reviews/louisiana-state-museum-jazz-collection/,node,22700,history-content/website-reviews/louisiana-state-museum-jazz-collection.md,matched,
/node/22702,/history-content/website-reviews/invincible-cities/,node,22702,history-content/website-reviews/invincible-cities.md,matched,
/node/22703,/history-content/website-reviews/nova-einsteins-big-idea/,node,22703,history-content/website-reviews/nova-einsteins-big-idea.md,matched,
/node/22704,/history-content/website-reviews/jewish-women-and-the-feminist-revolution/,node,22704,history-content/website-reviews/jewish-women-and-the-feminist-revolution.md,matched,
/node/22705,/history-content/website-reviews/florida-folklife-collection/,node,22705,history-content/website-reviews/florida-folklife-collection.md,matched,
/node/22706,/history-content/website-reviews/the-malcolm-x-project/,node,22706,history-content/website-reviews/the-malcolm-x-project.md,matched,
/node/22707,/history-content/website-reviews/folkstreams/,node,22707,history-content/website-reviews/folkstreams.md,matched,
/node/22708,/history-content/website-reviews/historic-pittsburgh/,node,22708,history-content/website-reviews/historic-pittsburgh.md,matched,
/node/22709,/history-content/website-reviews/illinois-digital-archives/,node,22709,history-content/website-reviews/illinois-digital-archives.md,matched,
/node/22710,/history-content/website-reviews/bound-for-glory-america-in-color-1939-1943/,node,22710,history-content/website-reviews/bound-for-glory-america-in-color-1939-1943.md,matched,
/node/22711,/history-content/website-reviews/the-history-box/,node,22711,history-content/website-reviews/the-history-box.md,matched,
/node/22712,/history-content/website-reviews/seattle-power-and-water-supply-collection/,node,22712,history-content/website-reviews/seattle-power-and-water-supply-collection.md,matched,
/node/22713,/history-content/website-reviews/wisconsin-local-history-and-biography-articles-collection/,node,22713,history-content/website-reviews/wisconsin-local-history-and-biography-articles-collection.md,matched,
/node/22714,/history-content/website-reviews/chronicling-america-historic-american-newspapers/,node,22714,history-content/website-reviews/chronicling-america-historic-american-newspapers.md,matched,
/node/22715,/history-content/website-reviews/anne-sullivan-macy-miracle-worker/,node,22715,history-content/website-reviews/anne-sullivan-macy-miracle-worker.md,matched,
/node/22716,/history-content/website-reviews/a-portion-of-the-people-three-hundred-years-of-southern-jewish-life/,node,22716,history-content/website-reviews/a-portion-of-the-people-three-hundred-years-of-southern-jewish-life.md,matched,
/node/22717,/history-content/website-reviews/helen-keller-kids-museum/,node,22717,history-content/website-reviews/helen-keller-kids-museum.md,matched,
/node/22718,/history-content/website-reviews/sanborn-fire-insurance-maps-for-georgia-towns-and-cities-1884-1922/,node,22718,history-content/website-reviews/sanborn-fire-insurance-maps-for-georgia-towns-and-cities-1884-1922.md,matched,
/node/22719,/history-content/website-reviews/vincentian-postcards/,node,22719,history-content/website-reviews/vincentian-postcards.md,matched,
/node/22720,/history-content/website-reviews/dolley-madison-project/,node,22720,history-content/website-reviews/dolley-madison-project.md,matched,
/node/22721,/history-content/website-reviews/nasa-history-division/,node,22721,history-content/website-reviews/nasa-history-division.md,matched,
/node/22722,/history-content/website-reviews/library-of-congress-webcasts/,node,22722,history-content/website-reviews/library-of-congress-webcasts.md,matched,
/node/22723,/history-content/website-reviews/brittingham-family-lantern-slide-collection/,node,22723,history-content/website-reviews/brittingham-family-lantern-slide-collection.md,matched,
/node/22724,/history-content/website-reviews/benjamin-franklin-in-his-own-words/,node,22724,history-content/website-reviews/benjamin-franklin-in-his-own-words.md,matched,
/node/22725,/history-content/website-reviews/wisconsin-magazine-of-history/,node,22725,history-content/website-reviews/wisconsin-magazine-of-history.md,matched,
/node/22726,/history-content/website-reviews/freedom-now-an-archival-project-of-tougaloo-college-and-brown-university/,node,22726,history-content/website-reviews/freedom-now-an-archival-project-of-tougaloo-college-and-brown-university.md,matched,
/node/22727,/history-content/website-reviews/presidential-papers-of-dwight-david-eisenhower/,node,22727,history-content/website-reviews/presidential-papers-of-dwight-david-eisenhower.md,matched,
/node/22728,/history-content/website-reviews/slavery-and-the-making-of-america/,node,22728,history-content/website-reviews/slavery-and-the-making-of-america.md,matched,
/node/22730,/history-content/website-reviews/black-past/,node,22730,history-content/website-reviews/black-past.md,matched,
/node/22731,/history-content/website-reviews/say-it-plain-a-century-of-great-african-american-speeches/,node,22731,history-content/website-reviews/say-it-plain-a-century-of-great-african-american-speeches.md,matched,
/node/22732,/history-content/website-reviews/rebellion-john-horse-and-the-black-seminoles/,node,22732,history-content/website-reviews/rebellion-john-horse-and-the-black-seminoles.md,matched,
/node/22733,/history-content/website-reviews/adams-family-papers/,node,22733,history-content/website-reviews/adams-family-papers.md,matched,
/node/22734,/history-content/website-reviews/doris-ulmann-photograph-collection/,node,22734,history-content/website-reviews/doris-ulmann-photograph-collection.md,matched,
/node/22735,/history-content/website-reviews/columbia-river-basin-ethnic-history-archive/,node,22735,history-content/website-reviews/columbia-river-basin-ethnic-history-archive.md,matched,
/node/22736,/history-content/website-reviews/hh-bennett-photographer-extraordinaire/,node,22736,history-content/website-reviews/hh-bennett-photographer-extraordinaire.md,matched,
/node/22737,/history-content/website-reviews/lest-we-forget-the-triumph-over-slavery/,node,22737,history-content/website-reviews/lest-we-forget-the-triumph-over-slavery.md,matched,
/node/22738,/history-content/website-reviews/from-haven-to-home-350-years-of-jewish-life-in-america/,node,22738,history-content/website-reviews/from-haven-to-home-350-years-of-jewish-life-in-america.md,matched,
/node/22739,/history-content/website-reviews/a-century-of-progress-the-1933-34-chicago-worlds-fair/,node,22739,history-content/website-reviews/a-century-of-progress-the-1933-34-chicago-worlds-fair.md,matched,
/node/22740,/history-content/website-reviews/brooklyn-in-the-civil-war/,node,22740,history-content/website-reviews/brooklyn-in-the-civil-war.md,matched,
/node/22741,/history-content/website-reviews/vietnam-war-era-ephemera-collection/,node,22741,history-content/website-reviews/vietnam-war-era-ephemera-collection.md,matched,
/node/22742,/history-content/website-reviews/sullivan-clinton-campaign-1779-2005/,node,22742,history-content/website-reviews/sullivan-clinton-campaign-1779-2005.md,matched,
/node/22743,/history-content/website-reviews/alaskas-digital-archive/,node,22743,history-content/website-reviews/alaskas-digital-archive.md,matched,
/node/22744,/history-content/website-reviews/new-jersery-history-partnership-project/,node,22744,history-content/website-reviews/new-jersery-history-partnership-project.md,matched,
/node/22745,/history-content/website-reviews/children-in-urban-america-a-digital-archive/,node,22745,history-content/website-reviews/children-in-urban-america-a-digital-archive.md,matched,
/node/22746,/history-content/website-reviews/charters-of-freedom/,node,22746,history-content/website-reviews/charters-of-freedom.md,matched,
/node/22747,/history-content/website-reviews/civil-war-women/,node,22747,history-content/website-reviews/civil-war-women.md,matched,
/node/22748,/history-content/website-reviews/drafting-the-documents-of-independence/,node,22748,history-content/website-reviews/drafting-the-documents-of-independence.md,matched,
/node/22749,/history-content/website-reviews/edsitement/,node,22749,history-content/website-reviews/edsitement.md,matched,
/node/22750,/history-content/website-reviews/american-slave-narratives/,node,22750,history-content/website-reviews/american-slave-narratives.md,matched,
/node/22751,/history-content/website-reviews/the-american-1890s/,node,22751,history-content/website-reviews/the-american-1890s.md,matched,
/node/22752,/history-content/website-reviews/the-japanese-american-exhibit-and-access-project/,node,22752,history-content/website-reviews/the-japanese-american-exhibit-and-access-project.md,matched,
/node/22758,/history-content/website-reviews/the-wars-for-vietnam-1945-1975/,node,22758,history-content/website-reviews/the-wars-for-vietnam-1945-1975.md,matched,
/node/22759,/history-content/website-reviews/world-war-i-trenches-on-the-web/,node,22759,history-content/website-reviews/world-war-i-trenches-on-the-web.md,matched,
/node/22760,/history-content/website-reviews/national-womens-history-project/,node,22760,history-content/website-reviews/national-womens-history-project.md,matched,
/node/22762,/history-content/website-reviews/national-baseball-hall-of-fame-and-museum/,node,22762,history-content/website-reviews/national-baseball-hall-of-fame-and-museum.md,matched,
/node/22763,/history-content/website-reviews/the-lindbergh-case-the-trial-of-the-century/,node,22763,history-content/website-reviews/the-lindbergh-case-the-trial-of-the-century.md,matched,
/node/22764,/history-content/website-reviews/still-going-on-celebrating-the-life-and-times-of-william-grant-still/,node,22764,history-content/website-reviews/still-going-on-celebrating-the-life-and-times-of-william-grant-still.md,matched,
/node/22765,/history-content/website-reviews/people-with-a-history-lesbian-gay-bisexual-and-trans-history/,node,22765,history-content/website-reviews/people-with-a-history-lesbian-gay-bisexual-and-trans-history.md,matched,
/node/22766,/history-content/website-reviews/archiving-early-america/,node,22766,history-content/website-reviews/archiving-early-america.md,matched,
/node/22767,/history-content/website-reviews/civil-war-letters-of-galutia-york/,node,22767,history-content/website-reviews/civil-war-letters-of-galutia-york.md,matched,
/node/22768,/history-content/website-reviews/posters-american-style/,node,22768,history-content/website-reviews/posters-american-style.md,matched,
/node/22769,/history-content/website-reviews/womens-studies-database/,node,22769,history-content/website-reviews/womens-studies-database.md,matched,
/node/22770,/history-content/website-reviews/letters-from-an-iowa-soldier-in-the-civil-war/,node,22770,history-content/website-reviews/letters-from-an-iowa-soldier-in-the-civil-war.md,matched,
/node/22771,/history-content/website-reviews/images-of-battle-selected-civil-war-letters/,node,22771,history-content/website-reviews/images-of-battle-selected-civil-war-letters.md,matched,
/node/22773,/history-content/website-reviews/godeys-ladys-book-online/,node,22773,history-content/website-reviews/godeys-ladys-book-online.md,matched,
/node/22774,/history-content/website-reviews/women-in-america-1820-to-1842/,node,22774,history-content/website-reviews/women-in-america-1820-to-1842.md,matched,
/node/22777,/history-content/website-reviews/japanese-american-internment/,node,22777,history-content/website-reviews/japanese-american-internment.md,matched,
/node/22779,/history-content/website-reviews/remembering-nagasaki/,node,22779,history-content/website-reviews/remembering-nagasaki.md,matched,
/node/22781,/history-content/website-reviews/sixties-project-viet-nam-generation/,node,22781,history-content/website-reviews/sixties-project-viet-nam-generation.md,matched,
/node/22782,/history-content/website-reviews/1492-an-ongoing-voyage/,node,22782,history-content/website-reviews/1492-an-ongoing-voyage.md,matched,
/node/22783,/history-content/website-reviews/views-of-the-famine/,node,22783,history-content/website-reviews/views-of-the-famine.md,matched,
/node/22784,/history-content/website-reviews/hiroshima-peace-site/,node,22784,history-content/website-reviews/hiroshima-peace-site.md,matched,
/node/22785,/history-content/website-reviews/a-cybrary-of-the-holocaust/,node,22785,history-content/website-reviews/a-cybrary-of-the-holocaust.md,matched,
/node/22786,/history-content/website-reviews/thomas-jefferson-on-politics-and-government/,node,22786,history-content/website-reviews/thomas-jefferson-on-politics-and-government.md,matched,
/node/22787,/history-content/website-reviews/powers-of-persuasion-poster-art-from-world-war-ii/,node,22787,history-content/website-reviews/powers-of-persuasion-poster-art-from-world-war-ii.md,matched,
/node/22788,/history-content/website-reviews/when-nixon-met-elvis/,node,22788,history-content/website-reviews/when-nixon-met-elvis.md,matched,
/node/22789,/history-content/website-reviews/american-originals/,node,22789,history-content/website-reviews/american-originals.md,matched,
/node/22790,/history-content/website-reviews/a-new-deal-for-the-arts/,node,22790,history-content/website-reviews/a-new-deal-for-the-arts.md,matched,
/node/22791,/history-content/website-reviews/a-people-at-war/,node,22791,history-content/website-reviews/a-people-at-war.md,matched,
/node/22792,/history-content/website-reviews/california-heritage-collection/,node,22792,history-content/website-reviews/california-heritage-collection.md,matched,
/node/22793,/history-content/website-reviews/first-person-narratives-of-the-american-south-1860-1920/,node,22793,history-content/website-reviews/first-person-narratives-of-the-american-south-1860-1920.md,matched,
/node/22794,/history-content/website-reviews/an-american-ballroom-companion-dance-instruction-manuals-ca-1490-1920/,node,22794,history-content/website-reviews/an-american-ballroom-companion-dance-instruction-manuals-ca-1490-1920.md,matched,
/node/22795,/history-content/website-reviews/buckaroos-in-paradise-ranching-culture-in-northern-nevada-1945-1982/,node,22795,history-content/website-reviews/buckaroos-in-paradise-ranching-culture-in-northern-nevada-1945-1982.md,matched,
/node/22796,/history-content/website-reviews/documents-from-the-womens-liberation-movement/,node,22796,history-content/website-reviews/documents-from-the-womens-liberation-movement.md,matched,
/node/22797,/history-content/website-reviews/george-percival-scriven-an-american-in-bohol-the-philippines-1899-1901/,node,22797,history-content/website-reviews/george-percival-scriven-an-american-in-bohol-the-philippines-1899-1901.md,matched,
/node/22798,/history-content/website-reviews/african-american-women/,node,22798,history-content/website-reviews/african-american-women.md,matched,
/node/22799,/history-content/website-reviews/america-votes-presidential-campaign-memorabilia/,node,22799,history-content/website-reviews/america-votes-presidential-campaign-memorabilia.md,matched,
/node/22800,/history-content/website-reviews/emma-spaulding-bryant-letters/,node,22800,history-content/website-reviews/emma-spaulding-bryant-letters.md,matched,
/node/22801,/history-content/website-reviews/the-urban-landscape/,node,22801,history-content/website-reviews/the-urban-landscape.md,matched,
/node/22802,/history-content/website-reviews/political-thought-page/,node,22802,history-content/website-reviews/political-thought-page.md,matched,
/node/22803,/history-content/website-reviews/living-the-legacy-the-womens-rights-movement-1848-1998/,node,22803,history-content/website-reviews/living-the-legacy-the-womens-rights-movement-1848-1998.md,matched,
/node/22804,/history-content/website-reviews/center-for-working-class-studies/,node,22804,history-content/website-reviews/center-for-working-class-studies.md,matched,
/node/22808,/history-content/website-reviews/hitting-the-sawdust-trail-with-billy-sunday/,node,22808,history-content/website-reviews/hitting-the-sawdust-trail-with-billy-sunday.md,matched,
/node/22809,/history-content/website-reviews/architecture-and-interior-design-for-america-1935-1955/,node,22809,history-content/website-reviews/architecture-and-interior-design-for-america-1935-1955.md,matched,
/node/22810,/history-content/website-reviews/jackie-robinson-and-other-baseball-highlights-1860s-1960s/,node,22810,history-content/website-reviews/jackie-robinson-and-other-baseball-highlights-1860s-1960s.md,matched,
/node/22811,/history-content/website-reviews/new-deal-stage-selections-from-the-federal-theatre-project-1935-1939/,node,22811,history-content/website-reviews/new-deal-stage-selections-from-the-federal-theatre-project-1935-1939.md,matched,
/node/22812,/history-content/website-reviews/photographs-from-the-fred-hulstrand-and-f-a-pazandak-photograph-collections/,node,22812,history-content/website-reviews/photographs-from-the-fred-hulstrand-and-f-a-pazandak-photograph-collections.md,matched,
/node/22813,/history-content/website-reviews/creative-americans-portraits-by-carl-van-vechten-1932-1964/,node,22813,history-content/website-reviews/creative-americans-portraits-by-carl-van-vechten-1932-1964.md,matched,
/node/22814,/history-content/website-reviews/by-popular-demand-votes-for-women-suffrage-pictures-1850-1920/,node,22814,history-content/website-reviews/by-popular-demand-votes-for-women-suffrage-pictures-1850-1920.md,matched,
/node/22815,/history-content/website-reviews/washington-as-it-was-photographs-by-theodor-horydczak-1923-1959/,node,22815,history-content/website-reviews/washington-as-it-was-photographs-by-theodor-horydczak-1923-1959.md,matched,
/node/22816,/history-content/website-reviews/words-and-deeds-in-american-history/,node,22816,history-content/website-reviews/words-and-deeds-in-american-history.md,matched,
/node/22817,/history-content/website-reviews/organization-of-american-historians/,node,22817,history-content/website-reviews/organization-of-american-historians.md,matched,
/node/22818,/history-content/website-reviews/modern-and-contemporary-american-poetry/,node,22818,history-content/website-reviews/modern-and-contemporary-american-poetry.md,matched,
/node/22819,/history-content/website-reviews/www-virtual-library-history-central-catalogue/,node,22819,history-content/website-reviews/www-virtual-library-history-central-catalogue.md,matched,
/node/22820,/history-content/website-reviews/history-the-national-park-service/,node,22820,history-content/website-reviews/history-the-national-park-service.md,matched,
/node/22821,/history-content/website-reviews/national-center-for-history-in-the-schools/,node,22821,history-content/website-reviews/national-center-for-history-in-the-schools.md,matched,
/node/22822,/history-content/website-reviews/digital-librarian-a-librarians-choice-of-the-best-of-the-history-web/,node,22822,history-content/website-reviews/digital-librarian-a-librarians-choice-of-the-best-of-the-history-web.md,matched,
/node/22824,/history-content/website-reviews/excerpts-from-slave-narratives/,node,22824,history-content/website-reviews/excerpts-from-slave-narratives.md,matched,
/node/22825,/history-content/website-reviews/third-person-first-person-slave-voices/,node,22825,history-content/website-reviews/third-person-first-person-slave-voices.md,matched,
/node/22826,/history-content/website-reviews/voices-from-the-gaps-women-writers-and-artists-of-color/,node,22826,history-content/website-reviews/voices-from-the-gaps-women-writers-and-artists-of-color.md,matched,
/node/22827,/history-content/website-reviews/freedmen-and-southern-society-project/,node,22827,history-content/website-reviews/freedmen-and-southern-society-project.md,matched,
/node/22829,/history-content/website-reviews/chickasaw-historical-research-page/,node,22829,history-content/website-reviews/chickasaw-historical-research-page.md,matched,
/node/22830,/history-content/website-reviews/american-womens-history-a-research-guide/,node,22830,history-content/website-reviews/american-womens-history-a-research-guide.md,matched,
/node/22832,/history-content/website-reviews/american-museum-of-photography/,node,22832,history-content/website-reviews/american-museum-of-photography.md,matched,
/node/22833,/history-content/website-reviews/fdr-cartoon-archive/,node,22833,history-content/website-reviews/fdr-cartoon-archive.md,matched,
/node/22834,/history-content/website-reviews/westweb-western-studies-and-research-resources/,node,22834,history-content/website-reviews/westweb-western-studies-and-research-resources.md,matched,
/node/22835,/history-content/website-reviews/the-five-points-site/,node,22835,history-content/website-reviews/the-five-points-site.md,matched,
/node/22836,/history-content/website-reviews/the-digital-classroom/,node,22836,history-content/website-reviews/the-digital-classroom.md,matched,
/node/22837,/history-content/website-reviews/scout-report-archives/,node,22837,history-content/website-reviews/scout-report-archives.md,matched,
/node/22839,/history-content/website-reviews/magic-illusion-and-detection-in-turn-of-the-century-america/,node,22839,history-content/website-reviews/magic-illusion-and-detection-in-turn-of-the-century-america.md,matched,
/node/22840,/history-content/website-reviews/h-net-humanities-and-social-sciences-online/,node,22840,history-content/website-reviews/h-net-humanities-and-social-sciences-online.md,matched,
/node/22841,/history-content/website-reviews/mapping-history/,node,22841,history-content/website-reviews/mapping-history.md,matched,
/node/22842,/history-content/website-reviews/at-home-in-the-heartland/,node,22842,history-content/website-reviews/at-home-in-the-heartland.md,matched,
/node/22844,/history-content/website-reviews/crisis-at-fort-sumter/,node,22844,history-content/website-reviews/crisis-at-fort-sumter.md,matched,
/node/22845,/history-content/website-reviews/lewis-and-clark-maps-of-exploration-1507-1814/,node,22845,history-content/website-reviews/lewis-and-clark-maps-of-exploration-1507-1814.md,matched,
/node/22846,/history-content/website-reviews/regarding-vietnam-stories-since-the-war/,node,22846,history-content/website-reviews/regarding-vietnam-stories-since-the-war.md,matched,
/node/22847,/history-content/website-reviews/womens-history-the-1850-worcester-convention/,node,22847,history-content/website-reviews/womens-history-the-1850-worcester-convention.md,matched,
/node/22848,/history-content/website-reviews/seneca-village/,node,22848,history-content/website-reviews/seneca-village.md,matched,
/node/22849,/history-content/website-reviews/by-popular-demand-portraits-of-the-presidents-and-first-ladies-1789-present/,node,22849,history-content/website-reviews/by-popular-demand-portraits-of-the-presidents-and-first-ladies-1789-present.md,matched,
/node/22850,/history-content/website-reviews/the-alexis-de-tocqueville-tour-exploring-democracy-in-america/,node,22850,history-content/website-reviews/the-alexis-de-tocqueville-tour-exploring-democracy-in-america.md,matched,
/node/22851,/history-content/website-reviews/american-treasures-of-the-library-of-congress/,node,22851,history-content/website-reviews/american-treasures-of-the-library-of-congress.md,matched,
/node/22852,/history-content/website-reviews/chicago-imagebase/,node,22852,history-content/website-reviews/chicago-imagebase.md,matched,
/node/22854,/history-content/website-reviews/cold-war-postwar-estrangement/,node,22854,history-content/website-reviews/cold-war-postwar-estrangement.md,matched,
/node/22855,/history-content/website-reviews/the-president-john-f-kennedy-assassination-records-collection/,node,22855,history-content/website-reviews/the-president-john-f-kennedy-assassination-records-collection.md,matched,
/node/22856,/history-content/website-reviews/the-internet-african-american-history-challenge/,node,22856,history-content/website-reviews/the-internet-african-american-history-challenge.md,matched,
/node/22857,/history-content/website-reviews/augustana-college-library-digital-projects/,node,22857,history-content/website-reviews/augustana-college-library-digital-projects.md,matched,
/node/22859,/history-content/website-reviews/nativeweb-resources-for-indigneous-cultures-around-the-world/,node,22859,history-content/website-reviews/nativeweb-resources-for-indigneous-cultures-around-the-world.md,matched,
/node/22860,/history-content/website-reviews/center-for-the-study-of-the-american-south/,node,22860,history-content/website-reviews/center-for-the-study-of-the-american-south.md,matched,
/node/22862,/history-content/website-reviews/omohundro-institute-of-early-american-history-and-culture/,node,22862,history-content/website-reviews/omohundro-institute-of-early-american-history-and-culture.md,matched,
/node/22863,/history-content/website-reviews/project-muse-journals-online/,node,22863,history-content/website-reviews/project-muse-journals-online.md,matched,
/node/22864,/history-content/website-reviews/encyclopedia-britannica/,node,22864,history-content/website-reviews/encyclopedia-britannica.md,matched,
/node/22865,/history-content/website-reviews/pluralism-and-unity/,node,22865,history-content/website-reviews/pluralism-and-unity.md,matched,
/node/22866,/history-content/website-reviews/building-an-archives/,node,22866,history-content/website-reviews/building-an-archives.md,matched,
/node/22867,/history-content/website-reviews/lewis-and-clark-the-journey-of-the-corps-of-discovery/,node,22867,history-content/website-reviews/lewis-and-clark-the-journey-of-the-corps-of-discovery.md,matched,
/node/22869,/history-content/website-reviews/voice-of-the-shuttle-web-page-for-humanities-research/,node,22869,history-content/website-reviews/voice-of-the-shuttle-web-page-for-humanities-research.md,matched,
/node/22870,/history-content/website-reviews/investigating-the-vietnam-war/,node,22870,history-content/website-reviews/investigating-the-vietnam-war.md,matched,
/node/22871,/history-content/website-reviews/a-curriculum-of-united-states-labor-history-for-teachers/,node,22871,history-content/website-reviews/a-curriculum-of-united-states-labor-history-for-teachers.md,matched,
/node/22874,/history-content/website-reviews/rare-map-collection/,node,22874,history-content/website-reviews/rare-map-collection.md,matched,
/node/22875,/history-content/website-reviews/democracy-in-america-alexis-de-tocqueville/,node,22875,history-content/website-reviews/democracy-in-america-alexis-de-tocqueville.md,matched,
/node/22876,/history-content/website-reviews/hard-hat-riots-an-online-history-project/,node,22876,history-content/website-reviews/hard-hat-riots-an-online-history-project.md,matched,
/node/22877,/history-content/website-reviews/coal-mining-in-the-gilded-age-and-progressive-era/,node,22877,history-content/website-reviews/coal-mining-in-the-gilded-age-and-progressive-era.md,matched,
/node/22879,/blog/bookmark-this-teaching-mexican-american-history-with-the-bracero-program/,node,22879,blog/bookmark-this-teaching-mexican-american-history-with-the-bracero-program.md,matched,
/node/22886,/blog/teaching-the-constitution/,node,22886,blog/teaching-the-constitution.md,matched,
/node/22888,/history-content/national-resources/federal-judiciary/,node,22888,history-content/national-resources/federal-judiciary.md,matched,
/node/22889,/history-content/national-resources/bureau-of-alcohol-tobacco-firearms-and-explosives/,node,22889,history-content/national-resources/bureau-of-alcohol-tobacco-firearms-and-explosives.md,matched,
/node/22890,/best-practices/examples-of-historical-thinking/creative-memo-on-lays-products/,node,22890,best-practices/examples-of-historical-thinking/creative-memo-on-lays-products.md,matched,
/node/22893,/teaching-materials/ask-a-master-teacher/history-is-all-around-us/,node,22893,teaching-materials/ask-a-master-teacher/history-is-all-around-us.md,matched,
/node/22894,/history-content/ask-a-historian/spain-in-the-american-revolution/,node,22894,history-content/ask-a-historian/spain-in-the-american-revolution.md,matched,
/node/22895,/history-content/ask-a-historian/founding-documents/,node,22895,history-content/ask-a-historian/founding-documents.md,matched,
/node/22900,/blog/online-professional-development-through-the-library-of-congress/,node,22900,blog/online-professional-development-through-the-library-of-congress.md,matched,
/node/22901,/teaching-materials/ask-a-master-teacher/resources-on-native-american-history/,node,22901,teaching-materials/ask-a-master-teacher/resources-on-native-american-history.md,matched,
/node/22907,/blog/bookmark-this-gilder-lehrmans-history-now/,node,22907,blog/bookmark-this-gilder-lehrmans-history-now.md,matched,
/node/22915,/history-content/national-resources/federal-highway-administration/,node,22915,history-content/national-resources/federal-highway-administration.md,matched,
/node/22916,/history-content/national-resources/los-alamos-national-laboratory/,node,22916,history-content/national-resources/los-alamos-national-laboratory.md,matched,
/node/22927,/history-content/ask-a-historian/breaking-the-news-in-1900/,node,22927,history-content/ask-a-historian/breaking-the-news-in-1900.md,matched,
/node/22928,/blog/especially-for-secondary-school-teachers-american-history-on-facebook/,node,22928,blog/especially-for-secondary-school-teachers-american-history-on-facebook.md,matched,
/node/22929,/blog/bookmark-this-free-maps/,node,22929,blog/bookmark-this-free-maps.md,matched,
/node/22940,/blog/primary-sources-100-milestone-documents/,node,22940,blog/primary-sources-100-milestone-documents.md,matched,
/node/22941,/history-content/national-resources/federal-trade-commission/,node,22941,history-content/national-resources/federal-trade-commission.md,matched,
/node/22942,/history-content/national-resources/indian-health-service/,node,22942,history-content/national-resources/indian-health-service.md,matched,
/node/22950,/blog/bookmark-this-virtual-fieldtrips/,node,22950,blog/bookmark-this-virtual-fieldtrips.md,matched,
/node/22951,/blog/teaching-about-columbus-day-mythbusters/,node,22951,blog/teaching-about-columbus-day-mythbusters.md,matched,
/node/22958,/history-content/national-resources/national-center-for-education-statistics/,node,22958,history-content/national-resources/national-center-for-education-statistics.md,matched,
/node/22962,/history-content/national-resources/selective-service-system/,node,22962,history-content/national-resources/selective-service-system.md,matched,
/node/22963,/teaching-materials/ask-a-master-teacher/realizing-the-value-of-primary-sources/,node,22963,teaching-materials/ask-a-master-teacher/realizing-the-value-of-primary-sources.md,matched,
/node/22964,/history-content/website-reviews/roy-rosenzweig-center-for-history-and-new-media/,node,22964,history-content/website-reviews/roy-rosenzweig-center-for-history-and-new-media.md,matched,
/node/22966,/history-content/website-reviews/bethlehem-digital-history-project/,node,22966,history-content/website-reviews/bethlehem-digital-history-project.md,matched,
/node/22967,/history-content/website-reviews/connecticut-history-online/,node,22967,history-content/website-reviews/connecticut-history-online.md,matched,
/node/22968,/history-content/website-reviews/george-mason-university-electronic-documentary-history/,node,22968,history-content/website-reviews/george-mason-university-electronic-documentary-history.md,matched,
/node/22970,/history-content/website-reviews/presidents-of-the-united-states-potus/,node,22970,history-content/website-reviews/presidents-of-the-united-states-potus.md,matched,
/node/22971,/history-content/website-reviews/freedom-bound-the-underground-railroad-in-lycoming-county-pa/,node,22971,history-content/website-reviews/freedom-bound-the-underground-railroad-in-lycoming-county-pa.md,matched,
/node/22972,/history-content/website-reviews/mission-to-arizona-19161940-father-augustine-schwarz-ofm/,node,22972,history-content/website-reviews/mission-to-arizona-19161940-father-augustine-schwarz-ofm.md,matched,
/node/22973,/history-content/website-reviews/san-francisco-historical-photograph-collection/,node,22973,history-content/website-reviews/san-francisco-historical-photograph-collection.md,matched,
/node/22974,/history-content/website-reviews/home-economics-archive-research-tradition-history/,node,22974,history-content/website-reviews/home-economics-archive-research-tradition-history.md,matched,
/node/22975,/history-content/website-reviews/the-story-of-virginia/,node,22975,history-content/website-reviews/the-story-of-virginia.md,matched,
/node/22976,/history-content/website-reviews/civil-rights-movement-veterans/,node,22976,history-content/website-reviews/civil-rights-movement-veterans.md,matched,
/node/22977,/history-content/website-reviews/american-photography-a-century-of-images/,node,22977,history-content/website-reviews/american-photography-a-century-of-images.md,matched,
/node/22978,/history-content/website-reviews/rediscovering-george-washington/,node,22978,history-content/website-reviews/rediscovering-george-washington.md,matched,
/node/22979,/history-content/website-reviews/the-zora-neale-hurston-plays/,node,22979,history-content/website-reviews/the-zora-neale-hurston-plays.md,matched,
/node/22980,/history-content/website-reviews/voices-from-the-days-of-slavery-former-slaves-tell-their-stories/,node,22980,history-content/website-reviews/voices-from-the-days-of-slavery-former-slaves-tell-their-stories.md,matched,
/node/22981,/history-content/website-reviews/new-france-new-horizons-on-french-soil-in-america/,node,22981,history-content/website-reviews/new-france-new-horizons-on-french-soil-in-america.md,matched,
/node/22982,/history-content/website-reviews/wra-photographs-of-japanese-american-evacuation-and-resettlement/,node,22982,history-content/website-reviews/wra-photographs-of-japanese-american-evacuation-and-resettlement.md,matched,
/node/22983,/history-content/website-reviews/kennedy-and-castro-the-secret-history/,node,22983,history-content/website-reviews/kennedy-and-castro-the-secret-history.md,matched,
/node/22984,/history-content/website-reviews/tupperware/,node,22984,history-content/website-reviews/tupperware.md,matched,
/node/22985,/history-content/website-reviews/women-of-valor/,node,22985,history-content/website-reviews/women-of-valor.md,matched,
/node/22986,/history-content/website-reviews/utah-digital-newspapers/,node,22986,history-content/website-reviews/utah-digital-newspapers.md,matched,
/node/22987,/history-content/website-reviews/african-americans-in-the-spanish-civil-war/,node,22987,history-content/website-reviews/african-americans-in-the-spanish-civil-war.md,matched,
/node/22988,/history-content/website-reviews/maine-memory-network/,node,22988,history-content/website-reviews/maine-memory-network.md,matched,
/node/22989,/history-content/website-reviews/what-exit-new-jersey-and-its-turnpike/,node,22989,history-content/website-reviews/what-exit-new-jersey-and-its-turnpike.md,matched,
/node/22990,/history-content/website-reviews/the-united-states-and-brazil-expanding-frontiers-comparing-cultures/,node,22990,history-content/website-reviews/the-united-states-and-brazil-expanding-frontiers-comparing-cultures.md,matched,
/node/22992,/history-content/website-reviews/the-vietnam-project/,node,22992,history-content/website-reviews/the-vietnam-project.md,matched,
/node/22993,/history-content/website-reviews/colonial-house/,node,22993,history-content/website-reviews/colonial-house.md,matched,
/node/22995,/history-content/website-reviews/education-by-design-using-visual-aids/,node,22995,history-content/website-reviews/education-by-design-using-visual-aids.md,matched,
/node/22996,/history-content/website-reviews/american-memory-learning-page/,node,22996,history-content/website-reviews/american-memory-learning-page.md,matched,
/node/22998,/history-content/website-reviews/carriers-addresses/,node,22998,history-content/website-reviews/carriers-addresses.md,matched,
/node/22999,/history-content/website-reviews/a-civil-war-soldier-in-the-wild-cat-regiment/,node,22999,history-content/website-reviews/a-civil-war-soldier-in-the-wild-cat-regiment.md,matched,
/node/23000,/history-content/website-reviews/the-new-georgia-encyclopedia/,node,23000,history-content/website-reviews/the-new-georgia-encyclopedia.md,matched,
/node/23001,/history-content/website-reviews/spalding-base-ball-guides-1889-1939/,node,23001,history-content/website-reviews/spalding-base-ball-guides-1889-1939.md,matched,
/node/23002,/history-content/website-reviews/military-campaign-maps/,node,23002,history-content/website-reviews/military-campaign-maps.md,matched,
/node/23003,/history-content/website-reviews/women-working-1800-1930/,node,23003,history-content/website-reviews/women-working-1800-1930.md,matched,
/node/23004,/history-content/website-reviews/jonathan-edwards-online/,node,23004,history-content/website-reviews/jonathan-edwards-online.md,matched,
/node/23005,/history-content/website-reviews/the-pill/,node,23005,history-content/website-reviews/the-pill.md,matched,
/node/23006,/history-content/website-reviews/university-of-california-history-digital-archives/,node,23006,history-content/website-reviews/university-of-california-history-digital-archives.md,matched,
/node/23007,/history-content/website-reviews/brown-v-board-of-education-50th-anniversary-digital-archive/,node,23007,history-content/website-reviews/brown-v-board-of-education-50th-anniversary-digital-archive.md,matched,
/node/23008,/history-content/website-reviews/with-an-even-hand-brown-v-board-at-fifty/,node,23008,history-content/website-reviews/with-an-even-hand-brown-v-board-at-fifty.md,matched,
/node/23010,/history-content/website-reviews/womans-legal-history-biography-project/,node,23010,history-content/website-reviews/womans-legal-history-biography-project.md,matched,
/node/23011,/history-content/website-reviews/milwaukee-neighborhoods-photos-and-maps-1885-1992/,node,23011,history-content/website-reviews/milwaukee-neighborhoods-photos-and-maps-1885-1992.md,matched,
/node/23013,/history-content/website-reviews/washington-history/,node,23013,history-content/website-reviews/washington-history.md,matched,
/node/23014,/history-content/website-reviews/alexander-hamilton-the-man-who-made-modern-america/,node,23014,history-content/website-reviews/alexander-hamilton-the-man-who-made-modern-america.md,matched,
/node/23015,/history-content/website-reviews/childrens-books-online/,node,23015,history-content/website-reviews/childrens-books-online.md,matched,
/node/23016,/history-content/website-reviews/the-history-of-sanitary-sewers/,node,23016,history-content/website-reviews/the-history-of-sanitary-sewers.md,matched,
/node/23017,/history-content/website-reviews/humors-edge/,node,23017,history-content/website-reviews/humors-edge.md,matched,
/node/23018,/history-content/website-reviews/historical-maps-online/,node,23018,history-content/website-reviews/historical-maps-online.md,matched,
/node/23019,/history-content/website-reviews/harrisburgs-old-8th-ward/,node,23019,history-content/website-reviews/harrisburgs-old-8th-ward.md,matched,
/node/23020,/history-content/website-reviews/reston-collection-images/,node,23020,history-content/website-reviews/reston-collection-images.md,matched,
/node/23021,/history-content/website-reviews/boston-streets-mapping-directory-data/,node,23021,history-content/website-reviews/boston-streets-mapping-directory-data.md,matched,
/node/23022,/history-content/website-reviews/pittsburgh-city-photographer/,node,23022,history-content/website-reviews/pittsburgh-city-photographer.md,matched,
/node/23023,/history-content/website-reviews/popular-american-music/,node,23023,history-content/website-reviews/popular-american-music.md,matched,
/node/23024,/history-content/website-reviews/historic-topographic-maps-of-california/,node,23024,history-content/website-reviews/historic-topographic-maps-of-california.md,matched,
/node/23025,/history-content/website-reviews/samuel-f-b-morse-papers-1793-1919/,node,23025,history-content/website-reviews/samuel-f-b-morse-papers-1793-1919.md,matched,
/node/23026,/history-content/website-reviews/the-primeline-midi-library/,node,23026,history-content/website-reviews/the-primeline-midi-library.md,matched,
/node/23027,/history-content/website-reviews/perfessor-bill-edwards-ragtimeold-time-piano-gallery/,node,23027,history-content/website-reviews/perfessor-bill-edwards-ragtimeold-time-piano-gallery.md,matched,
/node/23028,/history-content/website-reviews/goldband-records-every-one-a-musical-treat/,node,23028,history-content/website-reviews/goldband-records-every-one-a-musical-treat.md,matched,
/node/23029,/history-content/website-reviews/the-american-presidency-a-glorious-burden/,node,23029,history-content/website-reviews/the-american-presidency-a-glorious-burden.md,matched,
/node/23030,/history-content/website-reviews/the-star-spangled-banner/,node,23030,history-content/website-reviews/the-star-spangled-banner.md,matched,
/node/23031,/history-content/website-reviews/american-roots-music/,node,23031,history-content/website-reviews/american-roots-music.md,matched,
/node/23032,/history-content/website-reviews/the-barbara-mcclintock-papers/,node,23032,history-content/website-reviews/the-barbara-mcclintock-papers.md,matched,
/node/23033,/history-content/website-reviews/a-more-perfect-union/,node,23033,history-content/website-reviews/a-more-perfect-union.md,matched,
/node/23035,/history-content/website-reviews/election-statistics/,node,23035,history-content/website-reviews/election-statistics.md,matched,
/node/23036,/history-content/website-reviews/familysearch/,node,23036,history-content/website-reviews/familysearch.md,matched,
/node/23037,/history-content/website-reviews/club-kaycee-golden-age-of-kansas-city-jazz/,node,23037,history-content/website-reviews/club-kaycee-golden-age-of-kansas-city-jazz.md,matched,
/node/23038,/history-content/website-reviews/sda-survey-documentation-and-analysis/,node,23038,history-content/website-reviews/sda-survey-documentation-and-analysis.md,matched,
/node/23039,/history-content/website-reviews/the-wright-brothers-in-photographs/,node,23039,history-content/website-reviews/the-wright-brothers-in-photographs.md,matched,
/node/23040,/history-content/website-reviews/the-church-in-the-southern-black-community-1780-1925/,node,23040,history-content/website-reviews/the-church-in-the-southern-black-community-1780-1925.md,matched,
/node/23042,/history-content/website-reviews/crime-and-justice-data-online/,node,23042,history-content/website-reviews/crime-and-justice-data-online.md,matched,
/node/23043,/history-content/website-reviews/wto-history-project/,node,23043,history-content/website-reviews/wto-history-project.md,matched,
/node/23044,/history-content/website-reviews/oneida-indian-nation-culture-and-history/,node,23044,history-content/website-reviews/oneida-indian-nation-culture-and-history.md,matched,
/node/23045,/history-content/website-reviews/belgian-american-research-collection/,node,23045,history-content/website-reviews/belgian-american-research-collection.md,matched,
/node/23046,/history-content/website-reviews/conservation-and-environmental-maps/,node,23046,history-content/website-reviews/conservation-and-environmental-maps.md,matched,
/node/23047,/history-content/website-reviews/the-uses-abuses-of-the-constitution/,node,23047,history-content/website-reviews/the-uses-abuses-of-the-constitution.md,matched,
/node/23048,/history-content/website-reviews/digital-map-collection/,node,23048,history-content/website-reviews/digital-map-collection.md,matched,
/node/23049,/history-content/website-reviews/national-museum-of-american-history-kenneth-e-behring-center/,node,23049,history-content/website-reviews/national-museum-of-american-history-kenneth-e-behring-center.md,matched,
/node/23050,/history-content/website-reviews/st-louis-circuit-court-historical-records-project/,node,23050,history-content/website-reviews/st-louis-circuit-court-historical-records-project.md,matched,
/node/23052,/history-content/website-reviews/picturing-modern-america-project/,node,23052,history-content/website-reviews/picturing-modern-america-project.md,matched,
/node/23053,/history-content/website-reviews/access-to-archival-databases/,node,23053,history-content/website-reviews/access-to-archival-databases.md,matched,
/node/23055,/history-content/website-reviews/photographs-of-the-historic-american-buildings-survey-georgia/,node,23055,history-content/website-reviews/photographs-of-the-historic-american-buildings-survey-georgia.md,matched,
/node/23056,/history-content/website-reviews/little-cowpuncher-rural-school-newspaper-of-southern-arizona/,node,23056,history-content/website-reviews/little-cowpuncher-rural-school-newspaper-of-southern-arizona.md,matched,
/node/23057,/history-content/website-reviews/earliest-voices-a-gallery-from-the-vincent-voice-library/,node,23057,history-content/website-reviews/earliest-voices-a-gallery-from-the-vincent-voice-library.md,matched,
/node/23058,/history-content/website-reviews/across-the-generations-exploring-us-history-through-family-papers/,node,23058,history-content/website-reviews/across-the-generations-exploring-us-history-through-family-papers.md,matched,
/node/23060,/history-content/website-reviews/great-lakes-maritime-history-project/,node,23060,history-content/website-reviews/great-lakes-maritime-history-project.md,matched,
/node/23061,/history-content/website-reviews/national-security-archive/,node,23061,history-content/website-reviews/national-security-archive.md,matched,
/node/23062,/history-content/website-reviews/presidential-elections/,node,23062,history-content/website-reviews/presidential-elections.md,matched,
/node/23063,/history-content/website-reviews/brooklyn-daily-eagle-online-1841-1902/,node,23063,history-content/website-reviews/brooklyn-daily-eagle-online-1841-1902.md,matched,
/node/23064,/history-content/website-reviews/drawing-the-western-frontier-the-james-e-taylor-album/,node,23064,history-content/website-reviews/drawing-the-western-frontier-the-james-e-taylor-album.md,matched,
/node/23065,/history-content/website-reviews/the-american-experience/,node,23065,history-content/website-reviews/the-american-experience.md,matched,
/node/23066,/history-content/website-reviews/riverboats-and-jazz/,node,23066,history-content/website-reviews/riverboats-and-jazz.md,matched,
/node/23067,/history-content/website-reviews/common-place-the-interactive-journal-of-early-american-life/,node,23067,history-content/website-reviews/common-place-the-interactive-journal-of-early-american-life.md,matched,
/node/23068,/history-content/website-reviews/conversations-with-history/,node,23068,history-content/website-reviews/conversations-with-history.md,matched,
/node/23069,/history-content/website-reviews/gold-rush/,node,23069,history-content/website-reviews/gold-rush.md,matched,
/node/23070,/history-content/website-reviews/web-de-anza/,node,23070,history-content/website-reviews/web-de-anza.md,matched,
/node/23071,/history-content/website-reviews/river-of-song/,node,23071,history-content/website-reviews/river-of-song.md,matched,
/node/23072,/history-content/website-reviews/new-perspectives-on-the-west/,node,23072,history-content/website-reviews/new-perspectives-on-the-west.md,matched,
/node/23073,/history-content/website-reviews/toledos-attic-a-virtual-museum-of-toledo-ohio/,node,23073,history-content/website-reviews/toledos-attic-a-virtual-museum-of-toledo-ohio.md,matched,
/node/23075,/history-content/website-reviews/dr-seuss-went-to-war-a-catalog-of-political-cartoons/,node,23075,history-content/website-reviews/dr-seuss-went-to-war-a-catalog-of-political-cartoons.md,matched,
/node/23076,/history-content/website-reviews/presidential-elections-and-the-electoral-college/,node,23076,history-content/website-reviews/presidential-elections-and-the-electoral-college.md,matched,
/node/23077,/history-content/website-reviews/eye-of-the-storm/,node,23077,history-content/website-reviews/eye-of-the-storm.md,matched,
/node/23078,/history-content/website-reviews/florida-heritage-collection/,node,23078,history-content/website-reviews/florida-heritage-collection.md,matched,
/node/23079,/history-content/website-reviews/the-texas-constitutions-digitization-project/,node,23079,history-content/website-reviews/the-texas-constitutions-digitization-project.md,matched,
/node/23080,/history-content/website-reviews/jazz-a-film-by-ken-burns/,node,23080,history-content/website-reviews/jazz-a-film-by-ken-burns.md,matched,
/node/23081,/history-content/website-reviews/mapping-the-national-parks/,node,23081,history-content/website-reviews/mapping-the-national-parks.md,matched,
/node/23082,/history-content/website-reviews/the-life-of-a-city-early-films-of-new-york-1898-1906/,node,23082,history-content/website-reviews/the-life-of-a-city-early-films-of-new-york-1898-1906.md,matched,
/node/23083,/history-content/website-reviews/the-19th-century-in-print-books/,node,23083,history-content/website-reviews/the-19th-century-in-print-books.md,matched,
/node/23084,/history-content/website-reviews/the-19th-century-in-print-periodicals/,node,23084,history-content/website-reviews/the-19th-century-in-print-periodicals.md,matched,
/node/23085,/history-content/website-reviews/omaha-indian-music/,node,23085,history-content/website-reviews/omaha-indian-music.md,matched,
/node/23086,/history-content/website-reviews/puerto-rico-at-the-dawn-of-the-modern-age/,node,23086,history-content/website-reviews/puerto-rico-at-the-dawn-of-the-modern-age.md,matched,
/node/23087,/history-content/website-reviews/quilts-and-quiltmaking-in-america-1978-1996/,node,23087,history-content/website-reviews/quilts-and-quiltmaking-in-america-1978-1996.md,matched,
/node/23088,/history-content/website-reviews/railroad-maps-1828-1900/,node,23088,history-content/website-reviews/railroad-maps-1828-1900.md,matched,
/node/23089,/history-content/website-reviews/the-american-revolution-and-its-era-maps-and-charts/,node,23089,history-content/website-reviews/the-american-revolution-and-its-era-maps-and-charts.md,matched,
/node/23090,/history-content/website-reviews/theodore-roosevelt-his-life-and-times-on-film/,node,23090,history-content/website-reviews/theodore-roosevelt-his-life-and-times-on-film.md,matched,
/node/23091,/history-content/website-reviews/before-and-after-the-earthquake-and-fire-early-films-of-san-francisco/,node,23091,history-content/website-reviews/before-and-after-the-earthquake-and-fire-early-films-of-san-francisco.md,matched,
/node/23092,/history-content/website-reviews/historic-american-sheet-music-1850-1920/,node,23092,history-content/website-reviews/historic-american-sheet-music-1850-1920.md,matched,
/node/23093,/history-content/website-reviews/music-for-the-nation-american-sheet-music-1870-1885/,node,23093,history-content/website-reviews/music-for-the-nation-american-sheet-music-1870-1885.md,matched,
/node/23094,/history-content/website-reviews/america-singing-19th-century-song-sheets/,node,23094,history-content/website-reviews/america-singing-19th-century-song-sheets.md,matched,
/node/23095,/history-content/website-reviews/pioneering-the-upper-midwest-rare-books-c-1820-1910/,node,23095,history-content/website-reviews/pioneering-the-upper-midwest-rare-books-c-1820-1910.md,matched,
/node/23097,/history-content/website-reviews/the-cuban-missile-crisis-1962-the-40th-anniversary/,node,23097,history-content/website-reviews/the-cuban-missile-crisis-1962-the-40th-anniversary.md,matched,
/node/23098,/history-content/website-reviews/james-fenimore-cooper-society/,node,23098,history-content/website-reviews/james-fenimore-cooper-society.md,matched,
/node/23100,/history-content/website-reviews/the-3cities-project/,node,23100,history-content/website-reviews/the-3cities-project.md,matched,
/node/23102,/history-content/website-reviews/camping-with-the-siouxfieldwork-diary-of-alice-cunningham-fletcher/,node,23102,history-content/website-reviews/camping-with-the-siouxfieldwork-diary-of-alice-cunningham-fletcher.md,matched,
/node/23103,/history-content/website-reviews/korean-american-digital-archive/,node,23103,history-content/website-reviews/korean-american-digital-archive.md,matched,
/node/23104,/history-content/website-reviews/documents-relating-to-american-foreign-policy-during-the-cuban-missile-crisis/,node,23104,history-content/website-reviews/documents-relating-to-american-foreign-policy-during-the-cuban-missile-crisis.md,matched,
/node/23105,/history-content/website-reviews/fdic-historical-studies/,node,23105,history-content/website-reviews/fdic-historical-studies.md,matched,
/node/23106,/history-content/website-reviews/19th-century-advertising-harpers-weekly/,node,23106,history-content/website-reviews/19th-century-advertising-harpers-weekly.md,matched,
/node/23107,/history-content/website-reviews/hannah-arendt-papers/,node,23107,history-content/website-reviews/hannah-arendt-papers.md,matched,
/node/23108,/history-content/website-reviews/kellogg-african-american-health-care-project-the-oral-histories/,node,23108,history-content/website-reviews/kellogg-african-american-health-care-project-the-oral-histories.md,matched,
/node/23109,/history-content/website-reviews/may-4-collection-kent-state-university/,node,23109,history-content/website-reviews/may-4-collection-kent-state-university.md,matched,
/node/23110,/history-content/website-reviews/civics-online/,node,23110,history-content/website-reviews/civics-online.md,matched,
/node/23111,/history-content/website-reviews/history-cooperative/,node,23111,history-content/website-reviews/history-cooperative.md,matched,
/node/23112,/history-content/website-reviews/online-encyclopedia-of-washington-state-history/,node,23112,history-content/website-reviews/online-encyclopedia-of-washington-state-history.md,matched,
/node/23113,/history-content/website-reviews/traveling-culture-circuit-chautauqua-in-the-twentieth-century/,node,23113,history-content/website-reviews/traveling-culture-circuit-chautauqua-in-the-twentieth-century.md,matched,
/node/23114,/history-content/website-reviews/max-hunter-folk-song-collection/,node,23114,history-content/website-reviews/max-hunter-folk-song-collection.md,matched,
/node/23115,/history-content/website-reviews/papers-of-john-jay/,node,23115,history-content/website-reviews/papers-of-john-jay.md,matched,
/node/23116,/history-content/website-reviews/one-hundred-years-of-photography-from-the-national-archives/,node,23116,history-content/website-reviews/one-hundred-years-of-photography-from-the-national-archives.md,matched,
/node/23117,/history-content/website-reviews/historical-atlas-of-the-twentieth-century/,node,23117,history-content/website-reviews/historical-atlas-of-the-twentieth-century.md,matched,
/node/23118,/history-content/website-reviews/a-brush-with-history-paintings-from-the-national-portrait-gallery/,node,23118,history-content/website-reviews/a-brush-with-history-paintings-from-the-national-portrait-gallery.md,matched,
/node/23119,/history-content/website-reviews/a-southern-mill-village-history-of-old-west-durham/,node,23119,history-content/website-reviews/a-southern-mill-village-history-of-old-west-durham.md,matched,
/node/23120,/history-content/website-reviews/to-the-moon/,node,23120,history-content/website-reviews/to-the-moon.md,matched,
/node/23121,/history-content/website-reviews/nber-macrohistory-database/,node,23121,history-content/website-reviews/nber-macrohistory-database.md,matched,
/node/23122,/history-content/website-reviews/hall-of-black-achievement-gallery/,node,23122,history-content/website-reviews/hall-of-black-achievement-gallery.md,matched,
/node/23123,/history-content/website-reviews/a-maritime-perspective-on-american-expansion-1820-1890/,node,23123,history-content/website-reviews/a-maritime-perspective-on-american-expansion-1820-1890.md,matched,
/node/23124,/history-content/website-reviews/jo-freemancom/,node,23124,history-content/website-reviews/jo-freemancom.md,matched,
/node/23127,/history-content/website-reviews/freeze-frame-eadweard-muybridges-photography-of-motion/,node,23127,history-content/website-reviews/freeze-frame-eadweard-muybridges-photography-of-motion.md,matched,
/node/23129,/history-content/website-reviews/women-artists-of-the-american-west/,node,23129,history-content/website-reviews/women-artists-of-the-american-west.md,matched,
/node/23130,/history-content/website-reviews/photographs-of-the-american-west-1861-1912/,node,23130,history-content/website-reviews/photographs-of-the-american-west-1861-1912.md,matched,
/node/23131,/history-content/website-reviews/pictures-of-african-americans-during-world-war-ii/,node,23131,history-content/website-reviews/pictures-of-african-americans-during-world-war-ii.md,matched,
/node/23132,/history-content/website-reviews/pictures-of-the-american-city/,node,23132,history-content/website-reviews/pictures-of-the-american-city.md,matched,
/node/23133,/history-content/website-reviews/pictures-of-world-war-ii/,node,23133,history-content/website-reviews/pictures-of-world-war-ii.md,matched,
/node/23134,/history-content/website-reviews/william-gedney-photographs-and-writings/,node,23134,history-content/website-reviews/william-gedney-photographs-and-writings.md,matched,
/node/23135,/history-content/website-reviews/a-visual-journey-photographs-by-lisa-law-1965-1971/,node,23135,history-content/website-reviews/a-visual-journey-photographs-by-lisa-law-1965-1971.md,matched,
/node/23137,/history-content/website-reviews/the-daguerreian-society/,node,23137,history-content/website-reviews/the-daguerreian-society.md,matched,
/node/23140,/history-content/website-reviews/private-passions-public-legacy-paul-mellons-personal-library/,node,23140,history-content/website-reviews/private-passions-public-legacy-paul-mellons-personal-library.md,matched,
/node/23141,/history-content/website-reviews/bay-of-pigs-reports/,node,23141,history-content/website-reviews/bay-of-pigs-reports.md,matched,
/node/23142,/history-content/website-reviews/an-american-family-the-beecher-tradition/,node,23142,history-content/website-reviews/an-american-family-the-beecher-tradition.md,matched,
/node/23143,/history-content/website-reviews/regional-oral-history-office/,node,23143,history-content/website-reviews/regional-oral-history-office.md,matched,
/node/23144,/history-content/website-reviews/free-speech-movement-student-protest-uc-berkeley-1964-65/,node,23144,history-content/website-reviews/free-speech-movement-student-protest-uc-berkeley-1964-65.md,matched,
/node/23146,/history-content/website-reviews/slave-movement-during-the-18th-and-19th-centuries/,node,23146,history-content/website-reviews/slave-movement-during-the-18th-and-19th-centuries.md,matched,
/node/23147,/history-content/website-reviews/american-civil-war-manuscript-guides/,node,23147,history-content/website-reviews/american-civil-war-manuscript-guides.md,matched,
/node/23148,/history-content/website-reviews/civil-war-letters-of-the-christie-family/,node,23148,history-content/website-reviews/civil-war-letters-of-the-christie-family.md,matched,
/node/23149,/history-content/website-reviews/texts-from-collections-of-the-university-of-wisconsin-madison/,node,23149,history-content/website-reviews/texts-from-collections-of-the-university-of-wisconsin-madison.md,matched,
/node/23150,/history-content/website-reviews/keffer-collection-of-sheet-music-ca-1790-1895/,node,23150,history-content/website-reviews/keffer-collection-of-sheet-music-ca-1790-1895.md,matched,
/node/23151,/history-content/website-reviews/archives-of-american-art-oral-history-collections/,node,23151,history-content/website-reviews/archives-of-american-art-oral-history-collections.md,matched,
/node/23152,/history-content/website-reviews/traders-voices-from-the-trading-post/,node,23152,history-content/website-reviews/traders-voices-from-the-trading-post.md,matched,
/node/23153,/history-content/website-reviews/agents-of-social-change-20th-century-womens-activism/,node,23153,history-content/website-reviews/agents-of-social-change-20th-century-womens-activism.md,matched,
/node/23154,/history-content/website-reviews/democratic-vistas-the-william-clyde-devane-lecture-series/,node,23154,history-content/website-reviews/democratic-vistas-the-william-clyde-devane-lecture-series.md,matched,
/node/23155,/history-content/website-reviews/adflip/,node,23155,history-content/website-reviews/adflip.md,matched,
/node/23156,/history-content/website-reviews/heading-west-and-touring-west/,node,23156,history-content/website-reviews/heading-west-and-touring-west.md,matched,
/node/23157,/history-content/website-reviews/surveyors-of-the-west-william-henry-jackson-and-robert-brewster-stanton/,node,23157,history-content/website-reviews/surveyors-of-the-west-william-henry-jackson-and-robert-brewster-stanton.md,matched,
/node/23158,/history-content/website-reviews/national-security-action-memoranda-of-john-f-kennedy/,node,23158,history-content/website-reviews/national-security-action-memoranda-of-john-f-kennedy.md,matched,
/node/23159,/history-content/website-reviews/spy-letters-of-the-american-revolution/,node,23159,history-content/website-reviews/spy-letters-of-the-american-revolution.md,matched,
/node/23160,/history-content/website-reviews/the-irving-fine-collection-ca-1914-1962/,node,23160,history-content/website-reviews/the-irving-fine-collection-ca-1914-1962.md,matched,
/node/23161,/history-content/website-reviews/interpreting-the-declaration-of-independence-by-translation/,node,23161,history-content/website-reviews/interpreting-the-declaration-of-independence-by-translation.md,matched,
/node/23162,/history-content/website-reviews/american-colonization-society-collection-maps-of-liberia-1830-1870/,node,23162,history-content/website-reviews/american-colonization-society-collection-maps-of-liberia-1830-1870.md,matched,
/node/23163,/history-content/website-reviews/the-capital-and-the-bay-ca-1600-1925/,node,23163,history-content/website-reviews/the-capital-and-the-bay-ca-1600-1925.md,matched,
/node/23164,/history-content/website-reviews/national-security-archives-the-pentagons-spies/,node,23164,history-content/website-reviews/national-security-archives-the-pentagons-spies.md,matched,
/node/23165,/history-content/website-reviews/labor-arts/,node,23165,history-content/website-reviews/labor-arts.md,matched,
/node/23166,/history-content/website-reviews/virginia-historical-inventory-vhi/,node,23166,history-content/website-reviews/virginia-historical-inventory-vhi.md,matched,
/node/23168,/history-content/website-reviews/we-shall-overcome-historic-places-of-the-civil-rights-movement/,node,23168,history-content/website-reviews/we-shall-overcome-historic-places-of-the-civil-rights-movement.md,matched,
/node/23170,/history-content/website-reviews/american-originals-part-ii/,node,23170,history-content/website-reviews/american-originals-part-ii.md,matched,
/node/23171,/history-content/website-reviews/today-in-history-web-resources/,node,23171,history-content/website-reviews/today-in-history-web-resources.md,matched,
/node/23172,/history-content/website-reviews/korea-50-no-longer-forgotten/,node,23172,history-content/website-reviews/korea-50-no-longer-forgotten.md,matched,
/node/23174,/history-content/website-reviews/phillip-morris-advertising-archive/,node,23174,history-content/website-reviews/phillip-morris-advertising-archive.md,matched,
/node/23175,/history-content/website-reviews/austin-treasures-online-exhibits-from-the-austin-history-center/,node,23175,history-content/website-reviews/austin-treasures-online-exhibits-from-the-austin-history-center.md,matched,
/node/23177,/history-content/website-reviews/brooklyns-eighteenth-century-lott-house/,node,23177,history-content/website-reviews/brooklyns-eighteenth-century-lott-house.md,matched,
/node/23178,/history-content/website-reviews/historywired-a-few-of-our-favorite-things/,node,23178,history-content/website-reviews/historywired-a-few-of-our-favorite-things.md,matched,
/node/23180,/history-content/website-reviews/historical-map-and-chart-collection/,node,23180,history-content/website-reviews/historical-map-and-chart-collection.md,matched,
/node/23181,/history-content/website-reviews/data-information-services-center-online-data-archive/,node,23181,history-content/website-reviews/data-information-services-center-online-data-archive.md,matched,
/node/23182,/history-content/website-reviews/characteristics-of-census-tracts-in-nine-us-cities-1940-1960/,node,23182,history-content/website-reviews/characteristics-of-census-tracts-in-nine-us-cities-1940-1960.md,matched,
/node/23183,/history-content/website-reviews/library-of-american-broadcasting-sound-bites/,node,23183,history-content/website-reviews/library-of-american-broadcasting-sound-bites.md,matched,
/node/23184,/history-content/website-reviews/historic-usgs-maps-of-new-england/,node,23184,history-content/website-reviews/historic-usgs-maps-of-new-england.md,matched,
/node/23185,/history-content/website-reviews/department-of-transportation-digital-special-collections/,node,23185,history-content/website-reviews/department-of-transportation-digital-special-collections.md,matched,
/node/23186,/history-content/website-reviews/history-through-deaf-eyes/,node,23186,history-content/website-reviews/history-through-deaf-eyes.md,matched,
/node/23187,/history-content/website-reviews/science-technology-and-the-cia/,node,23187,history-content/website-reviews/science-technology-and-the-cia.md,matched,
/node/23188,/history-content/website-reviews/industrial-research-and-development-information-system/,node,23188,history-content/website-reviews/industrial-research-and-development-information-system.md,matched,
/node/23189,/history-content/website-reviews/voices-of-the-colorado-plateau/,node,23189,history-content/website-reviews/voices-of-the-colorado-plateau.md,matched,
/node/23190,/history-content/website-reviews/the-yale-map-collection-online-maps/,node,23190,history-content/website-reviews/the-yale-map-collection-online-maps.md,matched,
/node/23191,/history-content/website-reviews/the-luso-hispanic-world-in-maps/,node,23191,history-content/website-reviews/the-luso-hispanic-world-in-maps.md,matched,
/node/23192,/history-content/website-reviews/woody-guthrie-and-the-archive-of-american-folk-song-1940-1950/,node,23192,history-content/website-reviews/woody-guthrie-and-the-archive-of-american-folk-song-1940-1950.md,matched,
/node/23193,/history-content/website-reviews/remembering-herblock/,node,23193,history-content/website-reviews/remembering-herblock.md,matched,
/node/23194,/history-content/website-reviews/economic-data-fred-ii/,node,23194,history-content/website-reviews/economic-data-fred-ii.md,matched,
/node/23195,/history-content/website-reviews/the-commercial-closet/,node,23195,history-content/website-reviews/the-commercial-closet.md,matched,
/node/23196,/history-content/website-reviews/brief-timeline-of-american-literature-music-and-movies/,node,23196,history-content/website-reviews/brief-timeline-of-american-literature-music-and-movies.md,matched,
/node/23197,/history-content/website-reviews/dismukes-virtual-talking-machine/,node,23197,history-content/website-reviews/dismukes-virtual-talking-machine.md,matched,
/node/23199,/history-content/website-reviews/lift-every-voice-music-in-american-life/,node,23199,history-content/website-reviews/lift-every-voice-music-in-american-life.md,matched,
/node/23200,/history-content/website-reviews/washington-during-the-civil-war-the-diary-of-horatio-nelson-taft-1861-1865/,node,23200,history-content/website-reviews/washington-during-the-civil-war-the-diary-of-horatio-nelson-taft-1861-1865.md,matched,
/node/23201,/history-content/website-reviews/thomas-jefferson-papers/,node,23201,history-content/website-reviews/thomas-jefferson-papers.md,matched,
/node/23203,/history-content/website-reviews/amdocs-documents-for-the-study-of-american-history/,node,23203,history-content/website-reviews/amdocs-documents-for-the-study-of-american-history.md,matched,
/node/23204,/history-content/website-reviews/lesson-plans-library/,node,23204,history-content/website-reviews/lesson-plans-library.md,matched,
/node/23205,/history-content/website-reviews/us-steel-gary-works-photograph-collection-1906-1971/,node,23205,history-content/website-reviews/us-steel-gary-works-photograph-collection-1906-1971.md,matched,
/node/23206,/history-content/website-reviews/living-voices-voces-vivas/,node,23206,history-content/website-reviews/living-voices-voces-vivas.md,matched,
/node/23207,/history-content/website-reviews/the-hartford-black-history-project/,node,23207,history-content/website-reviews/the-hartford-black-history-project.md,matched,
/node/23208,/history-content/website-reviews/linus-pauling-research-notebooks/,node,23208,history-content/website-reviews/linus-pauling-research-notebooks.md,matched,
/node/23209,/history-content/website-reviews/george-washington-a-national-treasure/,node,23209,history-content/website-reviews/george-washington-a-national-treasure.md,matched,
/node/23210,/history-content/website-reviews/record-of-officers-and-men-of-new-jersey-in-the-civil-war-1861-1865/,node,23210,history-content/website-reviews/record-of-officers-and-men-of-new-jersey-in-the-civil-war-1861-1865.md,matched,
/node/23211,/history-content/website-reviews/student-voices-from-world-war-ii-and-the-mccarthy-era/,node,23211,history-content/website-reviews/student-voices-from-world-war-ii-and-the-mccarthy-era.md,matched,
/node/23212,/history-content/website-reviews/mark-twain-a-film-directed-by-ken-burns/,node,23212,history-content/website-reviews/mark-twain-a-film-directed-by-ken-burns.md,matched,
/node/23213,/history-content/website-reviews/history-of-american-education-web-project/,node,23213,history-content/website-reviews/history-of-american-education-web-project.md,matched,
/node/23214,/history-content/website-reviews/picturing-hemingway-a-writer-in-his-time/,node,23214,history-content/website-reviews/picturing-hemingway-a-writer-in-his-time.md,matched,
/node/23215,/history-content/website-reviews/hirshhorn-museum-and-sculpture-garden/,node,23215,history-content/website-reviews/hirshhorn-museum-and-sculpture-garden.md,matched,
/node/23217,/history-content/website-reviews/encyclopedia-britannica-the-1911-edition/,node,23217,history-content/website-reviews/encyclopedia-britannica-the-1911-edition.md,matched,
/node/23218,/history-content/website-reviews/afro-louisiana-history-and-genealogy-1718-1820/,node,23218,history-content/website-reviews/afro-louisiana-history-and-genealogy-1718-1820.md,matched,
/node/23219,/history-content/website-reviews/rfk-in-the-land-of-apartheid-a-ripple-of-hope/,node,23219,history-content/website-reviews/rfk-in-the-land-of-apartheid-a-ripple-of-hope.md,matched,
/node/23220,/history-content/website-reviews/world-war-i-history-commission-questionnaires/,node,23220,history-content/website-reviews/world-war-i-history-commission-questionnaires.md,matched,
/node/23221,/history-content/website-reviews/1939-worlds-fair-photograph-collection/,node,23221,history-content/website-reviews/1939-worlds-fair-photograph-collection.md,matched,
/node/23222,/history-content/website-reviews/us-army-signal-corps-photograph-collection/,node,23222,history-content/website-reviews/us-army-signal-corps-photograph-collection.md,matched,
/node/23223,/history-content/website-reviews/wpa-life-histories-virginia-interviews/,node,23223,history-content/website-reviews/wpa-life-histories-virginia-interviews.md,matched,
/node/23224,/history-content/website-reviews/physical-sciences-collection-surveying-and-geodesy/,node,23224,history-content/website-reviews/physical-sciences-collection-surveying-and-geodesy.md,matched,
/node/23225,/history-content/website-reviews/meeting-of-frontiers/,node,23225,history-content/website-reviews/meeting-of-frontiers.md,matched,
/node/23226,/history-content/website-reviews/digital-archive-of-american-architecture/,node,23226,history-content/website-reviews/digital-archive-of-american-architecture.md,matched,
/node/23227,/history-content/website-reviews/the-joshua-lederberg-papers/,node,23227,history-content/website-reviews/the-joshua-lederberg-papers.md,matched,
/node/23230,/history-content/website-reviews/black-wings-african-american-pioneer-aviators/,node,23230,history-content/website-reviews/black-wings-african-american-pioneer-aviators.md,matched,
/node/23231,/history-content/website-reviews/kiowa-drawings/,node,23231,history-content/website-reviews/kiowa-drawings.md,matched,
/node/23232,/history-content/website-reviews/emile-berliner-and-the-birth-of-the-recording-industry/,node,23232,history-content/website-reviews/emile-berliner-and-the-birth-of-the-recording-industry.md,matched,
/node/23233,/history-content/website-reviews/oral-history-research-center/,node,23233,history-content/website-reviews/oral-history-research-center.md,matched,
/node/23234,/history-content/website-reviews/china-and-the-united-states-from-hostility-to-engagement-1960-1998/,node,23234,history-content/website-reviews/china-and-the-united-states-from-hostility-to-engagement-1960-1998.md,matched,
/node/23235,/history-content/website-reviews/us-intelligence-policy-documentation-project/,node,23235,history-content/website-reviews/us-intelligence-policy-documentation-project.md,matched,
/node/23236,/history-content/website-reviews/working-in-paterson-occupational-heritage-in-an-urban-setting/,node,23236,history-content/website-reviews/working-in-paterson-occupational-heritage-in-an-urban-setting.md,matched,
/node/23237,/history-content/website-reviews/july-1942-united-we-stand/,node,23237,history-content/website-reviews/july-1942-united-we-stand.md,matched,
/node/23238,/history-content/website-reviews/worthington-memory-online-scrapbook/,node,23238,history-content/website-reviews/worthington-memory-online-scrapbook.md,matched,
/node/23239,/history-content/website-reviews/museum-of-musical-instruments-momi/,node,23239,history-content/website-reviews/museum-of-musical-instruments-momi.md,matched,
/node/23240,/history-content/website-reviews/selected-historical-decennial-census-population-and-housing-counts/,node,23240,history-content/website-reviews/selected-historical-decennial-census-population-and-housing-counts.md,matched,
/node/23241,/history-content/website-reviews/harvesting-the-river/,node,23241,history-content/website-reviews/harvesting-the-river.md,matched,
/node/23242,/history-content/website-reviews/thomas-eakins-american-realist/,node,23242,history-content/website-reviews/thomas-eakins-american-realist.md,matched,
/node/23243,/history-content/website-reviews/dox-thrash-an-african-american-master-printmaker-rediscovered/,node,23243,history-content/website-reviews/dox-thrash-an-african-american-master-printmaker-rediscovered.md,matched,
/node/23244,/history-content/website-reviews/nineteenth-century-texas-law-online-gammels-the-laws-of-texas/,node,23244,history-content/website-reviews/nineteenth-century-texas-law-online-gammels-the-laws-of-texas.md,matched,
/node/23245,/history-content/website-reviews/best-of-history-websites/,node,23245,history-content/website-reviews/best-of-history-websites.md,matched,
/node/23246,/history-content/website-reviews/african-americans-in-massachusetts/,node,23246,history-content/website-reviews/african-americans-in-massachusetts.md,matched,
/node/23247,/history-content/website-reviews/african-americans-biography-autobiography-and-history/,node,23247,history-content/website-reviews/african-americans-biography-autobiography-and-history.md,matched,
/node/23248,/history-content/website-reviews/murphy-and-bolanz-block-and-addition-books-dallas-county-1880-1920/,node,23248,history-content/website-reviews/murphy-and-bolanz-block-and-addition-books-dallas-county-1880-1920.md,matched,
/node/23249,/history-content/website-reviews/streetscape-and-townscape-of-metropolitan-new-york-city-1860-1942/,node,23249,history-content/website-reviews/streetscape-and-townscape-of-metropolitan-new-york-city-1860-1942.md,matched,
/node/23250,/history-content/website-reviews/early-washington-maps-a-digital-collection/,node,23250,history-content/website-reviews/early-washington-maps-a-digital-collection.md,matched,
/node/23252,/history-content/website-reviews/jim-crow-museum-of-racist-memorabilia/,node,23252,history-content/website-reviews/jim-crow-museum-of-racist-memorabilia.md,matched,
/node/23253,/history-content/website-reviews/echo-exploring-and-collecting-the-history-online/,node,23253,history-content/website-reviews/echo-exploring-and-collecting-the-history-online.md,matched,
/node/23254,/history-content/website-reviews/american-womens-dime-novel-project/,node,23254,history-content/website-reviews/american-womens-dime-novel-project.md,matched,
/node/23255,/history-content/website-reviews/calvin-coolidge-30th-president-of-the-united-states/,node,23255,history-content/website-reviews/calvin-coolidge-30th-president-of-the-united-states.md,matched,
/node/23256,/history-content/website-reviews/communism-in-washington-state-history-and-memory-project/,node,23256,history-content/website-reviews/communism-in-washington-state-history-and-memory-project.md,matched,
/node/23257,/history-content/website-reviews/urban-planning-1794-1918-an-international-anthology/,node,23257,history-content/website-reviews/urban-planning-1794-1918-an-international-anthology.md,matched,
/node/23258,/history-content/website-reviews/arizona-state-museum/,node,23258,history-content/website-reviews/arizona-state-museum.md,matched,
/node/23260,/history-content/website-reviews/bob-hope-and-american-variety/,node,23260,history-content/website-reviews/bob-hope-and-american-variety.md,matched,
/node/23261,/history-content/website-reviews/linus-pauling-and-the-race-for-dna-a-documentary-history/,node,23261,history-content/website-reviews/linus-pauling-and-the-race-for-dna-a-documentary-history.md,matched,
/node/23262,/history-content/website-reviews/jacob-lawrence-exploring-stories/,node,23262,history-content/website-reviews/jacob-lawrence-exploring-stories.md,matched,
/node/23263,/history-content/website-reviews/cleveland-digital-library/,node,23263,history-content/website-reviews/cleveland-digital-library.md,matched,
/node/23264,/history-content/website-reviews/dwight-d-eisenhower-library-and-museum/,node,23264,history-content/website-reviews/dwight-d-eisenhower-library-and-museum.md,matched,
/node/23265,/history-content/website-reviews/charles-h-templeton-sheet-music-collection/,node,23265,history-content/website-reviews/charles-h-templeton-sheet-music-collection.md,matched,
/node/23266,/history-content/website-reviews/images-of-african-americans-from-the-cook-collection-of-photographs/,node,23266,history-content/website-reviews/images-of-african-americans-from-the-cook-collection-of-photographs.md,matched,
/node/23267,/history-content/website-reviews/carnegie-libraries-of-california/,node,23267,history-content/website-reviews/carnegie-libraries-of-california.md,matched,
/node/23268,/history-content/website-reviews/colonial-williamsburg/,node,23268,history-content/website-reviews/colonial-williamsburg.md,matched,
/node/23269,/history-content/website-reviews/the-pilgrims-in-american-culture-thanksgiving/,node,23269,history-content/website-reviews/the-pilgrims-in-american-culture-thanksgiving.md,matched,
/node/23270,/history-content/website-reviews/abraham-lincoln-presidential-library-and-museum/,node,23270,history-content/website-reviews/abraham-lincoln-presidential-library-and-museum.md,matched,
/node/23271,/history-content/website-reviews/ghost-town-gallery/,node,23271,history-content/website-reviews/ghost-town-gallery.md,matched,
/node/23272,/history-content/website-reviews/freedom-a-history-of-us/,node,23272,history-content/website-reviews/freedom-a-history-of-us.md,matched,
/node/23273,/history-content/website-reviews/university-of-missouri-columbia-digital-library-collections/,node,23273,history-content/website-reviews/university-of-missouri-columbia-digital-library-collections.md,matched,
/node/23274,/history-content/website-reviews/north-carolinians-and-the-great-war/,node,23274,history-content/website-reviews/north-carolinians-and-the-great-war.md,matched,
/node/23275,/history-content/website-reviews/when-they-were-young-a-photographic-retrospective-of-childhood/,node,23275,history-content/website-reviews/when-they-were-young-a-photographic-retrospective-of-childhood.md,matched,
/node/23276,/history-content/website-reviews/philip-s-hench-walter-reed-yellow-fever-collection/,node,23276,history-content/website-reviews/philip-s-hench-walter-reed-yellow-fever-collection.md,matched,
/node/23277,/history-content/website-reviews/life-interrupted-the-japanese-american-experience-in-ww-ii-arkansas/,node,23277,history-content/website-reviews/life-interrupted-the-japanese-american-experience-in-ww-ii-arkansas.md,matched,
/node/23278,/history-content/website-reviews/knowing-poe/,node,23278,history-content/website-reviews/knowing-poe.md,matched,
/node/23279,/history-content/website-reviews/forests-fields-and-the-falls/,node,23279,history-content/website-reviews/forests-fields-and-the-falls.md,matched,
/node/23280,/history-content/website-reviews/the-official-leonard-bernstein-site/,node,23280,history-content/website-reviews/the-official-leonard-bernstein-site.md,matched,
/node/23281,/history-content/website-reviews/national-postal-museum/,node,23281,history-content/website-reviews/national-postal-museum.md,matched,
/node/23282,/history-content/website-reviews/gilder-lehrman-center-for-the-study-of-slavery-resistance-and-abolition/,node,23282,history-content/website-reviews/gilder-lehrman-center-for-the-study-of-slavery-resistance-and-abolition.md,matched,
/node/23283,/history-content/website-reviews/united-states-early-radio-history/,node,23283,history-content/website-reviews/united-states-early-radio-history.md,matched,
/node/23284,/history-content/website-reviews/fats-waller-forever-digital-exhibit/,node,23284,history-content/website-reviews/fats-waller-forever-digital-exhibit.md,matched,
/node/23285,/history-content/website-reviews/congress-for-the-new-urbanism/,node,23285,history-content/website-reviews/congress-for-the-new-urbanism.md,matched,
/node/23287,/history-content/website-reviews/the-official-george-and-ira-gershwin-website/,node,23287,history-content/website-reviews/the-official-george-and-ira-gershwin-website.md,matched,
/node/23288,/history-content/website-reviews/the-perilous-fight-americas-world-war-ii-in-color/,node,23288,history-content/website-reviews/the-perilous-fight-americas-world-war-ii-in-color.md,matched,
/node/23289,/history-content/website-reviews/the-annexation-of-hawaii-a-collection-of-documents/,node,23289,history-content/website-reviews/the-annexation-of-hawaii-a-collection-of-documents.md,matched,
/node/23290,/history-content/website-reviews/american-women/,node,23290,history-content/website-reviews/american-women.md,matched,
/node/23291,/history-content/website-reviews/photographer-to-the-world-the-detroit-publishing-company/,node,23291,history-content/website-reviews/photographer-to-the-world-the-detroit-publishing-company.md,matched,
/node/23292,/history-content/website-reviews/federal-township-plats-of-illinois-1804-1891/,node,23292,history-content/website-reviews/federal-township-plats-of-illinois-1804-1891.md,matched,
/node/23293,/history-content/website-reviews/civil-rights-oral-history-interviews-spokane-washington/,node,23293,history-content/website-reviews/civil-rights-oral-history-interviews-spokane-washington.md,matched,
/node/23294,/history-content/website-reviews/spain-the-united-states-and-the-american-frontier-historias-paralelas/,node,23294,history-content/website-reviews/spain-the-united-states-and-the-american-frontier-historias-paralelas.md,matched,
/node/23296,/history-content/website-reviews/directory-of-corporate-archives-in-the-united-states-and-canada/,node,23296,history-content/website-reviews/directory-of-corporate-archives-in-the-united-states-and-canada.md,matched,
/node/23297,/history-content/website-reviews/the-crisis-of-the-union/,node,23297,history-content/website-reviews/the-crisis-of-the-union.md,matched,
/node/23298,/history-content/website-reviews/national-geographic-online-the-underground-railroad/,node,23298,history-content/website-reviews/national-geographic-online-the-underground-railroad.md,matched,
/node/23300,/history-content/website-reviews/gardners-photographic-sketch-book-of-the-war/,node,23300,history-content/website-reviews/gardners-photographic-sketch-book-of-the-war.md,matched,
/node/23301,/history-content/website-reviews/september-11-2001-attack-on-america/,node,23301,history-content/website-reviews/september-11-2001-attack-on-america.md,matched,
/node/23302,/history-content/website-reviews/wilbur-and-orville-wright-papers/,node,23302,history-content/website-reviews/wilbur-and-orville-wright-papers.md,matched,
/node/23303,/history-content/website-reviews/nixon-tapes/,node,23303,history-content/website-reviews/nixon-tapes.md,matched,
/node/23304,/history-content/website-reviews/american-notes-travels-in-america-1750-1920/,node,23304,history-content/website-reviews/american-notes-travels-in-america-1750-1920.md,matched,
/node/23306,/history-content/website-reviews/early-american-imprints-series-i-evans-1639-1800/,node,23306,history-content/website-reviews/early-american-imprints-series-i-evans-1639-1800.md,matched,
/node/23307,/history-content/website-reviews/liberty-rhetoric-and-19th-century-american-women/,node,23307,history-content/website-reviews/liberty-rhetoric-and-19th-century-american-women.md,matched,
/node/23309,/history-content/website-reviews/cia-and-the-vietnam-policy-makers-three-episodes-1962-1968/,node,23309,history-content/website-reviews/cia-and-the-vietnam-policy-makers-three-episodes-1962-1968.md,matched,
/node/23310,/history-content/website-reviews/florida-folklife-from-the-wpa-collections-1937-1942/,node,23310,history-content/website-reviews/florida-folklife-from-the-wpa-collections-1937-1942.md,matched,
/node/23311,/history-content/website-reviews/fiddle-tunes-of-the-old-frontier-the-henry-reed-collection/,node,23311,history-content/website-reviews/fiddle-tunes-of-the-old-frontier-the-henry-reed-collection.md,matched,
/node/23312,/history-content/website-reviews/american-landscape-and-architectural-design-1850-1920/,node,23312,history-content/website-reviews/american-landscape-and-architectural-design-1850-1920.md,matched,
/node/23314,/history-content/website-reviews/nixon-and-sports/,node,23314,history-content/website-reviews/nixon-and-sports.md,matched,
/node/23315,/history-content/website-reviews/promise-of-gold-mountain-tucsons-chinese-heritage/,node,23315,history-content/website-reviews/promise-of-gold-mountain-tucsons-chinese-heritage.md,matched,
/node/23317,/history-content/website-reviews/us-womens-history-workshop/,node,23317,history-content/website-reviews/us-womens-history-workshop.md,matched,
/node/23319,/history-content/website-reviews/through-our-parents-eyes-tucsons-diverse-community/,node,23319,history-content/website-reviews/through-our-parents-eyes-tucsons-diverse-community.md,matched,
/node/23320,/history-content/website-reviews/foreign-relations-of-the-united-states-frus-1945-1972/,node,23320,history-content/website-reviews/foreign-relations-of-the-united-states-frus-1945-1972.md,matched,
/node/23321,/history-content/website-reviews/oregon-trail/,node,23321,history-content/website-reviews/oregon-trail.md,matched,
/node/23322,/history-content/website-reviews/salem-witchcraft-hysteria-a-national-geographic-interactive-site/,node,23322,history-content/website-reviews/salem-witchcraft-hysteria-a-national-geographic-interactive-site.md,matched,
/node/23323,/history-content/website-reviews/john-brown-and-the-valley-of-the-shadow/,node,23323,history-content/website-reviews/john-brown-and-the-valley-of-the-shadow.md,matched,
/node/23325,/history-content/website-reviews/talking-history-with-bryan-lebeau/,node,23325,history-content/website-reviews/talking-history-with-bryan-lebeau.md,matched,
/node/23326,/history-content/website-reviews/educational-resources-information-center-eric-resources-for-teachers/,node,23326,history-content/website-reviews/educational-resources-information-center-eric-resources-for-teachers.md,matched,
/node/23327,/history-content/website-reviews/finding-precedent-the-impeachment-of-andrew-johnson/,node,23327,history-content/website-reviews/finding-precedent-the-impeachment-of-andrew-johnson.md,matched,
/node/23328,/history-content/website-reviews/the-challenge-of-democracy-lbj-in-the-oval-office-johnsons-vietnam-anguish/,node,23328,history-content/website-reviews/the-challenge-of-democracy-lbj-in-the-oval-office-johnsons-vietnam-anguish.md,matched,
/node/23329,/history-content/website-reviews/african-americans-in-the-harmon-foundation-collection/,node,23329,history-content/website-reviews/african-americans-in-the-harmon-foundation-collection.md,matched,
/node/23330,/history-content/website-reviews/nativetech-native-american-technology-and-art/,node,23330,history-content/website-reviews/nativetech-native-american-technology-and-art.md,matched,
/node/23331,/history-content/website-reviews/today-in-history/,node,23331,history-content/website-reviews/today-in-history.md,matched,
/node/23333,/history-content/website-reviews/map-historyhistory-of-cartography-the-gateway-to-the-subject/,node,23333,history-content/website-reviews/map-historyhistory-of-cartography-the-gateway-to-the-subject.md,matched,
/node/23334,/history-content/website-reviews/the-whole-world-was-watching-an-oral-history-of-1968/,node,23334,history-content/website-reviews/the-whole-world-was-watching-an-oral-history-of-1968.md,matched,
/node/23335,/history-content/website-reviews/vietnam-online/,node,23335,history-content/website-reviews/vietnam-online.md,matched,
/node/23336,/history-content/website-reviews/mathew-bradys-portraits/,node,23336,history-content/website-reviews/mathew-bradys-portraits.md,matched,
/node/23337,/history-content/website-reviews/for-european-recovery-the-fiftieth-anniversary-of-the-marshall-plan/,node,23337,history-content/website-reviews/for-european-recovery-the-fiftieth-anniversary-of-the-marshall-plan.md,matched,
/node/23338,/history-content/website-reviews/godeys-ladys-book/,node,23338,history-content/website-reviews/godeys-ladys-book.md,matched,
/node/23340,/history-content/website-reviews/the-underground-railroad/,node,23340,history-content/website-reviews/the-underground-railroad.md,matched,
/node/23341,/history-content/website-reviews/red-scare-1918-1921/,node,23341,history-content/website-reviews/red-scare-1918-1921.md,matched,
/node/23342,/history-content/website-reviews/origins-of-american-animation/,node,23342,history-content/website-reviews/origins-of-american-animation.md,matched,
/node/23344,/history-content/website-reviews/classics-in-the-history-of-psychology/,node,23344,history-content/website-reviews/classics-in-the-history-of-psychology.md,matched,
/node/23345,/history-content/website-reviews/the-american-colonists-library/,node,23345,history-content/website-reviews/the-american-colonists-library.md,matched,
/node/23346,/history-content/website-reviews/the-african-american-odyssey-a-quest-for-full-citizenship/,node,23346,history-content/website-reviews/the-african-american-odyssey-a-quest-for-full-citizenship.md,matched,
/node/23347,/history-content/website-reviews/inside-an-american-factory-films-of-the-westinghouse-works-1904/,node,23347,history-content/website-reviews/inside-an-american-factory-films-of-the-westinghouse-works-1904.md,matched,
/node/23348,/history-content/website-reviews/the-aaron-copland-collection-ca-1900-1990/,node,23348,history-content/website-reviews/the-aaron-copland-collection-ca-1900-1990.md,matched,
/node/23349,/history-content/website-reviews/tending-the-commons-folklife-and-landscape-in-southern-west-virginia/,node,23349,history-content/website-reviews/tending-the-commons-folklife-and-landscape-in-southern-west-virginia.md,matched,
/node/23350,/history-content/website-reviews/hispano-music-and-culture-from-the-northern-rio-grande/,node,23350,history-content/website-reviews/hispano-music-and-culture-from-the-northern-rio-grande.md,matched,
/node/23351,/history-content/website-reviews/the-last-days-of-a-president-films-of-mckinley-1901/,node,23351,history-content/website-reviews/the-last-days-of-a-president-films-of-mckinley-1901.md,matched,
/node/23352,/history-content/website-reviews/the-mercury-theater-on-the-air/,node,23352,history-content/website-reviews/the-mercury-theater-on-the-air.md,matched,
/node/23353,/history-content/website-reviews/images-of-african-americans-from-the-19th-century/,node,23353,history-content/website-reviews/images-of-african-americans-from-the-19th-century.md,matched,
/node/23354,/history-content/website-reviews/jewish-american-history-on-the-web/,node,23354,history-content/website-reviews/jewish-american-history-on-the-web.md,matched,
/node/23356,/history-content/website-reviews/white-trash-the-construction-of-an-american-scapegoat/,node,23356,history-content/website-reviews/white-trash-the-construction-of-an-american-scapegoat.md,matched,
/node/23357,/history-content/website-reviews/albert-and-vera-weisbord-archives/,node,23357,history-content/website-reviews/albert-and-vera-weisbord-archives.md,matched,
/node/23358,/history-content/website-reviews/history-now-american-history-online/,node,23358,history-content/website-reviews/history-now-american-history-online.md,matched,
/node/23360,/history-content/website-reviews/leslie-brock-center-for-the-study-of-colonial-currency-university-of-virginia/,node,23360,history-content/website-reviews/leslie-brock-center-for-the-study-of-colonial-currency-university-of-virginia.md,matched,
/node/23361,/history-content/website-reviews/17th-century-colonial-new-england/,node,23361,history-content/website-reviews/17th-century-colonial-new-england.md,matched,
/node/23363,/history-content/website-reviews/divining-america-religion-and-the-national-culture/,node,23363,history-content/website-reviews/divining-america-religion-and-the-national-culture.md,matched,
/node/23364,/history-content/website-reviews/carrie-chapman-catt-girlhood-home-and-museum/,node,23364,history-content/website-reviews/carrie-chapman-catt-girlhood-home-and-museum.md,matched,
/node/23366,/history-content/website-reviews/hagley-digital-archives/,node,23366,history-content/website-reviews/hagley-digital-archives.md,matched,
/node/23367,/history-content/website-reviews/mount-vernon/,node,23367,history-content/website-reviews/mount-vernon.md,matched,
/node/23368,/history-content/website-reviews/historical-maps-of-the-united-states/,node,23368,history-content/website-reviews/historical-maps-of-the-united-states.md,matched,
/node/23369,/history-content/website-reviews/discovery-and-exploration-maps/,node,23369,history-content/website-reviews/discovery-and-exploration-maps.md,matched,
/node/23370,/history-content/website-reviews/liberty-the-american-revolution/,node,23370,history-content/website-reviews/liberty-the-american-revolution.md,matched,
/node/23371,/history-content/website-reviews/famous-american-trials-salem-witchcraft-trials/,node,23371,history-content/website-reviews/famous-american-trials-salem-witchcraft-trials.md,matched,
/node/23372,/history-content/website-reviews/death-of-the-dream-farmhouses-in-the-heartland/,node,23372,history-content/website-reviews/death-of-the-dream-farmhouses-in-the-heartland.md,matched,
/node/23373,/history-content/website-reviews/material-history-of-american-religion-project/,node,23373,history-content/website-reviews/material-history-of-american-religion-project.md,matched,
/node/23374,/history-content/website-reviews/us-senate-historical-office/,node,23374,history-content/website-reviews/us-senate-historical-office.md,matched,
/node/23375,/history-content/website-reviews/the-vietnam-war-declassification-project/,node,23375,history-content/website-reviews/the-vietnam-war-declassification-project.md,matched,
/node/23376,/history-content/website-reviews/wet-with-blood-the-investigation-of-mary-todd-lincolns-cloak/,node,23376,history-content/website-reviews/wet-with-blood-the-investigation-of-mary-todd-lincolns-cloak.md,matched,
/node/23377,/history-content/website-reviews/history-of-presidential-elections-site/,node,23377,history-content/website-reviews/history-of-presidential-elections-site.md,matched,
/node/23378,/history-content/website-reviews/us-electoral-college/,node,23378,history-content/website-reviews/us-electoral-college.md,matched,
/node/23379,/history-content/website-reviews/the-papers-of-george-washington/,node,23379,history-content/website-reviews/the-papers-of-george-washington.md,matched,
/node/23380,/history-content/website-reviews/gerald-r-ford-presidential-library-and-museum/,node,23380,history-content/website-reviews/gerald-r-ford-presidential-library-and-museum.md,matched,
/node/23381,/history-content/website-reviews/national-park-service-teaching-with-historic-places/,node,23381,history-content/website-reviews/national-park-service-teaching-with-historic-places.md,matched,
/node/23382,/history-content/website-reviews/jeffersons-blood/,node,23382,history-content/website-reviews/jeffersons-blood.md,matched,
/node/23383,/history-content/website-reviews/bartleby-great-books-online/,node,23383,history-content/website-reviews/bartleby-great-books-online.md,matched,
/node/23384,/history-content/website-reviews/virginia-historical-society/,node,23384,history-content/website-reviews/virginia-historical-society.md,matched,
/node/23385,/history-content/website-reviews/impeachment-trial-of-andrew-johnson/,node,23385,history-content/website-reviews/impeachment-trial-of-andrew-johnson.md,matched,
/node/23386,/history-content/website-reviews/mr-lincolns-virtual-library/,node,23386,history-content/website-reviews/mr-lincolns-virtual-library.md,matched,
/node/23387,/history-content/website-reviews/marian-anderson-a-life-in-song/,node,23387,history-content/website-reviews/marian-anderson-a-life-in-song.md,matched,
/node/23388,/history-content/website-reviews/photographing-history-fred-j-maroon-and-the-nixon-years/,node,23388,history-content/website-reviews/photographing-history-fred-j-maroon-and-the-nixon-years.md,matched,
/node/23389,/history-content/website-reviews/thomas-jefferson-papers-library-of-congress/,node,23389,history-content/website-reviews/thomas-jefferson-papers-library-of-congress.md,matched,
/node/23390,/history-content/website-reviews/african-american-sheet-music-1850-1920/,node,23390,history-content/website-reviews/african-american-sheet-music-1850-1920.md,matched,
/node/23391,/history-content/website-reviews/now-what-a-time-blues-gospel-and-the-fort-valley-music-festivals-1938-1943/,node,23391,history-content/website-reviews/now-what-a-time-blues-gospel-and-the-fort-valley-music-festivals-1938-1943.md,matched,
/node/23392,/history-content/website-reviews/baseball-cards-1887-1914/,node,23392,history-content/website-reviews/baseball-cards-1887-1914.md,matched,
/node/23393,/history-content/website-reviews/the-leonard-bernstein-collection-ca1920-1989/,node,23393,history-content/website-reviews/the-leonard-bernstein-collection-ca1920-1989.md,matched,
/node/23394,/history-content/website-reviews/band-music-from-the-civil-war-era/,node,23394,history-content/website-reviews/band-music-from-the-civil-war-era.md,matched,
/node/23395,/history-content/website-reviews/civil-war-maps/,node,23395,history-content/website-reviews/civil-war-maps.md,matched,
/node/23396,/history-content/website-reviews/integrated-public-use-microdata-series/,node,23396,history-content/website-reviews/integrated-public-use-microdata-series.md,matched,
/node/23397,/history-content/website-reviews/museum-of-the-city-of-san-francisco-the-great-1906-earthquake-and-fire/,node,23397,history-content/website-reviews/museum-of-the-city-of-san-francisco-the-great-1906-earthquake-and-fire.md,matched,
/node/23398,/history-content/website-reviews/trial-of-the-chicago-seven/,node,23398,history-content/website-reviews/trial-of-the-chicago-seven.md,matched,
/node/23401,/history-content/website-reviews/bisbee-deportation-of-1917/,node,23401,history-content/website-reviews/bisbee-deportation-of-1917.md,matched,
/node/23402,/history-content/website-reviews/sanborn-fire-insurance-maps-of-south-carolina/,node,23402,history-content/website-reviews/sanborn-fire-insurance-maps-of-south-carolina.md,matched,
/node/23403,/history-content/website-reviews/savannah-images-project/,node,23403,history-content/website-reviews/savannah-images-project.md,matched,
/node/23405,/history-content/website-reviews/john-browns-holy-war/,node,23405,history-content/website-reviews/john-browns-holy-war.md,matched,
/node/23406,/history-content/website-reviews/faces-of-science-african-americans-in-the-sciences/,node,23406,history-content/website-reviews/faces-of-science-african-americans-in-the-sciences.md,matched,
/node/23407,/history-content/website-reviews/famous-american-trials-the-scottsboro-boys-trials-1931-1937/,node,23407,history-content/website-reviews/famous-american-trials-the-scottsboro-boys-trials-1931-1937.md,matched,
/node/23408,/history-content/website-reviews/beyond-face-value-depictions-of-slavery-in-confederate-currency/,node,23408,history-content/website-reviews/beyond-face-value-depictions-of-slavery-in-confederate-currency.md,matched,
/node/23410,/history-content/website-reviews/the-dramas-of-haymarket/,node,23410,history-content/website-reviews/the-dramas-of-haymarket.md,matched,
/node/23416,/teaching-materials/ask-a-master-teacher/performance-assessments-requiring-historical-analysis/,node,23416,teaching-materials/ask-a-master-teacher/performance-assessments-requiring-historical-analysis.md,matched,
/node/23417,/best-practices/examples-of-historical-thinking/cherokee-law-of-blood/,node,23417,best-practices/examples-of-historical-thinking/cherokee-law-of-blood.md,matched,
/node/23420,/best-practices/examples-of-historical-thinking/jeffersons-confidential-letter-to-congress/,node,23420,best-practices/examples-of-historical-thinking/jeffersons-confidential-letter-to-congress.md,matched,
/node/23423,/best-practices/examples-of-historical-thinking/daily-objects-19th-century-america/,node,23423,best-practices/examples-of-historical-thinking/daily-objects-19th-century-america.md,matched,
/node/23424,/history-content/national-resources/federal-emergency-management-agency/,node,23424,history-content/national-resources/federal-emergency-management-agency.md,matched,
/node/23425,/history-content/national-resources/us-fire-administration/,node,23425,history-content/national-resources/us-fire-administration.md,matched,
/node/23429,/teaching-materials/ask-a-master-teacher/tall-tales-the-west-as-legend/,node,23429,teaching-materials/ask-a-master-teacher/tall-tales-the-west-as-legend.md,matched,
/node/23431,/blog/bring-the-national-parks-americas-best-idea-into-the-classroom/,node,23431,blog/bring-the-national-parks-americas-best-idea-into-the-classroom.md,matched,
/node/23437,/teaching-materials/ask-a-master-teacher/tennessees-social-studies-curriculum/,node,23437,teaching-materials/ask-a-master-teacher/tennessees-social-studies-curriculum.md,matched,
/node/23438,/history-content/ask-a-historian/tennessees-social-studies-curriculum/,node,23438,history-content/ask-a-historian/tennessees-social-studies-curriculum.md,matched,
/node/23441,/history-content/ask-a-historian/civil-war-peace-offers/,node,23441,history-content/ask-a-historian/civil-war-peace-offers.md,matched,
/node/23446,/history-content/national-resources/peace-corps/,node,23446,history-content/national-resources/peace-corps.md,matched,
/node/23447,/history-content/national-resources/students-abroad/,node,23447,history-content/national-resources/students-abroad.md,matched,
/node/23448,/history-content/ask-a-historian/protestant-immigration-to-louisiana/,node,23448,history-content/ask-a-historian/protestant-immigration-to-louisiana.md,matched,
/node/23453,/history-content/ask-a-historian/begging-leave-to-inform-the-publick/,node,23453,history-content/ask-a-historian/begging-leave-to-inform-the-publick.md,matched,
/node/23455,/history-content/national-resources/hirshhorn-museum-and-sculpture-garden/,node,23455,history-content/national-resources/hirshhorn-museum-and-sculpture-garden.md,matched,
/node/23456,/history-content/ask-a-historian/spanish-louisiana-vs-great-britain/,node,23456,history-content/ask-a-historian/spanish-louisiana-vs-great-britain.md,matched,
/node/23457,/history-content/national-resources/national-postal-museum/,node,23457,history-content/national-resources/national-postal-museum.md,matched,
/node/23458,/teaching-materials/ask-a-master-teacher/teaching-public-issues-in-the-classroom/,node,23458,teaching-materials/ask-a-master-teacher/teaching-public-issues-in-the-classroom.md,matched,
/node/23459,/best-practices/examples-of-historical-thinking/narratives-of-slavery/,node,23459,best-practices/examples-of-historical-thinking/narratives-of-slavery.md,matched,
/node/23463,/blog/veterans-oral-history-and-the-library-of-congress/,node,23463,blog/veterans-oral-history-and-the-library-of-congress.md,matched,
/node/23464,/history-content/ask-a-historian/all-disquiet-on-the-western-front/,node,23464,history-content/ask-a-historian/all-disquiet-on-the-western-front.md,matched,
/node/23471,/digital-classroom/tech-for-teachers/diigo/,node,23471,digital-classroom/tech-for-teachers/diigo.md,matched,
/node/23472,/history-content/ask-a-historian/bostons-bloody-affray/,node,23472,history-content/ask-a-historian/bostons-bloody-affray.md,matched,
/node/23474,/digital-classroom/tech-for-teachers/facebook/,node,23474,digital-classroom/tech-for-teachers/facebook.md,matched,
/node/23480,/teaching-materials/teaching-guides/tramping-through-history-crafting-individual-field-trips/,node,23480,teaching-materials/teaching-guides/tramping-through-history-crafting-individual-field-trips.md,matched,
/node/23484,/blog/teaching-the-cuban-missile-crisis/,node,23484,blog/teaching-the-cuban-missile-crisis.md,matched,
/node/23485,/history-content/national-resources/smithsonian-american-art-museum-and-renwick-gallery/,node,23485,history-content/national-resources/smithsonian-american-art-museum-and-renwick-gallery.md,matched,
/node/23486,/history-content/national-resources/national-museum-of-african-art/,node,23486,history-content/national-resources/national-museum-of-african-art.md,matched,
/node/23489,/history-content/ask-a-historian/russian-ships-at-pearl-harbor/,node,23489,history-content/ask-a-historian/russian-ships-at-pearl-harbor.md,matched,
/node/23490,/blog/teaching-native-american-history-i-is-for-inclusion/,node,23490,blog/teaching-native-american-history-i-is-for-inclusion.md,matched,
/node/23495,/best-practices/examples-of-historical-thinking/frederick-douglasss-autobiographies/,node,23495,best-practices/examples-of-historical-thinking/frederick-douglasss-autobiographies.md,matched,
/node/23496,/history-content/national-resources/anacostia-community-museum/,node,23496,history-content/national-resources/anacostia-community-museum.md,matched,
/node/23497,/history-content/national-resources/smithsonian-cooper-hewitt-national-design-museum/,node,23497,history-content/national-resources/smithsonian-cooper-hewitt-national-design-museum.md,matched,
/node/23513,/best-practices/using-primary-sources/scim-c-historical-source-analysis/,node,23513,best-practices/using-primary-sources/scim-c-historical-source-analysis.md,matched,
/node/23514,/history-content/national-resources/national-air-and-space-museum/,node,23514,history-content/national-resources/national-air-and-space-museum.md,matched,
/node/23516,/history-content/national-resources/national-museum-of-american-history/,node,23516,history-content/national-resources/national-museum-of-american-history.md,matched,
/node/23530,/blog/bookmark-this-history-and-headlines/,node,23530,blog/bookmark-this-history-and-headlines.md,matched,
/node/23554,/teaching-materials/teaching-guides/writing-to-learn-history-annotations-and-mini-writes/,node,23554,teaching-materials/teaching-guides/writing-to-learn-history-annotations-and-mini-writes.md,matched,
/node/23559,/history-content/ask-a-historian/freedom-and-the-national-debt/,node,23559,history-content/ask-a-historian/freedom-and-the-national-debt.md,matched,
/node/23560,/teaching-materials/teaching-guides/adapting-documents-for-the-classroom-equity-and-access/,node,23560,teaching-materials/teaching-guides/adapting-documents-for-the-classroom-equity-and-access.md,matched,
/node/23569,/digital-classroom/tech-for-teachers/skype/,node,23569,digital-classroom/tech-for-teachers/skype.md,matched,
/node/23571,/blog/bookmark-this-google-scholar-finding-the-laws-that-govern-us/,node,23571,blog/bookmark-this-google-scholar-finding-the-laws-that-govern-us.md,matched,
/node/23572,/blog/thanksgiving-the-real-backstory/,node,23572,blog/thanksgiving-the-real-backstory.md,matched,
/node/23574,/history-content/website-reviews/early-american-newspapers-series-1-1690-1876/,node,23574,history-content/website-reviews/early-american-newspapers-series-1-1690-1876.md,matched,
/node/23575,/history-content/website-reviews/john-f-kennedy-presidential-library-and-museum/,node,23575,history-content/website-reviews/john-f-kennedy-presidential-library-and-museum.md,matched,
/node/23576,/history-content/website-reviews/kheel-center-labor-photos/,node,23576,history-content/website-reviews/kheel-center-labor-photos.md,matched,
/node/23577,/teaching-materials/ask-a-master-teacher/elementary-military-history-resources/,node,23577,teaching-materials/ask-a-master-teacher/elementary-military-history-resources.md,matched,
/node/23578,/history-content/website-reviews/library-of-southern-literature/,node,23578,history-content/website-reviews/library-of-southern-literature.md,matched,
/node/23582,/history-content/website-reviews/national-museum-of-the-american-indian-beauty-surrounds-us/,node,23582,history-content/website-reviews/national-museum-of-the-american-indian-beauty-surrounds-us.md,matched,
/node/23584,/history-content/national-resources/national-museum-of-the-american-indian/,node,23584,history-content/national-resources/national-museum-of-the-american-indian.md,matched,
/node/23588,/history-content/national-resources/national-museum-of-natural-history/,node,23588,history-content/national-resources/national-museum-of-natural-history.md,matched,
/node/23590,/history-content/website-reviews/platte-river-basin-in-nebraska/,node,23590,history-content/website-reviews/platte-river-basin-in-nebraska.md,matched,
/node/23591,/history-content/website-reviews/thomas-jeffersons-library/,node,23591,history-content/website-reviews/thomas-jeffersons-library.md,matched,
/node/23598,/history-content/website-reviews/toolbox-library-primary-resources-in-us-history-and-literature/,node,23598,history-content/website-reviews/toolbox-library-primary-resources-in-us-history-and-literature.md,matched,
/node/23599,/history-content/website-reviews/us-congressional-serial-set-1817-1994/,node,23599,history-content/website-reviews/us-congressional-serial-set-1817-1994.md,matched,
/node/23602,/blog/a-roundup-of-resources/,node,23602,blog/a-roundup-of-resources.md,matched,
/node/23603,/blog/236-years-since-the-boston-tea-party/,node,23603,blog/236-years-since-the-boston-tea-party.md,matched,
/node/23606,/history-content/website-reviews/wisconsin-historical-society-freedoms-journal/,node,23606,history-content/website-reviews/wisconsin-historical-society-freedoms-journal.md,matched,
/node/23608,/history-content/website-reviews/land-of-unequal-opportunity/,node,23608,history-content/website-reviews/land-of-unequal-opportunity.md,matched,
/node/23610,/teaching-materials/ask-a-master-teacher/multiperspectivity-what-is-it-and-why-use-it/,node,23610,teaching-materials/ask-a-master-teacher/multiperspectivity-what-is-it-and-why-use-it.md,matched,
/node/23612,/history-content/national-resources/national-portrait-gallery/,node,23612,history-content/national-resources/national-portrait-gallery.md,matched,
/node/23613,/teaching-materials/ask-a-master-teacher/resources-for-units-on-early-american-government/,node,23613,teaching-materials/ask-a-master-teacher/resources-for-units-on-early-american-government.md,matched,
/node/23617,/blog/maps-theyre-not-just-for-geography-any-more/,node,23617,blog/maps-theyre-not-just-for-geography-any-more.md,matched,
/node/23618,/history-content/website-reviews/the-woodrow-wilson-presidential-library-elibrary/,node,23618,history-content/website-reviews/the-woodrow-wilson-presidential-library-elibrary.md,matched,
/node/23619,/history-content/website-reviews/the-social-museum-collection-at-harvard-university/,node,23619,history-content/website-reviews/the-social-museum-collection-at-harvard-university.md,matched,
/node/23628,/blog/primary-sources-historical-reenactments-and-twitter/,node,23628,blog/primary-sources-historical-reenactments-and-twitter.md,matched,
/node/23630,/history-content/national-resources/voice-of-america/,node,23630,history-content/national-resources/voice-of-america.md,matched,
/node/23632,/blog/bookmark-this-world-war-ii-interactive-collection-free-from-footnote-december-only/,node,23632,blog/bookmark-this-world-war-ii-interactive-collection-free-from-footnote-december-only.md,matched,
/node/23633,/history-content/national-resources/us-postal-service/,node,23633,history-content/national-resources/us-postal-service.md,matched,
/node/23634,/teaching-materials/ask-a-master-teacher/integrating-technology-into-the-classroom/,node,23634,teaching-materials/ask-a-master-teacher/integrating-technology-into-the-classroom.md,matched,
/node/23637,/history-content/national-resources/tennessee-valley-authority/,node,23637,history-content/national-resources/tennessee-valley-authority.md,matched,
/node/23639,/history-content/national-resources/us-secret-service/,node,23639,history-content/national-resources/us-secret-service.md,matched,
/node/23641,/best-practices/examples-of-historical-thinking/slave-receipts/,node,23641,best-practices/examples-of-historical-thinking/slave-receipts.md,matched,
/node/23652,/history-content/ask-a-historian/voting-rights-and-the-14th-amendment/,node,23652,history-content/ask-a-historian/voting-rights-and-the-14th-amendment.md,matched,
/node/23668,/history-content/national-resources/small-business-association/,node,23668,history-content/national-resources/small-business-association.md,matched,
/node/23669,/history-content/national-resources/office-of-special-education-and-rehabilitative-services/,node,23669,history-content/national-resources/office-of-special-education-and-rehabilitative-services.md,matched,
/node/23672,/blog/a-national-plan-for-educational-technology/,node,23672,blog/a-national-plan-for-educational-technology.md,matched,
/node/23675,/blog/the-people-speak-to-zinn-or-not-to-zinn/,node,23675,blog/the-people-speak-to-zinn-or-not-to-zinn.md,matched,
/node/23677,/history-content/national-resources/supreme-court-of-the-united-states/,node,23677,history-content/national-resources/supreme-court-of-the-united-states.md,matched,
/node/23678,/history-content/national-resources/team-ships/,node,23678,history-content/national-resources/team-ships.md,matched,
/node/23680,/teaching-materials/ask-a-master-teacher/two-year-high-school-us-history-programs/,node,23680,teaching-materials/ask-a-master-teacher/two-year-high-school-us-history-programs.md,matched,
/node/23691,/teaching-materials/ask-a-master-teacher/seeking-simulations/,node,23691,teaching-materials/ask-a-master-teacher/seeking-simulations.md,matched,
/node/23709,/blog/teaching-about-dr-martin-luther-king/,node,23709,blog/teaching-about-dr-martin-luther-king.md,matched,
/node/23710,/blog/bookmark-this-contests-for-students-and-teachers/,node,23710,blog/bookmark-this-contests-for-students-and-teachers.md,matched,
/node/23720,/history-content/national-resources/national-agricultural-statistics-service/,node,23720,history-content/national-resources/national-agricultural-statistics-service.md,matched,
/node/23723,/history-content/national-resources/national-endowment-for-the-arts/,node,23723,history-content/national-resources/national-endowment-for-the-arts.md,matched,
/node/23724,/best-practices/teaching-in-action/third-graders-analyzing-historical-sources/,node,23724,best-practices/teaching-in-action/third-graders-analyzing-historical-sources.md,matched,
/node/23729,/teaching-materials/lesson-plan-reviews/roads-to-antietam/,node,23729,teaching-materials/lesson-plan-reviews/roads-to-antietam.md,matched,
/node/23731,/blog/national-history-day-2010/,node,23731,blog/national-history-day-2010.md,matched,
/node/23741,/history-content/ask-a-historian/remember-the-alamo/,node,23741,history-content/ask-a-historian/remember-the-alamo.md,matched,
/node/23744,/blog/looking-forward-in-2010/,node,23744,blog/looking-forward-in-2010.md,matched,
/node/23747,/blog/update-martin-luther-king-documentary-airs-on-history-channel/,node,23747,blog/update-martin-luther-king-documentary-airs-on-history-channel.md,matched,
/node/23771,/history-content/ask-a-historian/a-life-of-strenuous-endeavor/,node,23771,history-content/ask-a-historian/a-life-of-strenuous-endeavor.md,matched,
/node/23784,/history-content/national-resources/national-institute-for-literacy/,node,23784,history-content/national-resources/national-institute-for-literacy.md,matched,
/node/23785,/blog/teaching-american-history-tah-grant-application-deadlines/,node,23785,blog/teaching-american-history-tah-grant-application-deadlines.md,matched,
/node/23787,/blog/teaching-about-haiti/,node,23787,blog/teaching-about-haiti.md,matched,
/node/23789,/history-content/national-resources/mine-safety-and-health-administration/,node,23789,history-content/national-resources/mine-safety-and-health-administration.md,matched,
/node/23796,/history-content/ask-a-historian/presidential-patent/,node,23796,history-content/ask-a-historian/presidential-patent.md,matched,
/node/23797,/history-content/ask-a-historian/with-or-without-slavery/,node,23797,history-content/ask-a-historian/with-or-without-slavery.md,matched,
/node/23798,/best-practices/teaching-in-action/geo-literacy-project-students-explore-their-world/,node,23798,best-practices/teaching-in-action/geo-literacy-project-students-explore-their-world.md,matched,
/node/23799,/history-content/ask-a-historian/friendly-fire/,node,23799,history-content/ask-a-historian/friendly-fire.md,matched,
/node/23800,/history-content/national-resources/bureau-of-labor-statistics/,node,23800,history-content/national-resources/bureau-of-labor-statistics.md,matched,
/node/23801,/history-content/national-resources/architect-of-the-capitol/,node,23801,history-content/national-resources/architect-of-the-capitol.md,matched,
/node/23814,/history-content/website-reviews/annie-oakley/,node,23814,history-content/website-reviews/annie-oakley.md,matched,
/node/23815,/history-content/website-reviews/feeding-america-the-historic-american-cookbook-project/,node,23815,history-content/website-reviews/feeding-america-the-historic-american-cookbook-project.md,matched,
/node/23816,/blog/howard-zinn-the-peoples-historian-dies-at-87/,node,23816,blog/howard-zinn-the-peoples-historian-dies-at-87.md,matched,
/node/23817,/history-content/website-reviews/curating-the-city-wilshire-blvd/,node,23817,history-content/website-reviews/curating-the-city-wilshire-blvd.md,matched,
/node/23818,/history-content/website-reviews/missouri-digital-heritage/,node,23818,history-content/website-reviews/missouri-digital-heritage.md,matched,
/node/23819,/digital-classroom/tech-for-teachers/weebly/,node,23819,digital-classroom/tech-for-teachers/weebly.md,matched,
/node/23820,/blog/from-the-atlantic-monthly-what-makes-a-great-teacher/,node,23820,blog/from-the-atlantic-monthly-what-makes-a-great-teacher.md,matched,
/node/23821,/history-content/ask-a-historian/the-4th-estate-as-the-4th-branch/,node,23821,history-content/ask-a-historian/the-4th-estate-as-the-4th-branch.md,matched,
/node/23822,/digital-classroom/tech-for-teachers/search-engines/,node,23822,digital-classroom/tech-for-teachers/search-engines.md,matched,
/node/23823,/history-content/ask-a-historian/america-abroad/,node,23823,history-content/ask-a-historian/america-abroad.md,matched,
/node/23824,/history-content/national-resources/bureau-of-justice-statistics/,node,23824,history-content/national-resources/bureau-of-justice-statistics.md,matched,
/node/23825,/history-content/website-reviews/duluth-lynchings-online-resource-the-tragic-events-of-june-15-1920/,node,23825,history-content/website-reviews/duluth-lynchings-online-resource-the-tragic-events-of-june-15-1920.md,matched,
/node/23826,/teaching-materials/teaching-guides/truth-in-transit-crafting-meaningful-field-trips/,node,23826,teaching-materials/teaching-guides/truth-in-transit-crafting-meaningful-field-trips.md,matched,
/node/23827,/history-content/website-reviews/enduring-outrage-editorial-cartoons-by-herblock/,node,23827,history-content/website-reviews/enduring-outrage-editorial-cartoons-by-herblock.md,matched,
/node/23828,/history-content/website-reviews/black-mask-magazine/,node,23828,history-content/website-reviews/black-mask-magazine.md,matched,
/node/23835,/history-content/ask-a-historian/everyday-life-in-the-19th-century/,node,23835,history-content/ask-a-historian/everyday-life-in-the-19th-century.md,matched,
/node/23840,/history-content/ask-a-historian/spy-in-a-petticoat/,node,23840,history-content/ask-a-historian/spy-in-a-petticoat.md,matched,
/node/23841,/history-content/website-reviews/old-time-radio/,node,23841,history-content/website-reviews/old-time-radio.md,matched,
/node/23842,/history-content/website-reviews/bubbles-panics-and-crashes-a-century-of-financial-crises-1830s-1930s/,node,23842,history-content/website-reviews/bubbles-panics-and-crashes-a-century-of-financial-crises-1830s-1930s.md,matched,
/node/23847,/blog/teaching-african-american-history-do-we-still-need-a-black-history-month/,node,23847,blog/teaching-african-american-history-do-we-still-need-a-black-history-month.md,matched,
/node/23848,/history-content/ask-a-historian/religious-orders-of-women-in-new-france/,node,23848,history-content/ask-a-historian/religious-orders-of-women-in-new-france.md,matched,
/node/23852,/history-content/ask-a-historian/all-wrapped-up-in-the-flag/,node,23852,history-content/ask-a-historian/all-wrapped-up-in-the-flag.md,matched,
/node/23854,/page/privacy-policy/,node,23854,page/privacy-policy.md,matched,
/node/23855,/page/quiz-rules/,node,23855,page/quiz-rules.md,matched,
/node/23859,/page/english-language-learners/,node,23859,page/english-language-learners.md,matched,
/node/23863,/digital-classroom/ask-a-digital-historian/wikipedia-credible-research-source-or-not/,node,23863,digital-classroom/ask-a-digital-historian/wikipedia-credible-research-source-or-not.md,matched,
/node/23884,/digital-classroom/ask-a-digital-historian/finding-skype-collaborators/,node,23884,digital-classroom/ask-a-digital-historian/finding-skype-collaborators.md,matched,
/node/23885,/digital-classroom/ask-a-digital-historian/historic-images-are-everywhere/,node,23885,digital-classroom/ask-a-digital-historian/historic-images-are-everywhere.md,matched,
/node/23887,/history-content/website-reviews/tennessee-4-me/,node,23887,history-content/website-reviews/tennessee-4-me.md,matched,
/node/23893,/best-practices/teaching-in-action/opening-up-the-textbook-voices-from-my-lai/,node,23893,best-practices/teaching-in-action/opening-up-the-textbook-voices-from-my-lai.md,matched,
/node/23894,/best-practices/teaching-in-action/massive-resistance-through-political-cartoons/,node,23894,best-practices/teaching-in-action/massive-resistance-through-political-cartoons.md,matched,
/node/23896,/teaching-materials/ask-a-master-teacher/constructivism-actively-building-knowledge/,node,23896,teaching-materials/ask-a-master-teacher/constructivism-actively-building-knowledge.md,matched,
/node/23897,/blog/maps-theyre-not-just-for-geography-any-more-part-2/,node,23897,blog/maps-theyre-not-just-for-geography-any-more-part-2.md,matched,
/node/23898,/blog/bringing-primary-sources-into-the-classroom/,node,23898,blog/bringing-primary-sources-into-the-classroom.md,matched,
/node/23900,/teaching-materials/ask-a-master-teacher/meshing-history-and-montessori-method/,node,23900,teaching-materials/ask-a-master-teacher/meshing-history-and-montessori-method.md,matched,
/node/23901,/teaching-materials/ask-a-master-teacher/tackling-tough-topics/,node,23901,teaching-materials/ask-a-master-teacher/tackling-tough-topics.md,matched,
/node/23904,/history-content/beyond-the-textbook/slavery/,node,23905,history-content/beyond-the-textbook/slavery.md,matched,
/node/23905,/history-content/beyond-the-textbook/slavery/,node,23905,history-content/beyond-the-textbook/slavery.md,matched,
/node/23908,/history-content/website-reviews/the-mountain-meadows-massacre-in-public-discourse/,node,23908,history-content/website-reviews/the-mountain-meadows-massacre-in-public-discourse.md,matched,
/node/23909,/history-content/website-reviews/milwaukee-art-museum-collections/,node,23909,history-content/website-reviews/milwaukee-art-museum-collections.md,matched,
/node/23911,/history-content/beyond-the-textbook/causing-the-civil-war/,node,23912,history-content/beyond-the-textbook/causing-the-civil-war.md,matched,
/node/23912,/history-content/beyond-the-textbook/causing-the-civil-war/,node,23912,history-content/beyond-the-textbook/causing-the-civil-war.md,matched,
/node/23918,/history-content/beyond-the-textbook/huey-long/,node,23919,history-content/beyond-the-textbook/huey-long.md,matched,
/node/23919,/history-content/beyond-the-textbook/huey-long/,node,23919,history-content/beyond-the-textbook/huey-long.md,matched,
/node/23920,/blog/stand-up-and-be-counted-teaching-with-the-census/,node,23920,blog/stand-up-and-be-counted-teaching-with-the-census.md,matched,
/node/23921,/blog/teaching-about-vietnam/,node,23921,blog/teaching-about-vietnam.md,matched,
/node/23923,/history-content/beyond-the-textbook/coal-and-the-industrial-revolution/,node,23923,history-content/beyond-the-textbook/coal-and-the-industrial-revolution.md,matched,
/node/23924,/history-content/beyond-the-textbook/coal-and-the-industrial-revolution/,node,23923,history-content/beyond-the-textbook/coal-and-the-industrial-revolution.md,matched,
/node/23926,/history-content/ask-a-historian/honest-abe/,node,23926,history-content/ask-a-historian/honest-abe.md,matched,
/node/23927,/history-content/ask-a-historian/senatorial-division/,node,23927,history-content/ask-a-historian/senatorial-division.md,matched,
/node/23928,/history-content/ask-a-historian/mundane-lives-and-extreme-adventures/,node,23928,history-content/ask-a-historian/mundane-lives-and-extreme-adventures.md,matched,
/node/23929,/history-content/ask-a-historian/laboring-to-bring-forth-child-labor-statistics/,node,23929,history-content/ask-a-historian/laboring-to-bring-forth-child-labor-statistics.md,matched,
/node/23930,/history-content/ask-a-historian/the-us-and-egypt-in-the-1950s/,node,23930,history-content/ask-a-historian/the-us-and-egypt-in-the-1950s.md,matched,
/node/23931,/history-content/ask-a-historian/american-indian-women/,node,23931,history-content/ask-a-historian/american-indian-women.md,matched,
/node/23932,/history-content/ask-a-historian/rock-paper-scissors/,node,23932,history-content/ask-a-historian/rock-paper-scissors.md,matched,
/node/23933,/history-content/ask-a-historian/true-americans-in-the-cold-war/,node,23933,history-content/ask-a-historian/true-americans-in-the-cold-war.md,matched,
/node/23934,/history-content/ask-a-historian/deserters-in-the-civil-war/,node,23934,history-content/ask-a-historian/deserters-in-the-civil-war.md,matched,
/node/23935,/history-content/ask-a-historian/reagans-rising-tide/,node,23935,history-content/ask-a-historian/reagans-rising-tide.md,matched,
/node/23936,/history-content/ask-a-historian/tips-to-trappers/,node,23936,history-content/ask-a-historian/tips-to-trappers.md,matched,
/node/23937,/history-content/ask-a-historian/a-clear-shot-across-the-continent/,node,23937,history-content/ask-a-historian/a-clear-shot-across-the-continent.md,matched,
/node/23938,/blog/left-right-and-center-teaching-about-conservatism/,node,23938,blog/left-right-and-center-teaching-about-conservatism.md,matched,
/node/23941,/teaching-materials/lesson-plan-reviews/midnight-ride-of-paul-revere-fact-fiction-and-artistic-license/,node,23941,teaching-materials/lesson-plan-reviews/midnight-ride-of-paul-revere-fact-fiction-and-artistic-license.md,matched,
/node/23942,/teaching-materials/lesson-plan-reviews/the-progressive-era/,node,23942,teaching-materials/lesson-plan-reviews/the-progressive-era.md,matched,
/node/23943,/teaching-materials/lesson-plan-reviews/woman-suffrage-and-the-19th-amendment/,node,23943,teaching-materials/lesson-plan-reviews/woman-suffrage-and-the-19th-amendment.md,matched,
/node/23944,/teaching-materials/lesson-plan-reviews/building-the-erie-canal/,node,23944,teaching-materials/lesson-plan-reviews/building-the-erie-canal.md,matched,
/node/23946,/blog/welcome-to-our-redesign-and-thank-you/,node,23946,blog/welcome-to-our-redesign-and-thank-you.md,matched,
/node/23947,/history-content/ask-a-historian/forebears-furniture/,node,23947,history-content/ask-a-historian/forebears-furniture.md,matched,
/node/23950,/history-content/ask-a-historian/refugees-from-the-american-revolutionary-war/,node,23950,history-content/ask-a-historian/refugees-from-the-american-revolutionary-war.md,matched,
/node/23951,/history-content/ask-a-historian/stonewall-jackson-and-the-battle-of-chancellorsville/,node,23951,history-content/ask-a-historian/stonewall-jackson-and-the-battle-of-chancellorsville.md,matched,
/node/23952,/teaching-materials/lesson-plan-reviews/watergate-and-the-constitution/,node,23952,teaching-materials/lesson-plan-reviews/watergate-and-the-constitution.md,matched,
/node/23958,/history-content/website-reviews/ulysses-s-grant-digital-archive/,node,23958,history-content/website-reviews/ulysses-s-grant-digital-archive.md,matched,
/node/23967,/blog/bookmark-this-america-the-story-of-us-on-history-channel/,node,23967,blog/bookmark-this-america-the-story-of-us-on-history-channel.md,matched,
/node/23968,/history-content/website-reviews/university-of-wyoming-digital-collections/,node,23968,history-content/website-reviews/university-of-wyoming-digital-collections.md,matched,
/node/23969,/history-content/website-reviews/washington-state-digital-archives/,node,23969,history-content/website-reviews/washington-state-digital-archives.md,matched,
/node/23970,/history-content/website-reviews/wisconsin-state-historical-society-online-collections/,node,23970,history-content/website-reviews/wisconsin-state-historical-society-online-collections.md,matched,
/node/23998,/teaching-materials/ask-a-master-teacher/building-a-class-on-native-american-history/,node,23998,teaching-materials/ask-a-master-teacher/building-a-class-on-native-american-history.md,matched,
/node/24001,/best-practices/using-primary-sources/reading-like-a-historian/,node,24001,best-practices/using-primary-sources/reading-like-a-historian.md,matched,
/node/24015,/history-content/website-reviews/university-of-washington-libraries-moving-image-collection/,node,24015,history-content/website-reviews/university-of-washington-libraries-moving-image-collection.md,matched,
/node/24016,/history-content/website-reviews/lincoln-archives-digital-project/,node,24016,history-content/website-reviews/lincoln-archives-digital-project.md,matched,
/node/24017,/history-content/website-reviews/monticello-explorer/,node,24017,history-content/website-reviews/monticello-explorer.md,matched,
/node/24022,/history-content/website-reviews/the-deadly-virus-the-influenza-epidemic-of-1918/,node,24022,history-content/website-reviews/the-deadly-virus-the-influenza-epidemic-of-1918.md,matched,
/node/24023,/history-content/website-reviews/mass-moments/,node,24023,history-content/website-reviews/mass-moments.md,matched,
/node/24027,/best-practices/examples-of-historical-thinking/primary-sources-as-windows-into-the-past/,node,24027,best-practices/examples-of-historical-thinking/primary-sources-as-windows-into-the-past.md,matched,
/node/24028,/best-practices/examples-of-historical-thinking/close-reading-for-vocabulary-context-and-tone/,node,24028,best-practices/examples-of-historical-thinking/close-reading-for-vocabulary-context-and-tone.md,matched,
/node/24029,/best-practices/examples-of-historical-thinking/reading-for-context/,node,24029,best-practices/examples-of-historical-thinking/reading-for-context.md,matched,
/node/24030,/best-practices/examples-of-historical-thinking/cross-checking-sources-and-testing-hypotheses/,node,24030,best-practices/examples-of-historical-thinking/cross-checking-sources-and-testing-hypotheses.md,matched,
/node/24033,/history-content/website-reviews/chicanoa-movement-in-washington-state-history-project/,node,24033,history-content/website-reviews/chicanoa-movement-in-washington-state-history-project.md,matched,
/node/24034,/history-content/website-reviews/politics-of-a-massacre-discovering-wilmington-1898/,node,24034,history-content/website-reviews/politics-of-a-massacre-discovering-wilmington-1898.md,matched,
/node/24035,/history-content/website-reviews/seattle-general-strike-project/,node,24035,history-content/website-reviews/seattle-general-strike-project.md,matched,
/node/24049,/teaching-materials/lesson-plan-reviews/new-jerseys-quakers-and-the-american-revolution/,node,24049,teaching-materials/lesson-plan-reviews/new-jerseys-quakers-and-the-american-revolution.md,matched,
/node/24056,/history-content/website-reviews/nixtontapesorg/,node,24056,history-content/website-reviews/nixtontapesorg.md,matched,
/node/24057,/history-content/website-reviews/philaplace/,node,24057,history-content/website-reviews/philaplace.md,matched,
/node/24065,/blog/bookmark-this-teachers-teens-and-technology/,node,24065,blog/bookmark-this-teachers-teens-and-technology.md,matched,
/node/24066,/digital-classroom/ask-a-digital-historian/is-the-internet-a-reliable-source-for-history-content/,node,24066,digital-classroom/ask-a-digital-historian/is-the-internet-a-reliable-source-for-history-content.md,matched,
/node/24067,/best-practices/using-primary-sources/people-as-primary-sources-conducting-interviews/,node,24067,best-practices/using-primary-sources/people-as-primary-sources-conducting-interviews.md,matched,
/node/24068,/blog/top-tens-or-best-sites-for/,node,24068,blog/top-tens-or-best-sites-for.md,matched,
/node/24069,/teaching-materials/ask-a-master-teacher/a-larger-global-or-interregional-story/,node,24069,teaching-materials/ask-a-master-teacher/a-larger-global-or-interregional-story.md,matched,
/node/24070,/teaching-materials/teaching-guides/using-old-maps-as-tools-to-explore-our-world/,node,24070,teaching-materials/teaching-guides/using-old-maps-as-tools-to-explore-our-world.md,matched,
/node/24072,/blog/picturing-america/,node,24072,blog/picturing-america.md,matched,
/node/24073,/history-content/beyond-the-textbook/rise-of-the-automobile/,node,24073,history-content/beyond-the-textbook/rise-of-the-automobile.md,matched,
/node/24074,/history-content/beyond-the-textbook/rise-of-the-automobile/,node,24073,history-content/beyond-the-textbook/rise-of-the-automobile.md,matched,
/node/24075,/teaching-materials/lesson-plan-reviews/my-history-at-school/,node,24075,teaching-materials/lesson-plan-reviews/my-history-at-school.md,matched,
/node/24076,/teaching-materials/ask-a-master-teacher/teaching-the-transcontinental-railroad/,node,24076,teaching-materials/ask-a-master-teacher/teaching-the-transcontinental-railroad.md,matched,
/node/24079,/best-practices/using-primary-sources/teaching-with-monuments-and-memorials/,node,24079,best-practices/using-primary-sources/teaching-with-monuments-and-memorials.md,matched,
/node/24080,/best-practices/teaching-in-action/students-in-the-community/,node,24080,best-practices/teaching-in-action/students-in-the-community.md,matched,
/node/24087,/teaching-materials/ask-a-master-teacher/america-the-story-of-us/,node,24087,teaching-materials/ask-a-master-teacher/america-the-story-of-us.md,matched,
/node/24088,/history-content/ask-a-historian/the-auto-industry-goes-to-war/,node,24088,history-content/ask-a-historian/the-auto-industry-goes-to-war.md,matched,
/node/24089,/digital-classroom/ask-a-digital-historian/beyond-google-searching/,node,24089,digital-classroom/ask-a-digital-historian/beyond-google-searching.md,matched,
/node/24090,/history-content/ask-a-historian/snuff-n-sniff/,node,24090,history-content/ask-a-historian/snuff-n-sniff.md,matched,
/node/24091,/history-content/ask-a-historian/quebec-city-fire/,node,24091,history-content/ask-a-historian/quebec-city-fire.md,matched,
/node/24092,/history-content/ask-a-historian/a-history-of-fundamentalism/,node,24092,history-content/ask-a-historian/a-history-of-fundamentalism.md,matched,
/node/24093,/history-content/ask-a-historian/divided-loyalties/,node,24093,history-content/ask-a-historian/divided-loyalties.md,matched,
/node/24094,/history-content/ask-a-historian/jefferson-versus-hamilton/,node,24094,history-content/ask-a-historian/jefferson-versus-hamilton.md,matched,
/node/24095,/history-content/ask-a-historian/conococheague/,node,24095,history-content/ask-a-historian/conococheague.md,matched,
/node/24096,/history-content/website-reviews/unforgivable-blackness-the-rise-and-fall-of-jack-johnson/,node,24096,history-content/website-reviews/unforgivable-blackness-the-rise-and-fall-of-jack-johnson.md,matched,
/node/24097,/history-content/ask-a-historian/native-american-customs-of-childbirth/,node,24097,history-content/ask-a-historian/native-american-customs-of-childbirth.md,matched,
/node/24098,/history-content/ask-a-historian/colonial-teenagers/,node,24098,history-content/ask-a-historian/colonial-teenagers.md,matched,
/node/24099,/history-content/ask-a-historian/iroquois-and-the-founding-fathers/,node,24099,history-content/ask-a-historian/iroquois-and-the-founding-fathers.md,matched,
/node/24100,/history-content/ask-a-historian/the-era-of-reform/,node,24100,history-content/ask-a-historian/the-era-of-reform.md,matched,
/node/24101,/history-content/ask-a-historian/bank-notes-of-the-second-bank-of-the-united-states/,node,24101,history-content/ask-a-historian/bank-notes-of-the-second-bank-of-the-united-states.md,matched,
/node/24103,/history-content/website-reviews/coming-of-the-american-revolution-1764-1776/,node,24103,history-content/website-reviews/coming-of-the-american-revolution-1764-1776.md,matched,
/node/24104,/digital-classroom/ask-a-digital-historian/using-the-web-to-learn-research-and-presentation-skills/,node,24104,digital-classroom/ask-a-digital-historian/using-the-web-to-learn-research-and-presentation-skills.md,matched,
/node/24105,/history-content/website-reviews/ronald-reagan-presidential-foundation-and-library/,node,24105,history-content/website-reviews/ronald-reagan-presidential-foundation-and-library.md,matched,
/node/24106,/history-content/ask-a-historian/feminist-art/,node,24106,history-content/ask-a-historian/feminist-art.md,matched,
/node/24107,/history-content/ask-a-historian/alternative-outcomes-of-world-war-ii/,node,24107,history-content/ask-a-historian/alternative-outcomes-of-world-war-ii.md,matched,
/node/24110,/blog/teachinghistoryorg-at-iste/,node,24110,blog/teachinghistoryorg-at-iste.md,matched,
/node/24111,/teaching-materials/ask-a-master-teacher/lower-level-learners-teaching-their-way/,node,24111,teaching-materials/ask-a-master-teacher/lower-level-learners-teaching-their-way.md,matched,
/node/24112,/blog/the-smithsonian-commons-vast-findable-shareable-free/,node,24112,blog/the-smithsonian-commons-vast-findable-shareable-free.md,matched,
/node/24113,/history-content/ask-a-historian/african-and-native-americans-in-colonial-and-revolutionary-times/,node,24113,history-content/ask-a-historian/african-and-native-americans-in-colonial-and-revolutionary-times.md,matched,
/node/24117,/history-content/ask-a-historian/kentuckiana/,node,24117,history-content/ask-a-historian/kentuckiana.md,matched,
/node/24118,/teaching-materials/ask-a-master-teacher/contingency/,node,24118,teaching-materials/ask-a-master-teacher/contingency.md,matched,
/node/24120,/history-content/ask-a-historian/historians-defined/,node,24120,history-content/ask-a-historian/historians-defined.md,matched,
/node/24121,/history-content/ask-a-historian/the-history-of-history/,node,24121,history-content/ask-a-historian/the-history-of-history.md,matched,
/node/24122,/digital-classroom/ask-a-digital-historian/history-and-new-media/,node,24122,digital-classroom/ask-a-digital-historian/history-and-new-media.md,matched,
/node/24123,/teaching-materials/teaching-guides/what-is-an-inquiry-lesson/,node,24123,teaching-materials/teaching-guides/what-is-an-inquiry-lesson.md,matched,
/node/24124,/history-content/beyond-the-textbook/womens-reform-movement/,node,24124,history-content/beyond-the-textbook/womens-reform-movement.md,matched,
/node/24125,/history-content/beyond-the-textbook/womens-reform-movement/,node,24124,history-content/beyond-the-textbook/womens-reform-movement.md,matched,
/node/24126,/history-content/beyond-the-textbook/denmark-vesey/,node,24126,history-content/beyond-the-textbook/denmark-vesey.md,matched,
/node/24127,/history-content/beyond-the-textbook/denmark-vesey/,node,24126,history-content/beyond-the-textbook/denmark-vesey.md,matched,
/node/24128,/teaching-materials/english-language-learners/historical-thinking-matters/,node,24128,teaching-materials/english-language-learners/historical-thinking-matters.md,matched,
/node/24129,/teaching-materials/english-language-learners/using-primary-sources-with-english-language-learners/,node,24129,teaching-materials/english-language-learners/using-primary-sources-with-english-language-learners.md,matched,
/node/24130,/teaching-materials/english-language-learners/scaffolding-with-graphic-organizers/,node,24130,teaching-materials/english-language-learners/scaffolding-with-graphic-organizers.md,matched,
/node/24131,/teaching-materials/english-language-learners/world-digital-library/,node,24131,teaching-materials/english-language-learners/world-digital-library.md,matched,
/node/24132,/teaching-materials/english-language-learners/americas-heritage-an-adventure-in-liberty/,node,24132,teaching-materials/english-language-learners/americas-heritage-an-adventure-in-liberty.md,matched,
/node/24133,/teaching-materials/english-language-learners/electronic-schoolhouse-la-escuela-electronica/,node,24133,teaching-materials/english-language-learners/electronic-schoolhouse-la-escuela-electronica.md,matched,
/node/24134,/teaching-materials/english-language-learners/hispano-music-culture-of-the-northern-rio-grande/,node,24134,teaching-materials/english-language-learners/hispano-music-culture-of-the-northern-rio-grande.md,matched,
/node/24135,/best-practices/using-primary-sources/evoking-the-past/,node,24135,best-practices/using-primary-sources/evoking-the-past.md,matched,
/node/24136,/teaching-materials/english-language-learners/bracero-history-archive/,node,24136,teaching-materials/english-language-learners/bracero-history-archive.md,matched,
/node/24137,/teaching-materials/english-language-learners/great-unsolved-mysteries-in-canadian-history/,node,24137,teaching-materials/english-language-learners/great-unsolved-mysteries-in-canadian-history.md,matched,
/node/24138,/teaching-materials/english-language-learners/reframing-english-language-development/,node,24138,teaching-materials/english-language-learners/reframing-english-language-development.md,matched,
/node/24139,/teaching-materials/english-language-learners/life-liberty-and-property-whats-the-big-idea/,node,24139,teaching-materials/english-language-learners/life-liberty-and-property-whats-the-big-idea.md,matched,
/node/24140,/teaching-materials/english-language-learners/sq3r-survey-question-read-review-recite/,node,24140,teaching-materials/english-language-learners/sq3r-survey-question-read-review-recite.md,matched,
/node/24141,/teaching-materials/english-language-learners/responding-to-english-learners-writing-with-the-3-ps/,node,24141,teaching-materials/english-language-learners/responding-to-english-learners-writing-with-the-3-ps.md,matched,
/node/24142,/teaching-materials/english-language-learners/why-did-it-happen-making-claims-about-cause-and-effect/,node,24142,teaching-materials/english-language-learners/why-did-it-happen-making-claims-about-cause-and-effect.md,matched,
/node/24143,/teaching-materials/english-language-learners/using-visuals-to-build-interest-and-understanding/,node,24143,teaching-materials/english-language-learners/using-visuals-to-build-interest-and-understanding.md,matched,
/node/24145,/history-content/website-reviews/lower-east-side-tenement-museum/,node,24145,history-content/website-reviews/lower-east-side-tenement-museum.md,matched,
/node/24146,/history-content/website-reviews/los-angeles-public-library-photo-collection/,node,24146,history-content/website-reviews/los-angeles-public-library-photo-collection.md,matched,
/node/24147,/history-content/website-reviews/playing-househomemaking-for-children/,node,24147,history-content/website-reviews/playing-househomemaking-for-children.md,matched,
/node/24149,/history-content/website-reviews/indiana-historical-society-digital-image-collections/,node,24149,history-content/website-reviews/indiana-historical-society-digital-image-collections.md,matched,
/node/24151,/history-content/website-reviews/paul-laurence-dunbar-digital-collection/,node,24151,history-content/website-reviews/paul-laurence-dunbar-digital-collection.md,matched,
/node/24152,/digital-classroom/beyond-the-chalkboard/using-facebook-to-engage-with-historical-figures/,node,24152,digital-classroom/beyond-the-chalkboard/using-facebook-to-engage-with-historical-figures.md,matched,
/node/24153,/history-content/website-reviews/state-of-the-union/,node,24153,history-content/website-reviews/state-of-the-union.md,matched,
/node/24154,/history-content/website-reviews/freedom-trail-foundation/,node,24154,history-content/website-reviews/freedom-trail-foundation.md,matched,
/node/24155,/history-content/website-reviews/the-museum-of-broadcast-communications/,node,24155,history-content/website-reviews/the-museum-of-broadcast-communications.md,matched,
/node/24156,/history-content/website-reviews/center-for-the-study-of-upper-midwestern-culture/,node,24156,history-content/website-reviews/center-for-the-study-of-upper-midwestern-culture.md,matched,
/node/24158,/digital-classroom/beyond-the-chalkboard/zoom-in-inquiry/,node,24158,digital-classroom/beyond-the-chalkboard/zoom-in-inquiry.md,matched,
/node/24160,/history-content/website-reviews/international-center-of-photography/,node,24160,history-content/website-reviews/international-center-of-photography.md,matched,
/node/24161,/digital-classroom/beyond-the-chalkboard/using-skype-in-the-classroom/,node,24161,digital-classroom/beyond-the-chalkboard/using-skype-in-the-classroom.md,matched,
/node/24162,/digital-classroom/beyond-the-chalkboard/twitter-in-large-classrooms/,node,24162,digital-classroom/beyond-the-chalkboard/twitter-in-large-classrooms.md,matched,
/node/24163,/digital-classroom/beyond-the-chalkboard/whiteboard-basics/,node,24163,digital-classroom/beyond-the-chalkboard/whiteboard-basics.md,matched,
/node/24164,/blog/teaching-american-history-grants-awarded/,node,24164,blog/teaching-american-history-grants-awarded.md,matched,
/node/24165,/digital-classroom/beyond-the-chalkboard/advanced-whiteboard-techniques/,node,24165,digital-classroom/beyond-the-chalkboard/advanced-whiteboard-techniques.md,matched,
/node/24167,/digital-classroom/beyond-the-chalkboard/whiteboards-and-the-youngest-children/,node,24167,digital-classroom/beyond-the-chalkboard/whiteboards-and-the-youngest-children.md,matched,
/node/24168,/digital-classroom/beyond-the-chalkboard/introduction-to-google-docs/,node,24168,digital-classroom/beyond-the-chalkboard/introduction-to-google-docs.md,matched,
/node/24169,/digital-classroom/beyond-the-chalkboard/digital-storytelling-in-the-classroom/,node,24169,digital-classroom/beyond-the-chalkboard/digital-storytelling-in-the-classroom.md,matched,
/node/24170,/history-content/ask-a-historian/forty-acres-and-a-mule/,node,24170,history-content/ask-a-historian/forty-acres-and-a-mule.md,matched,
/node/24171,/best-practices/examples-of-historical-thinking/my-lai-massacre-political-cartoon/,node,24171,best-practices/examples-of-historical-thinking/my-lai-massacre-political-cartoon.md,matched,
/node/24172,/history-content/ask-a-historian/architectural-homage/,node,24172,history-content/ask-a-historian/architectural-homage.md,matched,
/node/24174,/blog/historical-thinking-poster/,node,24174,blog/historical-thinking-poster.md,matched,
/node/24175,/best-practices/examples-of-historical-thinking/fdrs-fireside-chats/,node,24175,best-practices/examples-of-historical-thinking/fdrs-fireside-chats.md,matched,
/node/24176,/best-practices/teaching-in-action/fdrs-fireside-chats/,node,24176,best-practices/teaching-in-action/fdrs-fireside-chats.md,matched,
/node/24177,/digital-classroom/tech-for-teachers/mind-mapping-visualizing-historical-thought/,node,24177,digital-classroom/tech-for-teachers/mind-mapping-visualizing-historical-thought.md,matched,
/node/24178,/history-content/quiz/playing-history/,node,24178,history-content/quiz/playing-history.md,matched,
/node/24181,/history-content/beyond-the-textbook/the-tet-offensive/,node,24184,history-content/beyond-the-textbook/the-tet-offensive.md,matched,
/node/24182,/history-content/quiz/early-american-artifacts/,node,24182,history-content/quiz/early-american-artifacts.md,matched,
/node/24183,/history-content/quiz/exploration-and-innovation/,node,24183,history-content/quiz/exploration-and-innovation.md,matched,
/node/24184,/history-content/beyond-the-textbook/the-tet-offensive/,node,24184,history-content/beyond-the-textbook/the-tet-offensive.md,matched,
/node/24185,/history-content/ask-a-historian/robert-gould-shaw/,node,24185,history-content/ask-a-historian/robert-gould-shaw.md,matched,
/node/24186,/history-content/quiz/back-to-school/,node,24186,history-content/quiz/back-to-school.md,matched,
/node/24187,/history-content/quiz/europe-encounters-the-western-hemisphere/,node,24187,history-content/quiz/europe-encounters-the-western-hemisphere.md,matched,
/node/24188,/history-content/quiz/discovering-christopher-columbus/,node,24188,history-content/quiz/discovering-christopher-columbus.md,matched,
/node/24189,/history-content/quiz/constitution-day/,node,24189,history-content/quiz/constitution-day.md,matched,
/node/24190,/history-content/quiz/teaching-the-20th/,node,24190,history-content/quiz/teaching-the-20th.md,matched,
/node/24191,/history-content/quiz/when-whales-lit-the-world/,node,24191,history-content/quiz/when-whales-lit-the-world.md,matched,
/node/24192,/history-content/quiz/classroom-glory/,node,24192,history-content/quiz/classroom-glory.md,matched,
/node/24193,/history-content/quiz/stumbling-down-the-road-to-health/,node,24193,history-content/quiz/stumbling-down-the-road-to-health.md,matched,
/node/24194,/history-content/quiz/column-a-and-column-b/,node,24194,history-content/quiz/column-a-and-column-b.md,matched,
/node/24195,/history-content/quiz/a-mouldering-in-the-grave/,node,24195,history-content/quiz/a-mouldering-in-the-grave.md,matched,
/node/24196,/history-content/quiz/celebrate-more-than-st-patrick/,node,24196,history-content/quiz/celebrate-more-than-st-patrick.md,matched,
/node/24197,/history-content/quiz/fly-away-jim-crow/,node,24197,history-content/quiz/fly-away-jim-crow.md,matched,
/node/24198,/history-content/quiz/go-west-young-woman/,node,24198,history-content/quiz/go-west-young-woman.md,matched,
/node/24199,/blog/history-education-news-06-analyzing-images/,node,24199,blog/history-education-news-06-analyzing-images.md,matched,
/node/24201,/history-content/quiz/the-many-roots-of-african-american-cooking/,node,24201,history-content/quiz/the-many-roots-of-african-american-cooking.md,matched,
/node/24202,/history-content/quiz/presidential-valentines/,node,24202,history-content/quiz/presidential-valentines.md,matched,
/node/24203,/history-content/quiz/theatre-of-the-people/,node,24203,history-content/quiz/theatre-of-the-people.md,matched,
/node/24204,/history-content/quiz/monuments-to-a-dream-martin-luther-king-jr-memorials/,node,24204,history-content/quiz/monuments-to-a-dream-martin-luther-king-jr-memorials.md,matched,
/node/24205,/history-content/quiz/history-of-hidden-killers-epidemics-in-america/,node,24205,history-content/quiz/history-of-hidden-killers-epidemics-in-america.md,matched,
/node/24206,/history-content/quiz/american-personalities-uncle-sam-and-lady-liberty/,node,24206,history-content/quiz/american-personalities-uncle-sam-and-lady-liberty.md,matched,
/node/24207,/history-content/quiz/turning-turtle-shipwrecks-and-disasters-at-sea/,node,24207,history-content/quiz/turning-turtle-shipwrecks-and-disasters-at-sea.md,matched,
/node/24208,/history-content/quiz/dance-but-not-that-way/,node,24208,history-content/quiz/dance-but-not-that-way.md,matched,
/node/24209,/history-content/quiz/alien-invasions/,node,24209,history-content/quiz/alien-invasions.md,matched,
/node/24210,/history-content/quiz/yo-ho-ho-and-a-bushel-of-oysters/,node,24210,history-content/quiz/yo-ho-ho-and-a-bushel-of-oysters.md,matched,
/node/24211,/history-content/quiz/we-the-people-rarely-agree/,node,24211,history-content/quiz/we-the-people-rarely-agree.md,matched,
/node/24212,/history-content/quiz/united-we-stand-industry-and-famous-strikes/,node,24212,history-content/quiz/united-we-stand-industry-and-famous-strikes.md,matched,
/node/24214,/teaching-materials/lesson-plan-reviews/jamestown-the-starving-time/,node,24214,teaching-materials/lesson-plan-reviews/jamestown-the-starving-time.md,matched,
/node/24215,/blog/patents-as-primary-sources/,node,24215,blog/patents-as-primary-sources.md,matched,
/node/24216,/best-practices/teaching-in-action/teaching-strategies-for-museums-graphic-organizers/,node,24216,best-practices/teaching-in-action/teaching-strategies-for-museums-graphic-organizers.md,matched,
/node/24217,/history-content/quiz/first-ladies-firsts/,node,24217,history-content/quiz/first-ladies-firsts.md,matched,
/node/24218,/history-content/quiz/fashion-maven/,node,24218,history-content/quiz/fashion-maven.md,matched,
/node/24219,/history-content/quiz/a-culture-productive-of-infinite-wretchedness/,node,24219,history-content/quiz/a-culture-productive-of-infinite-wretchedness.md,matched,
/node/24220,/history-content/quiz/dueling-logic/,node,24220,history-content/quiz/dueling-logic.md,matched,
/node/24221,/history-content/quiz/voices-in-the-whirlwind/,node,24221,history-content/quiz/voices-in-the-whirlwind.md,matched,
/node/24222,/history-content/quiz/as-american-as-mom/,node,24222,history-content/quiz/as-american-as-mom.md,matched,
/node/24223,/history-content/quiz/pre-modern-pop-music/,node,24223,history-content/quiz/pre-modern-pop-music.md,matched,
/node/24224,/history-content/quiz/textbook-twisters-salem-witch-trials/,node,24224,history-content/quiz/textbook-twisters-salem-witch-trials.md,matched,
/node/24225,/history-content/quiz/presidential-moments-inaugural-addresses/,node,24225,history-content/quiz/presidential-moments-inaugural-addresses.md,matched,
/node/24226,/history-content/quiz/presidential-moments-inauguration/,node,24226,history-content/quiz/presidential-moments-inauguration.md,matched,
/node/24227,/history-content/quiz/presidential-moments-hail-to-the-chief-nicknames/,node,24227,history-content/quiz/presidential-moments-hail-to-the-chief-nicknames.md,matched,
/node/24228,/history-content/quiz/potent-quotables-every-vote-counts/,node,24228,history-content/quiz/potent-quotables-every-vote-counts.md,matched,
/node/24229,/teaching-materials/lesson-plan-reviews/the-cost-of-industrialization/,node,24229,teaching-materials/lesson-plan-reviews/the-cost-of-industrialization.md,matched,
/node/24230,/blog/constitution-day-2010/,node,24230,blog/constitution-day-2010.md,matched,
/node/24231,/history-content/quiz/american-myths-popular-music/,node,24231,history-content/quiz/american-myths-popular-music.md,matched,
/node/24232,/history-content/quiz/presidential-moments-campaigns/,node,24232,history-content/quiz/presidential-moments-campaigns.md,matched,
/node/24233,/history-content/quiz/textbook-twisters-cuban-missile-crisis/,node,24233,history-content/quiz/textbook-twisters-cuban-missile-crisis.md,matched,
/node/24234,/history-content/quiz/the-ice-cream-wars/,node,24234,history-content/quiz/the-ice-cream-wars.md,matched,
/node/24235,/history-content/quiz/thanksgiving-dinner-in-1943/,node,24235,history-content/quiz/thanksgiving-dinner-in-1943.md,matched,
/node/24236,/history-content/quiz/charters-for-colonies/,node,24236,history-content/quiz/charters-for-colonies.md,matched,
/node/24237,/history-content/quiz/remembering-all-veterans/,node,24237,history-content/quiz/remembering-all-veterans.md,matched,
/node/24240,/history-content/quiz/the-royal-we-princesses-of-the-past/,node,24240,history-content/quiz/the-royal-we-princesses-of-the-past.md,matched,
/node/24241,/history-content/quiz/back-to-the-future/,node,24241,history-content/quiz/back-to-the-future.md,matched,
/node/24242,/history-content/ask-a-historian/booths-reason-for-assassination/,node,24242,history-content/ask-a-historian/booths-reason-for-assassination.md,matched,
/node/24243,/history-content/quiz/plays-you-wont-see-in-the-superbowl/,node,24243,history-content/quiz/plays-you-wont-see-in-the-superbowl.md,matched,
/node/24244,/history-content/quiz/spot-the-president-presidential-campaign-ads/,node,24244,history-content/quiz/spot-the-president-presidential-campaign-ads.md,matched,
/node/24245,/history-content/quiz/in-our-own-time-native-american-timekeeping/,node,24245,history-content/quiz/in-our-own-time-native-american-timekeeping.md,matched,
/node/24246,/history-content/quiz/saving-daylight/,node,24246,history-content/quiz/saving-daylight.md,matched,
/node/24247,/history-content/quiz/american-myths-christopher-columbus/,node,24247,history-content/quiz/american-myths-christopher-columbus.md,matched,
/node/24248,/teaching-materials/ask-a-master-teacher/researching-for-a-research-topic/,node,24248,teaching-materials/ask-a-master-teacher/researching-for-a-research-topic.md,matched,
/node/24249,/history-content/quiz/early-telephone-etiquette/,node,24249,history-content/quiz/early-telephone-etiquette.md,matched,
/node/24250,/history-content/quiz/paradise-in-a-breakfast-bowl/,node,24250,history-content/quiz/paradise-in-a-breakfast-bowl.md,matched,
/node/24251,/history-content/quiz/a-hoax-provokes-folks-why-lie/,node,24251,history-content/quiz/a-hoax-provokes-folks-why-lie.md,matched,
/node/24252,/history-content/quiz/advice-for-beachgoers/,node,24252,history-content/quiz/advice-for-beachgoers.md,matched,
/node/24253,/history-content/quiz/baseball-in-black-and-white/,node,24253,history-content/quiz/baseball-in-black-and-white.md,matched,
/node/24254,/history-content/ask-a-historian/the-possible-path-of-barnard-bee/,node,24254,history-content/ask-a-historian/the-possible-path-of-barnard-bee.md,matched,
/node/24256,/history-content/quiz/california-or-bust/,node,24256,history-content/quiz/california-or-bust.md,matched,
/node/24257,/history-content/quiz/vaccinations-rites-of-passage/,node,24257,history-content/quiz/vaccinations-rites-of-passage.md,matched,
/node/24258,/history-content/quiz/new-world-wonders/,node,24258,history-content/quiz/new-world-wonders.md,matched,
/node/24259,/history-content/quiz/carriages-and-wagons/,node,24259,history-content/quiz/carriages-and-wagons.md,matched,
/node/24261,/history-content/quiz/the-big-picture-match-the-ad-to-the-year/,node,24261,history-content/quiz/the-big-picture-match-the-ad-to-the-year.md,matched,
/node/24262,/history-content/quiz/by-the-numbers-election-maps/,node,24262,history-content/quiz/by-the-numbers-election-maps.md,matched,
/node/24263,/blog/our-weekly-quizzes-return/,node,24263,blog/our-weekly-quizzes-return.md,matched,
/node/24264,/teaching-materials/teaching-guides/students-working-in-local-historic-preservation/,node,24264,teaching-materials/teaching-guides/students-working-in-local-historic-preservation.md,matched,
/node/24265,/history-content/ask-a-historian/breaking-the-confederate-line-at-antietam/,node,24265,history-content/ask-a-historian/breaking-the-confederate-line-at-antietam.md,matched,
/node/24266,/history-content/quiz/turkey-tracking/,node,24266,history-content/quiz/turkey-tracking.md,matched,
/node/24267,/history-content/ask-a-historian/new-england-puritans/,node,24267,history-content/ask-a-historian/new-england-puritans.md,matched,
/node/24268,/digital-classroom/tech-for-teachers/docsteach/,node,24268,digital-classroom/tech-for-teachers/docsteach.md,matched,
/node/24269,/history-content/quiz/from-war-to-revolution/,node,24269,history-content/quiz/from-war-to-revolution.md,matched,
/node/24270,/teaching-materials/ask-a-master-teacher/deciphering-primary-source-documents/,node,24270,teaching-materials/ask-a-master-teacher/deciphering-primary-source-documents.md,matched,
/node/24271,/teaching-materials/ask-a-master-teacher/using-visual-fine-arts-to-enrich-understanding/,node,24271,teaching-materials/ask-a-master-teacher/using-visual-fine-arts-to-enrich-understanding.md,matched,
/node/24272,/teaching-materials/lesson-plan-reviews/civil-war-photos-what-do-you-see/,node,24272,teaching-materials/lesson-plan-reviews/civil-war-photos-what-do-you-see.md,matched,
/node/24273,/blog/amy-trenkle-on-experiencing-the-first-amendment/,node,24273,blog/amy-trenkle-on-experiencing-the-first-amendment.md,matched,
/node/24274,/blog/elizabeth-schaefer-on-the-impact-of-911-in-the-classroom/,node,24274,blog/elizabeth-schaefer-on-the-impact-of-911-in-the-classroom.md,matched,
/node/24275,/history-content/ask-a-historian/digitized-newspaper-archives/,node,24275,history-content/ask-a-historian/digitized-newspaper-archives.md,matched,
/node/24276,/blog/national-archives-launches-docsteach/,node,24276,blog/national-archives-launches-docsteach.md,matched,
/node/24278,/best-practices/teaching-with-textbooks/building-a-conversation-between-textbooks-students-and-teachers/,node,24278,best-practices/teaching-with-textbooks/building-a-conversation-between-textbooks-students-and-teachers.md,matched,
/node/24279,/blog/jennifer-orr-on-questioning-columbus/,node,24279,blog/jennifer-orr-on-questioning-columbus.md,matched,
/node/24280,/history-content/quiz/black-days-in-the-market/,node,24280,history-content/quiz/black-days-in-the-market.md,matched,
/node/24281,/history-content/quiz/war-of-invaders/,node,24281,history-content/quiz/war-of-invaders.md,matched,
/node/24282,/history-content/quiz/naming-colonial-history/,node,24282,history-content/quiz/naming-colonial-history.md,matched,
/node/24283,/elementary-quick-links/quick-links-for-elementary-school-teachers/,node,24283,elementary-quick-links/quick-links-for-elementary-school-teachers.md,matched,
/node/24284,/middle-quick-links/quick-links-for-middle-school-teachers/,node,24284,middle-quick-links/quick-links-for-middle-school-teachers.md,matched,
/node/24285,/high-quick-links/quick-links-for-high-school-teachers/,node,24285,high-quick-links/quick-links-for-high-school-teachers.md,matched,
/node/24286,/history-content/website-reviews/ourstory/,node,24286,history-content/website-reviews/ourstory.md,matched,
/node/24287,/history-content/ask-a-historian/fine-line-between-thief-and-entrepreneur/,node,24287,history-content/ask-a-historian/fine-line-between-thief-and-entrepreneur.md,matched,
/node/24288,/history-content/quiz/stamping-out-free-speech/,node,24288,history-content/quiz/stamping-out-free-speech.md,matched,
/node/24289,/history-content/quiz/past-rebel-lines/,node,24289,history-content/quiz/past-rebel-lines.md,matched,
/node/24290,/history-content/ask-a-historian/trailing-lewis-and-clark/,node,24290,history-content/ask-a-historian/trailing-lewis-and-clark.md,matched,
/node/24295,/teaching-materials/teaching-guides/mystery-strategy-for-elementary-students/,node,24295,teaching-materials/teaching-guides/mystery-strategy-for-elementary-students.md,matched,
/node/24296,/blog/amy-trenkles-columbus-in-the-capital/,node,24296,blog/amy-trenkles-columbus-in-the-capital.md,matched,
/node/24297,/history-content/ask-a-historian/east-st-louis-massacre/,node,24297,history-content/ask-a-historian/east-st-louis-massacre.md,matched,
/node/24298,/best-practices/examples-of-historical-thinking/the-barbary-pirates-letter-from-tripoli/,node,24298,best-practices/examples-of-historical-thinking/the-barbary-pirates-letter-from-tripoli.md,matched,
/node/24302,/teaching-materials/ask-a-master-teacher/forming-lesson-plans-around-state-mandates/,node,24302,teaching-materials/ask-a-master-teacher/forming-lesson-plans-around-state-mandates.md,matched,
/node/24306,/history-content/ask-a-historian/trade-routes-and-emerging-colonial-economies/,node,24306,history-content/ask-a-historian/trade-routes-and-emerging-colonial-economies.md,matched,
/node/24307,/blog/memorializing-veterans-teaching-with-place/,node,24307,blog/memorializing-veterans-teaching-with-place.md,matched,
/node/24309,/teaching-materials/ask-a-master-teacher/the-progressive-era-a-group-effort/,node,24309,teaching-materials/ask-a-master-teacher/the-progressive-era-a-group-effort.md,matched,
/node/24310,/history-content/website-reviews/history-explorer/,node,24310,history-content/website-reviews/history-explorer.md,matched,
/node/24311,/teaching-materials/lesson-plan-reviews/the-multiple-dilemmas-of-abraham-lincoln/,node,24311,teaching-materials/lesson-plan-reviews/the-multiple-dilemmas-of-abraham-lincoln.md,matched,
/node/24315,/teaching-materials/lesson-plan-reviews/causation-the-war-of-1812-and-the-star-spangled-banner/,node,24315,teaching-materials/lesson-plan-reviews/causation-the-war-of-1812-and-the-star-spangled-banner.md,matched,
/node/24317,/history-content/beyond-the-textbook/modern-civil-rights-movement/,node,24318,history-content/beyond-the-textbook/modern-civil-rights-movement.md,matched,
/node/24318,/history-content/beyond-the-textbook/modern-civil-rights-movement/,node,24318,history-content/beyond-the-textbook/modern-civil-rights-movement.md,matched,
/node/24319,/teaching-materials/ask-a-master-teacher/interactive-world-history/,node,24319,teaching-materials/ask-a-master-teacher/interactive-world-history.md,matched,
/node/24320,/blog/elizabeth-schaefer-on-the-interactive-declaration-of-independence/,node,24320,blog/elizabeth-schaefer-on-the-interactive-declaration-of-independence.md,matched,
/node/24321,/history-content/ask-a-historian/martha-ballard/,node,24321,history-content/ask-a-historian/martha-ballard.md,matched,
/node/24322,/history-content/ask-a-historian/old-political-cartoons/,node,24322,history-content/ask-a-historian/old-political-cartoons.md,matched,
/node/24324,/history-content/ask-a-historian/understanding-and-appreciating-wwii-veterans/,node,24324,history-content/ask-a-historian/understanding-and-appreciating-wwii-veterans.md,matched,
/node/24325,/best-practices/using-primary-sources/picturing-america/,node,24325,best-practices/using-primary-sources/picturing-america.md,matched,
/node/24326,/blog/joe-jelen-on-document-cameras/,node,24326,blog/joe-jelen-on-document-cameras.md,matched,
/node/24327,/best-practices/using-primary-sources/analyzing-composition-in-paintings/,node,24327,best-practices/using-primary-sources/analyzing-composition-in-paintings.md,matched,
/node/24328,/digital-classroom/ask-a-digital-historian/understanding-and-appreciating-world-war-ii-veterans/,node,24328,digital-classroom/ask-a-digital-historian/understanding-and-appreciating-world-war-ii-veterans.md,matched,
/node/24330,/teaching-materials/ask-a-master-teacher/lets-get-folky/,node,24330,teaching-materials/ask-a-master-teacher/lets-get-folky.md,matched,
/node/24336,/blog/finding-professional-development/,node,24336,blog/finding-professional-development.md,matched,
/node/24344,/blog/anthony-pellegrino-let-the-music-playin-our-classrooms/,node,24344,blog/anthony-pellegrino-let-the-music-playin-our-classrooms.md,matched,
/node/24347,/teaching-materials/teaching-guides/teaching-with-timelines/,node,24347,teaching-materials/teaching-guides/teaching-with-timelines.md,matched,
/node/24356,/history-content/website-reviews/teacherserve/,node,24356,history-content/website-reviews/teacherserve.md,matched,
/node/24357,/history-content/quiz/drafting-music/,node,24357,history-content/quiz/drafting-music.md,matched,
/node/24358,/history-content/quiz/the-art-of-migration/,node,24358,history-content/quiz/the-art-of-migration.md,matched,
/node/24359,/history-content/quiz/first-impressions-the-us-and-japan/,node,24359,history-content/quiz/first-impressions-the-us-and-japan.md,matched,
/node/24377,/blog/jennifer-orr-on-teaching-thanksgiving/,node,24377,blog/jennifer-orr-on-teaching-thanksgiving.md,matched,
/node/24378,/teaching-materials/ask-a-master-teacher/picturing-the-american-revolution/,node,24378,teaching-materials/ask-a-master-teacher/picturing-the-american-revolution.md,matched,
/node/24379,/history-content/ask-a-historian/history-of-the-occult-in-america/,node,24379,history-content/ask-a-historian/history-of-the-occult-in-america.md,matched,
/node/24390,/history-content/ask-a-historian/intertwined-development-railroads-and-political-parties/,node,24390,history-content/ask-a-historian/intertwined-development-railroads-and-political-parties.md,matched,
/node/24391,/history-content/ask-a-historian/lone-wolf-v-hitchcock/,node,24391,history-content/ask-a-historian/lone-wolf-v-hitchcock.md,matched,
/node/24399,/history-content/website-reviews/nature-transformed-the-environment-in-american-history/,node,24399,history-content/website-reviews/nature-transformed-the-environment-in-american-history.md,matched,
/node/24400,/history-content/website-reviews/freedoms-story-teaching-african-american-literature-and-history/,node,24400,history-content/website-reviews/freedoms-story-teaching-african-american-literature-and-history.md,matched,
/node/24401,/history-content/website-reviews/presidential-timeline-of-the-twentieth-century/,node,24401,history-content/website-reviews/presidential-timeline-of-the-twentieth-century.md,matched,
/node/24402,/blog/michael-yell-on-developing-a-climate-of-engagement/,node,24402,blog/michael-yell-on-developing-a-climate-of-engagement.md,matched,
/node/24404,/history-content/ask-a-historian/burr-hamilton-duel/,node,24404,history-content/ask-a-historian/burr-hamilton-duel.md,matched,
/node/24405,/teaching-materials/ask-a-master-teacher/teaching-the-history-of-teaching-history/,node,24405,teaching-materials/ask-a-master-teacher/teaching-the-history-of-teaching-history.md,matched,
/node/24406,/page/digital-classroom-introduction/,node,24406,page/digital-classroom-introduction.md,matched,
/node/24407,/page/what-is-historical-thinking/,node,24407,page/what-is-historical-thinking.md,matched,
/node/24408,/page/elementary-introduction/,node,24408,page/elementary-introduction.md,matched,
/node/24409,/page/middle-school-introduction/,node,24409,page/middle-school-introduction.md,matched,
/node/24410,/page/high-school-introduction/,node,24410,page/high-school-introduction.md,matched,
/node/24411,/history-content/ask-a-historian/the-disaster-of-innovation/,node,24411,history-content/ask-a-historian/the-disaster-of-innovation.md,matched,
/node/24412,/page/lesson-plan-reviews-introduction/,node,24412,page/lesson-plan-reviews-introduction.md,matched,
/node/24413,/history-content/ask-a-historian/great-expectations-for-the-civil-war/,node,24413,history-content/ask-a-historian/great-expectations-for-the-civil-war.md,matched,
/node/24414,/digital-classroom/tech-for-teachers/document-cameras/,node,24414,digital-classroom/tech-for-teachers/document-cameras.md,matched,
/node/24415,/history-content/ask-a-historian/taxation-to-revolution/,node,24415,history-content/ask-a-historian/taxation-to-revolution.md,matched,
/node/24417,/history-content/quiz/women-at-war/,node,24417,history-content/quiz/women-at-war.md,matched,
/node/24418,/history-content/quiz/women-in-blues-and-jazz/,node,24418,history-content/quiz/women-in-blues-and-jazz.md,matched,
/node/24419,/history-content/quiz/victory-vegetables/,node,24419,history-content/quiz/victory-vegetables.md,matched,
/node/24420,/history-content/ask-a-historian/union-cavalry/,node,24420,history-content/ask-a-historian/union-cavalry.md,matched,
/node/24422,/history-content/ask-a-historian/civil-rights-sit-in/,node,24422,history-content/ask-a-historian/civil-rights-sit-in.md,matched,
/node/24423,/best-practices/teaching-in-action/teaching-the-bill-of-rights/,node,24423,best-practices/teaching-in-action/teaching-the-bill-of-rights.md,matched,
/node/24424,/best-practices/examples-of-historical-thinking/bill-of-rights/,node,24424,best-practices/examples-of-historical-thinking/bill-of-rights.md,matched,
/node/24425,/blog/joe-jelen-on-digital-timelines/,node,24425,blog/joe-jelen-on-digital-timelines.md,matched,
/node/24426,/blog/ron-gorrs-trifecta-primary-sources-technology-and-student-interaction-in-one-activity/,node,24426,blog/ron-gorrs-trifecta-primary-sources-technology-and-student-interaction-in-one-activity.md,matched,
/node/24434,/blog/what-is-historical-thinking/,node,24434,blog/what-is-historical-thinking.md,matched,
/node/24435,/blog/amy-trenkles-be-the-blogger/,node,24435,blog/amy-trenkles-be-the-blogger.md,matched,
/node/24436,/blog/elizabeth-schaefer-on-mental-maps-in-american-history/,node,24436,blog/elizabeth-schaefer-on-mental-maps-in-american-history.md,matched,
/node/24437,/blog/nominations-open-for-gilder-lehrman-teacher-of-the-year-award/,node,24437,blog/nominations-open-for-gilder-lehrman-teacher-of-the-year-award.md,matched,
/node/24438,/teaching-materials/english-language-learners/summarizing-and-paraphrasing/,node,24438,teaching-materials/english-language-learners/summarizing-and-paraphrasing.md,matched,
/node/24439,/teaching-materials/english-language-learners/targeting-content-and-english-language-objectives/,node,24439,teaching-materials/english-language-learners/targeting-content-and-english-language-objectives.md,matched,
/node/24440,/best-practices/examples-of-historical-thinking/lincolns-second-inaugural-address/,node,24440,best-practices/examples-of-historical-thinking/lincolns-second-inaugural-address.md,matched,
/node/24441,/history-content/ask-a-historian/separation-of-church-and-state/,node,24441,history-content/ask-a-historian/separation-of-church-and-state.md,matched,
/node/24442,/history-content/quiz/the-california-gold-rush/,node,24442,history-content/quiz/the-california-gold-rush.md,matched,
/node/24443,/history-content/quiz/the-garden-of-infants/,node,24443,history-content/quiz/the-garden-of-infants.md,matched,
/node/24444,/history-content/quiz/airplane-meals/,node,24444,history-content/quiz/airplane-meals.md,matched,
/node/24445,/history-content/quiz/sand-sea-and-oil-operation-desert-storm/,node,24445,history-content/quiz/sand-sea-and-oil-operation-desert-storm.md,matched,
/node/24447,/blog/anthony-pellegrino-reexamining-pre-service-field-experience/,node,24447,blog/anthony-pellegrino-reexamining-pre-service-field-experience.md,matched,
/node/24451,/history-content/ask-a-historian/diversity-in-the-1920s/,node,24451,history-content/ask-a-historian/diversity-in-the-1920s.md,matched,
/node/24452,/blog/jennifer-orr-on-making-technology-work-for-primary-students-part-one/,node,24452,blog/jennifer-orr-on-making-technology-work-for-primary-students-part-one.md,matched,
/node/24453,/history-content/quiz/the-great-black-hope/,node,24453,history-content/quiz/the-great-black-hope.md,matched,
/node/24454,/history-content/quiz/practicing-medicine-on-the-presidents/,node,24454,history-content/quiz/practicing-medicine-on-the-presidents.md,matched,
/node/24455,/history-content/ask-a-historian/selling-a-slave/,node,24455,history-content/ask-a-historian/selling-a-slave.md,matched,
/node/24456,/blog/a-day-on-not-a-day-off/,node,24456,blog/a-day-on-not-a-day-off.md,matched,
/node/24457,/digital-classroom/tech-for-teachers/prezi/,node,24457,digital-classroom/tech-for-teachers/prezi.md,matched,
/node/24458,/blog/upcoming-deadlines-for-professional-development/,node,24458,blog/upcoming-deadlines-for-professional-development.md,matched,
/node/24459,/history-content/ask-a-historian/cold-war-wrestling-match/,node,24459,history-content/ask-a-historian/cold-war-wrestling-match.md,matched,
/node/24460,/history-content/quiz/riding-the-rails/,node,24460,history-content/quiz/riding-the-rails.md,matched,
/node/24462,/best-practices/using-primary-sources/interactivity/,node,24462,best-practices/using-primary-sources/interactivity.md,matched,
/node/24463,/best-practices/using-primary-sources/critically-analyzing-information-sources/,node,24463,best-practices/using-primary-sources/critically-analyzing-information-sources.md,matched,
/node/24464,/best-practices/using-primary-sources/george-washington-a-national-treasure/,node,24464,best-practices/using-primary-sources/george-washington-a-national-treasure.md,matched,
/node/24465,/blog/150-years-ago-today/,node,24465,blog/150-years-ago-today.md,matched,
/node/24466,/teaching-materials/teaching-guides/stop-action-and-assess-alternatives/,node,24466,teaching-materials/teaching-guides/stop-action-and-assess-alternatives.md,matched,
/node/24467,/history-content/ask-a-historian/civilization-is-all-relative/,node,24467,history-content/ask-a-historian/civilization-is-all-relative.md,matched,
/node/24468,/history-content/ask-a-historian/the-only-thing-we-have-to-fear-is-fear-itself/,node,24468,history-content/ask-a-historian/the-only-thing-we-have-to-fear-is-fear-itself.md,matched,
/node/24469,/blog/conference-going-for-the-educational-professional/,node,24469,blog/conference-going-for-the-educational-professional.md,matched,
/node/24470,/history-content/ask-a-historian/innovation-and-technology-in-the-19th-century/,node,24470,history-content/ask-a-historian/innovation-and-technology-in-the-19th-century.md,matched,
/node/24471,/teaching-materials/ask-a-master-teacher/web-resources-for-controversial-issues/,node,24471,teaching-materials/ask-a-master-teacher/web-resources-for-controversial-issues.md,matched,
/node/24472,/teaching-materials/ask-a-master-teacher/writing-critiques-of-primary-and-secondary-sources/,node,24472,teaching-materials/ask-a-master-teacher/writing-critiques-of-primary-and-secondary-sources.md,matched,
/node/24473,/teaching-materials/ask-a-master-teacher/head-start-expectations/,node,24473,teaching-materials/ask-a-master-teacher/head-start-expectations.md,matched,
/node/24475,/digital-classroom/tech-for-teachers/scribblar/,node,24475,digital-classroom/tech-for-teachers/scribblar.md,matched,
/node/24483,/teaching-materials/ask-a-master-teacher/follow-the-line/,node,24483,teaching-materials/ask-a-master-teacher/follow-the-line.md,matched,
/node/24484,/history-content/ask-a-historian/dissent-in-the-ranks/,node,24484,history-content/ask-a-historian/dissent-in-the-ranks.md,matched,
/node/24485,/blog/michael-yell-motivates-students-with-the-mystery-strategy/,node,24485,blog/michael-yell-motivates-students-with-the-mystery-strategy.md,matched,
/node/24489,/history-content/ask-a-historian/tax-rates-of-the-mid-20th-century/,node,24489,history-content/ask-a-historian/tax-rates-of-the-mid-20th-century.md,matched,
/node/24490,/best-practices/using-primary-sources/primary-source-sets-on-the-web/,node,24490,best-practices/using-primary-sources/primary-source-sets-on-the-web.md,matched,
/node/24491,/best-practices/using-primary-sources/online-primary-source-collections/,node,24491,best-practices/using-primary-sources/online-primary-source-collections.md,matched,
/node/24501,/history-content/ask-a-historian/the-ways-west/,node,24501,history-content/ask-a-historian/the-ways-west.md,matched,
/node/24502,/blog/african-american-history-month-2011/,node,24502,blog/african-american-history-month-2011.md,matched,
/node/24514,/blog/elizabeth-schaefers-vocabulary-in-motion/,node,24514,blog/elizabeth-schaefers-vocabulary-in-motion.md,matched,
/node/24523,/blog/jennifer-orr-on-making-technology-work-for-primary-students-part-two/,node,24523,blog/jennifer-orr-on-making-technology-work-for-primary-students-part-two.md,matched,
/node/24524,/blog/teaching-american-history-program-invites-2011-applications/,node,24524,blog/teaching-american-history-program-invites-2011-applications.md,matched,
/node/24525,/history-content/ask-a-historian/keep-your-top-eye-open/,node,24525,history-content/ask-a-historian/keep-your-top-eye-open.md,matched,
/node/24526,/blog/teaching-and-learning-history-in-the-digital-age-aha-2011/,node,24526,blog/teaching-and-learning-history-in-the-digital-age-aha-2011.md,matched,
/node/24527,/history-content/website-reviews/zinn-education-project/,node,24527,history-content/website-reviews/zinn-education-project.md,matched,
/node/24528,/blog/presidents-in-the-library/,node,24528,blog/presidents-in-the-library.md,matched,
/node/24529,/best-practices/using-primary-sources/why-historical-thinking-matters/,node,24529,best-practices/using-primary-sources/why-historical-thinking-matters.md,matched,
/node/24530,/history-content/website-reviews/virginia-memory/,node,24530,history-content/website-reviews/virginia-memory.md,matched,
/node/24531,/history-content/website-reviews/union-or-secession-virginians-decide/,node,24531,history-content/website-reviews/union-or-secession-virginians-decide.md,matched,
/node/24532,/blog/anthony-pellegrinos-into-the-weeds-harnessing-the-power-of-music-to-teach-social-studies/,node,24532,blog/anthony-pellegrinos-into-the-weeds-harnessing-the-power-of-music-to-teach-social-studies.md,matched,
/node/24533,/blog/women-taking-history-womens-history-month-2011/,node,24533,blog/women-taking-history-womens-history-month-2011.md,matched,
/node/24534,/teaching-materials/ask-a-master-teacher/teaching-imperialism-incorporating-learning-activities-and-state-standards/,node,24534,teaching-materials/ask-a-master-teacher/teaching-imperialism-incorporating-learning-activities-and-state-standards.md,matched,
/node/24535,/digital-classroom/tech-for-teachers/lucidchart/,node,24535,digital-classroom/tech-for-teachers/lucidchart.md,matched,
/node/24536,/digital-classroom/tech-for-teachers/animoto/,node,24536,digital-classroom/tech-for-teachers/animoto.md,matched,
/node/24537,/teaching-materials/ask-a-master-teacher/making-personal-connections-to-the-past-by-finding-historians/,node,24537,teaching-materials/ask-a-master-teacher/making-personal-connections-to-the-past-by-finding-historians.md,matched,
/node/24538,/teaching-materials/lesson-plan-reviews/examining-the-korean-war/,node,24538,teaching-materials/lesson-plan-reviews/examining-the-korean-war.md,matched,
/node/24539,/digital-classroom/ask-a-digital-historian/finding-a-speaker-willing-to-use-digital-networks/,node,24539,digital-classroom/ask-a-digital-historian/finding-a-speaker-willing-to-use-digital-networks.md,matched,
/node/24540,/blog/joe-jelen-on-googles-art-project/,node,24540,blog/joe-jelen-on-googles-art-project.md,matched,
/node/24541,/best-practices/using-primary-sources/local-history-and-student-historians/,node,24541,best-practices/using-primary-sources/local-history-and-student-historians.md,matched,
/node/24545,/digital-classroom/ask-a-digital-historian/just-blog-about-it-part-1/,node,24545,digital-classroom/ask-a-digital-historian/just-blog-about-it-part-1.md,matched,
/node/24546,/digital-classroom/ask-a-digital-historian/just-blog-about-it-part-2/,node,24546,digital-classroom/ask-a-digital-historian/just-blog-about-it-part-2.md,matched,
/node/24547,/history-content/quiz/women-in-the-lab-and-the-field/,node,24547,history-content/quiz/women-in-the-lab-and-the-field.md,matched,
/node/24548,/history-content/quiz/memorializing-memorials/,node,24548,history-content/quiz/memorializing-memorials.md,matched,
/node/24549,/best-practices/teaching-in-action/how-to-introduce-students-to-primary-sources/,node,24549,best-practices/teaching-in-action/how-to-introduce-students-to-primary-sources.md,matched,
/node/24550,/history-content/website-reviews/laura-jernegan-girl-on-a-whaleship/,node,24550,history-content/website-reviews/laura-jernegan-girl-on-a-whaleship.md,matched,
/node/24551,/best-practices/examples-of-historical-thinking/the-salem-witch-trials/,node,24551,best-practices/examples-of-historical-thinking/the-salem-witch-trials.md,matched,
/node/24552,/teaching-materials/english-language-learners/supporting-text-comprehension-and-vocabulary-development-using-wordsift/,node,24552,teaching-materials/english-language-learners/supporting-text-comprehension-and-vocabulary-development-using-wordsift.md,matched,
/node/24553,/history-content/ask-a-historian/clinical-experiences/,node,24553,history-content/ask-a-historian/clinical-experiences.md,matched,
/node/24557,/blog/film-review-titanic/,node,24557,blog/film-review-titanic.md,matched,
/node/24576,/page/teacher-representatives/,node,24576,page/teacher-representatives.md,matched,
/node/24577,/history-content/quiz/historical-improbabilities/,node,24577,history-content/quiz/historical-improbabilities.md,matched,
/node/24578,/history-content/beyond-the-textbook/panic-of-1873/,node,24579,history-content/beyond-the-textbook/panic-of-1873.md,matched,
/node/24579,/history-content/beyond-the-textbook/panic-of-1873/,node,24579,history-content/beyond-the-textbook/panic-of-1873.md,matched,
/node/24581,/blog/international-aid-how-and-when-the-us-helps/,node,24581,blog/international-aid-how-and-when-the-us-helps.md,matched,
/node/24584,/history-content/website-reviews/children-and-youth-in-history/,node,24584,history-content/website-reviews/children-and-youth-in-history.md,matched,
/node/24585,/blog/diana-laufenberg-on-teaching-history-thematically/,node,24585,blog/diana-laufenberg-on-teaching-history-thematically.md,matched,
/node/24586,/teaching-materials/lesson-plan-reviews/divining-america-religion-in-american-history/,node,24586,teaching-materials/lesson-plan-reviews/divining-america-religion-in-american-history.md,matched,
/node/24588,/blog/amy-trenkle-on-interactive-whiteboards/,node,24588,blog/amy-trenkle-on-interactive-whiteboards.md,matched,
/node/24589,/digital-classroom/beyond-the-chalkboard/voicethread-in-a-1st-grade-classroom/,node,24589,digital-classroom/beyond-the-chalkboard/voicethread-in-a-1st-grade-classroom.md,matched,
/node/24592,/blog/copyright-finding-images-to-tell-the-story-of-history/,node,24592,blog/copyright-finding-images-to-tell-the-story-of-history.md,matched,
/node/24593,/page/print-and-web-logos-for-download/,node,24593,page/print-and-web-logos-for-download.md,matched,
/node/24594,/history-content/website-reviews/the-object-of-history/,node,24594,history-content/website-reviews/the-object-of-history.md,matched,
/node/24595,/blog/joe-jelen-on-the-new-york-public-library-digital-gallery/,node,24595,blog/joe-jelen-on-the-new-york-public-library-digital-gallery.md,matched,
/node/24596,/blog/anthony-pellegrinos-classroom-simulations-begin-with-paris/,node,24596,blog/anthony-pellegrinos-classroom-simulations-begin-with-paris.md,matched,
/node/24597,/history-content/ask-a-historian/animating-the-home-front/,node,24597,history-content/ask-a-historian/animating-the-home-front.md,matched,
/node/24599,/blog/searching-for-sesquicentennial-sources/,node,24599,blog/searching-for-sesquicentennial-sources.md,matched,
/node/24600,/digital-classroom/tech-for-teachers/flickr/,node,24600,digital-classroom/tech-for-teachers/flickr.md,matched,
/node/24601,/history-content/ask-a-historian/roosevelts-tree-army/,node,24601,history-content/ask-a-historian/roosevelts-tree-army.md,matched,
/node/24602,/digital-classroom/tech-for-teachers/little-bird-tales/,node,24602,digital-classroom/tech-for-teachers/little-bird-tales.md,matched,
/node/24603,/history-content/ask-a-historian/on-telegrams-and-telephone-calls/,node,24603,history-content/ask-a-historian/on-telegrams-and-telephone-calls.md,matched,
/node/24604,/teaching-materials/english-language-learners/google-translate/,node,24604,teaching-materials/english-language-learners/google-translate.md,matched,
/node/24613,/history-content/ask-a-historian/on-gendering-the-constitution/,node,24613,history-content/ask-a-historian/on-gendering-the-constitution.md,matched,
/node/24614,/best-practices/teaching-in-action/of-the-student-for-the-student-by-the-student/,node,24614,best-practices/teaching-in-action/of-the-student-for-the-student-by-the-student.md,matched,
/node/24615,/teaching-materials/ask-a-master-teacher/researching-the-mexican-american-war/,node,24615,teaching-materials/ask-a-master-teacher/researching-the-mexican-american-war.md,matched,
/node/24616,/teaching-materials/ask-a-master-teacher/national-history-day-project-the-civil-rights-act-of-1964/,node,24616,teaching-materials/ask-a-master-teacher/national-history-day-project-the-civil-rights-act-of-1964.md,matched,
/node/24617,/teaching-materials/english-language-learners/talking-history/,node,24617,teaching-materials/english-language-learners/talking-history.md,matched,
/node/24618,/history-content/ask-a-historian/divided-allegiance/,node,24618,history-content/ask-a-historian/divided-allegiance.md,matched,
/node/24623,/page/frequently-asked-questions/,node,24623,page/frequently-asked-questions.md,matched,
/node/24624,/page/glossary-of-commonly-used-terms/,node,24624,page/glossary-of-commonly-used-terms.md,matched,
/node/24625,/page/print-materials/,node,24625,page/print-materials.md,matched,
/node/24626,/blog/the-conspirator-in-the-classroom/,node,24626,blog/the-conspirator-in-the-classroom.md,matched,
/node/24634,/history-content/ask-a-historian/black-confederates/,node,24634,history-content/ask-a-historian/black-confederates.md,matched,
/node/24635,/history-content/ask-a-historian/black-robed-regiment/,node,24635,history-content/ask-a-historian/black-robed-regiment.md,matched,
/node/24636,/digital-classroom/tech-for-teachers/padlet/,node,24636,digital-classroom/tech-for-teachers/padlet.md,matched,
/node/24637,/history-content/quiz/political-animals/,node,24637,history-content/quiz/political-animals.md,matched,
/node/24638,/history-content/quiz/manias-of-the-gilded-age/,node,24638,history-content/quiz/manias-of-the-gilded-age.md,matched,
/node/24649,/blog/jennifer-orr-on-voicethread/,node,24649,blog/jennifer-orr-on-voicethread.md,matched,
/node/24650,/blog/ron-gorr-on-go-to-the-source-gtts-activities/,node,24650,blog/ron-gorr-on-go-to-the-source-gtts-activities.md,matched,
/node/24651,/blog/michael-yells-strategies-for-using-primary-sources-in-your-classroom/,node,24651,blog/michael-yells-strategies-for-using-primary-sources-in-your-classroom.md,matched,
/node/24652,/blog/jennifer-orr-on-integrating-history-into-1st-grade-instruction/,node,24652,blog/jennifer-orr-on-integrating-history-into-1st-grade-instruction.md,matched,
/node/24655,/digital-classroom/tech-for-teachers/voki/,node,24655,digital-classroom/tech-for-teachers/voki.md,matched,
/node/24657,/history-content/ask-a-historian/in-pursuit-of-freedom/,node,24657,history-content/ask-a-historian/in-pursuit-of-freedom.md,matched,
/node/24658,/digital-classroom/tech-for-teachers/google-maps/,node,24658,digital-classroom/tech-for-teachers/google-maps.md,matched,
/node/24664,/digital-classroom/ask-a-digital-historian/primary-and-secondary-sources-through-video/,node,24664,digital-classroom/ask-a-digital-historian/primary-and-secondary-sources-through-video.md,matched,
/node/24668,/blog/cintia-cabibs-interdisciplinary-gardening/,node,24668,blog/cintia-cabibs-interdisciplinary-gardening.md,matched,
/node/24670,/blog/joe-jelen-on-pocket-camcorders/,node,24670,blog/joe-jelen-on-pocket-camcorders.md,matched,
/node/24671,/history-content/ask-a-historian/american-resistance-to-a-standing-army/,node,24671,history-content/ask-a-historian/american-resistance-to-a-standing-army.md,matched,
/node/24672,/teaching-materials/lesson-plan-reviews/locate-yourself-on-a-map-of-the-americas/,node,24672,teaching-materials/lesson-plan-reviews/locate-yourself-on-a-map-of-the-americas.md,matched,
/node/24676,/teaching-materials/ask-a-master-teacher/storytelling-with-scrapbooks/,node,24676,teaching-materials/ask-a-master-teacher/storytelling-with-scrapbooks.md,matched,
/node/24677,/blog/anthony-pellegrinos-teaching-with-class-in-mind/,node,24677,blog/anthony-pellegrinos-teaching-with-class-in-mind.md,matched,
/node/24678,/blog/michael-yell-on-a-strategy-for-the-use-of-textbooks-in-the-history-classroom/,node,24678,blog/michael-yell-on-a-strategy-for-the-use-of-textbooks-in-the-history-classroom.md,matched,
/node/24679,/blog/vitamins-in-chocolate-cake-why-use-historical-fiction-in-the-classroom/,node,24679,blog/vitamins-in-chocolate-cake-why-use-historical-fiction-in-the-classroom.md,matched,
/node/24681,/history-content/quiz/presidents-day-growing-up-to-be-president/,node,24681,history-content/quiz/presidents-day-growing-up-to-be-president.md,matched,
/node/24682,/teaching-materials/lesson-plan-reviews/what-do-you-mean-how-language-changes-over-time/,node,24682,teaching-materials/lesson-plan-reviews/what-do-you-mean-how-language-changes-over-time.md,matched,
/node/24684,/history-content/quiz/selling-the-dream/,node,24684,history-content/quiz/selling-the-dream.md,matched,
/node/24691,/history-content/beyond-the-textbook/jim-crow-segregation-the-difficult-and-anti-democratic-work-of-white-supremacy/,node,24693,history-content/beyond-the-textbook/jim-crow-segregation-the-difficult-and-anti-democratic-work-of-white-supremacy.md,matched,
/node/24692,/blog/asian-pacific-american-heritage-month-2011/,node,24692,blog/asian-pacific-american-heritage-month-2011.md,matched,
/node/24693,/history-content/beyond-the-textbook/jim-crow-segregation-the-difficult-and-anti-democratic-work-of-white-supremacy/,node,24693,history-content/beyond-the-textbook/jim-crow-segregation-the-difficult-and-anti-democratic-work-of-white-supremacy.md,matched,
/node/24695,/blog/amy-trenkle-on-national-history-dayits-more-than-just-a-dayand-its-more-than-just-history/,node,24695,blog/amy-trenkle-on-national-history-dayits-more-than-just-a-dayand-its-more-than-just-history.md,matched,
/node/24697,/blog/joe-jelens-ads-as-primary-sources-the-ad-councils-historic-campaigns/,node,24697,blog/joe-jelens-ads-as-primary-sources-the-ad-councils-historic-campaigns.md,matched,
/node/24706,/digital-classroom/tech-for-teachers/google-earth/,node,24706,digital-classroom/tech-for-teachers/google-earth.md,matched,
/node/24707,/blog/comic-books-in-the-history-classroom/,node,24707,blog/comic-books-in-the-history-classroom.md,matched,
/node/24708,/blog/questioning-history-using-the-census/,node,24708,blog/questioning-history-using-the-census.md,matched,
/node/24709,/blog/ron-gorr-on-socratic-seminars-with-primary-documents/,node,24709,blog/ron-gorr-on-socratic-seminars-with-primary-documents.md,matched,
/node/24710,/digital-classroom/ask-a-digital-historian/when-copyright-meets-the-classroom/,node,24710,digital-classroom/ask-a-digital-historian/when-copyright-meets-the-classroom.md,matched,
/node/24711,/teaching-materials/ask-a-master-teacher/apparts-strategy-origins-and-implementation/,node,24711,teaching-materials/ask-a-master-teacher/apparts-strategy-origins-and-implementation.md,matched,
/node/24712,/teaching-materials/ask-a-master-teacher/setting-the-tone-introducing-students-to-world-war-ii/,node,24712,teaching-materials/ask-a-master-teacher/setting-the-tone-introducing-students-to-world-war-ii.md,matched,
/node/24713,/history-content/national-resources/federal-reserve-board/,node,24713,history-content/national-resources/federal-reserve-board.md,matched,
/node/24714,/blog/anthony-pellegrino-on-teaching-segregated-history/,node,24714,blog/anthony-pellegrino-on-teaching-segregated-history.md,matched,
/node/24715,/blog/elizabeth-schaefer-on-facebook-in-the-classroom/,node,24715,blog/elizabeth-schaefer-on-facebook-in-the-classroom.md,matched,
/node/24716,/blog/diana-laufenberg-on-the-power-of-visuals/,node,24716,blog/diana-laufenberg-on-the-power-of-visuals.md,matched,
/node/24748,/blog/jennifer-orr-on-primary-sources-in-primary-classrooms/,node,24748,blog/jennifer-orr-on-primary-sources-in-primary-classrooms.md,matched,
/node/24817,/blog/an-ear-for-the-past-the-national-jukebox/,node,24817,blog/an-ear-for-the-past-the-national-jukebox.md,matched,
/node/24840,/blog/film-review-ken-burnss-jazz/,node,24840,blog/film-review-ken-burnss-jazz.md,matched,
/node/24841,/blog/amy-trenkle-on-glogging-class-greats/,node,24841,blog/amy-trenkle-on-glogging-class-greats.md,matched,
/node/24866,/page/teachinghistoryorg-terms-of-use/,node,24866,page/teachinghistoryorg-terms-of-use.md,matched,
/node/24867,/digital-classroom/tech-for-teachers/youtube/,node,24867,digital-classroom/tech-for-teachers/youtube.md,matched,
/node/24886,/digital-classroom/tech-for-teachers/newstrust/,node,24886,digital-classroom/tech-for-teachers/newstrust.md,matched,
/node/24965,/teaching-materials/ask-a-master-teacher/bridging-the-gap-between-ancient-and-modern-democracies/,node,24965,teaching-materials/ask-a-master-teacher/bridging-the-gap-between-ancient-and-modern-democracies.md,matched,
/node/24966,/teaching-materials/ask-a-master-teacher/making-the-most-of-maps/,node,24966,teaching-materials/ask-a-master-teacher/making-the-most-of-maps.md,matched,
/node/24974,/teaching-materials/ask-a-master-teacher/researching-the-role-of-the-map-in-history-teaching/,node,24974,teaching-materials/ask-a-master-teacher/researching-the-role-of-the-map-in-history-teaching.md,matched,
/node/24975,/digital-classroom/tech-for-teachers/do-i-have-a-right/,node,24975,digital-classroom/tech-for-teachers/do-i-have-a-right.md,matched,
/node/24976,/blog/the-nations-report-card-us-history-2010/,node,24976,blog/the-nations-report-card-us-history-2010.md,matched,
/node/24977,/blog/michael-yell-on-critical-thinking-and-teaching-history/,node,24977,blog/michael-yell-on-critical-thinking-and-teaching-history.md,matched,
/node/24978,/blog/valerie-tripps-looking-backward-looping-forward-how-to-make-a-period-of-history-matter-to-your-stude/,node,24978,blog/valerie-tripps-looking-backward-looping-forward-how-to-make-a-period-of-history-matter-to-your-stude.md,matched,
/node/24979,/blog/elizabeth-glynns-student-led-monuments-and-memorials-tour/,node,24979,blog/elizabeth-glynns-student-led-monuments-and-memorials-tour.md,matched,
/node/24980,/blog/elizabeth-glynn-on-using-art-to-create-interdisciplinary-classrooms/,node,24980,blog/elizabeth-glynn-on-using-art-to-create-interdisciplinary-classrooms.md,matched,
/node/24981,/history-content/website-reviews/center-on-congress/,node,24981,history-content/website-reviews/center-on-congress.md,matched,
/node/24983,/history-content/website-reviews/hsi-historical-scene-investigation/,node,24983,history-content/website-reviews/hsi-historical-scene-investigation.md,matched,
/node/24984,/history-content/website-reviews/slavery-in-canada/,node,24984,history-content/website-reviews/slavery-in-canada.md,matched,
/node/24985,/history-content/website-reviews/freedom-riders/,node,24985,history-content/website-reviews/freedom-riders.md,matched,
/node/24986,/history-content/website-reviews/lincoln-douglas-debates-of-1858/,node,24986,history-content/website-reviews/lincoln-douglas-debates-of-1858.md,matched,
/node/24988,/history-content/website-reviews/national-jukebox/,node,24988,history-content/website-reviews/national-jukebox.md,matched,
/node/24989,/history-content/website-reviews/taking-the-mystery-out-of-copyright/,node,24989,history-content/website-reviews/taking-the-mystery-out-of-copyright.md,matched,
/node/24990,/history-content/website-reviews/snag-learning/,node,24990,history-content/website-reviews/snag-learning.md,matched,
/node/24993,/history-content/website-reviews/william-steinway-diary-1861-1896/,node,24993,history-content/website-reviews/william-steinway-diary-1861-1896.md,matched,
/node/24994,/history-content/website-reviews/shaping-the-constitution/,node,24994,history-content/website-reviews/shaping-the-constitution.md,matched,
/node/24995,/history-content/website-reviews/new-york-philharmonic-digital-archives/,node,24995,history-content/website-reviews/new-york-philharmonic-digital-archives.md,matched,
/node/24999,/history-content/website-reviews/national-park-service-history-e-library/,node,24999,history-content/website-reviews/national-park-service-history-e-library.md,matched,
/node/25000,/digital-classroom/tech-for-teachers/vimeo/,node,25000,digital-classroom/tech-for-teachers/vimeo.md,matched,
/node/25001,/history-content/website-reviews/diary-of-a-civil-war-nurse/,node,25001,history-content/website-reviews/diary-of-a-civil-war-nurse.md,matched,
/node/25002,/history-content/website-reviews/yale-digital-commons/,node,25002,history-content/website-reviews/yale-digital-commons.md,matched,
/node/25003,/history-content/website-reviews/throughout-the-ages/,node,25003,history-content/website-reviews/throughout-the-ages.md,matched,
/node/25005,/history-content/website-reviews/from-slavery-to-freedom-the-african-american-pamphlet-collection-1822-1909/,node,25005,history-content/website-reviews/from-slavery-to-freedom-the-african-american-pamphlet-collection-1822-1909.md,matched,
/node/25006,/history-content/website-reviews/herb-social-history-for-every-classroom/,node,25006,history-content/website-reviews/herb-social-history-for-every-classroom.md,matched,
/node/25007,/history-content/website-reviews/open-yale-courses/,node,25007,history-content/website-reviews/open-yale-courses.md,matched,
/node/25010,/history-content/ask-a-historian/john-adams-great-or-not/,node,25010,history-content/ask-a-historian/john-adams-great-or-not.md,matched,
/node/25011,/history-content/website-reviews/texas-archive-of-the-moving-image/,node,25011,history-content/website-reviews/texas-archive-of-the-moving-image.md,matched,
/node/25016,/history-content/website-reviews/finishing-the-dream-learning-from-the-civil-rights-era/,node,25016,history-content/website-reviews/finishing-the-dream-learning-from-the-civil-rights-era.md,matched,
/node/25017,/history-content/website-reviews/docsteach/,node,25017,history-content/website-reviews/docsteach.md,matched,
/node/25018,/history-content/website-reviews/icivics/,node,25018,history-content/website-reviews/icivics.md,matched,
/node/25019,/history-content/website-reviews/creating-a-more-perfect-union-1861-1865/,node,25019,history-content/website-reviews/creating-a-more-perfect-union-1861-1865.md,matched,
/node/25020,/history-content/website-reviews/betty-h-carter-women-veterans-historical-project/,node,25020,history-content/website-reviews/betty-h-carter-women-veterans-historical-project.md,matched,
/node/25021,/history-content/website-reviews/joe-hill/,node,25021,history-content/website-reviews/joe-hill.md,matched,
/node/25022,/history-content/website-reviews/d-day/,node,25022,history-content/website-reviews/d-day.md,matched,
/node/25023,/history-content/website-reviews/the-supreme-court/,node,25023,history-content/website-reviews/the-supreme-court.md,matched,
/node/25024,/history-content/website-reviews/bland-county-history-archives/,node,25024,history-content/website-reviews/bland-county-history-archives.md,matched,
/node/25025,/history-content/website-reviews/gilded-age-plains-city/,node,25025,history-content/website-reviews/gilded-age-plains-city.md,matched,
/node/25026,/history-content/website-reviews/sewall-belmont-house-museum-collections/,node,25026,history-content/website-reviews/sewall-belmont-house-museum-collections.md,matched,
/node/25027,/history-content/website-reviews/ballyhoo-posters-as-portraiture/,node,25027,history-content/website-reviews/ballyhoo-posters-as-portraiture.md,matched,
/node/25028,/teaching-materials/teaching-guides/using-historical-ephemera-in-the-classroom/,node,25028,teaching-materials/teaching-guides/using-historical-ephemera-in-the-classroom.md,matched,
/node/25029,/digital-classroom/tech-for-teachers/surveymonkey/,node,25029,digital-classroom/tech-for-teachers/surveymonkey.md,matched,
/node/25030,/blog/ron-gorr-on-imagining-the-great-depression-mixing-primary-documents-and-student-creativity/,node,25030,blog/ron-gorr-on-imagining-the-great-depression-mixing-primary-documents-and-student-creativity.md,matched,
/node/25031,/blog/valerie-tripp-salty-ham-using-the-senses-in-historical-research/,node,25031,blog/valerie-tripp-salty-ham-using-the-senses-in-historical-research.md,matched,
/node/25032,/best-practices/teaching-in-action/the-assassination-of-abraham-lincoln/,node,25032,best-practices/teaching-in-action/the-assassination-of-abraham-lincoln.md,matched,
/node/25034,/teaching-materials/lesson-plan-reviews/what-really-happened-comparing-stories-of-the-first-thanksgiving/,node,25034,teaching-materials/lesson-plan-reviews/what-really-happened-comparing-stories-of-the-first-thanksgiving.md,matched,
/node/25035,/digital-classroom/ask-a-digital-historian/introducing-students-to-interactive-whiteboards/,node,25035,digital-classroom/ask-a-digital-historian/introducing-students-to-interactive-whiteboards.md,matched,
/node/25036,/history-content/ask-a-historian/us-naval-power-1775-1815/,node,25036,history-content/ask-a-historian/us-naval-power-1775-1815.md,matched,
/node/25037,/history-content/ask-a-historian/industrializing-women/,node,25037,history-content/ask-a-historian/industrializing-women.md,matched,
/node/25038,/history-content/ask-a-historian/slavery-in-wyoming/,node,25038,history-content/ask-a-historian/slavery-in-wyoming.md,matched,
/node/25039,/blog/michael-yell-on-using-dvdsvideo-segments-in-the-history-classroom/,node,25039,blog/michael-yell-on-using-dvdsvideo-segments-in-the-history-classroom.md,matched,
/node/25040,/history-content/website-reviews/national-constitution-center-explore-the-constitution/,node,25040,history-content/website-reviews/national-constitution-center-explore-the-constitution.md,matched,
/node/25042,/history-content/website-reviews/911-memorial/,node,25042,history-content/website-reviews/911-memorial.md,matched,
/node/25043,/history-content/website-reviews/september-11-2001-documentary-project/,node,25043,history-content/website-reviews/september-11-2001-documentary-project.md,matched,
/node/25044,/history-content/website-reviews/september-11-2001-web-archive/,node,25044,history-content/website-reviews/september-11-2001-web-archive.md,matched,
/node/25047,/blog/elizabeth-schaefer-on-a-new-approach-to-president-lincoln/,node,25047,blog/elizabeth-schaefer-on-a-new-approach-to-president-lincoln.md,matched,
/node/25048,/best-practices/examples-of-historical-thinking/civil-war-letters/,node,25048,best-practices/examples-of-historical-thinking/civil-war-letters.md,matched,
/node/25049,/best-practices/examples-of-historical-thinking/declaration-of-independence/,node,25049,best-practices/examples-of-historical-thinking/declaration-of-independence.md,matched,
/node/25055,/digital-classroom/tech-for-teachers/glogster/,node,25055,digital-classroom/tech-for-teachers/glogster.md,matched,
/node/25056,/digital-classroom/tech-for-teachers/creating-cartoons-pixton-toondoo/,node,25056,digital-classroom/tech-for-teachers/creating-cartoons-pixton-toondoo.md,matched,
/node/25057,/history-content/website-reviews/gettysburg-national-military-park-camp-life/,node,25057,history-content/website-reviews/gettysburg-national-military-park-camp-life.md,matched,
/node/25058,/history-content/beyond-the-textbook/20th-century-jewish-immigration/,node,25059,history-content/beyond-the-textbook/20th-century-jewish-immigration.md,matched,
/node/25059,/history-content/beyond-the-textbook/20th-century-jewish-immigration/,node,25059,history-content/beyond-the-textbook/20th-century-jewish-immigration.md,matched,
/node/25061,/blog/film-review-the-aviator/,node,25061,blog/film-review-the-aviator.md,matched,
/node/25062,/teaching-materials/ask-a-master-teacher/picking-civics-textbooks/,node,25062,teaching-materials/ask-a-master-teacher/picking-civics-textbooks.md,matched,
/node/25064,/history-content/quiz/constitution-day-count/,node,25064,history-content/quiz/constitution-day-count.md,matched,
/node/25065,/history-content/quiz/close-up-on-hispanic-american-heritage/,node,25065,history-content/quiz/close-up-on-hispanic-american-heritage.md,matched,
/node/25066,/history-content/quiz/americas-love-for-the-automobile/,node,25066,history-content/quiz/americas-love-for-the-automobile.md,matched,
/node/25070,/history-content/quiz/european-explorers-in-north-america-after-columbus/,node,25070,history-content/quiz/european-explorers-in-north-america-after-columbus.md,matched,
/node/25071,/history-content/quiz/native-american-heritage-month-questioning-photos/,node,25071,history-content/quiz/native-american-heritage-month-questioning-photos.md,matched,
/node/25072,/history-content/quiz/to-the-source/,node,25072,history-content/quiz/to-the-source.md,matched,
/node/25073,/history-content/quiz/columbus-day-stories-of-exploration/,node,25073,history-content/quiz/columbus-day-stories-of-exploration.md,matched,
/node/25075,/blog/film-review-john-adams/,node,25075,blog/film-review-john-adams.md,matched,
/node/25076,/blog/film-review-the-tenth-inning/,node,25076,blog/film-review-the-tenth-inning.md,matched,
/node/25077,/blog/film-review-gods-and-generals/,node,25077,blog/film-review-gods-and-generals.md,matched,
/node/25078,/blog/in-remembrance-september-11-2001/,node,25078,blog/in-remembrance-september-11-2001.md,matched,
/node/25079,/history-content/ask-a-historian/americas-shifting-western-frontier/,node,25079,history-content/ask-a-historian/americas-shifting-western-frontier.md,matched,
/node/25094,/history-content/ask-a-historian/tippecanoe-and-walking-canes-too/,node,25094,history-content/ask-a-historian/tippecanoe-and-walking-canes-too.md,matched,
/node/25095,/best-practices/examples-of-historical-thinking/john-browns-body/,node,25095,best-practices/examples-of-historical-thinking/john-browns-body.md,matched,
/node/25096,/best-practices/examples-of-historical-thinking/john-smith-map/,node,25096,best-practices/examples-of-historical-thinking/john-smith-map.md,matched,
/node/25097,/best-practices/examples-of-historical-thinking/massive-resistance-political-cartoons/,node,25097,best-practices/examples-of-historical-thinking/massive-resistance-political-cartoons.md,matched,
/node/25098,/history-content/ask-a-historian/the-memphis-belle/,node,25098,history-content/ask-a-historian/the-memphis-belle.md,matched,
/node/25103,/history-content/website-reviews/here-is-new-york/,node,25103,history-content/website-reviews/here-is-new-york.md,matched,
/node/25104,/history-content/website-reviews/september-11th-sourcebooks/,node,25104,history-content/website-reviews/september-11th-sourcebooks.md,matched,
/node/25105,/blog/civil-war-poster/,node,25105,blog/civil-war-poster.md,matched,
/node/25107,/digital-classroom/tech-for-teachers/popplet/,node,25107,digital-classroom/tech-for-teachers/popplet.md,matched,
/node/25108,/history-content/quiz/lewis-hine-caption-critique/,node,25108,history-content/quiz/lewis-hine-caption-critique.md,matched,
/node/25109,/digital-classroom/tech-for-teachers/learner-response-systems-clickers/,node,25109,digital-classroom/tech-for-teachers/learner-response-systems-clickers.md,matched,
/node/25110,/digital-classroom/tech-for-teachers/google-forms/,node,25110,digital-classroom/tech-for-teachers/google-forms.md,matched,
/node/25111,/digital-classroom/tech-for-teachers/mission-us-for-crown-or-colony/,node,25111,digital-classroom/tech-for-teachers/mission-us-for-crown-or-colony.md,matched,
/node/25112,/history-content/quiz/veterans-day-medals-and-merit/,node,25112,history-content/quiz/veterans-day-medals-and-merit.md,matched,
/node/25113,/history-content/quiz/socks-to-war/,node,25113,history-content/quiz/socks-to-war.md,matched,
/node/25114,/blog/valerie-tripp-on-the-power-of-everyday-objects-in-teaching-history/,node,25114,blog/valerie-tripp-on-the-power-of-everyday-objects-in-teaching-history.md,matched,
/node/25115,/digital-classroom/tech-for-teachers/omeka/,node,25115,digital-classroom/tech-for-teachers/omeka.md,matched,
/node/25117,/blog/jeremiah-mccall-on-using-simulation-games-in-the-history-classroom/,node,25117,blog/jeremiah-mccall-on-using-simulation-games-in-the-history-classroom.md,matched,
/node/25144,/history-content/website-reviews/living-new-deal-project/,node,25144,history-content/website-reviews/living-new-deal-project.md,matched,
/node/25145,/history-content/website-reviews/encyclopedia-of-alabama/,node,25145,history-content/website-reviews/encyclopedia-of-alabama.md,matched,
/node/25146,/teaching-materials/ask-a-master-teacher/slave-badges/,node,25146,teaching-materials/ask-a-master-teacher/slave-badges.md,matched,
/node/25148,/best-practices/using-primary-sources/bringing-history-homes-socc-analysis-technique/,node,25148,best-practices/using-primary-sources/bringing-history-homes-socc-analysis-technique.md,matched,
/node/25149,/teaching-materials/ask-a-master-teacher/tips-and-tricks-for-using-graphic-organizers/,node,25149,teaching-materials/ask-a-master-teacher/tips-and-tricks-for-using-graphic-organizers.md,matched,
/node/25150,/blog/jennifer-orr-starts-the-year/,node,25150,blog/jennifer-orr-starts-the-year.md,matched,
/node/25152,/blog/elizabeth-glynn-on-personal-tablet-computers/,node,25152,blog/elizabeth-glynn-on-personal-tablet-computers.md,matched,
/node/25157,/blog/joe-jelen-old-newspapers-find-a-home-in-new-technology/,node,25157,blog/joe-jelen-old-newspapers-find-a-home-in-new-technology.md,matched,
/node/25158,/history-content/website-reviews/shays-rebellion-and-the-making-of-a-nation/,node,25158,history-content/website-reviews/shays-rebellion-and-the-making-of-a-nation.md,matched,
/node/25160,/blog/film-review-the-alamo/,node,25160,blog/film-review-the-alamo.md,matched,
/node/25161,/teaching-materials/ask-a-master-teacher/teaching-high-school-history-at-home/,node,25161,teaching-materials/ask-a-master-teacher/teaching-high-school-history-at-home.md,matched,
/node/25163,/digital-classroom/beyond-the-chalkboard/crosscurricular-multimedia-ap-us-history-and-govt-classes-collaborate/,node,25163,digital-classroom/beyond-the-chalkboard/crosscurricular-multimedia-ap-us-history-and-govt-classes-collaborate.md,matched,
/node/25164,/digital-classroom/tech-for-teachers/dropbox/,node,25164,digital-classroom/tech-for-teachers/dropbox.md,matched,
/node/25165,/history-content/ask-a-historian/andrew-johnson-and-impeachment/,node,25165,history-content/ask-a-historian/andrew-johnson-and-impeachment.md,matched,
/node/25169,/best-practices/examples-of-historical-thinking/the-election-of-1932-clifford-berryman-cartoon/,node,25169,best-practices/examples-of-historical-thinking/the-election-of-1932-clifford-berryman-cartoon.md,matched,
/node/25170,/best-practices/examples-of-historical-thinking/the-election-of-1932-photographs-of-fdr/,node,25170,best-practices/examples-of-historical-thinking/the-election-of-1932-photographs-of-fdr.md,matched,
/node/25171,/history-content/website-reviews/the-us-house-of-representatives-remembers-september-11/,node,25171,history-content/website-reviews/the-us-house-of-representatives-remembers-september-11.md,matched,
/node/25172,/blog/the-connection-between-literacy-and-history/,node,25172,blog/the-connection-between-literacy-and-history.md,matched,
/node/25174,/best-practices/examples-of-historical-thinking/fdrs-second-inaugural-address/,node,25174,best-practices/examples-of-historical-thinking/fdrs-second-inaugural-address.md,matched,
/node/25177,/digital-classroom/tech-for-teachers/kidblog/,node,25177,digital-classroom/tech-for-teachers/kidblog.md,matched,
/node/25180,/history-content/website-reviews/puerto-rico-encyclopediaenciclopedia-de-puerto-rico/,node,25180,history-content/website-reviews/puerto-rico-encyclopediaenciclopedia-de-puerto-rico.md,matched,
/node/25182,/blog/amy-burvalls-life-as-a-technotroubadour/,node,25182,blog/amy-burvalls-life-as-a-technotroubadour.md,matched,
/node/25183,/blog/mark-smith-on-using-constructivist-video-production/,node,25183,blog/mark-smith-on-using-constructivist-video-production.md,matched,
/node/25184,/teaching-materials/teaching-guides/concept-formation/,node,25184,teaching-materials/teaching-guides/concept-formation.md,matched,
/node/25185,/teaching-materials/lesson-plan-reviews/propaganda-and-world-war-ii/,node,25185,teaching-materials/lesson-plan-reviews/propaganda-and-world-war-ii.md,matched,
/node/25186,/blog/resources-for-columbus-day/,node,25186,blog/resources-for-columbus-day.md,matched,
/node/25187,/teaching-materials/ask-a-master-teacher/brain-based-research/,node,25187,teaching-materials/ask-a-master-teacher/brain-based-research.md,matched,
/node/25188,/teaching-materials/ask-a-master-teacher/national-history-day-in-kentucky/,node,25188,teaching-materials/ask-a-master-teacher/national-history-day-in-kentucky.md,matched,
/node/25189,/history-content/website-reviews/e-wv-the-west-virginia-encyclopedia/,node,25189,history-content/website-reviews/e-wv-the-west-virginia-encyclopedia.md,matched,
/node/25200,/blog/joe-jelen-makes-students-thinking-visible-with-backchannel-discussion/,node,25200,blog/joe-jelen-makes-students-thinking-visible-with-backchannel-discussion.md,matched,
/node/25201,/best-practices/examples-of-historical-thinking/thomas-nast-cartoon/,node,25201,best-practices/examples-of-historical-thinking/thomas-nast-cartoon.md,matched,
/node/25203,/best-practices/examples-of-historical-thinking/two-blues-songs/,node,25203,best-practices/examples-of-historical-thinking/two-blues-songs.md,matched,
/node/25204,/best-practices/examples-of-historical-thinking/1853-daguerreotype/,node,25204,best-practices/examples-of-historical-thinking/1853-daguerreotype.md,matched,
/node/25205,/best-practices/examples-of-historical-thinking/herman-melvilles-bartleby-the-scrivener/,node,25205,best-practices/examples-of-historical-thinking/herman-melvilles-bartleby-the-scrivener.md,matched,
/node/25206,/best-practices/examples-of-historical-thinking/1804-inventory/,node,25206,best-practices/examples-of-historical-thinking/1804-inventory.md,matched,
/node/25207,/best-practices/examples-of-historical-thinking/1775-colonial-newspaper-article/,node,25207,best-practices/examples-of-historical-thinking/1775-colonial-newspaper-article.md,matched,
/node/25208,/teaching-materials/ask-a-master-teacher/resources-for-teaching-local-history/,node,25208,teaching-materials/ask-a-master-teacher/resources-for-teaching-local-history.md,matched,
/node/25218,/history-content/website-reviews/hope-for-america/,node,25218,history-content/website-reviews/hope-for-america.md,matched,
/node/25219,/digital-classroom/ask-a-digital-historian/surfing-the-web-successfully/,node,25219,digital-classroom/ask-a-digital-historian/surfing-the-web-successfully.md,matched,
/node/25221,/digital-classroom/ask-a-digital-historian/keepvid/,node,25221,digital-classroom/ask-a-digital-historian/keepvid.md,matched,
/node/25222,/history-content/ask-a-historian/silverites-populists-and-the-movement-for-free-silver/,node,25222,history-content/ask-a-historian/silverites-populists-and-the-movement-for-free-silver.md,matched,
/node/25223,/history-content/ask-a-historian/civil-war-convicts-unraveling-a-misconception/,node,25223,history-content/ask-a-historian/civil-war-convicts-unraveling-a-misconception.md,matched,
/node/25224,/history-content/ask-a-historian/gettysburg-turning-point-or-a-small-stepping-stone-to-victory/,node,25224,history-content/ask-a-historian/gettysburg-turning-point-or-a-small-stepping-stone-to-victory.md,matched,
/node/25225,/blog/jeremiah-mccall-on-evaluating-simulation-games-for-classroom-use/,node,25225,blog/jeremiah-mccall-on-evaluating-simulation-games-for-classroom-use.md,matched,
/node/25226,/best-practices/using-primary-sources/thinking-like-a-historian/,node,25226,best-practices/using-primary-sources/thinking-like-a-historian.md,matched,
/node/25228,/history-content/website-reviews/the-jewish-americans/,node,25228,history-content/website-reviews/the-jewish-americans.md,matched,
/node/25229,/history-content/website-reviews/red-cross-exploring-humanitarian-law/,node,25229,history-content/website-reviews/red-cross-exploring-humanitarian-law.md,matched,
/node/25230,/history-content/website-reviews/idea-of-america/,node,25230,history-content/website-reviews/idea-of-america.md,matched,
/node/25231,/history-content/website-reviews/american-turning-point-the-civil-war-in-virginia/,node,25231,history-content/website-reviews/american-turning-point-the-civil-war-in-virginia.md,matched,
/node/25232,/best-practices/using-primary-sources/focus-on-film/,node,25232,best-practices/using-primary-sources/focus-on-film.md,matched,
/node/25233,/best-practices/using-primary-sources/how-to-read-a-landscape/,node,25233,best-practices/using-primary-sources/how-to-read-a-landscape.md,matched,
/node/25240,/history-content/website-reviews/frederick-douglass-national-historic-site-virtual-museum-exhibit/,node,25240,history-content/website-reviews/frederick-douglass-national-historic-site-virtual-museum-exhibit.md,matched,
/node/25243,/blog/jennifer-orr-on-teaching-heroes/,node,25243,blog/jennifer-orr-on-teaching-heroes.md,matched,
/node/25244,/history-content/ask-a-historian/mapping-primary-and-secondary-sources/,node,25244,history-content/ask-a-historian/mapping-primary-and-secondary-sources.md,matched,
/node/25245,/history-content/ask-a-historian/the-american-civil-war-total-or-just/,node,25245,history-content/ask-a-historian/the-american-civil-war-total-or-just.md,matched,
/node/25246,/history-content/quiz/which-witch/,node,25246,history-content/quiz/which-witch.md,matched,
/node/25255,/blog/teachinghistoryorg-teacher-representative-wins-2011-national-history-teacher-of-the-year/,node,25255,blog/teachinghistoryorg-teacher-representative-wins-2011-national-history-teacher-of-the-year.md,matched,
/node/25259,/history-content/website-reviews/guampedia/,node,25259,history-content/website-reviews/guampedia.md,matched,
/node/25260,/history-content/website-reviews/digital-resource-guide-for-the-labor-archives-of-washington-state/,node,25260,history-content/website-reviews/digital-resource-guide-for-the-labor-archives-of-washington-state.md,matched,
/node/25261,/history-content/website-reviews/conrad-w-chapman-a-confederate-soldiers-paintings-of-the-defense-of-charleston/,node,25261,history-content/website-reviews/conrad-w-chapman-a-confederate-soldiers-paintings-of-the-defense-of-charleston.md,matched,
/node/25262,/history-content/website-reviews/bill-of-rights-institute/,node,25262,history-content/website-reviews/bill-of-rights-institute.md,matched,
/node/25263,/teaching-materials/ask-a-master-teacher/north-carolina-historytechnology/,node,25263,teaching-materials/ask-a-master-teacher/north-carolina-historytechnology.md,matched,
/node/25264,/blog/mark-smith-on-nonverbal-williamsburg/,node,25264,blog/mark-smith-on-nonverbal-williamsburg.md,matched,
/node/25265,/history-content/quiz/thanksgiving-presidential-turkeys/,node,25265,history-content/quiz/thanksgiving-presidential-turkeys.md,matched,
/node/25266,/blog/michael-yell-on-making-every-history-lecture-engaging/,node,25266,blog/michael-yell-on-making-every-history-lecture-engaging.md,matched,
/node/25268,/history-content/ask-a-historian/cause-and-effect-the-outbreak-of-world-war-ii/,node,25268,history-content/ask-a-historian/cause-and-effect-the-outbreak-of-world-war-ii.md,matched,
/node/25269,/history-content/ask-a-historian/what-if-reexamining-the-american-revolution/,node,25269,history-content/ask-a-historian/what-if-reexamining-the-american-revolution.md,matched,
/node/25270,/history-content/quiz/reading-a-cartoon-massive-resistance/,node,25270,history-content/quiz/reading-a-cartoon-massive-resistance.md,matched,
/node/25271,/history-content/quiz/food-50-years-ago/,node,25271,history-content/quiz/food-50-years-ago.md,matched,
/node/25273,/digital-classroom/tech-for-teachers/cell-phones-as-classroom-tools/,node,25273,digital-classroom/tech-for-teachers/cell-phones-as-classroom-tools.md,matched,
/node/25274,/history-content/quiz/give-me-nuclear-shelter/,node,25274,history-content/quiz/give-me-nuclear-shelter.md,matched,
/node/25275,/history-content/website-reviews/encyclopedia-virginia/,node,25275,history-content/website-reviews/encyclopedia-virginia.md,matched,
/node/25276,/history-content/website-reviews/explorepahistory/,node,25276,history-content/website-reviews/explorepahistory.md,matched,
/node/25277,/history-content/website-reviews/the-encyclopedia-of-arkansas-history-and-culture/,node,25277,history-content/website-reviews/the-encyclopedia-of-arkansas-history-and-culture.md,matched,
/node/25278,/history-content/website-reviews/knowla-encyclopedia-of-louisiana/,node,25278,history-content/website-reviews/knowla-encyclopedia-of-louisiana.md,matched,
/node/25279,/history-content/website-reviews/online-nevada-encyclopedia/,node,25279,history-content/website-reviews/online-nevada-encyclopedia.md,matched,
/node/25280,/history-content/website-reviews/the-oregon-encyclopedia/,node,25280,history-content/website-reviews/the-oregon-encyclopedia.md,matched,
/node/25281,/history-content/website-reviews/tennessee-encyclopedia-of-history-and-culture/,node,25281,history-content/website-reviews/tennessee-encyclopedia-of-history-and-culture.md,matched,
/node/25282,/history-content/website-reviews/handbook-of-texas-online/,node,25282,history-content/website-reviews/handbook-of-texas-online.md,matched,
/node/25283,/digital-classroom/tech-for-teachers/imoviemovie-maker/,node,25283,digital-classroom/tech-for-teachers/imoviemovie-maker.md,matched,
/node/25291,/best-practices/examples-of-historical-thinking/japanese-american-internment-ansel-adams-photos/,node,25291,best-practices/examples-of-historical-thinking/japanese-american-internment-ansel-adams-photos.md,matched,
/node/25292,/best-practices/examples-of-historical-thinking/japanese-american-internment-executive-order-9066/,node,25292,best-practices/examples-of-historical-thinking/japanese-american-internment-executive-order-9066.md,matched,
/node/25296,/blog/resources-for-veterans-day/,node,25296,blog/resources-for-veterans-day.md,matched,
/node/25298,/history-content/national-resources/advisory-council-on-historic-preservation/,node,25298,history-content/national-resources/advisory-council-on-historic-preservation.md,matched,
/node/25300,/blog/meg-griffin-on-google-docs/,node,25300,blog/meg-griffin-on-google-docs.md,matched,
/node/25302,/history-content/website-reviews/recipe-for-victory-food-and-cooking-in-wartime/,node,25302,history-content/website-reviews/recipe-for-victory-food-and-cooking-in-wartime.md,matched,
/node/25304,/digital-classroom/tech-for-teachers/cacoo/,node,25304,digital-classroom/tech-for-teachers/cacoo.md,matched,
/node/25305,/digital-classroom/tech-for-teachers/ipadstablet-computers/,node,25305,digital-classroom/tech-for-teachers/ipadstablet-computers.md,matched,
/node/25306,/blog/trickle-or-tsunami-getting-involved-with-the-common-core-standards/,node,25306,blog/trickle-or-tsunami-getting-involved-with-the-common-core-standards.md,matched,
/node/25309,/blog/teaching-thanksgiving-2011/,node,25309,blog/teaching-thanksgiving-2011.md,matched,
/node/25310,/history-content/quiz/in-dr-kings-words/,node,25310,history-content/quiz/in-dr-kings-words.md,matched,
/node/25315,/teaching-materials/lesson-plan-reviews/the-road-to-pearl-harbor/,node,25315,teaching-materials/lesson-plan-reviews/the-road-to-pearl-harbor.md,matched,
/node/25316,/digital-classroom/tech-for-teachers/google-for-teachers-a-guide-by-free-technology-for-teachers/,node,25316,digital-classroom/tech-for-teachers/google-for-teachers-a-guide-by-free-technology-for-teachers.md,matched,
/node/25317,/blog/film-review-pearl-harbor-and-u-571/,node,25317,blog/film-review-pearl-harbor-and-u-571.md,matched,
/node/25318,/best-practices/examples-of-historical-thinking/the-iran-hostage-crisis-diary-of-robert-ode/,node,25318,best-practices/examples-of-historical-thinking/the-iran-hostage-crisis-diary-of-robert-ode.md,matched,
/node/25320,/teaching-materials/ask-a-master-teacher/stop-and-source/,node,25320,teaching-materials/ask-a-master-teacher/stop-and-source.md,matched,
/node/25321,/teaching-materials/ask-a-master-teacher/advice-for-the-student-teacher/,node,25321,teaching-materials/ask-a-master-teacher/advice-for-the-student-teacher.md,matched,
/node/25324,/blog/remembering-pearl-harbor-resources-for-the-70th-anniversary/,node,25324,blog/remembering-pearl-harbor-resources-for-the-70th-anniversary.md,matched,
/node/25325,/blog/michael-yell-uses-national-history-day-for-classroom-differentiation/,node,25325,blog/michael-yell-uses-national-history-day-for-classroom-differentiation.md,matched,
/node/25326,/teaching-materials/ask-a-master-teacher/sifting-for-sources/,node,25326,teaching-materials/ask-a-master-teacher/sifting-for-sources.md,matched,
/node/25336,/history-content/quiz/mapping-the-past/,node,25336,history-content/quiz/mapping-the-past.md,matched,
/node/25338,/blog/jeremiah-mccall-on-structuring-lesson-plans-using-simulation-games/,node,25338,blog/jeremiah-mccall-on-structuring-lesson-plans-using-simulation-games.md,matched,
/node/25340,/history-content/quiz/african-american-history-month-civil-rights-worldwide/,node,25340,history-content/quiz/african-american-history-month-civil-rights-worldwide.md,matched,
/node/25341,/blog/start-planning-now-for-summer-professional-development/,node,25341,blog/start-planning-now-for-summer-professional-development.md,matched,
/node/25343,/teaching-materials/teaching-guides/webquest-inquiry-and-lincolns-views-on-technology/,node,25343,teaching-materials/teaching-guides/webquest-inquiry-and-lincolns-views-on-technology.md,matched,
/node/25345,/history-content/quiz/reading-photographs-snow-day/,node,25345,history-content/quiz/reading-photographs-snow-day.md,matched,
/node/25346,/digital-classroom/tech-for-teachers/whatwasthere/,node,25346,digital-classroom/tech-for-teachers/whatwasthere.md,matched,
/node/25354,/best-practices/examples-of-historical-thinking/abolitionist-speeches-by-african-american-women/,node,25354,best-practices/examples-of-historical-thinking/abolitionist-speeches-by-african-american-women.md,matched,
/node/25360,/teaching-materials/ask-a-master-teacher/understanding-civic-republicanism/,node,25360,teaching-materials/ask-a-master-teacher/understanding-civic-republicanism.md,matched,
/node/25361,/blog/jennifer-orr-on-data-retrieval-charts/,node,25361,blog/jennifer-orr-on-data-retrieval-charts.md,matched,
/node/25362,/teaching-materials/ask-a-master-teacher/historic-stories-fictional-accounts-achieving-multiperspectivity/,node,25362,teaching-materials/ask-a-master-teacher/historic-stories-fictional-accounts-achieving-multiperspectivity.md,matched,
/node/25363,/digital-classroom/tech-for-teachers/evernote/,node,25363,digital-classroom/tech-for-teachers/evernote.md,matched,
/node/25364,/blog/social-studies-education-down-south/,node,25364,blog/social-studies-education-down-south.md,matched,
/node/25365,/blog/the-bicentennial-of-1812/,node,25365,blog/the-bicentennial-of-1812.md,matched,
/node/25366,/history-content/website-reviews/flashing-across-the-country-mr-zip-and-the-zip-code-promotional-campaign/,node,25366,history-content/website-reviews/flashing-across-the-country-mr-zip-and-the-zip-code-promotional-campaign.md,matched,
/node/25367,/history-content/website-reviews/witness-and-response-september-11-acquisitions-at-the-library-of-congress/,node,25367,history-content/website-reviews/witness-and-response-september-11-acquisitions-at-the-library-of-congress.md,matched,
/node/25368,/history-content/website-reviews/mnopedia/,node,25368,history-content/website-reviews/mnopedia.md,matched,
/node/25369,/history-content/website-reviews/all-hands-on-deck/,node,25369,history-content/website-reviews/all-hands-on-deck.md,matched,
/node/25371,/history-content/website-reviews/civilian-public-service-story/,node,25371,history-content/website-reviews/civilian-public-service-story.md,matched,
/node/25372,/blog/joe-jelen-on-discovering-history-through-student-genealogy-research/,node,25372,blog/joe-jelen-on-discovering-history-through-student-genealogy-research.md,matched,
/node/25373,/history-content/ask-a-historian/the-fighting-canadiens/,node,25373,history-content/ask-a-historian/the-fighting-canadiens.md,matched,
/node/25374,/history-content/ask-a-historian/the-proclamation-of-1763/,node,25374,history-content/ask-a-historian/the-proclamation-of-1763.md,matched,
/node/25375,/history-content/website-reviews/creating-the-united-states/,node,25375,history-content/website-reviews/creating-the-united-states.md,matched,
/node/25376,/blog/resources-for-martin-luther-king-jr-day/,node,25376,blog/resources-for-martin-luther-king-jr-day.md,matched,
/node/25377,/history-content/website-reviews/a-sailors-life-for-me/,node,25377,history-content/website-reviews/a-sailors-life-for-me.md,matched,
/node/25378,/blog/resources-for-african-american-history-month/,node,25378,blog/resources-for-african-american-history-month.md,matched,
/node/25379,/best-practices/examples-of-historical-thinking/scenes-in-the-life-of-harriet-tubman/,node,25379,best-practices/examples-of-historical-thinking/scenes-in-the-life-of-harriet-tubman.md,matched,
/node/25380,/blog/teachinghistoryorgs-aha-workshop-teaching-the-past-in-a-digital-world/,node,25380,blog/teachinghistoryorgs-aha-workshop-teaching-the-past-in-a-digital-world.md,matched,
/node/25381,/history-content/website-reviews/memoirs-v-tapes-president-nixon-and-the-december-bombings/,node,25381,history-content/website-reviews/memoirs-v-tapes-president-nixon-and-the-december-bombings.md,matched,
/node/25382,/history-content/website-reviews/voces-oral-history-project/,node,25382,history-content/website-reviews/voces-oral-history-project.md,matched,
/node/25383,/history-content/website-reviews/world-trade-center-rescue-recovery-response/,node,25383,history-content/website-reviews/world-trade-center-rescue-recovery-response.md,matched,
/node/25385,/blog/report-on-state-of-history-education-released/,node,25385,blog/report-on-state-of-history-education-released.md,matched,
/node/25389,/history-content/website-reviews/understanding-911-a-television-news-archive/,node,25389,history-content/website-reviews/understanding-911-a-television-news-archive.md,matched,
/node/25390,/history-content/website-reviews/quilt-index/,node,25390,history-content/website-reviews/quilt-index.md,matched,
/node/25415,/blog/joe-jelen-on-political-cartoons-20/,node,25415,blog/joe-jelen-on-political-cartoons-20.md,matched,
/node/25419,/blog/resources-for-presidents-day/,node,25419,blog/resources-for-presidents-day.md,matched,
/node/25420,/teaching-materials/ask-a-master-teacher/teaching-world-history-an-idea-guide/,node,25420,teaching-materials/ask-a-master-teacher/teaching-world-history-an-idea-guide.md,matched,
/node/25424,/blog/michael-yell-on-writing-as-thinking/,node,25424,blog/michael-yell-on-writing-as-thinking.md,matched,
/node/25425,/digital-classroom/tech-for-teachers/edmodo/,node,25425,digital-classroom/tech-for-teachers/edmodo.md,matched,
/node/25426,/blog/jennifer-orr-on-making-history-books/,node,25426,blog/jennifer-orr-on-making-history-books.md,matched,
/node/25442,/blog/resources-for-teaching-the-war-of-1812/,node,25442,blog/resources-for-teaching-the-war-of-1812.md,matched,
/node/25443,/best-practices/using-primary-sources/key-concepts-in-historical-thinking/,node,25443,best-practices/using-primary-sources/key-concepts-in-historical-thinking.md,matched,
/node/25444,/history-content/quiz/the-blue-and-the-grey-and-red-and-green-and-yellow/,node,25444,history-content/quiz/the-blue-and-the-grey-and-red-and-green-and-yellow.md,matched,
/node/25447,/history-content/ask-a-historian/the-new-world-a-stage-for-cultural-interaction/,node,25447,history-content/ask-a-historian/the-new-world-a-stage-for-cultural-interaction.md,matched,
/node/25448,/digital-classroom/beyond-the-chalkboard/choose-your-own-adventure-videos/,node,25448,digital-classroom/beyond-the-chalkboard/choose-your-own-adventure-videos.md,matched,
/node/25449,/blog/national-history-day-wins-2011-national-humanities-medal/,node,25449,blog/national-history-day-wins-2011-national-humanities-medal.md,matched,
/node/25451,/blog/jeremiah-mccall-on-activities-and-assessments-for-simulation-games/,node,25451,blog/jeremiah-mccall-on-activities-and-assessments-for-simulation-games.md,matched,
/node/25453,/page/dc-museum-collaborative/,node,25453,page/dc-museum-collaborative.md,matched,
/node/25455,/history-content/beyond-the-textbook/labor-and-trade-in-colonial-america/,node,25456,history-content/beyond-the-textbook/labor-and-trade-in-colonial-america.md,matched,
/node/25456,/history-content/beyond-the-textbook/labor-and-trade-in-colonial-america/,node,25456,history-content/beyond-the-textbook/labor-and-trade-in-colonial-america.md,matched,
/node/25457,/teaching-materials/ask-a-master-teacher/locating-resources-on-teachinghistoryorg/,node,25457,teaching-materials/ask-a-master-teacher/locating-resources-on-teachinghistoryorg.md,matched,
/node/25458,/teaching-materials/english-language-learners/using-non-linguistic-representations-to-strengthen-historical-thinking/,node,25458,teaching-materials/english-language-learners/using-non-linguistic-representations-to-strengthen-historical-thinking.md,matched,
/node/25459,/digital-classroom/tech-for-teachers/printfriendly/,node,25459,digital-classroom/tech-for-teachers/printfriendly.md,matched,
/node/25461,/best-practices/teaching-in-action/organize-your-thinking-to-critically-analyze-text/,node,25461,best-practices/teaching-in-action/organize-your-thinking-to-critically-analyze-text.md,matched,
/node/25464,/blog/resources-for-womens-history-month/,node,25464,blog/resources-for-womens-history-month.md,matched,
/node/25465,/history-content/website-reviews/maryland-historical-society-collections-online/,node,25465,history-content/website-reviews/maryland-historical-society-collections-online.md,matched,
/node/25466,/history-content/quiz/voices-of-womens-reform/,node,25466,history-content/quiz/voices-of-womens-reform.md,matched,
/node/25467,/history-content/website-reviews/iwitness/,node,25467,history-content/website-reviews/iwitness.md,matched,
/node/25468,/history-content/quiz/womens-history-month-picturing-pocahontas/,node,25468,history-content/quiz/womens-history-month-picturing-pocahontas.md,matched,
/node/25470,/history-content/ask-a-historian/texas-and-mexico-centers-for-cultural-collision/,node,25470,history-content/ask-a-historian/texas-and-mexico-centers-for-cultural-collision.md,matched,
/node/25471,/best-practices/examples-of-historical-thinking/letters-from-the-philippines/,node,25471,best-practices/examples-of-historical-thinking/letters-from-the-philippines.md,matched,
/node/25474,/history-content/website-reviews/pearl-harbor-attack-map/,node,25474,history-content/website-reviews/pearl-harbor-attack-map.md,matched,
/node/25477,/teaching-materials/ask-a-master-teacher/rubrics-for-learning-menus/,node,25477,teaching-materials/ask-a-master-teacher/rubrics-for-learning-menus.md,matched,
/node/25478,/history-content/beyond-the-textbook/john-browns-raid/,node,25478,history-content/beyond-the-textbook/john-browns-raid.md,matched,
/node/25479,/history-content/beyond-the-textbook/john-browns-raid/,node,25478,history-content/beyond-the-textbook/john-browns-raid.md,matched,
/node/25480,/history-content/quiz/probing-probate/,node,25480,history-content/quiz/probing-probate.md,matched,
/node/25481,/history-content/website-reviews/japanese-american-national-museum-collections/,node,25481,history-content/website-reviews/japanese-american-national-museum-collections.md,matched,
/node/25483,/blog/film-review-iron-jawed-angels/,node,25483,blog/film-review-iron-jawed-angels.md,matched,
/node/25484,/history-content/beyond-the-textbook/the-atomic-bomb-hiroshima-and-nagasaki/,node,25484,history-content/beyond-the-textbook/the-atomic-bomb-hiroshima-and-nagasaki.md,matched,
/node/25485,/history-content/beyond-the-textbook/the-atomic-bomb-hiroshima-and-nagasaki/,node,25484,history-content/beyond-the-textbook/the-atomic-bomb-hiroshima-and-nagasaki.md,matched,
/node/25486,/blog/resources-for-earth-day/,node,25486,blog/resources-for-earth-day.md,matched,
/node/25487,/blog/resources-for-asian-pacific-american-heritage-month/,node,25487,blog/resources-for-asian-pacific-american-heritage-month.md,matched,
/node/25489,/history-content/ask-a-historian/the-standardization-of-american-english/,node,25489,history-content/ask-a-historian/the-standardization-of-american-english.md,matched,
/node/25491,/teaching-materials/lesson-plan-reviews/decoding-us-foreign-policy-the-iran-contra-affair/,node,25491,teaching-materials/lesson-plan-reviews/decoding-us-foreign-policy-the-iran-contra-affair.md,matched,
/node/25493,/teaching-materials/ask-a-master-teacher/researching-adolescent-immigrant-history/,node,25493,teaching-materials/ask-a-master-teacher/researching-adolescent-immigrant-history.md,matched,
/node/25494,/blog/joe-jelen-on-creating-e-books/,node,25494,blog/joe-jelen-on-creating-e-books.md,matched,
/node/25496,/history-content/quiz/reading-a-cartoon-nasts-milk-tickets-for-babies/,node,25496,history-content/quiz/reading-a-cartoon-nasts-milk-tickets-for-babies.md,matched,
/node/25497,/history-content/quiz/reading-photographs-macarthur-and-hirohito/,node,25497,history-content/quiz/reading-photographs-macarthur-and-hirohito.md,matched,
/node/25500,/history-content/website-reviews/white-house-historical-association/,node,25500,history-content/website-reviews/white-house-historical-association.md,matched,
/node/25501,/blog/visiting-history-a-guide-for-professional-development/,node,25501,blog/visiting-history-a-guide-for-professional-development.md,matched,
/node/25502,/history-content/ask-a-historian/manifest-destiny-creating-an-american-identity/,node,25502,history-content/ask-a-historian/manifest-destiny-creating-an-american-identity.md,matched,
/node/25503,/history-content/quiz/a-symbol-of-friendship/,node,25503,history-content/quiz/a-symbol-of-friendship.md,matched,
/node/25505,/teaching-materials/ask-a-master-teacher/world-war-and-literature/,node,25505,teaching-materials/ask-a-master-teacher/world-war-and-literature.md,matched,
/node/25506,/blog/lessons-online-ted-ed/,node,25506,blog/lessons-online-ted-ed.md,matched,
/node/25507,/history-content/website-reviews/sakura-cherry-blossoms-as-living-symbols-of-friendship/,node,25507,history-content/website-reviews/sakura-cherry-blossoms-as-living-symbols-of-friendship.md,matched,
/node/25508,/blog/preparing-for-the-days-of-remembrance/,node,25508,blog/preparing-for-the-days-of-remembrance.md,matched,
/node/25509,/history-content/website-reviews/clio-visualizing-history/,node,25509,history-content/website-reviews/clio-visualizing-history.md,matched,
/node/25510,/history-content/ask-a-historian/success-and-failure-in-the-new-world/,node,25510,history-content/ask-a-historian/success-and-failure-in-the-new-world.md,matched,
/node/25516,/teaching-materials/teaching-guides/the-research-paper-developing-historical-questions/,node,25516,teaching-materials/teaching-guides/the-research-paper-developing-historical-questions.md,matched,
/node/25517,/digital-classroom/tech-for-teachers/livebinders/,node,25517,digital-classroom/tech-for-teachers/livebinders.md,matched,
/node/25518,/blog/molly-myers-on-tweeting-towards-success/,node,25518,blog/molly-myers-on-tweeting-towards-success.md,matched,
/node/25519,/history-content/quiz/who-won-the-war-of-1812/,node,25519,history-content/quiz/who-won-the-war-of-1812.md,matched,
/node/25520,/history-content/quiz/earth-day-lost-to-history/,node,25520,history-content/quiz/earth-day-lost-to-history.md,matched,
/node/25521,/blog/jennifer-orr-on-teaching-failure/,node,25521,blog/jennifer-orr-on-teaching-failure.md,matched,
/node/25522,/teaching-materials/ask-a-master-teacher/building-background-knowledge-for-english-language-learners/,node,25522,teaching-materials/ask-a-master-teacher/building-background-knowledge-for-english-language-learners.md,matched,
/node/25523,/blog/jeremiah-mccall-on-evaluative-activities-and-assessments-for-simulation-games/,node,25523,blog/jeremiah-mccall-on-evaluative-activities-and-assessments-for-simulation-games.md,matched,
/node/25524,/best-practices/examples-of-historical-thinking/jackie-robinson-and-martin-luther-king-jr/,node,25524,best-practices/examples-of-historical-thinking/jackie-robinson-and-martin-luther-king-jr.md,matched,
/node/25525,/teaching-materials/lesson-plan-reviews/prequel-to-independence/,node,25525,teaching-materials/lesson-plan-reviews/prequel-to-independence.md,matched,
/node/25550,/blog/resources-for-the-titanics-centennial/,node,25550,blog/resources-for-the-titanics-centennial.md,matched,
/node/25563,/history-content/national-resources/james-madison-memorial-fellowship-foundation/,node,25563,history-content/national-resources/james-madison-memorial-fellowship-foundation.md,matched,
/node/25570,/history-content/quiz/westward-expansion-image-vs-reality/,node,25570,history-content/quiz/westward-expansion-image-vs-reality.md,matched,
/node/25571,/history-content/ask-a-historian/instigating-a-ban-on-spirituous-liquors/,node,25571,history-content/ask-a-historian/instigating-a-ban-on-spirituous-liquors.md,matched,
/node/25572,/teaching-materials/lesson-plan-reviews/organizing-history-through-images/,node,25572,teaching-materials/lesson-plan-reviews/organizing-history-through-images.md,matched,
/node/25573,/history-content/quiz/the-daisy-ad/,node,25573,history-content/quiz/the-daisy-ad.md,matched,
/node/25574,/history-content/quiz/reading-photographs-a-dusty-street/,node,25574,history-content/quiz/reading-photographs-a-dusty-street.md,matched,
/node/25575,/teaching-materials/lesson-plan-reviews/tenement-life/,node,25575,teaching-materials/lesson-plan-reviews/tenement-life.md,matched,
/node/25576,/blog/jennifer-orr-on-experiencing-history-a-visit-to-the-parson-weems-house/,node,25576,blog/jennifer-orr-on-experiencing-history-a-visit-to-the-parson-weems-house.md,matched,
/node/25577,/history-content/ask-a-historian/slavery-in-colonial-british-north-america/,node,25577,history-content/ask-a-historian/slavery-in-colonial-british-north-america.md,matched,
/node/25578,/history-content/beyond-the-textbook/the-early-conservation-movement/,node,25578,history-content/beyond-the-textbook/the-early-conservation-movement.md,matched,
/node/25579,/history-content/beyond-the-textbook/the-early-conservation-movement/,node,25578,history-content/beyond-the-textbook/the-early-conservation-movement.md,matched,
/node/25582,/blog/resources-for-memorial-day/,node,25582,blog/resources-for-memorial-day.md,matched,
/node/25583,/history-content/quiz/memorial-day-the-poppy-puzzle/,node,25583,history-content/quiz/memorial-day-the-poppy-puzzle.md,matched,
/node/25584,/best-practices/teaching-with-textbooks/learning-menus-textbooks-a-la-carte/,node,25584,best-practices/teaching-with-textbooks/learning-menus-textbooks-a-la-carte.md,matched,
/node/25586,/history-content/website-reviews/civil-war-in-art/,node,25586,history-content/website-reviews/civil-war-in-art.md,matched,
/node/25587,/digital-classroom/ask-a-digital-historian/crafting-digital-stories/,node,25587,digital-classroom/ask-a-digital-historian/crafting-digital-stories.md,matched,
/node/25588,/teaching-materials/english-language-learners/uncovering-human-agency/,node,25588,teaching-materials/english-language-learners/uncovering-human-agency.md,matched,
/node/25595,/teaching-materials/ask-a-master-teacher/establishing-connections-teaching-the-progressive-era/,node,25595,teaching-materials/ask-a-master-teacher/establishing-connections-teaching-the-progressive-era.md,matched,
/node/25597,/teaching-materials/ask-a-master-teacher/the-ipad-a-digital-history-gateway/,node,25597,teaching-materials/ask-a-master-teacher/the-ipad-a-digital-history-gateway.md,matched,
/node/25604,/digital-classroom/tech-for-teachers/iwitness/,node,25604,digital-classroom/tech-for-teachers/iwitness.md,matched,
/node/25605,/history-content/national-resources/us-fish-and-wildlife-service/,node,25605,history-content/national-resources/us-fish-and-wildlife-service.md,matched,
/node/25612,/digital-classroom/ask-a-digital-historian/digital-tools-outfitting-a-teachers-arsenal/,node,25612,digital-classroom/ask-a-digital-historian/digital-tools-outfitting-a-teachers-arsenal.md,matched,
/node/25614,/best-practices/examples-of-historical-thinking/ulysses-s-grant-memorial/,node,25614,best-practices/examples-of-historical-thinking/ulysses-s-grant-memorial.md,matched,
/node/25615,/best-practices/examples-of-historical-thinking/world-war-ii-memorial/,node,25615,best-practices/examples-of-historical-thinking/world-war-ii-memorial.md,matched,
/node/25617,/blog/resources-for-flag-day/,node,25617,blog/resources-for-flag-day.md,matched,
/node/25618,/blog/teaching-history-with-archaeology/,node,25618,blog/teaching-history-with-archaeology.md,matched,
/node/25620,/teaching-materials/teaching-guides/document-based-whole-class-discussion/,node,25620,teaching-materials/teaching-guides/document-based-whole-class-discussion.md,matched,
/node/25621,/blog/resources-for-independence-day/,node,25621,blog/resources-for-independence-day.md,matched,
/node/25624,/blog/jeremiah-mccall-on-historical-problem-spaces/,node,25624,blog/jeremiah-mccall-on-historical-problem-spaces.md,matched,
/node/25625,/teaching-materials/lesson-plan-reviews/the-short-handled-hoe/,node,25625,teaching-materials/lesson-plan-reviews/the-short-handled-hoe.md,matched,
/node/25626,/teaching-materials/ask-a-master-teacher/exploring-historical-fiction/,node,25626,teaching-materials/ask-a-master-teacher/exploring-historical-fiction.md,matched,
/node/25627,/history-content/beyond-the-textbook/causes-of-the-american-revolution/,node,25627,history-content/beyond-the-textbook/causes-of-the-american-revolution.md,matched,
/node/25628,/history-content/beyond-the-textbook/causes-of-the-american-revolution/,node,25627,history-content/beyond-the-textbook/causes-of-the-american-revolution.md,matched,
/node/25629,/history-content/ask-a-historian/little-wolf-and-president-grant/,node,25629,history-content/ask-a-historian/little-wolf-and-president-grant.md,matched,
/node/25632,/blog/olympic-spirit-teaching-with-the-olympics/,node,25632,blog/olympic-spirit-teaching-with-the-olympics.md,matched,
/node/25633,/digital-classroom/tech-for-teachers/moodle/,node,25633,digital-classroom/tech-for-teachers/moodle.md,matched,
/node/25634,/best-practices/examples-of-historical-thinking/womens-suffrage-cartoon/,node,25634,best-practices/examples-of-historical-thinking/womens-suffrage-cartoon.md,matched,
/node/25635,/best-practices/examples-of-historical-thinking/womens-suffrage-photographs/,node,25635,best-practices/examples-of-historical-thinking/womens-suffrage-photographs.md,matched,
/node/25636,/best-practices/examples-of-historical-thinking/womens-suffrage-burroughss-article/,node,25636,best-practices/examples-of-historical-thinking/womens-suffrage-burroughss-article.md,matched,
/node/25637,/best-practices/examples-of-historical-thinking/womens-suffrage-jane-addamss-article/,node,25637,best-practices/examples-of-historical-thinking/womens-suffrage-jane-addamss-article.md,matched,
/node/25640,/digital-classroom/beyond-the-chalkboard/recording-experiences-with-first-graders/,node,25640,digital-classroom/beyond-the-chalkboard/recording-experiences-with-first-graders.md,matched,
/node/25641,/blog/family-history-and-the-1940-census/,node,25641,blog/family-history-and-the-1940-census.md,matched,
/node/25642,/blog/jennifer-orr-wins-iste-kay-l-bitter-vision-award/,node,25642,blog/jennifer-orr-wins-iste-kay-l-bitter-vision-award.md,matched,
/node/25643,/blog/introducing-teachinghistoryorg-mobile/,node,25643,blog/introducing-teachinghistoryorg-mobile.md,matched,
/node/25644,/history-content/ask-a-historian/the-cradle-of-america/,node,25644,history-content/ask-a-historian/the-cradle-of-america.md,matched,
/node/25645,/history-content/ask-a-historian/the-many-faces-of-immigration/,node,25645,history-content/ask-a-historian/the-many-faces-of-immigration.md,matched,
/node/25647,/history-content/website-reviews/homicide-in-chicago-1870-1930/,node,25647,history-content/website-reviews/homicide-in-chicago-1870-1930.md,matched,
/node/25648,/blog/the-history-of-american-health/,node,25648,blog/the-history-of-american-health.md,matched,
/node/25649,/teaching-materials/lesson-plan-reviews/my-piece-of-history/,node,25649,teaching-materials/lesson-plan-reviews/my-piece-of-history.md,matched,
/node/25650,/history-content/ask-a-historian/bleeding-kansas/,node,25650,history-content/ask-a-historian/bleeding-kansas.md,matched,
/node/25652,/history-content/ask-a-historian/a-trail-of-4000-tears/,node,25652,history-content/ask-a-historian/a-trail-of-4000-tears.md,matched,
/node/25653,/blog/film-review-amelia/,node,25653,blog/film-review-amelia.md,matched,
/node/25654,/blog/film-review-prohibition/,node,25654,blog/film-review-prohibition.md,matched,
/node/25655,/history-content/ask-a-historian/you-must-be-this-old-to-govern/,node,25655,history-content/ask-a-historian/you-must-be-this-old-to-govern.md,matched,
/node/25660,/digital-classroom/tech-for-teachers/social-pinboards/,node,25660,digital-classroom/tech-for-teachers/social-pinboards.md,matched,
/node/25663,/blog/the-history-of-americans/,node,25663,blog/the-history-of-americans.md,matched,
/node/25664,/blog/abraham-lincoln-vampire-hunter/,node,25664,blog/abraham-lincoln-vampire-hunter.md,matched,
/node/25668,/history-content/ask-a-historian/introducing-taxation/,node,25668,history-content/ask-a-historian/introducing-taxation.md,matched,
/node/25669,/blog/jeremiah-mccall-on-group-discussions/,node,25669,blog/jeremiah-mccall-on-group-discussions.md,matched,
/node/25683,/teaching-materials/lesson-plan-reviews/labor-unions-in-the-cotton-mills/,node,25683,teaching-materials/lesson-plan-reviews/labor-unions-in-the-cotton-mills.md,matched,
/node/25684,/best-practices/using-primary-sources/interactive-exercisesanalyzing-artifacts/,node,25684,best-practices/using-primary-sources/interactive-exercisesanalyzing-artifacts.md,matched,
/node/25686,/blog/a-push-in-the-right-direction/,node,25686,blog/a-push-in-the-right-direction.md,matched,
/node/25687,/history-content/ask-a-historian/whites-of-their-eyes/,node,25687,history-content/ask-a-historian/whites-of-their-eyes.md,matched,
/node/25688,/blog/historical-thinking-interactive-poster/,node,25688,blog/historical-thinking-interactive-poster.md,matched,
/node/25690,/teaching-materials/teaching-guides/four-reads-learning-to-read-primary-documents/,node,25690,teaching-materials/teaching-guides/four-reads-learning-to-read-primary-documents.md,matched,
/node/25692,/best-practices/examples-of-historical-thinking/womens-rights-sarah-bagley-letters/,node,25692,best-practices/examples-of-historical-thinking/womens-rights-sarah-bagley-letters.md,matched,
/node/25695,/blog/plan-ahead-for-professional-development-in-spring-2013/,node,25695,blog/plan-ahead-for-professional-development-in-spring-2013.md,matched,
/node/25696,/blog/fee-free-days-for-national-parks/,node,25696,blog/fee-free-days-for-national-parks.md,matched,
/node/25697,/teaching-materials/teaching-guides/crop-it/,node,25697,teaching-materials/teaching-guides/crop-it.md,matched,
/node/25698,/history-content/ask-a-historian/decisive-battles-in-the-war-of-independence/,node,25698,history-content/ask-a-historian/decisive-battles-in-the-war-of-independence.md,matched,
/node/25699,/teaching-materials/english-language-learners/increasing-participation-in-whole-class-discussions/,node,25699,teaching-materials/english-language-learners/increasing-participation-in-whole-class-discussions.md,matched,
/node/25700,/blog/teaching-the-emancipation-proclamation-on-constitution-day/,node,25700,blog/teaching-the-emancipation-proclamation-on-constitution-day.md,matched,
/node/25704,/blog/teaching-work-resources-for-labor-day/,node,25704,blog/teaching-work-resources-for-labor-day.md,matched,
/node/25705,/best-practices/teaching-in-action/integrating-language-arts-and-history/,node,25705,best-practices/teaching-in-action/integrating-language-arts-and-history.md,matched,
/node/25706,/best-practices/teaching-in-action/recreating-the-cuban-missile-crisis/,node,25706,best-practices/teaching-in-action/recreating-the-cuban-missile-crisis.md,matched,
/node/25708,/teaching-materials/english-language-learners/the-struggle-for-time-using-persuasive-essays-to-teach-elementary-history/,node,25708,teaching-materials/english-language-learners/the-struggle-for-time-using-persuasive-essays-to-teach-elementary-history.md,matched,
/node/25715,/blog/constitution-day-2012-founding-documents/,node,25715,blog/constitution-day-2012-founding-documents.md,matched,
/node/25716,/history-content/ask-a-historian/the-origins-of-the-service-flag/,node,25716,history-content/ask-a-historian/the-origins-of-the-service-flag.md,matched,
/node/25729,/blog/teaching-with-food/,node,25729,blog/teaching-with-food.md,matched,
/node/25736,/teaching-materials/lesson-plan-reviews/transportation-past-present-and-future/,node,25736,teaching-materials/lesson-plan-reviews/transportation-past-present-and-future.md,matched,
/node/25741,/teaching-materials/teaching-guides/internationalizing-history/,node,25741,teaching-materials/teaching-guides/internationalizing-history.md,matched,
/node/25742,/best-practices/using-primary-sources/the-civil-war-in-art-teaching-and-learning-through-chicago-collections/,node,25742,best-practices/using-primary-sources/the-civil-war-in-art-teaching-and-learning-through-chicago-collections.md,matched,
/node/25745,/blog/resources-for-hispanic-heritage-month/,node,25745,blog/resources-for-hispanic-heritage-month.md,matched,
/node/25749,/history-content/beyond-the-textbook/girls-labor-and-leisure-in-the-progressive-era/,node,25750,history-content/beyond-the-textbook/girls-labor-and-leisure-in-the-progressive-era.md,matched,
/node/25750,/history-content/beyond-the-textbook/girls-labor-and-leisure-in-the-progressive-era/,node,25750,history-content/beyond-the-textbook/girls-labor-and-leisure-in-the-progressive-era.md,matched,
/node/25751,/blog/resources-for-teacher-educators-and-historysocial-studies-methods-classes/,node,25751,blog/resources-for-teacher-educators-and-historysocial-studies-methods-classes.md,matched,
/node/25752,/history-content/ask-a-historian/defining-dred-scott/,node,25752,history-content/ask-a-historian/defining-dred-scott.md,matched,
/node/25753,/history-content/ask-a-historian/on-a-mission-junipero-serra-in-new-spain/,node,25753,history-content/ask-a-historian/on-a-mission-junipero-serra-in-new-spain.md,matched,
/node/25754,/history-content/ask-a-historian/families-on-the-farm/,node,25754,history-content/ask-a-historian/families-on-the-farm.md,matched,
/node/25761,/digital-classroom/tech-for-teachers/group-text-messaging-tools/,node,25761,digital-classroom/tech-for-teachers/group-text-messaging-tools.md,matched,
/node/25762,/history-content/national-resources/national-museum-of-african-american-history-and-culture/,node,25762,history-content/national-resources/national-museum-of-african-american-history-and-culture.md,matched,
/node/25764,/history-content/ask-a-historian/the-gaming-evolution/,node,25764,history-content/ask-a-historian/the-gaming-evolution.md,matched,
/node/25766,/history-content/website-reviews/the-march-on-milwaukee-civil-rights-history-project/,node,25766,history-content/website-reviews/the-march-on-milwaukee-civil-rights-history-project.md,matched,
/node/25767,/blog/lincoln-on-the-big-screen/,node,25767,blog/lincoln-on-the-big-screen.md,matched,
/node/25769,/history-content/ask-a-historian/hawaiian-statehood/,node,25769,history-content/ask-a-historian/hawaiian-statehood.md,matched,
/node/25770,/history-content/website-reviews/after-slavery/,node,25770,history-content/website-reviews/after-slavery.md,matched,
/node/25774,/best-practices/using-primary-sources/the-thomas-jefferson-building-secret-messages/,node,25774,best-practices/using-primary-sources/the-thomas-jefferson-building-secret-messages.md,matched,
/node/25776,/history-content/website-reviews/penn-museum-online-collections/,node,25776,history-content/website-reviews/penn-museum-online-collections.md,matched,
/node/25778,/history-content/website-reviews/the-history-of-vaccines/,node,25778,history-content/website-reviews/the-history-of-vaccines.md,matched,
/node/25781,/digital-classroom/beyond-the-chalkboard/analyzing-campaign-commercials/,node,25781,digital-classroom/beyond-the-chalkboard/analyzing-campaign-commercials.md,matched,
/node/25782,/blog/turning-students-into-historians/,node,25782,blog/turning-students-into-historians.md,matched,
/node/25783,/digital-classroom/beyond-the-chalkboard/creating-campaign-commercials/,node,25783,digital-classroom/beyond-the-chalkboard/creating-campaign-commercials.md,matched,
/node/25789,/history-content/website-reviews/childrens-lives-at-colonial-london-town/,node,25789,history-content/website-reviews/childrens-lives-at-colonial-london-town.md,matched,
/node/25790,/blog/history-hitting-home-childrens-history-local-history-and-digital-storytelling/,node,25790,blog/history-hitting-home-childrens-history-local-history-and-digital-storytelling.md,matched,
/node/25804,/blog/teachinghistoryorg-wins-2013-aaslh-award-of-merit/,node,25804,blog/teachinghistoryorg-wins-2013-aaslh-award-of-merit.md,matched,
/node/25806,/history-content/website-reviews/the-montgomery-bus-boycott-they-changed-the-world/,node,25806,history-content/website-reviews/the-montgomery-bus-boycott-they-changed-the-world.md,matched,
/node/25807,/digital-classroom/tech-for-teachers/win-the-white-house/,node,25807,digital-classroom/tech-for-teachers/win-the-white-house.md,matched,
/node/25808,/digital-classroom/tech-for-teachers/thinglink/,node,25808,digital-classroom/tech-for-teachers/thinglink.md,matched,
/node/25809,/digital-classroom/tech-for-teachers/myhistro/,node,25809,digital-classroom/tech-for-teachers/myhistro.md,matched,
/node/25810,/history-content/website-reviews/prohibition-a-film-by-ken-burns-lynn-novick/,node,25810,history-content/website-reviews/prohibition-a-film-by-ken-burns-lynn-novick.md,matched,
/node/25811,/history-content/website-reviews/digital-public-library-of-america/,node,25811,history-content/website-reviews/digital-public-library-of-america.md,matched,
/node/25812,/history-content/website-reviews/100-years-of-parcels-packages-and-packets-oh-my/,node,25812,history-content/website-reviews/100-years-of-parcels-packages-and-packets-oh-my.md,matched,
/node/25816,/history-content/website-reviews/american-archive-of-public-broadcasting/,node,25816,history-content/website-reviews/american-archive-of-public-broadcasting.md,matched,
/node/25817,/history-content/website-reviews/abmc-war-dead-database/,node,25817,history-content/website-reviews/abmc-war-dead-database.md,matched,
/node/25818,/history-content/website-reviews/history-unfolded-us-newspapers-and-the-holocaust/,node,25818,history-content/website-reviews/history-unfolded-us-newspapers-and-the-holocaust.md,matched,
/node/25820,/history-content/website-reviews/open-parks-network/,node,25820,history-content/website-reviews/open-parks-network.md,matched,
/node/25821,/history-content/website-reviews/eisenhower-memorial-commission/,node,25821,history-content/website-reviews/eisenhower-memorial-commission.md,matched,
/node/25823,/history-content/website-reviews/beyond-words/,node,25823,history-content/website-reviews/beyond-words.md,matched,
/node/25824,/history-content/website-reviews/eagle-eye-citizen/,node,25824,history-content/website-reviews/eagle-eye-citizen.md,matched,
/node/25825,/history-content/website-reviews/the-lone-woman-and-last-indians-digital-archive/,node,25825,history-content/website-reviews/the-lone-woman-and-last-indians-digital-archive.md,matched,
/node/25826,/history-content/website-reviews/american-revolution-2019/,node,25826,history-content/website-reviews/american-revolution-2019.md,matched,
/node/25827,/history-content/website-reviews/discover-diplomacy-diplomatic-simulations-in-the-classroom/,node,25827,history-content/website-reviews/discover-diplomacy-diplomatic-simulations-in-the-classroom.md,matched,
/node/25828,/digital-classroom/tech-for-teachers/edpuzzle/,node,25828,digital-classroom/tech-for-teachers/edpuzzle.md,matched,
/node/25829,/digital-classroom/tech-for-teachers/poll-everywhere/,node,25829,digital-classroom/tech-for-teachers/poll-everywhere.md,matched,
/node/25830,/digital-classroom/tech-for-teachers/historypin/,node,25830,digital-classroom/tech-for-teachers/historypin.md,matched,
/node/25831,/digital-classroom/tech-for-teachers/neatline/,node,25831,digital-classroom/tech-for-teachers/neatline.md,matched,
/node/25832,/digital-classroom/tech-for-teachers/canva/,node,25832,digital-classroom/tech-for-teachers/canva.md,matched,
/node/25833,/digital-classroom/tech-for-teachers/commonlit/,node,25833,digital-classroom/tech-for-teachers/commonlit.md,matched,
/node/25834,/digital-classroom/tech-for-teachers/sutori/,node,25834,digital-classroom/tech-for-teachers/sutori.md,matched,
/node/25835,/digital-classroom/tech-for-teachers/timelinejs/,node,25835,digital-classroom/tech-for-teachers/timelinejs.md,matched,
/node/25836,/digital-classroom/tech-for-teachers/chronozoom/,node,25836,digital-classroom/tech-for-teachers/chronozoom.md,matched,
/node/25839,/history-content/website-reviews/for-us-the-living/,node,25839,history-content/website-reviews/for-us-the-living.md,matched,
/node/25840,/history-content/website-reviews/abmc-education/,node,25840,history-content/website-reviews/abmc-education.md,matched,
/node/25841,/history-content/website-reviews/readinquirewrite/,node,25841,history-content/website-reviews/readinquirewrite.md,matched,
/node/25842,/history-content/website-reviews/race-and-ethnicity-in-advertising/,node,25842,history-content/website-reviews/race-and-ethnicity-in-advertising.md,matched,
/node/25843,/best-practices/examples-of-historical-thinking/paintings-about-segregation/,node,25843,best-practices/examples-of-historical-thinking/paintings-about-segregation.md,matched,
/node/25844,/best-practices/examples-of-historical-thinking/smithsonian-american-art-museum-close-observation/,node,25844,best-practices/examples-of-historical-thinking/smithsonian-american-art-museum-close-observation.md,matched,
/node/25845,/best-practices/examples-of-historical-thinking/the-us-holocaust-memorial-museum-personalizing-history/,node,25845,best-practices/examples-of-historical-thinking/the-us-holocaust-memorial-museum-personalizing-history.md,matched,
/node/25846,/best-practices/examples-of-historical-thinking/a-close-look-at-the-fdr-memorial/,node,25846,best-practices/examples-of-historical-thinking/a-close-look-at-the-fdr-memorial.md,matched,
/node/25847,/best-practices/examples-of-historical-thinking/a-close-look-at-the-world-war-ii-memorial/,node,25847,best-practices/examples-of-historical-thinking/a-close-look-at-the-world-war-ii-memorial.md,matched,
/node/25848,/best-practices/examples-of-historical-thinking/slavery-at-jeffersons-monticello-paradox-of-liberty/,node,25848,best-practices/examples-of-historical-thinking/slavery-at-jeffersons-monticello-paradox-of-liberty.md,matched,
/node/25849,/best-practices/examples-of-historical-thinking/slave-life-at-mount-vernon/,node,25849,best-practices/examples-of-historical-thinking/slave-life-at-mount-vernon.md,matched,
/node/25850,/best-practices/examples-of-historical-thinking/national-portrait-gallery-teaching-with-19th-century-portraits/,node,25850,best-practices/examples-of-historical-thinking/national-portrait-gallery-teaching-with-19th-century-portraits.md,matched,
/node/25851,/best-practices/examples-of-historical-thinking/smithsonian-american-art-museum-westward-the-course-of-empire/,node,25851,best-practices/examples-of-historical-thinking/smithsonian-american-art-museum-westward-the-course-of-empire.md,matched,
/node/25852,/best-practices/examples-of-historical-thinking/visiting-the-george-mason-memorial/,node,25852,best-practices/examples-of-historical-thinking/visiting-the-george-mason-memorial.md,matched,
/node/25853,/best-practices/examples-of-historical-thinking/reading-place-with-the-national-building-museum/,node,25853,best-practices/examples-of-historical-thinking/reading-place-with-the-national-building-museum.md,matched,
/node/25854,/best-practices/examples-of-historical-thinking/smithsonian-american-art-museum-inventing-a-better-mousetrap/,node,25854,best-practices/examples-of-historical-thinking/smithsonian-american-art-museum-inventing-a-better-mousetrap.md,matched,
/node/25855,/best-practices/examples-of-historical-thinking/fords-theatre-lincolns-second-inaugural-address/,node,25855,best-practices/examples-of-historical-thinking/fords-theatre-lincolns-second-inaugural-address.md,matched,
/node/25856,/best-practices/examples-of-historical-thinking/smithsonian-american-art-museum-teaching-with-19th-century-art/,node,25856,best-practices/examples-of-historical-thinking/smithsonian-american-art-museum-teaching-with-19th-century-art.md,matched,
/node/25857,/best-practices/examples-of-historical-thinking/smithsonian-american-art-museum-acehlous-and-hercules/,node,25857,best-practices/examples-of-historical-thinking/smithsonian-american-art-museum-acehlous-and-hercules.md,matched,
/node/25858,/best-practices/examples-of-historical-thinking/pockets-from-the-past-daily-life-at-monticello/,node,25858,best-practices/examples-of-historical-thinking/pockets-from-the-past-daily-life-at-monticello.md,matched,
/node/25859,/best-practices/examples-of-historical-thinking/monticello-jeffersons-experiment/,node,25859,best-practices/examples-of-historical-thinking/monticello-jeffersons-experiment.md,matched,
/node/25860,/best-practices/examples-of-historical-thinking/a-close-look-at-the-ulysses-s-grant-memorial/,node,25860,best-practices/examples-of-historical-thinking/a-close-look-at-the-ulysses-s-grant-memorial.md,matched,
/node/25861,/best-practices/examples-of-historical-thinking/touring-monticello/,node,25861,best-practices/examples-of-historical-thinking/touring-monticello.md,matched,
/node/25862,/best-practices/examples-of-historical-thinking/piscataway-park-and-tobacco-farming/,node,25862,best-practices/examples-of-historical-thinking/piscataway-park-and-tobacco-farming.md,matched,
/node/25863,/history-content/website-reviews/statistics-in-schools/,node,25863,history-content/website-reviews/statistics-in-schools.md,matched,
/node/25864,/teaching-materials/lesson-plan-reviews/american-tourists-and-the-holy-land-1865-1900/,node,25864,teaching-materials/lesson-plan-reviews/american-tourists-and-the-holy-land-1865-1900.md,matched,
/node/25865,/teaching-materials/lesson-plan-reviews/abraham-lincoln-and-the-jews/,node,25865,teaching-materials/lesson-plan-reviews/abraham-lincoln-and-the-jews.md,matched,
/node/25866,/teaching-materials/lesson-plan-reviews/john-f-kennedy-and-service/,node,25866,teaching-materials/lesson-plan-reviews/john-f-kennedy-and-service.md,matched,
/node/25867,/teaching-materials/lesson-plan-reviews/theodore-roosevelt-and-the-1912-election/,node,25867,teaching-materials/lesson-plan-reviews/theodore-roosevelt-and-the-1912-election.md,matched,
/node/25868,/teaching-materials/teaching-guides/religion-and-the-civil-war-a-guide-for-pre-service-teachers/,node,25868,teaching-materials/teaching-guides/religion-and-the-civil-war-a-guide-for-pre-service-teachers.md,matched,
/node/25869,/teaching-materials/teaching-guides/religion-and-the-labor-movement-a-guide-for-pre-service-teachers/,node,25869,teaching-materials/teaching-guides/religion-and-the-labor-movement-a-guide-for-pre-service-teachers.md,matched,
/node/25870,/teaching-materials/teaching-guides/mormons-and-westward-expansion-a-guide-for-pre-service-teachers/,node,25870,teaching-materials/teaching-guides/mormons-and-westward-expansion-a-guide-for-pre-service-teachers.md,matched,
/node/25871,/teaching-materials/teaching-guides/1916-childrens-code-of-morality-a-guide-for-pre-service-teachers/,node,25871,teaching-materials/teaching-guides/1916-childrens-code-of-morality-a-guide-for-pre-service-teachers.md,matched,
/node/25872,/teaching-materials/teaching-guides/rethinking-westward-expansion-a-guide-for-preservice-teachers/,node,25872,teaching-materials/teaching-guides/rethinking-westward-expansion-a-guide-for-preservice-teachers.md,matched,
/node/25873,/teaching-materials/teaching-guides/comanche-nation-and-manifest-destiny-a-guide-for-pre-service-teachers/,node,25873,teaching-materials/teaching-guides/comanche-nation-and-manifest-destiny-a-guide-for-pre-service-teachers.md,matched,
/node/25874,/teaching-materials/teaching-guides/native-women-and-suffrage-beyond-the-19th-amendment-a-guide-for-pre-service-teachers/,node,25874,teaching-materials/teaching-guides/native-women-and-suffrage-beyond-the-19th-amendment-a-guide-for-pre-service-teachers.md,matched,
/node/25875,/teaching-materials/teaching-guides/history-of-education-and-indigenous-americans-a-guide-for-pre-service-teachers/,node,25875,teaching-materials/teaching-guides/history-of-education-and-indigenous-americans-a-guide-for-pre-service-teachers.md,matched,
/node/25876,/teaching-materials/teaching-guides/housing-and-houselessness-a-guide-for-pre-service-teachers/,node,25876,teaching-materials/teaching-guides/housing-and-houselessness-a-guide-for-pre-service-teachers.md,matched,
/node/25877,/teaching-materials/teaching-guides/911-and-commemoration-a-guide-for-pre-service-teachers/,node,25877,teaching-materials/teaching-guides/911-and-commemoration-a-guide-for-pre-service-teachers.md,matched,
/node/25878,/teaching-materials/teaching-guides/immigration-from-asia-post-1970-a-guide-for-pre-service-teachers/,node,25878,teaching-materials/teaching-guides/immigration-from-asia-post-1970-a-guide-for-pre-service-teachers.md,matched,
/node/25879,/teaching-materials/teaching-guides/history-of-higher-education-a-guide-for-pre-service-teachers/,node,25879,teaching-materials/teaching-guides/history-of-higher-education-a-guide-for-pre-service-teachers.md,matched,
/node/25882,/teaching-materials/teaching-guides/incorporating-20th-century-us-environmental-history-in-the-6-12-classroom/,node,25882,teaching-materials/teaching-guides/incorporating-20th-century-us-environmental-history-in-the-6-12-classroom.md,matched,
/node/25883,/teaching-materials/teaching-guides/incorporating-20th-century-us-environmental-history-in-the-k-5-classroom/,node,25883,teaching-materials/teaching-guides/incorporating-20th-century-us-environmental-history-in-the-k-5-classroom.md,matched,
/outreach/logos,/page/print-and-web-logos-for-download/,alias,24593,page/print-and-web-logos-for-download.md,matched,
/privacy,/page/privacy-policy/,alias,23854,page/privacy-policy.md,matched,
/privacy,/privacy/,alias,,privacy.md,matched,
/teaching-materials/ask-a-master-teacher/14958,/teaching-materials/ask-a-master-teacher/using-document-based-questions-with-struggling-readers/,alias,14958,teaching-materials/ask-a-master-teacher/using-document-based-questions-with-struggling-readers.md,matched,
/teaching-materials/ask-a-master-teacher/19252,/teaching-materials/ask-a-master-teacher/challenging-gifted-10th-graders/,alias,19252,teaching-materials/ask-a-master-teacher/challenging-gifted-10th-graders.md,matched,
/teaching-materials/ask-a-master-teacher/19393,/teaching-materials/ask-a-master-teacher/teaching-with-lectures-and-documents/,alias,19393,teaching-materials/ask-a-master-teacher/teaching-with-lectures-and-documents.md,matched,
/teaching-materials/ask-a-master-teacher/19447,/teaching-materials/ask-a-master-teacher/teaching-the-homebound-or-hospitalized/,alias,19447,teaching-materials/ask-a-master-teacher/teaching-the-homebound-or-hospitalized.md,matched,
/teaching-materials/ask-a-master-teacher/19448,/teaching-materials/ask-a-master-teacher/bridging-the-language-barrier/,alias,19448,teaching-materials/ask-a-master-teacher/bridging-the-language-barrier.md,matched,
/teaching-materials/ask-a-master-teacher/20298,/teaching-materials/ask-a-master-teacher/changes-in-teaching-history-over-the-past-10-years/,alias,20298,teaching-materials/ask-a-master-teacher/changes-in-teaching-history-over-the-past-10-years.md,matched,
/teaching-materials/ask-a-master-teacher/20685,/teaching-materials/ask-a-master-teacher/seeking-us-history-books-for-9th-and-11th-graders/,alias,20685,teaching-materials/ask-a-master-teacher/seeking-us-history-books-for-9th-and-11th-graders.md,matched,
/teaching-materials/ask-a-master-teacher/21770,/teaching-materials/ask-a-master-teacher/teaching-the-declaration-without-overwhelming-students/,alias,21770,teaching-materials/ask-a-master-teacher/teaching-the-declaration-without-overwhelming-students.md,matched,
/teaching-materials/ask-a-master-teacher/21786,/teaching-materials/ask-a-master-teacher/data-on-students-knowledge-of-american-history/,alias,21786,teaching-materials/ask-a-master-teacher/data-on-students-knowledge-of-american-history.md,matched,
/teaching-materials/ask-a-master-teacher/22276,/teaching-materials/ask-a-master-teacher/online-us-history-textbooks/,alias,22276,teaching-materials/ask-a-master-teacher/online-us-history-textbooks.md,matched,
/teaching-materials/ask-a-master-teacher/22471,/teaching-materials/ask-a-master-teacher/finding-local-history-resources/,alias,22471,teaching-materials/ask-a-master-teacher/finding-local-history-resources.md,matched,
/teaching-materials/ask-a-master-teacher/22893,/teaching-materials/ask-a-master-teacher/history-is-all-around-us/,alias,22893,teaching-materials/ask-a-master-teacher/history-is-all-around-us.md,matched,
/teaching-materials/ask-a-master-teacher/22901,/teaching-materials/ask-a-master-teacher/resources-on-native-american-history/,alias,22901,teaching-materials/ask-a-master-teacher/resources-on-native-american-history.md,matched,
/teaching-materials/ask-a-master-teacher/22963,/teaching-materials/ask-a-master-teacher/realizing-the-value-of-primary-sources/,alias,22963,teaching-materials/ask-a-master-teacher/realizing-the-value-of-primary-sources.md,matched,
/teaching-materials/ask-a-master-teacher/23416,/teaching-materials/ask-a-master-teacher/performance-assessments-requiring-historical-analysis/,alias,23416,teaching-materials/ask-a-master-teacher/performance-assessments-requiring-historical-analysis.md,matched,
/teaching-materials/ask-a-master-teacher/23429,/teaching-materials/ask-a-master-teacher/tall-tales-the-west-as-legend/,alias,23429,teaching-materials/ask-a-master-teacher/tall-tales-the-west-as-legend.md,matched,
/teaching-materials/ask-a-master-teacher/23437,/teaching-materials/ask-a-master-teacher/tennessees-social-studies-curriculum/,alias,23437,teaching-materials/ask-a-master-teacher/tennessees-social-studies-curriculum.md,matched,
/teaching-materials/ask-a-master-teacher/23458,/teaching-materials/ask-a-master-teacher/teaching-public-issues-in-the-classroom/,alias,23458,teaching-materials/ask-a-master-teacher/teaching-public-issues-in-the-classroom.md,matched,
/teaching-materials/ask-a-master-teacher/23577,/teaching-materials/ask-a-master-teacher/elementary-military-history-resources/,alias,23577,teaching-materials/ask-a-master-teacher/elementary-military-history-resources.md,matched,
/teaching-materials/ask-a-master-teacher/23610,/teaching-materials/ask-a-master-teacher/multiperspectivity-what-is-it-and-why-use-it/,alias,23610,teaching-materials/ask-a-master-teacher/multiperspectivity-what-is-it-and-why-use-it.md,matched,
/teaching-materials/ask-a-master-teacher/23613,/teaching-materials/ask-a-master-teacher/resources-for-units-on-early-american-government/,alias,23613,teaching-materials/ask-a-master-teacher/resources-for-units-on-early-american-government.md,matched,
/teaching-materials/ask-a-master-teacher/23634,/teaching-materials/ask-a-master-teacher/integrating-technology-into-the-classroom/,alias,23634,teaching-materials/ask-a-master-teacher/integrating-technology-into-the-classroom.md,matched,
/teaching-materials/ask-a-master-teacher/23680,/teaching-materials/ask-a-master-teacher/two-year-high-school-us-history-programs/,alias,23680,teaching-materials/ask-a-master-teacher/two-year-high-school-us-history-programs.md,matched,
/teaching-materials/ask-a-master-teacher/23691,/teaching-materials/ask-a-master-teacher/seeking-simulations/,alias,23691,teaching-materials/ask-a-master-teacher/seeking-simulations.md,matched,
/teaching-materials/ask-a-master-teacher/23896,/teaching-materials/ask-a-master-teacher/constructivism-actively-building-knowledge/,alias,23896,teaching-materials/ask-a-master-teacher/constructivism-actively-building-knowledge.md,matched,
/teaching-materials/ask-a-master-teacher/23900,/teaching-materials/ask-a-master-teacher/meshing-history-and-montessori-method/,alias,23900,teaching-materials/ask-a-master-teacher/meshing-history-and-montessori-method.md,matched,
/teaching-materials/ask-a-master-teacher/23901,/teaching-materials/ask-a-master-teacher/tackling-tough-topics/,alias,23901,teaching-materials/ask-a-master-teacher/tackling-tough-topics.md,matched,
/teaching-materials/ask-a-master-teacher/23998,/teaching-materials/ask-a-master-teacher/building-a-class-on-native-american-history/,alias,23998,teaching-materials/ask-a-master-teacher/building-a-class-on-native-american-history.md,matched,
/teaching-materials/ask-a-master-teacher/24069,/teaching-materials/ask-a-master-teacher/a-larger-global-or-interregional-story/,alias,24069,teaching-materials/ask-a-master-teacher/a-larger-global-or-interregional-story.md,matched,
/teaching-materials/ask-a-master-teacher/24076,/teaching-materials/ask-a-master-teacher/teaching-the-transcontinental-railroad/,alias,24076,teaching-materials/ask-a-master-teacher/teaching-the-transcontinental-railroad.md,matched,
/teaching-materials/ask-a-master-teacher/24087,/teaching-materials/ask-a-master-teacher/america-the-story-of-us/,alias,24087,teaching-materials/ask-a-master-teacher/america-the-story-of-us.md,matched,
/teaching-materials/ask-a-master-teacher/24111,/teaching-materials/ask-a-master-teacher/lower-level-learners-teaching-their-way/,alias,24111,teaching-materials/ask-a-master-teacher/lower-level-learners-teaching-their-way.md,matched,
/teaching-materials/ask-a-master-teacher/24118,/teaching-materials/ask-a-master-teacher/contingency/,alias,24118,teaching-materials/ask-a-master-teacher/contingency.md,matched,
/teaching-materials/ask-a-master-teacher/24248,/teaching-materials/ask-a-master-teacher/researching-for-a-research-topic/,alias,24248,teaching-materials/ask-a-master-teacher/researching-for-a-research-topic.md,matched,
/teaching-materials/ask-a-master-teacher/24270,/teaching-materials/ask-a-master-teacher/deciphering-primary-source-documents/,alias,24270,teaching-materials/ask-a-master-teacher/deciphering-primary-source-documents.md,matched,
/teaching-materials/ask-a-master-teacher/24271,/teaching-materials/ask-a-master-teacher/using-visual-fine-arts-to-enrich-understanding/,alias,24271,teaching-materials/ask-a-master-teacher/using-visual-fine-arts-to-enrich-understanding.md,matched,
/teaching-materials/ask-a-master-teacher/24302,/teaching-materials/ask-a-master-teacher/forming-lesson-plans-around-state-mandates/,alias,24302,teaching-materials/ask-a-master-teacher/forming-lesson-plans-around-state-mandates.md,matched,
/teaching-materials/ask-a-master-teacher/24309,/teaching-materials/ask-a-master-teacher/the-progressive-era-a-group-effort/,alias,24309,teaching-materials/ask-a-master-teacher/the-progressive-era-a-group-effort.md,matched,
/teaching-materials/ask-a-master-teacher/24319,/teaching-materials/ask-a-master-teacher/interactive-world-history/,alias,24319,teaching-materials/ask-a-master-teacher/interactive-world-history.md,matched,
/teaching-materials/ask-a-master-teacher/24330,/teaching-materials/ask-a-master-teacher/lets-get-folky/,alias,24330,teaching-materials/ask-a-master-teacher/lets-get-folky.md,matched,
/teaching-materials/ask-a-master-teacher/24378,/teaching-materials/ask-a-master-teacher/picturing-the-american-revolution/,alias,24378,teaching-materials/ask-a-master-teacher/picturing-the-american-revolution.md,matched,
/teaching-materials/ask-a-master-teacher/24405,/teaching-materials/ask-a-master-teacher/teaching-the-history-of-teaching-history/,alias,24405,teaching-materials/ask-a-master-teacher/teaching-the-history-of-teaching-history.md,matched,
/teaching-materials/ask-a-master-teacher/24471,/teaching-materials/ask-a-master-teacher/web-resources-for-controversial-issues/,alias,24471,teaching-materials/ask-a-master-teacher/web-resources-for-controversial-issues.md,matched,
/teaching-materials/ask-a-master-teacher/24472,/teaching-materials/ask-a-master-teacher/writing-critiques-of-primary-and-secondary-sources/,alias,24472,teaching-materials/ask-a-master-teacher/writing-critiques-of-primary-and-secondary-sources.md,matched,
/teaching-materials/ask-a-master-teacher/24473,/teaching-materials/ask-a-master-teacher/head-start-expectations/,alias,24473,teaching-materials/ask-a-master-teacher/head-start-expectations.md,matched,
/teaching-materials/ask-a-master-teacher/24483,/teaching-materials/ask-a-master-teacher/follow-the-line/,alias,24483,teaching-materials/ask-a-master-teacher/follow-the-line.md,matched,
/teaching-materials/ask-a-master-teacher/24534,/teaching-materials/ask-a-master-teacher/teaching-imperialism-incorporating-learning-activities-and-state-standards/,alias,24534,teaching-materials/ask-a-master-teacher/teaching-imperialism-incorporating-learning-activities-and-state-standards.md,matched,
/teaching-materials/ask-a-master-teacher/24537,/teaching-materials/ask-a-master-teacher/making-personal-connections-to-the-past-by-finding-historians/,alias,24537,teaching-materials/ask-a-master-teacher/making-personal-connections-to-the-past-by-finding-historians.md,matched,
/teaching-materials/ask-a-master-teacher/24615,/teaching-materials/ask-a-master-teacher/researching-the-mexican-american-war/,alias,24615,teaching-materials/ask-a-master-teacher/researching-the-mexican-american-war.md,matched,
/teaching-materials/ask-a-master-teacher/24616,/teaching-materials/ask-a-master-teacher/national-history-day-project-the-civil-rights-act-of-1964/,alias,24616,teaching-materials/ask-a-master-teacher/national-history-day-project-the-civil-rights-act-of-1964.md,matched,
/teaching-materials/ask-a-master-teacher/24676,/teaching-materials/ask-a-master-teacher/storytelling-with-scrapbooks/,alias,24676,teaching-materials/ask-a-master-teacher/storytelling-with-scrapbooks.md,matched,
/teaching-materials/ask-a-master-teacher/24711,/teaching-materials/ask-a-master-teacher/apparts-strategy-origins-and-implementation/,alias,24711,teaching-materials/ask-a-master-teacher/apparts-strategy-origins-and-implementation.md,matched,
/teaching-materials/ask-a-master-teacher/24712,/teaching-materials/ask-a-master-teacher/setting-the-tone-introducing-students-to-world-war-ii/,alias,24712,teaching-materials/ask-a-master-teacher/setting-the-tone-introducing-students-to-world-war-ii.md,matched,
/teaching-materials/ask-a-master-teacher/24965,/teaching-materials/ask-a-master-teacher/bridging-the-gap-between-ancient-and-modern-democracies/,alias,24965,teaching-materials/ask-a-master-teacher/bridging-the-gap-between-ancient-and-modern-democracies.md,matched,
/teaching-materials/ask-a-master-teacher/24966,/teaching-materials/ask-a-master-teacher/making-the-most-of-maps/,alias,24966,teaching-materials/ask-a-master-teacher/making-the-most-of-maps.md,matched,
/teaching-materials/ask-a-master-teacher/24974,/teaching-materials/ask-a-master-teacher/researching-the-role-of-the-map-in-history-teaching/,alias,24974,teaching-materials/ask-a-master-teacher/researching-the-role-of-the-map-in-history-teaching.md,matched,
/teaching-materials/ask-a-master-teacher/25062,/teaching-materials/ask-a-master-teacher/picking-civics-textbooks/,alias,25062,teaching-materials/ask-a-master-teacher/picking-civics-textbooks.md,matched,
/teaching-materials/ask-a-master-teacher/25146,/teaching-materials/ask-a-master-teacher/slave-badges/,alias,25146,teaching-materials/ask-a-master-teacher/slave-badges.md,matched,
/teaching-materials/ask-a-master-teacher/25149,/teaching-materials/ask-a-master-teacher/tips-and-tricks-for-using-graphic-organizers/,alias,25149,teaching-materials/ask-a-master-teacher/tips-and-tricks-for-using-graphic-organizers.md,matched,
/teaching-materials/ask-a-master-teacher/25161,/teaching-materials/ask-a-master-teacher/teaching-high-school-history-at-home/,alias,25161,teaching-materials/ask-a-master-teacher/teaching-high-school-history-at-home.md,matched,
/teaching-materials/ask-a-master-teacher/25187,/teaching-materials/ask-a-master-teacher/brain-based-research/,alias,25187,teaching-materials/ask-a-master-teacher/brain-based-research.md,matched,
/teaching-materials/ask-a-master-teacher/25188,/teaching-materials/ask-a-master-teacher/national-history-day-in-kentucky/,alias,25188,teaching-materials/ask-a-master-teacher/national-history-day-in-kentucky.md,matched,
/teaching-materials/ask-a-master-teacher/25208,/teaching-materials/ask-a-master-teacher/resources-for-teaching-local-history/,alias,25208,teaching-materials/ask-a-master-teacher/resources-for-teaching-local-history.md,matched,
/teaching-materials/ask-a-master-teacher/25263,/teaching-materials/ask-a-master-teacher/north-carolina-historytechnology/,alias,25263,teaching-materials/ask-a-master-teacher/north-carolina-historytechnology.md,matched,
/teaching-materials/ask-a-master-teacher/25320,/teaching-materials/ask-a-master-teacher/stop-and-source/,alias,25320,teaching-materials/ask-a-master-teacher/stop-and-source.md,matched,
/teaching-materials/ask-a-master-teacher/25321,/teaching-materials/ask-a-master-teacher/advice-for-the-student-teacher/,alias,25321,teaching-materials/ask-a-master-teacher/advice-for-the-student-teacher.md,matched,
/teaching-materials/ask-a-master-teacher/25326,/teaching-materials/ask-a-master-teacher/sifting-for-sources/,alias,25326,teaching-materials/ask-a-master-teacher/sifting-for-sources.md,matched,
/teaching-materials/ask-a-master-teacher/25360,/teaching-materials/ask-a-master-teacher/understanding-civic-republicanism/,alias,25360,teaching-materials/ask-a-master-teacher/understanding-civic-republicanism.md,matched,
/teaching-materials/ask-a-master-teacher/25362,/teaching-materials/ask-a-master-teacher/historic-stories-fictional-accounts-achieving-multiperspectivity/,alias,25362,teaching-materials/ask-a-master-teacher/historic-stories-fictional-accounts-achieving-multiperspectivity.md,matched,
/teaching-materials/ask-a-master-teacher/25420,/teaching-materials/ask-a-master-teacher/teaching-world-history-an-idea-guide/,alias,25420,teaching-materials/ask-a-master-teacher/teaching-world-history-an-idea-guide.md,matched,
/teaching-materials/ask-a-master-teacher/25457,/teaching-materials/ask-a-master-teacher/locating-resources-on-teachinghistoryorg/,alias,25457,teaching-materials/ask-a-master-teacher/locating-resources-on-teachinghistoryorg.md,matched,
/teaching-materials/ask-a-master-teacher/25477,/teaching-materials/ask-a-master-teacher/rubrics-for-learning-menus/,alias,25477,teaching-materials/ask-a-master-teacher/rubrics-for-learning-menus.md,matched,
/teaching-materials/ask-a-master-teacher/25493,/teaching-materials/ask-a-master-teacher/researching-adolescent-immigrant-history/,alias,25493,teaching-materials/ask-a-master-teacher/researching-adolescent-immigrant-history.md,matched,
/teaching-materials/ask-a-master-teacher/25505,/teaching-materials/ask-a-master-teacher/world-war-and-literature/,alias,25505,teaching-materials/ask-a-master-teacher/world-war-and-literature.md,matched,
/teaching-materials/ask-a-master-teacher/25522,/teaching-materials/ask-a-master-teacher/building-background-knowledge-for-english-language-learners/,alias,25522,teaching-materials/ask-a-master-teacher/building-background-knowledge-for-english-language-learners.md,matched,
/teaching-materials/ask-a-master-teacher/25595,/teaching-materials/ask-a-master-teacher/establishing-connections-teaching-the-progressive-era/,alias,25595,teaching-materials/ask-a-master-teacher/establishing-connections-teaching-the-progressive-era.md,matched,
/teaching-materials/ask-a-master-teacher/25597,/teaching-materials/ask-a-master-teacher/the-ipad-a-digital-history-gateway/,alias,25597,teaching-materials/ask-a-master-teacher/the-ipad-a-digital-history-gateway.md,matched,
/teaching-materials/ask-a-master-teacher/25626,/teaching-materials/ask-a-master-teacher/exploring-historical-fiction/,alias,25626,teaching-materials/ask-a-master-teacher/exploring-historical-fiction.md,matched,
/teaching-materials/english-language-learners/24128,/teaching-materials/english-language-learners/historical-thinking-matters/,alias,24128,teaching-materials/english-language-learners/historical-thinking-matters.md,matched,
/teaching-materials/english-language-learners/24129,/teaching-materials/english-language-learners/using-primary-sources-with-english-language-learners/,alias,24129,teaching-materials/english-language-learners/using-primary-sources-with-english-language-learners.md,matched,
/teaching-materials/english-language-learners/24130,/teaching-materials/english-language-learners/scaffolding-with-graphic-organizers/,alias,24130,teaching-materials/english-language-learners/scaffolding-with-graphic-organizers.md,matched,
/teaching-materials/english-language-learners/24131,/teaching-materials/english-language-learners/world-digital-library/,alias,24131,teaching-materials/english-language-learners/world-digital-library.md,matched,
/teaching-materials/english-language-learners/24132,/teaching-materials/english-language-learners/americas-heritage-an-adventure-in-liberty/,alias,24132,teaching-materials/english-language-learners/americas-heritage-an-adventure-in-liberty.md,matched,
/teaching-materials/english-language-learners/24133,/teaching-materials/english-language-learners/electronic-schoolhouse-la-escuela-electronica/,alias,24133,teaching-materials/english-language-learners/electronic-schoolhouse-la-escuela-electronica.md,matched,
/teaching-materials/english-language-learners/24134,/teaching-materials/english-language-learners/hispano-music-culture-of-the-northern-rio-grande/,alias,24134,teaching-materials/english-language-learners/hispano-music-culture-of-the-northern-rio-grande.md,matched,
/teaching-materials/english-language-learners/24136,/teaching-materials/english-language-learners/bracero-history-archive/,alias,24136,teaching-materials/english-language-learners/bracero-history-archive.md,matched,
/teaching-materials/english-language-learners/24137,/teaching-materials/english-language-learners/great-unsolved-mysteries-in-canadian-history/,alias,24137,teaching-materials/english-language-learners/great-unsolved-mysteries-in-canadian-history.md,matched,
/teaching-materials/english-language-learners/24138,/teaching-materials/english-language-learners/reframing-english-language-development/,alias,24138,teaching-materials/english-language-learners/reframing-english-language-development.md,matched,
/teaching-materials/english-language-learners/24139,/teaching-materials/english-language-learners/life-liberty-and-property-whats-the-big-idea/,alias,24139,teaching-materials/english-language-learners/life-liberty-and-property-whats-the-big-idea.md,matched,
/teaching-materials/english-language-learners/24140,/teaching-materials/english-language-learners/sq3r-survey-question-read-review-recite/,alias,24140,teaching-materials/english-language-learners/sq3r-survey-question-read-review-recite.md,matched,
/teaching-materials/english-language-learners/24141,/teaching-materials/english-language-learners/responding-to-english-learners-writing-with-the-3-ps/,alias,24141,teaching-materials/english-language-learners/responding-to-english-learners-writing-with-the-3-ps.md,matched,
/teaching-materials/english-language-learners/24142,/teaching-materials/english-language-learners/why-did-it-happen-making-claims-about-cause-and-effect/,alias,24142,teaching-materials/english-language-learners/why-did-it-happen-making-claims-about-cause-and-effect.md,matched,
/teaching-materials/english-language-learners/24143,/teaching-materials/english-language-learners/using-visuals-to-build-interest-and-understanding/,alias,24143,teaching-materials/english-language-learners/using-visuals-to-build-interest-and-understanding.md,matched,
/teaching-materials/english-language-learners/24438,/teaching-materials/english-language-learners/summarizing-and-paraphrasing/,alias,24438,teaching-materials/english-language-learners/summarizing-and-paraphrasing.md,matched,
/teaching-materials/english-language-learners/24439,/teaching-materials/english-language-learners/targeting-content-and-english-language-objectives/,alias,24439,teaching-materials/english-language-learners/targeting-content-and-english-language-objectives.md,matched,
/teaching-materials/english-language-learners/24552,/teaching-materials/english-language-learners/supporting-text-comprehension-and-vocabulary-development-using-wordsift/,alias,24552,teaching-materials/english-language-learners/supporting-text-comprehension-and-vocabulary-development-using-wordsift.md,matched,
/teaching-materials/english-language-learners/24604,/teaching-materials/english-language-learners/google-translate/,alias,24604,teaching-materials/english-language-learners/google-translate.md,matched,
/teaching-materials/english-language-learners/24617,/teaching-materials/english-language-learners/talking-history/,alias,24617,teaching-materials/english-language-learners/talking-history.md,matched,
/teaching-materials/english-language-learners/25458,/teaching-materials/english-language-learners/using-non-linguistic-representations-to-strengthen-historical-thinking/,alias,25458,teaching-materials/english-language-learners/using-non-linguistic-representations-to-strengthen-historical-thinking.md,matched,
/teaching-materials/english-language-learners/25588,/teaching-materials/english-language-learners/uncovering-human-agency/,alias,25588,teaching-materials/english-language-learners/uncovering-human-agency.md,matched,
/teaching-materials/english-language-learners/25699,/teaching-materials/english-language-learners/increasing-participation-in-whole-class-discussions/,alias,25699,teaching-materials/english-language-learners/increasing-participation-in-whole-class-discussions.md,matched,
/teaching-materials/english-language-learners/25708,/teaching-materials/english-language-learners/the-struggle-for-time-using-persuasive-essays-to-teach-elementary-history/,alias,25708,teaching-materials/english-language-learners/the-struggle-for-time-using-persuasive-essays-to-teach-elementary-history.md,matched,
/teaching-materials/lesson-plan-reviews/19230,/teaching-materials/lesson-plan-reviews/american-presidents/,alias,19230,teaching-materials/lesson-plan-reviews/american-presidents.md,matched,
/teaching-materials/lesson-plan-reviews/19262,/teaching-materials/lesson-plan-reviews/a-look-at-slavery-through-posters-and-broadsides/,alias,19262,teaching-materials/lesson-plan-reviews/a-look-at-slavery-through-posters-and-broadsides.md,matched,
/teaching-materials/lesson-plan-reviews/19429,/teaching-materials/lesson-plan-reviews/lewis-and-clark-same-place-different-perspectives/,alias,19429,teaching-materials/lesson-plan-reviews/lewis-and-clark-same-place-different-perspectives.md,matched,
/teaching-materials/lesson-plan-reviews/19430,/teaching-materials/lesson-plan-reviews/opening-up-the-textbook-rosa-parks/,alias,19430,teaching-materials/lesson-plan-reviews/opening-up-the-textbook-rosa-parks.md,matched,
/teaching-materials/lesson-plan-reviews/19572,/teaching-materials/lesson-plan-reviews/declaration-of-independence-rough-draft-to-proclamation/,alias,19572,teaching-materials/lesson-plan-reviews/declaration-of-independence-rough-draft-to-proclamation.md,matched,
/teaching-materials/lesson-plan-reviews/20012,/teaching-materials/lesson-plan-reviews/abraham-lincoln/,alias,20012,teaching-materials/lesson-plan-reviews/abraham-lincoln.md,matched,
/teaching-materials/lesson-plan-reviews/20013,/teaching-materials/lesson-plan-reviews/civil-rights-and-incarceration/,alias,20013,teaching-materials/lesson-plan-reviews/civil-rights-and-incarceration.md,matched,
/teaching-materials/lesson-plan-reviews/20054,/teaching-materials/lesson-plan-reviews/three-perspectives-on-native-american-removal-and-westward-expansion/,alias,20054,teaching-materials/lesson-plan-reviews/three-perspectives-on-native-american-removal-and-westward-expansion.md,matched,
/teaching-materials/lesson-plan-reviews/20190,/teaching-materials/lesson-plan-reviews/the-debate-in-the-united-states-over-the-league-of-nations/,alias,20190,teaching-materials/lesson-plan-reviews/the-debate-in-the-united-states-over-the-league-of-nations.md,matched,
/teaching-materials/lesson-plan-reviews/20572,/teaching-materials/lesson-plan-reviews/messages-of-houses-and-their-contents-1780-1820/,alias,20572,teaching-materials/lesson-plan-reviews/messages-of-houses-and-their-contents-1780-1820.md,matched,
/teaching-materials/lesson-plan-reviews/21873,/teaching-materials/lesson-plan-reviews/marbury-v-madison/,alias,21873,teaching-materials/lesson-plan-reviews/marbury-v-madison.md,matched,
/teaching-materials/lesson-plan-reviews/21874,/teaching-materials/lesson-plan-reviews/civilian-conservation-corps/,alias,21874,teaching-materials/lesson-plan-reviews/civilian-conservation-corps.md,matched,
/teaching-materials/lesson-plan-reviews/22057,/teaching-materials/lesson-plan-reviews/evaluating-the-validity-of-information/,alias,22057,teaching-materials/lesson-plan-reviews/evaluating-the-validity-of-information.md,matched,
/teaching-materials/lesson-plan-reviews/22063,/teaching-materials/lesson-plan-reviews/discovering-angel-island-the-story-behind-the-poems/,alias,22063,teaching-materials/lesson-plan-reviews/discovering-angel-island-the-story-behind-the-poems.md,matched,
/teaching-materials/lesson-plan-reviews/22269,/teaching-materials/lesson-plan-reviews/what-events-led-to-lincolns-assassination/,alias,22269,teaching-materials/lesson-plan-reviews/what-events-led-to-lincolns-assassination.md,matched,
/teaching-materials/lesson-plan-reviews/22395,/teaching-materials/lesson-plan-reviews/the-boston-massacre-fact-fiction-or-bad-memory/,alias,22395,teaching-materials/lesson-plan-reviews/the-boston-massacre-fact-fiction-or-bad-memory.md,matched,
/teaching-materials/lesson-plan-reviews/22534,/teaching-materials/lesson-plan-reviews/immigration/,alias,22534,teaching-materials/lesson-plan-reviews/immigration.md,matched,
/teaching-materials/lesson-plan-reviews/23729,/teaching-materials/lesson-plan-reviews/roads-to-antietam/,alias,23729,teaching-materials/lesson-plan-reviews/roads-to-antietam.md,matched,
/teaching-materials/lesson-plan-reviews/23941,/teaching-materials/lesson-plan-reviews/midnight-ride-of-paul-revere-fact-fiction-and-artistic-license/,alias,23941,teaching-materials/lesson-plan-reviews/midnight-ride-of-paul-revere-fact-fiction-and-artistic-license.md,matched,
/teaching-materials/lesson-plan-reviews/23942,/teaching-materials/lesson-plan-reviews/the-progressive-era/,alias,23942,teaching-materials/lesson-plan-reviews/the-progressive-era.md,matched,
/teaching-materials/lesson-plan-reviews/23943,/teaching-materials/lesson-plan-reviews/woman-suffrage-and-the-19th-amendment/,alias,23943,teaching-materials/lesson-plan-reviews/woman-suffrage-and-the-19th-amendment.md,matched,
/teaching-materials/lesson-plan-reviews/23944,/teaching-materials/lesson-plan-reviews/building-the-erie-canal/,alias,23944,teaching-materials/lesson-plan-reviews/building-the-erie-canal.md,matched,
/teaching-materials/lesson-plan-reviews/23952,/teaching-materials/lesson-plan-reviews/watergate-and-the-constitution/,alias,23952,teaching-materials/lesson-plan-reviews/watergate-and-the-constitution.md,matched,
/teaching-materials/lesson-plan-reviews/24049,/teaching-materials/lesson-plan-reviews/new-jerseys-quakers-and-the-american-revolution/,alias,24049,teaching-materials/lesson-plan-reviews/new-jerseys-quakers-and-the-american-revolution.md,matched,
/teaching-materials/lesson-plan-reviews/24075,/teaching-materials/lesson-plan-reviews/my-history-at-school/,alias,24075,teaching-materials/lesson-plan-reviews/my-history-at-school.md,matched,
/teaching-materials/lesson-plan-reviews/24214,/teaching-materials/lesson-plan-reviews/jamestown-the-starving-time/,alias,24214,teaching-materials/lesson-plan-reviews/jamestown-the-starving-time.md,matched,
/teaching-materials/lesson-plan-reviews/24229,/teaching-materials/lesson-plan-reviews/the-cost-of-industrialization/,alias,24229,teaching-materials/lesson-plan-reviews/the-cost-of-industrialization.md,matched,
/teaching-materials/lesson-plan-reviews/24272,/teaching-materials/lesson-plan-reviews/civil-war-photos-what-do-you-see/,alias,24272,teaching-materials/lesson-plan-reviews/civil-war-photos-what-do-you-see.md,matched,
/teaching-materials/lesson-plan-reviews/24311,/teaching-materials/lesson-plan-reviews/the-multiple-dilemmas-of-abraham-lincoln/,alias,24311,teaching-materials/lesson-plan-reviews/the-multiple-dilemmas-of-abraham-lincoln.md,matched,
/teaching-materials/lesson-plan-reviews/24315,/teaching-materials/lesson-plan-reviews/causation-the-war-of-1812-and-the-star-spangled-banner/,alias,24315,teaching-materials/lesson-plan-reviews/causation-the-war-of-1812-and-the-star-spangled-banner.md,matched,
/teaching-materials/lesson-plan-reviews/24538,/teaching-materials/lesson-plan-reviews/examining-the-korean-war/,alias,24538,teaching-materials/lesson-plan-reviews/examining-the-korean-war.md,matched,
/teaching-materials/lesson-plan-reviews/24586,/teaching-materials/lesson-plan-reviews/divining-america-religion-in-american-history/,alias,24586,teaching-materials/lesson-plan-reviews/divining-america-religion-in-american-history.md,matched,
/teaching-materials/lesson-plan-reviews/24672,/teaching-materials/lesson-plan-reviews/locate-yourself-on-a-map-of-the-americas/,alias,24672,teaching-materials/lesson-plan-reviews/locate-yourself-on-a-map-of-the-americas.md,matched,
/teaching-materials/lesson-plan-reviews/24682,/teaching-materials/lesson-plan-reviews/what-do-you-mean-how-language-changes-over-time/,alias,24682,teaching-materials/lesson-plan-reviews/what-do-you-mean-how-language-changes-over-time.md,matched,
/teaching-materials/lesson-plan-reviews/25034,/teaching-materials/lesson-plan-reviews/what-really-happened-comparing-stories-of-the-first-thanksgiving/,alias,25034,teaching-materials/lesson-plan-reviews/what-really-happened-comparing-stories-of-the-first-thanksgiving.md,matched,
/teaching-materials/lesson-plan-reviews/25185,/teaching-materials/lesson-plan-reviews/propaganda-and-world-war-ii/,alias,25185,teaching-materials/lesson-plan-reviews/propaganda-and-world-war-ii.md,matched,
/teaching-materials/lesson-plan-reviews/25315,/teaching-materials/lesson-plan-reviews/the-road-to-pearl-harbor/,alias,25315,teaching-materials/lesson-plan-reviews/the-road-to-pearl-harbor.md,matched,
/teaching-materials/lesson-plan-reviews/25491,/teaching-materials/lesson-plan-reviews/decoding-us-foreign-policy-the-iran-contra-affair/,alias,25491,teaching-materials/lesson-plan-reviews/decoding-us-foreign-policy-the-iran-contra-affair.md,matched,
/teaching-materials/lesson-plan-reviews/25525,/teaching-materials/lesson-plan-reviews/prequel-to-independence/,alias,25525,teaching-materials/lesson-plan-reviews/prequel-to-independence.md,matched,
/teaching-materials/lesson-plan-reviews/25572,/teaching-materials/lesson-plan-reviews/organizing-history-through-images/,alias,25572,teaching-materials/lesson-plan-reviews/organizing-history-through-images.md,matched,
/teaching-materials/lesson-plan-reviews/25575,/teaching-materials/lesson-plan-reviews/tenement-life/,alias,25575,teaching-materials/lesson-plan-reviews/tenement-life.md,matched,
/teaching-materials/lesson-plan-reviews/25625,/teaching-materials/lesson-plan-reviews/the-short-handled-hoe/,alias,25625,teaching-materials/lesson-plan-reviews/the-short-handled-hoe.md,matched,
/teaching-materials/lesson-plan-reviews/25649,/teaching-materials/lesson-plan-reviews/my-piece-of-history/,alias,25649,teaching-materials/lesson-plan-reviews/my-piece-of-history.md,matched,
/teaching-materials/lesson-plan-reviews/25683,/teaching-materials/lesson-plan-reviews/labor-unions-in-the-cotton-mills/,alias,25683,teaching-materials/lesson-plan-reviews/labor-unions-in-the-cotton-mills.md,matched,
/teaching-materials/lesson-plan-reviews/25736,/teaching-materials/lesson-plan-reviews/transportation-past-present-and-future/,alias,25736,teaching-materials/lesson-plan-reviews/transportation-past-present-and-future.md,matched,
/teaching-materials/lesson-plan-reviews/25864,/teaching-materials/lesson-plan-reviews/american-tourists-and-the-holy-land-1865-1900/,alias,25864,teaching-materials/lesson-plan-reviews/american-tourists-and-the-holy-land-1865-1900.md,matched,
/teaching-materials/lesson-plan-reviews/25865,/teaching-materials/lesson-plan-reviews/abraham-lincoln-and-the-jews/,alias,25865,teaching-materials/lesson-plan-reviews/abraham-lincoln-and-the-jews.md,matched,
/teaching-materials/lesson-plan-reviews/25866,/teaching-materials/lesson-plan-reviews/john-f-kennedy-and-service/,alias,25866,teaching-materials/lesson-plan-reviews/john-f-kennedy-and-service.md,matched,
/teaching-materials/lesson-plan-reviews/25867,/teaching-materials/lesson-plan-reviews/theodore-roosevelt-and-the-1912-election/,alias,25867,teaching-materials/lesson-plan-reviews/theodore-roosevelt-and-the-1912-election.md,matched,
/teaching-materials/teaching-guides/21731,/teaching-materials/teaching-guides/structured-academic-controversy-sac/,alias,21731,teaching-materials/teaching-guides/structured-academic-controversy-sac.md,matched,
/teaching-materials/teaching-guides/21733,/teaching-materials/teaching-guides/interpreting-political-cartoons-in-the-history-classroom/,alias,21733,teaching-materials/teaching-guides/interpreting-political-cartoons-in-the-history-classroom.md,matched,
/teaching-materials/teaching-guides/21806,/teaching-materials/teaching-guides/applying-kwl-guides-to-sources-with-elementary-students/,alias,21806,teaching-materials/teaching-guides/applying-kwl-guides-to-sources-with-elementary-students.md,matched,
/teaching-materials/teaching-guides/21867,/teaching-materials/teaching-guides/well-behaved-women-and-men-seldom-make-history/,alias,21867,teaching-materials/teaching-guides/well-behaved-women-and-men-seldom-make-history.md,matched,
/teaching-materials/teaching-guides/22206,/teaching-materials/teaching-guides/stating-your-case-writing-thesis-statements-effectively/,alias,22206,teaching-materials/teaching-guides/stating-your-case-writing-thesis-statements-effectively.md,matched,
/teaching-materials/teaching-guides/22261,/teaching-materials/teaching-guides/using-blogs-in-a-history-classroom/,alias,22261,teaching-materials/teaching-guides/using-blogs-in-a-history-classroom.md,matched,
/teaching-materials/teaching-guides/22365,/teaching-materials/teaching-guides/historical-agency-in-history-book-sets-hbs/,alias,22365,teaching-materials/teaching-guides/historical-agency-in-history-book-sets-hbs.md,matched,
/teaching-materials/teaching-guides/23480,/teaching-materials/teaching-guides/tramping-through-history-crafting-individual-field-trips/,alias,23480,teaching-materials/teaching-guides/tramping-through-history-crafting-individual-field-trips.md,matched,
/teaching-materials/teaching-guides/23554,/teaching-materials/teaching-guides/writing-to-learn-history-annotations-and-mini-writes/,alias,23554,teaching-materials/teaching-guides/writing-to-learn-history-annotations-and-mini-writes.md,matched,
/teaching-materials/teaching-guides/23560,/teaching-materials/teaching-guides/adapting-documents-for-the-classroom-equity-and-access/,alias,23560,teaching-materials/teaching-guides/adapting-documents-for-the-classroom-equity-and-access.md,matched,
/teaching-materials/teaching-guides/23826,/teaching-materials/teaching-guides/truth-in-transit-crafting-meaningful-field-trips/,alias,23826,teaching-materials/teaching-guides/truth-in-transit-crafting-meaningful-field-trips.md,matched,
/teaching-materials/teaching-guides/24070,/teaching-materials/teaching-guides/using-old-maps-as-tools-to-explore-our-world/,alias,24070,teaching-materials/teaching-guides/using-old-maps-as-tools-to-explore-our-world.md,matched,
/teaching-materials/teaching-guides/24123,/teaching-materials/teaching-guides/what-is-an-inquiry-lesson/,alias,24123,teaching-materials/teaching-guides/what-is-an-inquiry-lesson.md,matched,
/teaching-materials/teaching-guides/24264,/teaching-materials/teaching-guides/students-working-in-local-historic-preservation/,alias,24264,teaching-materials/teaching-guides/students-working-in-local-historic-preservation.md,matched,
/teaching-materials/teaching-guides/24295,/teaching-materials/teaching-guides/mystery-strategy-for-elementary-students/,alias,24295,teaching-materials/teaching-guides/mystery-strategy-for-elementary-students.md,matched,
/teaching-materials/teaching-guides/24347,/teaching-materials/teaching-guides/teaching-with-timelines/,alias,24347,teaching-materials/teaching-guides/teaching-with-timelines.md,matched,
/teaching-materials/teaching-guides/24466,/teaching-materials/teaching-guides/stop-action-and-assess-alternatives/,alias,24466,teaching-materials/teaching-guides/stop-action-and-assess-alternatives.md,matched,
/teaching-materials/teaching-guides/25028,/teaching-materials/teaching-guides/using-historical-ephemera-in-the-classroom/,alias,25028,teaching-materials/teaching-guides/using-historical-ephemera-in-the-classroom.md,matched,
/teaching-materials/teaching-guides/25184,/teaching-materials/teaching-guides/concept-formation/,alias,25184,teaching-materials/teaching-guides/concept-formation.md,matched,
/teaching-materials/teaching-guides/25343,/teaching-materials/teaching-guides/webquest-inquiry-and-lincolns-views-on-technology/,alias,25343,teaching-materials/teaching-guides/webquest-inquiry-and-lincolns-views-on-technology.md,matched,
/teaching-materials/teaching-guides/25516,/teaching-materials/teaching-guides/the-research-paper-developing-historical-questions/,alias,25516,teaching-materials/teaching-guides/the-research-paper-developing-historical-questions.md,matched,
/teaching-materials/teaching-guides/25620,/teaching-materials/teaching-guides/document-based-whole-class-discussion/,alias,25620,teaching-materials/teaching-guides/document-based-whole-class-discussion.md,matched,
/teaching-materials/teaching-guides/25690,/teaching-materials/teaching-guides/four-reads-learning-to-read-primary-documents/,alias,25690,teaching-materials/teaching-guides/four-reads-learning-to-read-primary-documents.md,matched,
/teaching-materials/teaching-guides/25697,/teaching-materials/teaching-guides/crop-it/,alias,25697,teaching-materials/teaching-guides/crop-it.md,matched,
/teaching-materials/teaching-guides/25741,/teaching-materials/teaching-guides/internationalizing-history/,alias,25741,teaching-materials/teaching-guides/internationalizing-history.md,matched,
/teaching-materials/teaching-guides/25868,/teaching-materials/teaching-guides/religion-and-the-civil-war-a-guide-for-pre-service-teachers/,alias,25868,teaching-materials/teaching-guides/religion-and-the-civil-war-a-guide-for-pre-service-teachers.md,matched,
/teaching-materials/teaching-guides/25869,/teaching-materials/teaching-guides/religion-and-the-labor-movement-a-guide-for-pre-service-teachers/,alias,25869,teaching-materials/teaching-guides/religion-and-the-labor-movement-a-guide-for-pre-service-teachers.md,matched,
/teaching-materials/teaching-guides/25870,/teaching-materials/teaching-guides/mormons-and-westward-expansion-a-guide-for-pre-service-teachers/,alias,25870,teaching-materials/teaching-guides/mormons-and-westward-expansion-a-guide-for-pre-service-teachers.md,matched,
/teaching-materials/teaching-guides/25871,/teaching-materials/teaching-guides/1916-childrens-code-of-morality-a-guide-for-pre-service-teachers/,alias,25871,teaching-materials/teaching-guides/1916-childrens-code-of-morality-a-guide-for-pre-service-teachers.md,matched,
/teaching-materials/teaching-guides/25872,/teaching-materials/teaching-guides/rethinking-westward-expansion-a-guide-for-preservice-teachers/,alias,25872,teaching-materials/teaching-guides/rethinking-westward-expansion-a-guide-for-preservice-teachers.md,matched,
/teaching-materials/teaching-guides/25873,/teaching-materials/teaching-guides/comanche-nation-and-manifest-destiny-a-guide-for-pre-service-teachers/,alias,25873,teaching-materials/teaching-guides/comanche-nation-and-manifest-destiny-a-guide-for-pre-service-teachers.md,matched,
/teaching-materials/teaching-guides/25874,/teaching-materials/teaching-guides/native-women-and-suffrage-beyond-the-19th-amendment-a-guide-for-pre-service-teachers/,alias,25874,teaching-materials/teaching-guides/native-women-and-suffrage-beyond-the-19th-amendment-a-guide-for-pre-service-teachers.md,matched,
/teaching-materials/teaching-guides/25875,/teaching-materials/teaching-guides/history-of-education-and-indigenous-americans-a-guide-for-pre-service-teachers/,alias,25875,teaching-materials/teaching-guides/history-of-education-and-indigenous-americans-a-guide-for-pre-service-teachers.md,matched,
/teaching-materials/teaching-guides/25876,/teaching-materials/teaching-guides/housing-and-houselessness-a-guide-for-pre-service-teachers/,alias,25876,teaching-materials/teaching-guides/housing-and-houselessness-a-guide-for-pre-service-teachers.md,matched,
/teaching-materials/teaching-guides/25877,/teaching-materials/teaching-guides/911-and-commemoration-a-guide-for-pre-service-teachers/,alias,25877,teaching-materials/teaching-guides/911-and-commemoration-a-guide-for-pre-service-teachers.md,matched,
/teaching-materials/teaching-guides/25878,/teaching-materials/teaching-guides/immigration-from-asia-post-1970-a-guide-for-pre-service-teachers/,alias,25878,teaching-materials/teaching-guides/immigration-from-asia-post-1970-a-guide-for-pre-service-teachers.md,matched,
/teaching-materials/teaching-guides/25879,/teaching-materials/teaching-guides/history-of-higher-education-a-guide-for-pre-service-teachers/,alias,25879,teaching-materials/teaching-guides/history-of-higher-education-a-guide-for-pre-service-teachers.md,matched,
/teaching-materials/teaching-guides/25882,/teaching-materials/teaching-guides/incorporating-20th-century-us-environmental-history-in-the-6-12-classroom/,alias,25882,teaching-materials/teaching-guides/incorporating-20th-century-us-environmental-history-in-the-6-12-classroom.md,matched,
/teaching-materials/teaching-guides/25883,/teaching-materials/teaching-guides/incorporating-20th-century-us-environmental-history-in-the-k-5-classroom/,alias,25883,teaching-materials/teaching-guides/incorporating-20th-century-us-environmental-history-in-the-k-5-classroom.md,matched,
